shipment number,po number,ship to,sold to,vehicle number,arrival time,load conf unit,gas type
2203011768,7007392288,30038390,10003964,สค.70-6119,2022-03-01 00:04:06,LITRE,GASOHOL95
2203011770,7007392290,30038348,10012569,ชม.70-5299,2022-03-01 00:04:48,LITRE,DIESEL
2203011771,7007392291,30038348,10012569,ชม.70-6507,2022-03-01 00:05:28,LITRE,DIESEL
2203011772,7007384547,30020880,10009638,ฉช.81-4230,2022-03-01 00:06:24,LITRE,DIESEL
2203011773,7007392292,30038348,10012569,ชม.70-5301,2022-03-01 00:07:14,LITRE,DIESEL
2203011774,7007392293,30038390,10003964,สค.70-4386,2022-03-01 00:08:29,LITRE,GASOHOL95
2203011853,7007392331,30038390,10003964,สค.70-3937,2022-03-01 01:02:44,LITRE,GASOHOL95
2203011875,7007392350,30038390,10003964,สค.70-6124,2022-03-01 01:11:44,LITRE,GASOHOL95
2203011895,7007392354,30038348,10012569,ลพ.70-1223,2022-03-01 01:36:10,LITRE,DIESEL
2203011914,7007384406,30026514,10001609,ฉช.82-8528,2022-03-01 02:01:44,LITRE,DIESEL
2203011916,7007384302,30011473,10001628,ฉช.82-3201,2022-03-01 02:03:59,LITRE,DIESEL
2203011917,7007392358,30038348,10012569,ชม.70-5300,2022-03-01 02:13:07,LITRE,DIESEL
2203011942,7007392365,30038348,10012569,ชม.70-5302,2022-03-01 02:43:11,LITRE,DIESEL
2203011955,7007392369,30038348,10012569,ชม.70-5261,2022-03-01 02:53:21,LITRE,DIESEL
2203011960,7007392371,30038348,10012569,ชม.70-5193,2022-03-01 02:57:06,LITRE,DIESEL
2203011973,7007392373,30038390,10003964,สค.70-4335,2022-03-01 03:16:30,LITRE,GASOHOL95
2203011994,7007384153,10007463,10007463,ฉช.82-7170,2022-03-01 03:41:14,LITRE,DIESEL
2203011997,7007392379,30038348,10012569,ชม.70-6510,2022-03-01 03:44:32,LITRE,DIESEL
2203011998,7007384627,30021096,10000923,กท.79-1830,2022-03-01 03:45:08,LITRE,DIESEL
2203011999,7007392380,30038348,10012569,ลพ.70-0785,2022-03-01 03:47:29,LITRE,DIESEL
2203012000,7007392381,30038347,10012717,กท.79-8993,2022-03-01 03:48:31,LITRE,DIESEL
2203012008,7007384283,30001090,10001206,กท.79-5584,2022-03-01 04:01:15,LITRE,DIESEL
2203012021,7007390699,30018141,10000923,กท.78-6739,2022-03-01 04:09:53,LITRE,DIESEL
2203012028,7007384124,30021092,10009691,กท.79-0644,2022-03-01 04:23:43,LITRE,DIESEL
2203012095,7007386567,30013992,10002941,กท.78-6742,2022-03-01 06:04:17,LITRE,DIESEL
2203012100,7007384617,30043944,10000923,กท.78-1149,2022-03-01 06:05:30,LITRE,DIESEL
2203012107,7007386555,30042727,10021947,กท.79-5843,2022-03-01 06:07:21,LITRE,DIESEL
2203012147,7007389550,30019257,10005234,กท.79-0643,2022-03-01 06:18:09,LITRE,DIESEL
2203012151,7007392442,30038362,10011280,กท.61-8383,2022-03-01 06:19:04,LITRE,DIESEL
2203012158,7007391507,10006801,10006801,กท.74-9067,2022-03-01 06:20:09,LITRE,DIESEL
2203012180,7007389538,30045421,10005234,กท.78-7993,2022-03-01 06:24:29,LITRE,DIESEL
2203012194,7007386516,30038137,10020831,กท.79-5578,2022-03-01 06:28:16,LITRE,DIESEL
2203012198,7007384426,30026514,10001609,กท.77-8133,2022-03-01 06:29:13,LITRE,DIESEL
2203012231,7007392492,30038362,10011280,กท.61-7782,2022-03-01 06:37:01,LITRE,GASOHOL95
2203012247,7007384522,30000449,10000923,กท.77-9738,2022-03-01 06:40:15,LITRE,DIESEL
2203012266,7007384144,30027174,10011277,กท.79-0642,2022-03-01 06:44:06,LITRE,DIESEL
2203012271,7007384434,30002244,10001601,กท.79-0841,2022-03-01 06:45:11,LITRE,DIESEL
2203012275,7007389485,30023005,10000923,กท.77-8134,2022-03-01 06:46:17,LITRE,DIESEL
2203012284,7007384301,10012334,10012334,กท.79-2716,2022-03-01 06:48:36,LITRE,DIESEL
2203012289,7007384574,30028481,10011460,กท.79-0641,2022-03-01 06:49:37,LITRE,DIESEL
2203012305,7007384315,10008295,10008295,กท.79-5579,2022-03-01 06:53:55,LITRE,DIESEL
2203012322,7007392575,30038390,10003964,สค.70-3935,2022-03-01 06:58:21,LITRE,GASOHOL95
2203012330,7007384565,10011002,10011002,กท.79-1961,2022-03-01 07:00:36,LITRE,DIESEL
2203012354,7007390481,30030400,10011816,ฉช.82-7443,2022-03-01 07:06:00,LITRE,DIESEL
2203012379,7007392647,30038362,10011280,กท.79-8107,2022-03-01 07:11:02,LITRE,GASOHOL95
2203012452,7007384363,30025508,10002939,กท.78-6744,2022-03-01 07:20:10,LITRE,DIESEL
2203012478,7007384300,10008836,10008836,กท.79-2717,2022-03-01 07:25:17,LITRE,DIESEL
2203012580,7007392832,30029534,10011665,กท.79-3258,2022-03-01 07:44:01,LITRE,DIESEL
2203012588,7007392852,10002812,10002812,ฉช.81-3257,2022-03-01 07:45:33,LITRE,DIESEL
2203012690,7007393167,30029534,10011665,กท.79-5840,2022-03-01 08:10:53,LITRE,DIESEL
2203012694,7007386534,10002256,10002256,กท.79-0144,2022-03-01 08:11:25,LITRE,DIESEL
2203012699,7007393176,30029534,10011665,กท.79-5841,2022-03-01 08:12:33,LITRE,DIESEL
2203012807,7007393529,30029534,10011665,กท.79-3259,2022-03-01 08:42:34,LITRE,DIESEL
2203012917,7007394427,30038348,10012569,ชบ.84-7156,2022-03-01 09:15:42,LITRE,DIESEL
2203012924,7007384272,30028393,10001206,ฉช.82-4812,2022-03-01 09:17:33,LITRE,DIESEL
2203012929,7007394516,30038362,10011280,กท.79-3156,2022-03-01 09:19:35,LITRE,GASOHOL95
2203012968,7007394732,30029534,10011665,นม.70-6730,2022-03-01 09:30:31,LITRE,DIESEL
2203013009,7007394867,30043240,10022061,กท.75-9797,2022-03-01 09:37:01,LITRE,DIESEL
2203013020,7007384120,30040275,10021171,กท.60-4208,2022-03-01 09:39:45,LITRE,GASOHOL95
2203013100,7007395520,30038362,10011280,กท.61-7783,2022-03-01 10:00:25,LITRE,GASOHOL95
2203013124,7007386582,10002877,10002877,กท.79-0841,2022-03-01 10:06:02,LITRE,DIESEL
2203013141,7007395780,30038348,10012569,ชม.70-5420,2022-03-01 10:09:05,LITRE,DIESEL
2203013187,7007396153,30038347,10012717,กท.61-4383,2022-03-01 10:20:18,LITRE,DIESEL
2203013210,7007396573,30047690,10022423,ฉช.82-7170,2022-03-01 10:32:37,LITRE,DIESEL
2203013243,7007396804,10002758,10002758,ชบ.82-4190,2022-03-01 10:40:04,LITRE,DIESEL
2203013282,7007384279,30026514,10001609,กท.79-5843,2022-03-01 10:50:22,LITRE,DIESEL
2203013370,7007384500,30003313,10002127,กท.77-8134,2022-03-01 11:10:14,LITRE,DIESEL
2203013377,7007397298,10022660,10022660,นม.70-7501,2022-03-01 11:11:47,LITRE,GASOHOL95
2203013386,7007397726,30029534,10011665,กท.61-6471,2022-03-01 11:15:02,LITRE,GASOHOL95
2203013394,7007397813,30029534,10011665,กท.79-3257,2022-03-01 11:17:25,LITRE,DIESEL
2203013411,7007384311,10007736,10007736,กท.79-0643,2022-03-01 11:18:51,LITRE,DIESEL
2203013418,7007384369,30013037,10001813,กท.60-4205,2022-03-01 11:23:15,LITRE,GASOHOL95
2203013421,7007384307,30039757,10021079,กท.78-1149,2022-03-01 11:23:43,LITRE,DIESEL
2203013424,7007384355,10021783,10021783,กท.79-5579,2022-03-01 11:24:17,LITRE,DIESEL
2203013525,7007398357,10011635,10011635,จบ.80-8222,2022-03-01 11:56:00,LITRE,DIESEL
2203013565,7007384606,10002692,10002692,กท.78-6742,2022-03-01 12:08:29,LITRE,DIESEL
2203013572,7007389499,30040542,10005234,กท.79-5578,2022-03-01 12:14:04,LITRE,DIESEL
2203013575,7007384319,30003071,10002044,กท.79-0641,2022-03-01 12:15:23,LITRE,DIESEL
2203013609,7007398489,10002917,10002917,จบ.80-3645,2022-03-01 12:25:59,LITRE,DIESEL
2203013617,7007398517,30043240,10022061,กท.75-6899,2022-03-01 12:32:12,LITRE,DIESEL
2203013715,7007386510,10012018,10012018,กท.78-7993,2022-03-01 13:01:22,LITRE,DIESEL
2203013719,7007384461,10002966,10002966,กท.74-9067,2022-03-01 13:02:13,LITRE,DIESEL
2203013726,7007398752,30038362,10011280,กท.79-8105,2022-03-01 13:06:15,LITRE,GASOHOL95
2203013742,7007398824,30038347,10012717,กท.61-4782,2022-03-01 13:13:59,LITRE,DIESEL
2203013768,7007399095,30038348,10012569,ชม.70-4355,2022-03-01 13:25:15,LITRE,DIESEL
2203013769,7007399099,30038348,10012569,ลพ.70-0785,2022-03-01 13:25:37,LITRE,DIESEL
2203013779,7007399155,30038362,10011280,กท.61-8383,2022-03-01 13:29:10,LITRE,DIESEL
2203013783,7007384552,30000420,10000923,กท.77-9738,2022-03-01 13:30:16,LITRE,DIESEL
2203013818,7007384473,30024855,10010834,กท.79-2717,2022-03-01 13:39:19,LITRE,DIESEL
2203013842,7007384360,10010409,10010409,กท.79-0642,2022-03-01 13:45:00,LITRE,DIESEL
2203013844,7007391687,30024157,10005234,กท.79-1961,2022-03-01 13:45:25,LITRE,DIESEL
2203013855,7007384313,10002227,10002227,กท.79-1830,2022-03-01 13:49:23,LITRE,DIESEL
2203013859,7007386573,10007530,10007530,กท.78-6742,2022-03-01 13:50:13,LITRE,DIESEL
2203013881,7007384324,30026294,10011103,กท.78-6744,2022-03-01 13:58:07,LITRE,DIESEL
2203013896,7007384135,30040045,10000923,กท.78-6739,2022-03-01 14:03:39,LITRE,DIESEL
2203013941,7007399692,30029534,10011665,กท.79-3258,2022-03-01 14:21:37,LITRE,DIESEL
2203014004,7007399829,30038348,10012569,กท.79-1819,2022-03-01 14:36:49,LITRE,DIESEL
2203014007,7007386578,30013992,10002941,กท.79-0644,2022-03-01 14:38:05,LITRE,DIESEL
2203014030,7007384139,30000440,10000923,กท.79-5584,2022-03-01 14:39:13,LITRE,DIESEL
2203014034,7007394057,10002692,10002692,ฉช.82-7443,2022-03-01 14:40:07,LITRE,DIESEL
2203014063,7007398216,30018492,10005234,กท.79-0643,2022-03-01 14:49:02,LITRE,DIESEL
2203014077,7007384557,10002692,10002692,กท.79-0641,2022-03-01 14:54:24,LITRE,DIESEL
2203014087,7007399951,30038348,10012569,ชม.70-5421,2022-03-01 14:57:22,LITRE,DIESEL
2203014100,7007386530,10002749,10002749,กท.78-1149,2022-03-01 14:59:05,LITRE,DIESEL
2203014104,7007399979,30038348,10012569,ชม.70-5123,2022-03-01 15:06:39,LITRE,DIESEL
2203014120,7007400044,30038390,10003964,สค.70-6125,2022-03-01 15:21:23,LITRE,DIESEL
2203014160,7007386562,30042727,10021947,กท.79-0144,2022-03-01 15:23:21,LITRE,DIESEL
2203014161,7007396253,10021385,10021385,กท.77-8133,2022-03-01 15:44:40,LITRE,DIESEL
2203014162,7007400256,30038348,10012569,ชม.70-5125,2022-03-01 16:12:27,LITRE,DIESEL
2203014163,7007400472,30038348,10012569,ชม.70-5301,2022-03-01 16:13:45,LITRE,DIESEL
2203014164,7007400466,30038348,10012569,ชม.70-5299,2022-03-01 16:15:14,LITRE,DIESEL
2203014165,7007384293,30000425,10000923,กท.79-5579,2022-03-01 16:25:20,LITRE,DIESEL
2203014166,7007400587,30034185,10012548,กท.78-4646,2022-03-01 16:33:34,LITRE,GASOHOL95
2203014286,7007400590,30038390,10003964,สค.70-4074,2022-03-01 16:35:03,LITRE,DIESEL
2203014311,7007400617,30038362,10011280,กท.61-7782,2022-03-01 16:37:31,LITRE,GASOHOL95
2203014315,7007400632,30038362,10011280,กท.79-8107,2022-03-01 16:38:50,LITRE,GASOHOL95
2203014321,7007396237,10002739,10002739,กท.77-9738,2022-03-01 16:40:55,LITRE,DIESEL
2203014342,7007400742,30029534,10011665,กท.79-6148,2022-03-01 16:50:14,LITRE,DIESEL
2203014347,7007400755,30029534,10011665,นม.70-6589,2022-03-01 16:52:55,LITRE,DIESEL
2203014377,7007398716,10008093,10008093,ฉช.81-4230,2022-03-01 17:13:00,LITRE,DIESEL
2203014392,7007399498,10003041,10003041,กท.79-2717,2022-03-01 17:20:56,LITRE,DIESEL
2203014447,7007396934,30003313,10002127,กท.79-5579,2022-03-01 18:30:30,LITRE,DIESEL
2203014502,7007400210,30020706,10002018,กท.79-1830,2022-03-01 18:50:32,LITRE,DIESEL
2203014508,7007396745,30001090,10001206,กท.79-5843,2022-03-01 18:59:12,LITRE,DIESEL
2203014598,7007396973,30022899,10000923,กท.79-0144,2022-03-01 19:45:18,LITRE,DIESEL
2203014842,7007401317,30038390,10003964,สค.70-4333,2022-03-02 00:06:09,LITRE,GASOHOL95
2203014844,7007401318,30038390,10003964,สค.70-6119,2022-03-02 00:06:38,LITRE,GASOHOL95
2203014845,7007401319,30038390,10003964,สค.70-2917,2022-03-02 00:06:49,LITRE,DIESEL
2203014847,7007401320,30038390,10003964,สค.70-2507,2022-03-02 00:07:30,LITRE,DIESEL
2203014850,7007401322,30038390,10003964,สค.70-2919,2022-03-02 00:08:26,LITRE,GASOHOL95
2203014855,7007401324,30038348,10012569,ชม.70-5302,2022-03-02 00:15:42,LITRE,DIESEL
2203014862,7007401328,30038348,10012569,ชม.70-4355,2022-03-02 00:20:39,LITRE,DIESEL
2203014898,7007396901,30026514,10001609,ฉช.82-8346,2022-03-02 00:51:53,LITRE,DIESEL
2203014955,7007399517,10008008,10008008,ฉช.82-8528,2022-03-02 02:01:07,LITRE,DIESEL
2203014958,7007401375,10022892,10022892,ฉช.82-3201,2022-03-02 02:02:30,LITRE,DIESEL
2203014963,7007401376,30038348,10012569,ชม.70-5261,2022-03-02 02:08:57,LITRE,DIESEL
2203014977,7007399512,30015113,10002127,ฉช.82-7170,2022-03-02 02:27:03,LITRE,DIESEL
2203015006,7007396906,30026514,10001609,ฉช.82-4812,2022-03-02 02:40:45,LITRE,DIESEL
2203015013,7007401387,30038348,10012569,ลพ.70-0785,2022-03-02 02:49:13,LITRE,DIESEL
2203015078,7007401405,30038347,10012717,กท.79-8993,2022-03-02 03:46:25,LITRE,DIESEL
2203015088,7007401411,30038348,10012569,ชม.70-5192,2022-03-02 03:55:50,LITRE,DIESEL
2203015095,7007401415,30038348,10012569,ลพ.70-1223,2022-03-02 04:02:38,LITRE,DIESEL
2203015166,7007396593,10020965,10020965,กท.78-6742,2022-03-02 06:02:50,LITRE,DIESEL
2203015168,7007401449,10002913,10002913,ตร.80-5209,2022-03-02 06:03:00,LITRE,DIESEL
2203015172,7007396948,30040971,10020711,กท.79-1830,2022-03-02 06:03:40,LITRE,DIESEL
2203015175,7007401453,30038390,10003964,สค.70-4335,2022-03-02 06:04:35,LITRE,GASOHOL95
2203015185,7007401464,30038390,10003964,สค.70-6123,2022-03-02 06:07:00,LITRE,DIESEL
2203015187,7007396713,30013992,10002941,กท.79-0643,2022-03-02 06:07:21,LITRE,DIESEL
2203015189,7007396724,30042181,10021809,กท.79-5584,2022-03-02 06:07:57,LITRE,DIESEL
2203015197,7007396576,10002256,10002256,กท.79-1961,2022-03-02 06:12:25,LITRE,DIESEL
2203015209,7007401474,30038348,10012569,ชม.70-5194,2022-03-02 06:17:13,LITRE,DIESEL
2203015212,7007396660,30030400,10011816,กท.79-0642,2022-03-02 06:18:00,LITRE,DIESEL
2203015219,7007396920,10001126,10001126,กท.79-0641,2022-03-02 06:20:10,LITRE,DIESEL
2203015234,7007396984,10011002,10011002,กท.77-8133,2022-03-02 06:24:17,LITRE,DIESEL
2203015246,7007401491,30038362,10011280,กท.61-7782,2022-03-02 06:28:20,LITRE,GASOHOL95
2203015259,7007396911,30032380,10001601,กท.79-5578,2022-03-02 06:30:58,LITRE,DIESEL
2203015272,7007396854,10007214,10007214,กท.74-9067,2022-03-02 06:36:28,LITRE,DIESEL
2203015303,7007400793,10001207,10001207,กท.78-1149,2022-03-02 06:49:04,LITRE,DIESEL
2203015305,7007400800,30018565,10008995,กท.78-7993,2022-03-02 06:49:37,LITRE,DIESEL
2203015310,7007396915,30002244,10001601,กท.79-0841,2022-03-02 06:50:36,LITRE,DIESEL
2203015324,7007396841,10008836,10008836,กท.74-9070,2022-03-02 06:56:59,LITRE,DIESEL
2203015329,7007396929,30003313,10002127,กท.79-2716,2022-03-02 06:58:04,LITRE,DIESEL
2203015366,7007396872,10012713,10012713,กท.77-8134,2022-03-02 07:06:57,LITRE,DIESEL
2203015395,7007396567,30022248,10003078,กท.77-9738,2022-03-02 07:12:36,LITRE,DIESEL
2203015416,7007401649,30038348,10012569,ชม.70-5300,2022-03-02 07:15:58,LITRE,DIESEL
2203015437,7007396883,30025508,10002939,กท.79-2717,2022-03-02 07:20:50,LITRE,DIESEL
2203015446,7007396848,30040542,10005234,กท.78-6744,2022-03-02 07:22:57,LITRE,DIESEL
2203015458,7007401671,30038362,10011280,กท.79-8107,2022-03-02 07:25:28,LITRE,GASOHOL95
2203015503,7007396582,30020702,10002018,กท.79-0644,2022-03-02 07:35:27,LITRE,DIESEL
2203015523,7007401736,30043240,10022061,กท.77-6494,2022-03-02 07:41:35,LITRE,DIESEL
2203015541,7007401746,30038348,10012569,ชม.70-5122,2022-03-02 07:42:46,LITRE,DIESEL
2203015608,7007396735,30027174,10011277,ฉช.82-7443,2022-03-02 07:59:55,LITRE,DIESEL
2203015637,7007401870,30043240,10022061,ชบ.83-3599,2022-03-02 08:12:15,LITRE,DIESEL
2203015695,7007401933,30038348,10012569,ชม.70-5124,2022-03-02 08:26:44,LITRE,DIESEL
2203015745,7007402041,30043240,10022061,กท.75-2786,2022-03-02 08:37:25,LITRE,DIESEL
2203015770,7007402096,30038348,10012569,ชม.70-5299,2022-03-02 08:49:01,LITRE,DIESEL
2203015789,7007402146,30037192,10020738,ชบ.84-7139,2022-03-02 08:57:47,LITRE,DIESEL
2203015831,7007396895,30013037,10001813,กท.60-4208,2022-03-02 09:04:45,LITRE,GASOHOL95
2203015832,7007396684,30033527,10011319,กท.60-4207,2022-03-02 09:05:31,LITRE,GASOHOL95
2203015868,7007402297,30029534,10011665,กท.79-5840,2022-03-02 09:19:29,LITRE,DIESEL
2203015890,7007402340,30038362,10011280,กท.79-8105,2022-03-02 09:26:28,LITRE,GASOHOL95
2203015899,7007396922,10002966,10002966,กท.79-0641,2022-03-02 09:30:06,LITRE,DIESEL
2203015929,7007402394,30038348,10012569,กท.79-1812,2022-03-02 09:38:49,LITRE,DIESEL
2203015940,7007402397,30029534,10011665,กท.79-5841,2022-03-02 09:40:09,LITRE,DIESEL
2203016023,7007396557,10002940,10002940,กท.79-0841,2022-03-02 10:00:42,LITRE,DIESEL
2203016028,7007402506,30038362,10011280,กท.61-7783,2022-03-02 10:01:56,LITRE,GASOHOL95
2203016032,7007402510,30038362,10011280,กท.79-2898,2022-03-02 10:02:43,LITRE,GASOHOL95
2203016037,7007402515,30038347,10012717,กท.79-8993,2022-03-02 10:03:26,LITRE,DIESEL
2203016046,7007402603,30038362,10011280,นม.70-5434,2022-03-02 10:06:37,LITRE,GASOHOL95
2203016063,7007402629,30043240,10022061,กท.75-3041,2022-03-02 10:09:47,LITRE,DIESEL
2203016167,7007402768,30038362,10011280,กท.79-3156,2022-03-02 10:30:46,LITRE,GASOHOL95
2203016169,7007399520,10008008,10008008,ฉช.82-3201,2022-03-02 10:32:04,LITRE,DIESEL
2203016195,7007396995,30028481,10011460,กท.75-1033,2022-03-02 10:40:15,LITRE,GASOHOL95
2203016216,7007396940,30002944,10001879,กท.78-1149,2022-03-02 10:48:33,LITRE,DIESEL
2203016307,7007402981,10013572,10013572,ชบ.71-4792,2022-03-02 11:13:48,LITRE,GASOHOL95
2203016321,7007403015,10002812,10002812,ฉช.81-3257,2022-03-02 11:15:41,LITRE,DIESEL
2203016396,7007396741,30000876,10001064,กท.79-1830,2022-03-02 11:37:42,LITRE,DIESEL
2203016407,7007403070,10022660,10022660,กท.61-6634,2022-03-02 11:41:33,LITRE,GASOHOL95
2203016423,7007402064,10002244,10002244,กท.77-8134,2022-03-02 11:43:07,LITRE,DIESEL
2203016469,7007396719,30000419,10000923,ฉช.82-8346,2022-03-02 11:50:19,LITRE,DIESEL
2203016470,7007403186,30038348,10012569,ชม.70-5421,2022-03-02 11:51:03,LITRE,DIESEL
2203016502,7007403150,10021938,10021938,นม.70-6737,2022-03-02 12:05:34,LITRE,GASOHOL95
2203016508,7007403135,10021938,10021938,นม.70-7144,2022-03-02 12:10:21,LITRE,GASOHOL95
2203016509,7007403227,10002758,10002758,ชบ.82-4190,2022-03-02 12:10:37,LITRE,DIESEL
2203016516,7007396926,30024855,10010834,กท.79-0644,2022-03-02 12:14:45,LITRE,DIESEL
2203016552,7007400192,30000449,10000923,กท.79-0643,2022-03-02 12:22:20,LITRE,DIESEL
2203016572,7007402867,30024483,10003078,กท.77-9738,2022-03-02 12:31:28,LITRE,DIESEL
2203016602,7007396700,30013992,10002941,กท.79-0144,2022-03-02 12:48:10,LITRE,DIESEL
2203016622,7007403142,10021938,10021938,นม.70-6721,2022-03-02 12:54:14,LITRE,GASOHOL95
2203016694,7007396729,30040275,10021171,กท.60-4205,2022-03-02 13:20:30,LITRE,GASOHOL95
2203016721,7007403473,30024684,10013738,รย.71-2638,2022-03-02 13:29:02,LITRE,DIESEL
2203016726,7007397004,10002692,10002692,กท.79-5578,2022-03-02 13:32:29,LITRE,DIESEL
2203016744,7007402804,30000417,10000923,ฉช.82-7443,2022-03-02 13:36:36,LITRE,DIESEL
2203016763,7007402133,30032598,10000923,กท.79-1961,2022-03-02 13:45:30,LITRE,DIESEL
2203016764,7007396963,30000420,10000923,กท.77-8133,2022-03-02 13:46:02,LITRE,DIESEL
2203016797,7007403630,30029534,10011665,กท.79-3259,2022-03-02 13:58:23,LITRE,DIESEL
2203016880,7007402798,30020706,10002018,กท.79-2717,2022-03-02 14:23:02,LITRE,DIESEL
2203016888,7007403042,30015113,10002127,ฉช.81-4230,2022-03-02 14:28:11,LITRE,DIESEL
2203016903,7007403283,10002698,10002698,กท.78-7993,2022-03-02 14:35:16,LITRE,DIESEL
2203016979,7007404095,30029534,10011665,กท.79-3258,2022-03-02 15:15:03,LITRE,DIESEL
2203017007,7007404153,10021849,10021849,รย.81-6767,2022-03-02 15:22:10,LITRE,DIESEL
2203017034,7007404214,30033260,10002018,กท.79-5843,2022-03-02 15:36:02,LITRE,DIESEL
2203017035,7007403111,30018141,10000923,กท.79-0642,2022-03-02 15:36:15,LITRE,DIESEL
2203017036,7007403100,30003313,10002127,กท.74-9067,2022-03-02 15:36:45,LITRE,DIESEL
2203017041,7007403077,10001549,10001549,กท.79-5579,2022-03-02 15:38:38,LITRE,DIESEL
2203017045,7007403045,30000441,10000923,กท.79-0644,2022-03-02 15:41:33,LITRE,DIESEL
2203017050,7007404286,30038348,10012569,ชม.70-5122,2022-03-02 15:43:42,LITRE,DIESEL
2203017102,7007404391,30034185,10012548,กท.77-7979,2022-03-02 16:02:02,LITRE,DIESEL
2203017131,7007404475,30038348,10012569,ลพ.70-0785,2022-03-02 16:13:51,LITRE,DIESEL
2203017175,7007404584,30038362,10011280,กท.61-7782,2022-03-02 16:38:14,LITRE,GASOHOL95
2203017178,7007404594,30038362,10011280,กท.79-8107,2022-03-02 16:41:31,LITRE,GASOHOL95
2203017277,7007403063,30001090,10001206,กท.74-9070,2022-03-02 17:41:43,LITRE,DIESEL
2203017627,7007405706,30038390,10003964,สค.70-6119,2022-03-03 00:05:00,LITRE,GASOHOL95
2203017628,7007405707,30038390,10003964,สค.70-4333,2022-03-03 00:05:54,LITRE,GASOHOL95
2203017638,7007405711,30038348,10012569,ชม.70-4355,2022-03-03 00:17:35,LITRE,DIESEL
2203017639,7007405712,30038348,10012569,ชม.70-5300,2022-03-03 00:19:58,LITRE,DIESEL
2203017645,7007405714,30038348,10012569,ชม.70-5301,2022-03-03 00:28:31,LITRE,DIESEL
2203017690,7007405738,30038390,10003964,สค.70-6124,2022-03-03 00:57:48,LITRE,GASOHOL95
2203017698,7007405751,10022031,10022031,รย.71-2635,2022-03-03 01:08:44,LITRE,DIESEL
2203017752,7007403104,30020880,10009638,ฉช.82-3201,2022-03-03 02:02:39,LITRE,DIESEL
2203017774,7007403136,30011473,10001628,ฉช.82-7170,2022-03-03 02:19:18,LITRE,DIESEL
2203017778,7007403106,30022767,10010126,ฉช.82-0002,2022-03-03 02:22:48,LITRE,DIESEL
2203017779,7007403091,30026514,10001609,ฉช.82-4812,2022-03-03 02:23:28,LITRE,DIESEL
2203017802,7007405783,30038348,10012569,ชม.70-5261,2022-03-03 02:50:13,LITRE,DIESEL
2203017812,7007403089,30026514,10001609,ฉช.82-8346,2022-03-03 03:00:54,LITRE,DIESEL
2203017858,7007405811,30034185,10012548,กท.79-7691,2022-03-03 04:03:58,LITRE,DIESEL
2203017951,7007403108,30028481,10011460,กท.76-4825,2022-03-03 06:03:05,LITRE,GASOHOL95
2203017954,7007405832,30038362,10011280,กท.79-8104,2022-03-03 06:03:32,LITRE,GASOHOL95
2203017956,7007403102,30023005,10000923,กท.79-1830,2022-03-03 06:03:48,LITRE,DIESEL
2203017958,7007405834,30038390,10003964,สค.70-6125,2022-03-03 06:04:19,LITRE,DIESEL
2203017964,7007403066,10023278,10023278,กท.79-0643,2022-03-03 06:05:22,LITRE,DIESEL
2203017968,7007403052,30013992,10002941,กท.78-1149,2022-03-03 06:06:10,LITRE,DIESEL
2203017971,7007405843,30038348,10012569,ชม.70-6507,2022-03-03 06:07:09,LITRE,DIESEL
2203017979,7007403083,30025508,10002939,กท.79-5584,2022-03-03 06:09:55,LITRE,DIESEL
2203017984,7007403098,30003313,10002127,กท.78-6744,2022-03-03 06:12:18,LITRE,DIESEL
2203018002,7007403513,10002227,10002227,กท.79-5578,2022-03-03 06:22:02,LITRE,DIESEL
2203018007,7007405859,30038348,10012569,ลพ.70-1223,2022-03-03 06:25:33,LITRE,DIESEL
2203018009,7007403092,30002244,10001601,กท.77-9738,2022-03-03 06:28:22,LITRE,DIESEL
2203018012,7007403078,30003071,10002044,กท.77-8133,2022-03-03 06:28:54,LITRE,DIESEL
2203018022,7007405872,30038390,10003964,สค.70-4335,2022-03-03 06:33:08,LITRE,GASOHOL95
2203018025,7007403048,30023003,10000923,กท.79-2716,2022-03-03 06:33:48,LITRE,DIESEL
2203018048,7007403034,10008836,10008836,กท.78-6739,2022-03-03 06:40:17,LITRE,DIESEL
2203018054,7007405903,30038348,10012569,ชม.70-5299,2022-03-03 06:43:48,LITRE,DIESEL
2203018080,7007403512,30032384,10012238,กท.79-0144,2022-03-03 06:49:45,LITRE,DIESEL
2203018085,7007403036,10002256,10002256,กท.79-0641,2022-03-03 06:50:21,LITRE,DIESEL
2203018121,7007404797,30000449,10000923,กท.79-0841,2022-03-03 07:01:30,LITRE,DIESEL
2203018143,7007403041,10002695,10002695,กท.79-2717,2022-03-03 07:05:43,LITRE,DIESEL
2203018177,7007406006,30038347,10012717,กท.61-4383,2022-03-03 07:14:00,LITRE,DIESEL
2203018214,7007403049,30030400,10011816,กท.60-4208,2022-03-03 07:22:19,LITRE,GASOHOL95
2203018243,7007403109,30005679,10005234,ฉช.82-7443,2022-03-03 07:27:10,LITRE,DIESEL
2203018451,7007403038,30028393,10001206,ฉช.82-7170,2022-03-03 08:31:22,LITRE,DIESEL
2203018460,7007406352,30029534,10011665,กท.79-5840,2022-03-03 08:33:13,LITRE,DIESEL
2203018495,7007406402,30029534,10011665,กท.79-3259,2022-03-03 08:38:16,LITRE,DIESEL
2203018543,7007403068,10012334,10012334,กท.78-7993,2022-03-03 08:54:16,LITRE,DIESEL
2203018556,7007403046,10003026,10003026,กท.77-8134,2022-03-03 08:58:56,LITRE,DIESEL
2203018562,7007406568,30038348,10012569,ชม.70-5302,2022-03-03 09:01:02,LITRE,DIESEL
2203018568,7007406592,30037192,10020738,ชบ.84-7139,2022-03-03 09:05:11,LITRE,DIESEL
2203018574,7007403084,30013037,10001813,กท.75-1033,2022-03-03 09:06:53,LITRE,GASOHOL95
2203018576,7007403058,30040275,10021171,กท.60-4205,2022-03-03 09:07:33,LITRE,GASOHOL95
2203018579,7007406612,30038348,10012569,ชบ.84-7237,2022-03-03 09:09:00,LITRE,DIESEL
2203018613,7007406629,30038362,10011280,กท.79-2898,2022-03-03 09:13:06,LITRE,GASOHOL95
2203018616,7007406632,30038362,10011280,กท.79-8105,2022-03-03 09:13:49,LITRE,GASOHOL95
2203018655,7007406639,30046347,10023076,กท.60-4207,2022-03-03 09:24:44,LITRE,GASOHOL95
2203018680,7007406718,30047221,10022051,ชบ.85-3878,2022-03-03 09:31:22,LITRE,DIESEL
2203018691,7007406750,10022437,10022437,นม.70-6589,2022-03-03 09:34:05,LITRE,DIESEL
2203018710,7007406786,10002921,10002921,จบ.80-8222,2022-03-03 09:42:51,LITRE,DIESEL
2203018712,7007406790,10022050,10022050,ชบ.82-3097,2022-03-03 09:43:13,LITRE,DIESEL
2203018717,7007406838,30034185,10012548,กท.78-4646,2022-03-03 09:46:10,LITRE,GASOHOL95
2203018794,7007406966,30038348,10012569,ชม.70-6510,2022-03-03 10:04:47,LITRE,DIESEL
2203018812,7007407002,30038348,10012569,ชม.70-5194,2022-03-03 10:09:28,LITRE,DIESEL
2203018841,7007407083,30038362,10011280,กท.79-3156,2022-03-03 10:20:22,LITRE,GASOHOL95
2203018850,7007403087,30028111,10005818,กท.79-0643,2022-03-03 10:23:05,LITRE,DIESEL
2203018894,7007407115,10022660,10022660,นม.70-6719,2022-03-03 10:36:06,LITRE,GASOHOL95
2203018908,7007407274,30038459,10011634,รย.82-0448,2022-03-03 10:41:37,LITRE,DIESEL
2203018912,7007407291,30038362,10011280,กท.61-7782,2022-03-03 10:42:52,LITRE,GASOHOL95
2203018931,7007403055,10002749,10002749,กท.79-2716,2022-03-03 10:46:17,LITRE,DIESEL
2203018932,7007403094,10002966,10002966,กท.77-9738,2022-03-03 10:46:21,LITRE,DIESEL
2203018934,7007407368,30043240,10022061,กท.75-6899,2022-03-03 10:47:22,LITRE,DIESEL
2203018952,7007407130,10022660,10022660,นม.70-6718,2022-03-03 10:49:08,LITRE,GASOHOL95
2203018954,7007407399,30034185,10012548,กท.79-7691,2022-03-03 10:49:33,LITRE,DIESEL
2203018961,7007403105,10011705,10011705,กท.79-1830,2022-03-03 10:53:17,LITRE,DIESEL
2203018978,7007406416,30009314,10002796,กท.77-8133,2022-03-03 10:59:10,LITRE,DIESEL
2203018996,7007407561,30038348,10012569,ชม.70-5301,2022-03-03 11:06:20,LITRE,DIESEL
2203018999,7007407238,10022660,10022660,นม.70-5975,2022-03-03 11:06:59,LITRE,GASOHOL95
2203019006,7007403097,30024855,10010834,กท.79-0144,2022-03-03 11:08:48,LITRE,DIESEL
2203019011,7007406761,30019257,10005234,กท.77-8134,2022-03-03 11:11:38,LITRE,DIESEL
2203019089,7007403107,30000420,10000923,กท.79-5578,2022-03-03 11:30:27,LITRE,DIESEL
2203019151,7007407927,30038348,10012569,ชม.70-5420,2022-03-03 11:49:42,LITRE,DIESEL
2203019209,7007406840,30000440,10000923,กท.79-0841,2022-03-03 12:10:01,LITRE,DIESEL
2203019243,7007408040,30038348,10012569,ชม.70-5193,2022-03-03 12:23:50,LITRE,DIESEL
2203019248,7007408047,30043240,10022061,กท.75-7868,2022-03-03 12:24:49,LITRE,DIESEL
2203019252,7007408050,10002758,10002758,ชบ.82-4190,2022-03-03 12:26:58,LITRE,DIESEL
2203019265,7007403062,30027174,10011277,กท.76-4825,2022-03-03 12:32:53,LITRE,GASOHOL95
2203019271,7007407963,30013992,10002941,ฉช.82-7443,2022-03-03 12:36:14,LITRE,DIESEL
2203019273,7007408069,30038348,10012569,ชม.70-5124,2022-03-03 12:37:51,LITRE,DIESEL
2203019287,7007403065,10008836,10008836,กท.79-5584,2022-03-03 12:45:16,LITRE,DIESEL
2203019301,7007403064,30000425,10000923,กท.78-6739,2022-03-03 12:54:53,LITRE,DIESEL
2203019304,7007408108,30038347,10012717,ชบ.84-7975,2022-03-03 12:57:11,LITRE,DIESEL
2203019312,7007403110,10002692,10002692,กท.79-2717,2022-03-03 12:59:18,LITRE,DIESEL
2203019326,7007408138,30029534,10011665,กท.79-3258,2022-03-03 13:04:15,LITRE,DIESEL
2203019415,7007403050,30023333,10005234,กท.79-0641,2022-03-03 13:33:21,LITRE,DIESEL
2203019450,7007408439,30029534,10011665,กท.79-5841,2022-03-03 13:46:33,LITRE,DIESEL
2203019458,7007408454,30043240,10022061,กท.72-3498,2022-03-03 13:48:47,LITRE,DIESEL
2203019462,7007408480,30038348,10012569,ชม.70-5194,2022-03-03 13:50:34,LITRE,DIESEL
2203019463,7007406980,30031505,10000923,กท.79-0644,2022-03-03 13:51:13,LITRE,DIESEL
2203019552,7007408664,30038347,10012717,กท.79-8995,2022-03-03 14:15:36,LITRE,DIESEL
2203019583,7007408749,30038347,10012717,กท.61-4783,2022-03-03 14:26:11,LITRE,DIESEL
2203019602,7007408840,30038348,10012569,ชม.70-4355,2022-03-03 14:36:35,LITRE,DIESEL
2203019617,7007406762,10002692,10002692,กท.78-1149,2022-03-03 14:45:33,LITRE,DIESEL
2203019619,7007408956,30043240,10022061,กท.75-7868,2022-03-03 14:46:31,LITRE,DIESEL
2203019641,7007409051,30038348,10012569,กท.79-6704,2022-03-03 14:56:52,LITRE,DIESEL
2203019659,7007406413,30032249,10012193,กท.79-5843,2022-03-03 15:07:15,LITRE,DIESEL
2203019734,7007409297,30038390,10003964,สค.70-6123,2022-03-03 15:33:19,LITRE,DIESEL
2203019736,7007406810,10008093,10008093,ฉช.81-4230,2022-03-03 15:35:28,LITRE,DIESEL
2203019785,7007409271,30031412,10002018,กท.79-5579,2022-03-03 15:56:28,LITRE,DIESEL
2203019786,7007406805,30001090,10001206,กท.74-9067,2022-03-03 15:56:37,LITRE,DIESEL
2203019787,7007406767,10020965,10020965,กท.78-7993,2022-03-03 15:57:07,LITRE,DIESEL
2203019788,7007406881,30003313,10002127,กท.79-5578,2022-03-03 15:57:32,LITRE,DIESEL
2203019820,7007408083,30043681,10000923,กท.79-1830,2022-03-03 16:10:22,LITRE,DIESEL
2203019842,7007409967,30038390,10003964,สค.70-4074,2022-03-03 16:28:05,LITRE,DIESEL
2203020009,7007410622,10021113,10021113,กท.74-9070,2022-03-03 17:49:46,LITRE,DIESEL
2203020023,7007410671,30038348,10012569,ชม.70-5300,2022-03-03 17:52:33,LITRE,DIESEL
2203020388,7007411271,30038390,10003964,สค.70-2917,2022-03-04 00:02:13,LITRE,DIESEL
2203020389,7007411272,30038390,10003964,สค.70-4386,2022-03-04 00:02:24,LITRE,GASOHOL95
2203020390,7007411273,30038390,10003964,สค.70-4333,2022-03-04 00:02:59,LITRE,GASOHOL95
2203020391,7007411274,30038390,10003964,สค.70-6119,2022-03-04 00:03:41,LITRE,GASOHOL95
2203020395,7007411275,30038348,10012569,ชม.70-5302,2022-03-04 00:06:39,LITRE,DIESEL
2203020426,7007411290,30038390,10003964,สค.70-3937,2022-03-04 00:30:34,LITRE,GASOHOL95
2203020442,7007411301,30038348,10012569,ลพ.70-0785,2022-03-04 00:44:53,LITRE,DIESEL
2203020483,7007411325,30038348,10012569,ชม.70-5299,2022-03-04 01:10:50,LITRE,DIESEL
2203020525,7007411350,30038348,10012569,ชม.70-5195,2022-03-04 02:04:51,LITRE,DIESEL
2203020528,7007411351,30038348,10012569,ชม.70-5261,2022-03-04 02:08:44,LITRE,DIESEL
2203020580,7007411372,10023257,10023257,นม.70-6730,2022-03-04 03:11:54,LITRE,DIESEL
2203020645,7007411394,30038348,10012569,ชม.70-5301,2022-03-04 04:27:29,LITRE,DIESEL
2203020705,7007406861,10008836,10008836,กท.78-6742,2022-03-04 06:02:21,LITRE,DIESEL
2203020710,7007406846,30027174,10011277,กท.78-1149,2022-03-04 06:04:21,LITRE,DIESEL
2203020720,7007406828,30013992,10002941,กท.79-5843,2022-03-04 06:09:00,LITRE,DIESEL
2203020731,7007409522,30003113,10002105,กท.79-5584,2022-03-04 06:12:51,LITRE,DIESEL
2203020733,7007406873,10001126,10001126,กท.79-2717,2022-03-04 06:13:42,LITRE,DIESEL
2203020739,7007410120,10002877,10002877,กท.77-8133,2022-03-04 06:15:33,LITRE,DIESEL
2203020750,7007406825,30028859,10001624,กท.79-0642,2022-03-04 06:20:01,LITRE,DIESEL
2203020756,7007411461,30038390,10003964,สค.70-6125,2022-03-04 06:22:43,LITRE,DIESEL
2203020765,7007406765,30033326,10001099,กท.77-9738,2022-03-04 06:25:00,LITRE,DIESEL
2203020787,7007411495,30038390,10003964,สค.70-4335,2022-03-04 06:32:26,LITRE,GASOHOL95
2203020798,7007406787,10002256,10002256,กท.79-0643,2022-03-04 06:35:39,LITRE,DIESEL
2203020802,7007411520,30038390,10003964,สค.70-3935,2022-03-04 06:36:35,LITRE,GASOHOL95
2203020809,7007409277,30042418,10007173,กท.79-0144,2022-03-04 06:38:07,LITRE,DIESEL
2203020841,7007408211,30018565,10008995,กท.79-2716,2022-03-04 06:45:06,LITRE,DIESEL
2203020851,7007406833,30042727,10021947,กท.79-0841,2022-03-04 06:48:17,LITRE,DIESEL
2203020859,7007409265,10003041,10003041,กท.79-1961,2022-03-04 06:50:01,LITRE,DIESEL
2203020874,7007406884,30028481,10011460,กท.60-4205,2022-03-04 06:53:52,LITRE,GASOHOL95
2203020878,7007406818,30001140,10000200,กท.77-8134,2022-03-04 06:55:07,LITRE,DIESEL
2203020961,7007411649,30038348,10012569,ชม.70-5122,2022-03-04 07:11:33,LITRE,DIESEL
2203021079,7007408104,30013435,10000923,กท.78-6739,2022-03-04 07:30:49,LITRE,DIESEL
2203021127,7007406839,30040275,10021171,กท.76-4825,2022-03-04 07:40:43,LITRE,GASOHOL95
2203021158,7007411806,30029534,10011665,กท.79-3257,2022-03-04 07:47:55,LITRE,DIESEL
2203021185,7007411828,30029534,10011665,นม.70-6730,2022-03-04 07:53:17,LITRE,DIESEL
2203021200,7007406820,30001844,10001397,กท.79-0644,2022-03-04 07:57:09,LITRE,DIESEL
2203021206,7007411850,30038348,10012569,ชม.70-5125,2022-03-04 07:58:14,LITRE,DIESEL
2203021209,7007406879,30003313,10002127,กท.74-9070,2022-03-04 07:58:46,LITRE,DIESEL
2203021212,7007408954,30021831,10005234,กท.78-6744,2022-03-04 08:00:37,LITRE,DIESEL
2203021315,7007412025,30038362,10011280,นม.70-5434,2022-03-04 08:26:45,LITRE,GASOHOL95
2203021408,7007412212,30038348,10012569,ชม.70-4355,2022-03-04 08:47:08,LITRE,DIESEL
2203021420,7007408084,30033527,10011319,ฉช.82-7443,2022-03-04 08:49:03,LITRE,DIESEL
2203021455,7007412262,30038362,10011280,กท.79-8105,2022-03-04 08:59:04,LITRE,GASOHOL95
2203021458,7007412265,30038362,10011280,กท.61-7783,2022-03-04 08:59:51,LITRE,GASOHOL95
2203021486,7007412274,30038362,10011280,กท.79-8104,2022-03-04 09:01:14,LITRE,GASOHOL95
2203021490,7007412280,30037192,10020738,ชบ.84-7139,2022-03-04 09:02:29,LITRE,DIESEL
2203021561,7007406791,10021783,10021783,กท.77-8134,2022-03-04 09:21:48,LITRE,DIESEL
2203021575,7007412236,10002244,10002244,กท.79-2717,2022-03-04 09:26:49,LITRE,DIESEL
2203021628,7007412523,30038362,10011280,กท.79-3156,2022-03-04 09:42:13,LITRE,GASOHOL95
2203021629,7007412529,30043240,10022061,กท.77-6494,2022-03-04 09:43:17,LITRE,DIESEL
2203021632,7007412534,30043240,10022061,กท.75-9797,2022-03-04 09:44:04,LITRE,DIESEL
2203021659,7007412576,10011635,10011635,จบ.80-8222,2022-03-04 09:52:15,LITRE,DIESEL
2203021697,7007412625,30038348,10012569,ชม.70-5420,2022-03-04 10:03:48,LITRE,DIESEL
2203021771,7007406883,30000420,10000923,กท.77-8133,2022-03-04 10:20:55,LITRE,DIESEL
2203021849,7007406836,10002749,10002749,กท.79-0841,2022-03-04 10:40:52,LITRE,DIESEL
2203021872,7007406814,10003015,10003015,กท.77-9738,2022-03-04 10:49:20,LITRE,DIESEL
2203021876,7007406876,10002966,10002966,กท.79-1961,2022-03-04 10:51:46,LITRE,DIESEL
2203021880,7007412846,30038362,10011280,กท.79-2898,2022-03-04 10:52:41,LITRE,GASOHOL95
2203021980,7007412991,10002917,10002917,จบ.80-3645,2022-03-04 11:13:18,LITRE,DIESEL
2203021985,7007406877,30024855,10010834,กท.78-6739,2022-03-04 11:14:18,LITRE,DIESEL
2203021993,7007409260,30000448,10000923,กท.79-0144,2022-03-04 11:17:00,LITRE,DIESEL
2203022025,7007413044,30029534,10011665,กท.79-3257,2022-03-04 11:22:05,LITRE,DIESEL
2203022030,7007413053,30038348,10012569,ลพ.70-0785,2022-03-04 11:23:59,LITRE,DIESEL
2203022093,7007413123,10002812,10002812,ฉช.81-3257,2022-03-04 11:39:14,LITRE,DIESEL
2203022132,7007413171,10011634,10011634,รย.82-0448,2022-03-04 11:51:15,LITRE,DIESEL
2203022259,7007406831,30042727,10021947,กท.78-1149,2022-03-04 12:21:28,LITRE,DIESEL
2203022261,7007412435,10002739,10002739,กท.78-7993,2022-03-04 12:23:50,LITRE,DIESEL
2203022283,7007413322,10022051,10022051,ชบ.85-3878,2022-03-04 12:32:17,LITRE,DIESEL
2203022325,7007413359,10002888,10002888,รย.81-1375,2022-03-04 12:48:41,LITRE,DIESEL
2203022333,7007413366,30025789,10010981,กท.78-5932,2022-03-04 12:51:55,LITRE,DIESEL
2203022374,7007412431,30019258,10005234,กท.79-1830,2022-03-04 13:05:11,LITRE,DIESEL
2203022463,7007413515,30029534,10011665,กท.79-5840,2022-03-04 13:30:47,LITRE,DIESEL
2203022467,7007413454,10007890,10007890,กท.79-2716,2022-03-04 13:31:53,LITRE,DIESEL
2203022470,7007413524,30038348,10012569,ชม.70-5300,2022-03-04 13:32:02,LITRE,DIESEL
2203022473,7007413309,10021385,10021385,กท.79-5584,2022-03-04 13:32:31,LITRE,DIESEL
2203022500,7007413561,30038347,10012717,กท.79-8993,2022-03-04 13:41:34,LITRE,DIESEL
2203022532,7007413595,30038390,10003964,สค.70-4074,2022-03-04 13:50:28,LITRE,DIESEL
2203022583,7007413657,30034185,10012548,กท.78-4646,2022-03-04 14:00:12,LITRE,GASOHOL95
2203022607,7007413698,30029534,10011665,กท.79-3259,2022-03-04 14:07:04,LITRE,DIESEL
2203022627,7007413736,30038348,10012569,ชม.70-5123,2022-03-04 14:10:25,LITRE,DIESEL
2203022629,7007413737,30038348,10012569,ชม.70-5421,2022-03-04 14:10:32,LITRE,DIESEL
2203022676,7007413417,30001090,10001206,ฉช.81-4230,2022-03-04 14:22:32,LITRE,DIESEL
2203022690,7007413834,10011633,10011633,รย.71-2637,2022-03-04 14:24:35,LITRE,DIESEL
2203022812,7007413968,30038348,10012569,กท.79-1818,2022-03-04 15:04:26,LITRE,DIESEL
2203022814,7007413697,10020965,10020965,กท.77-9738,2022-03-04 15:05:01,LITRE,DIESEL
2203022815,7007413969,30029534,10011665,กท.79-3258,2022-03-04 15:05:23,LITRE,DIESEL
2203022817,7007413605,30003313,10002127,กท.78-6739,2022-03-04 15:05:52,LITRE,DIESEL
2203022874,7007414056,10021849,10021849,รย.81-6767,2022-03-04 15:26:56,LITRE,DIESEL
2203022917,7007414106,30038348,10012569,ชม.70-5302,2022-03-04 15:39:25,LITRE,DIESEL
2203022953,7007413687,30018141,10000923,กท.79-0644,2022-03-04 15:44:41,LITRE,DIESEL
2203022965,7007414149,30029534,10011665,กท.79-3257,2022-03-04 15:50:10,LITRE,DIESEL
2203023017,7007414219,30038348,10012569,ชม.70-5299,2022-03-04 16:11:57,LITRE,DIESEL
2203023405,7007414600,30038390,10003964,สค.70-4333,2022-03-05 00:02:33,LITRE,GASOHOL95
2203023406,7007414601,30038348,10012569,ลพ.70-0785,2022-03-05 00:03:06,LITRE,DIESEL
2203023407,7007414602,30038390,10003964,สค.70-6119,2022-03-05 00:03:21,LITRE,GASOHOL95
2203023409,7007414605,30038390,10003964,สค.70-2507,2022-03-05 00:04:06,LITRE,DIESEL
2203023420,7007414606,30038348,10012569,ชม.70-5301,2022-03-05 00:04:23,LITRE,DIESEL
2203023422,7007414610,30038348,10012569,ชม.70-4355,2022-03-05 00:05:18,LITRE,DIESEL
2203023423,7007414612,30029534,10011665,กท.79-3257,2022-03-05 00:06:25,LITRE,DIESEL
2203023425,7007414613,30038390,10003964,สค.70-6124,2022-03-05 00:11:08,LITRE,GASOHOL95
2203023458,7007414637,30038390,10003964,สค.70-4397,2022-03-05 01:07:15,LITRE,GASOHOL95
2203023539,7007414680,30038347,10012717,กท.79-8995,2022-03-05 02:55:37,LITRE,DIESEL
2203023544,7007414682,30034185,10012548,กท.78-4646,2022-03-05 03:10:00,LITRE,GASOHOL95
2203023582,7007414691,30038348,10012569,ชม.70-5261,2022-03-05 04:48:36,LITRE,DIESEL
2203023596,7007414728,10002758,10002758,ชบ.82-4190,2022-03-05 06:04:49,LITRE,DIESEL
2203023599,7007414731,10021768,10021768,ชบ.85-3878,2022-03-05 06:05:34,LITRE,DIESEL
2203023602,7007413775,30045421,10005234,กท.78-6742,2022-03-05 06:06:02,LITRE,DIESEL
2203023605,7007414735,30038390,10003964,สค.70-4335,2022-03-05 06:06:53,LITRE,GASOHOL95
2203023607,7007414736,30038390,10003964,สค.70-6123,2022-03-05 06:07:37,LITRE,DIESEL
2203023610,7007413670,30027174,10011277,กท.78-1149,2022-03-05 06:09:14,LITRE,DIESEL
2203023612,7007414740,30029534,10011665,กท.61-6634,2022-03-05 06:10:29,LITRE,GASOHOL95
2203023616,7007414743,30038390,10003964,สค.70-3893,2022-03-05 06:12:11,LITRE,GASOHOL95
2203023622,7007413665,10008836,10008836,กท.79-0641,2022-03-05 06:22:35,LITRE,DIESEL
2203023625,7007413602,30000449,10000923,กท.79-0642,2022-03-05 06:24:23,LITRE,DIESEL
2203023629,7007413608,30000448,10000923,กท.79-0841,2022-03-05 06:30:03,LITRE,DIESEL
2203023632,7007414756,30038347,10012717,ชบ.84-7975,2022-03-05 06:31:57,LITRE,DIESEL
2203023634,7007413695,10002256,10002256,กท.78-6744,2022-03-05 06:34:53,LITRE,DIESEL
2203023637,7007413689,30000425,10000923,กท.78-7993,2022-03-05 06:42:43,LITRE,DIESEL
2203023639,7007413604,30023005,10000923,กท.77-8134,2022-03-05 06:44:54,LITRE,DIESEL
2203023645,7007413692,10002227,10002227,กท.79-0144,2022-03-05 06:56:31,LITRE,DIESEL
2203023669,7007414777,30029534,10011665,กท.79-5841,2022-03-05 07:17:58,LITRE,DIESEL
2203023739,7007414840,30038390,10003964,สค.70-2918,2022-03-05 08:25:49,LITRE,GASOHOL95
2203023740,7007414843,30034185,10012548,กท.79-7691,2022-03-05 08:26:52,LITRE,DIESEL
2203023743,7007414846,30029534,10011665,กท.79-3259,2022-03-05 08:28:52,LITRE,DIESEL
2203023745,7007414850,30029534,10011665,นม.70-6589,2022-03-05 08:34:37,LITRE,DIESEL
2203023746,7007413693,30033527,10011319,กท.74-9070,2022-03-05 08:35:25,LITRE,DIESEL
2203023762,7007413610,30000448,10000923,กท.78-7993,2022-03-05 08:44:45,LITRE,DIESEL
2203023775,7007414883,30038362,10011280,กท.79-8105,2022-03-05 09:00:02,LITRE,GASOHOL95
2203023783,7007414886,10022050,10022050,ชบ.85-5327,2022-03-05 09:01:58,LITRE,DIESEL
2203023786,7007414888,30038362,10011280,กท.61-7783,2022-03-05 09:02:55,LITRE,GASOHOL95
2203023791,7007414892,30038362,10011280,กท.79-8104,2022-03-05 09:03:49,LITRE,GASOHOL95
2203023834,7007414937,30038347,10012717,กท.79-8993,2022-03-05 09:33:55,LITRE,DIESEL
2203023860,7007414944,30038362,10011280,กท.79-3156,2022-03-05 09:40:20,LITRE,GASOHOL95
2203023881,7007414952,30038362,10011280,กท.79-2898,2022-03-05 09:48:08,LITRE,GASOHOL95
2203023892,7007414962,30038348,10012569,ชม.70-5193,2022-03-05 09:54:10,LITRE,DIESEL
2203023906,7007414972,30029534,10011665,กท.79-5840,2022-03-05 10:04:27,LITRE,DIESEL
2203023908,7007414975,30038362,10011280,กท.61-7782,2022-03-05 10:06:06,LITRE,GASOHOL95
2203023935,7007413686,30040275,10021171,กท.60-4207,2022-03-05 10:27:09,LITRE,GASOHOL95
2203023962,7007413601,10002692,10002692,กท.77-8134,2022-03-05 10:53:04,LITRE,DIESEL
2203023983,7007415051,10021756,10021756,นม.70-7497,2022-03-05 11:04:39,LITRE,GASOHOL95
2203023990,7007415061,30043240,10022061,กท.75-7868,2022-03-05 11:10:00,LITRE,DIESEL
2203023991,7007415062,30034185,10012548,กท.77-7979,2022-03-05 11:12:04,LITRE,DIESEL
2203024004,7007415071,30029534,10011665,กท.79-3257,2022-03-05 11:18:47,LITRE,DIESEL
2203024008,7007413606,30024855,10010834,กท.79-0641,2022-03-05 11:26:27,LITRE,DIESEL
2203024027,7007413777,10002692,10002692,กท.78-6742,2022-03-05 11:33:36,LITRE,DIESEL
2203024031,7007413767,30013991,10000923,กท.79-0841,2022-03-05 11:35:05,LITRE,DIESEL
2203024035,7007415084,30038348,10012569,ชม.70-5300,2022-03-05 11:37:51,LITRE,DIESEL
2203024036,7007415085,30038348,10012569,ชม.70-5301,2022-03-05 11:38:41,LITRE,DIESEL
2203024041,7007415089,30043240,10022061,ชบ.83-3599,2022-03-05 11:42:53,LITRE,DIESEL
2203024045,7007413899,10021385,10021385,กท.79-0144,2022-03-05 11:46:01,LITRE,DIESEL
2203024047,7007413690,10011705,10011705,กท.79-0642,2022-03-05 11:46:35,LITRE,DIESEL
2203024061,7007415110,30029534,10011665,กท.79-3258,2022-03-05 12:03:59,LITRE,DIESEL
2203024064,7007415112,30043240,10022061,กท.75-6688,2022-03-05 12:04:48,LITRE,DIESEL
2203024092,7007413715,30003313,10002127,กท.78-1149,2022-03-05 12:18:32,LITRE,DIESEL
2203024111,7007413801,30021096,10000923,กท.78-6744,2022-03-05 12:30:56,LITRE,DIESEL
2203024141,7007415147,30037192,10020738,ชบ.84-7139,2022-03-05 12:48:44,LITRE,DIESEL
2203024200,7007415180,30038348,10012569,กท.79-1812,2022-03-05 13:42:57,LITRE,DIESEL
2203024203,7007415183,30038348,10012569,ชม.70-5302,2022-03-05 13:45:23,LITRE,DIESEL
2203024205,7007415184,30029534,10011665,กท.61-6634,2022-03-05 13:46:18,LITRE,GASOHOL95
2203024230,7007415200,30029534,10011665,นม.70-6730,2022-03-05 14:01:43,LITRE,DIESEL
2203024235,7007413681,30027174,10011277,กท.79-5578,2022-03-05 14:09:57,LITRE,DIESEL
2203024249,7007415225,30038348,10012569,ชม.70-5122,2022-03-05 14:22:31,LITRE,DIESEL
2203024270,7007415230,30038348,10012569,ชม.70-5299,2022-03-05 14:31:44,LITRE,DIESEL
2203024285,7007415242,30038347,10012717,กท.79-8993,2022-03-05 14:47:33,LITRE,DIESEL
2203024288,7007415245,30029534,10011665,กท.79-3259,2022-03-05 14:48:30,LITRE,DIESEL
2203024302,7007415253,30038348,10012569,ชม.70-5125,2022-03-05 15:08:05,LITRE,DIESEL
2203024303,7007415254,30043240,10022061,กท.75-6688,2022-03-05 15:08:58,LITRE,DIESEL
2203024651,7007415528,30038390,10003964,สค.70-4386,2022-03-06 00:04:16,LITRE,GASOHOL95
2203024652,7007415529,30038390,10003964,สค.70-4333,2022-03-06 00:05:32,LITRE,GASOHOL95
2203024653,7007415530,30038390,10003964,สค.70-6119,2022-03-06 00:06:12,LITRE,GASOHOL95
2203024654,7007415531,30038348,10012569,ชม.70-4355,2022-03-06 00:07:13,LITRE,DIESEL
2203024655,7007415532,30038390,10003964,สค.70-2917,2022-03-06 00:07:52,LITRE,DIESEL
2203024656,7007415533,30038348,10012569,ลพ.70-0785,2022-03-06 00:08:51,LITRE,DIESEL
2203024661,7007415534,30038390,10003964,สค.70-3665,2022-03-06 00:13:27,LITRE,GASOHOL95
2203024678,7007415544,30038348,10012569,ชม.70-5302,2022-03-06 00:46:49,LITRE,DIESEL
2203024679,7007415545,10022031,10022031,รย.71-2638,2022-03-06 00:51:21,LITRE,DIESEL
2203024727,7007413861,30026514,10001609,ฉช.82-8528,2022-03-06 02:09:00,LITRE,DIESEL
2203024744,7007413865,30026514,10001609,ฉช.82-7170,2022-03-06 02:50:45,LITRE,DIESEL
2203024768,7007415587,30038348,10012569,ชม.70-5301,2022-03-06 03:23:21,LITRE,DIESEL
2203024769,7007413867,30028393,10001206,ฉช.82-8346,2022-03-06 03:24:01,LITRE,DIESEL
2203024789,7007415598,30038348,10012569,ชม.70-5300,2022-03-06 04:04:34,LITRE,DIESEL
2203024796,7007413859,10009048,10009048,ฉช.82-0002,2022-03-06 04:31:44,LITRE,DIESEL
2203024836,7007413705,30031849,10000923,กท.78-6742,2022-03-06 06:02:19,LITRE,DIESEL
2203024838,7007413802,30028481,10011460,กท.75-1033,2022-03-06 06:02:52,LITRE,GASOHOL95
2203024841,7007415637,30038390,10003964,สค.70-6125,2022-03-06 06:03:55,LITRE,DIESEL
2203024844,7007415639,30038348,10012569,ชม.70-5261,2022-03-06 06:04:56,LITRE,DIESEL
2203024872,7007413786,30040275,10021171,กท.79-0144,2022-03-06 06:12:13,LITRE,DIESEL
2203024877,7007413837,10022583,10022583,กท.79-5584,2022-03-06 06:13:47,LITRE,DIESEL
2203024883,7007413728,30040971,10020711,กท.79-0642,2022-03-06 06:16:52,LITRE,DIESEL
2203024889,7007413805,30025508,10002939,กท.79-5843,2022-03-06 06:19:05,LITRE,DIESEL
2203024905,7007413765,30000448,10000923,กท.79-2716,2022-03-06 06:20:40,LITRE,DIESEL
2203024924,7007413814,30045819,10022902,กท.74-9067,2022-03-06 06:23:57,LITRE,DIESEL
2203024941,7007413795,30013992,10002941,กท.77-9738,2022-03-06 06:29:22,LITRE,DIESEL
2203024950,7007413852,10002692,10002692,กท.77-8133,2022-03-06 06:33:10,LITRE,DIESEL
2203024957,7007413836,30045843,10011319,กท.76-4825,2022-03-06 06:34:27,LITRE,GASOHOL95
2203024976,7007413769,10008836,10008836,กท.74-9070,2022-03-06 06:39:26,LITRE,DIESEL
2203024982,7007413823,30032384,10012238,กท.79-5578,2022-03-06 06:40:40,LITRE,DIESEL
2203024987,7007415747,30038347,10012717,กท.60-9333,2022-03-06 06:42:49,LITRE,DIESEL
2203024994,7007413730,30032380,10001601,กท.78-6739,2022-03-06 06:44:44,LITRE,DIESEL
2203025008,7007413843,10002256,10002256,กท.79-1830,2022-03-06 06:48:26,LITRE,DIESEL
2203025026,7007413762,10007214,10007214,กท.79-1961,2022-03-06 06:52:49,LITRE,DIESEL
2203025028,7007413804,10021113,10021113,กท.78-7993,2022-03-06 06:53:36,LITRE,DIESEL
2203025039,7007413716,30003313,10002127,กท.79-0641,2022-03-06 06:57:25,LITRE,DIESEL
2203025093,7007413703,10011002,10011002,กท.79-5579,2022-03-06 07:10:48,LITRE,DIESEL
2203025118,7007415874,30029534,10011665,นม.70-6589,2022-03-06 07:14:05,LITRE,DIESEL
2203025133,7007413833,30045843,10011319,กท.60-4205,2022-03-06 07:16:22,LITRE,GASOHOL95
2203025165,7007413825,30040045,10000923,กท.77-8134,2022-03-06 07:21:12,LITRE,DIESEL
2203025193,7007413832,30030846,10002018,กท.79-2717,2022-03-06 07:27:49,LITRE,DIESEL
2203025214,7007415925,10002758,10002758,ชบ.82-4190,2022-03-06 07:29:46,LITRE,DIESEL
2203025217,7007415929,30043240,10022061,กท.75-3041,2022-03-06 07:30:02,LITRE,DIESEL
2203025318,7007413818,10010409,10010409,ฉช.82-7443,2022-03-06 07:55:33,LITRE,DIESEL
2203025373,7007416087,10002812,10002812,ฉช.81-3257,2022-03-06 08:08:49,LITRE,DIESEL
2203025410,7007416125,30029534,10011665,กท.79-5841,2022-03-06 08:20:03,LITRE,DIESEL
2203025440,7007416198,30043240,10022061,กท.75-2786,2022-03-06 08:29:18,LITRE,DIESEL
2203025580,7007413851,30013037,10001813,กท.60-4207,2022-03-06 09:08:38,LITRE,GASOHOL95
2203025588,7007416534,30038362,10011280,กท.79-3156,2022-03-06 09:11:01,LITRE,GASOHOL95
2203025592,7007416538,30038362,10011280,กท.79-2898,2022-03-06 09:11:27,LITRE,GASOHOL95
2203025595,7007416542,30038362,10011280,กท.61-7783,2022-03-06 09:12:14,LITRE,GASOHOL95
2203025602,7007416556,30038390,10003964,สค.70-4074,2022-03-06 09:14:53,LITRE,DIESEL
2203025613,7007416637,10021849,10021849,รย.81-6767,2022-03-06 09:18:30,LITRE,DIESEL
2203025681,7007416844,10022051,10022051,ชบ.85-3878,2022-03-06 09:33:44,LITRE,DIESEL
2203025707,7007416891,30038362,10011280,กท.79-8107,2022-03-06 09:38:08,LITRE,GASOHOL95
2203025723,7007416931,30043240,10022061,กท.75-0640,2022-03-06 09:42:25,LITRE,DIESEL
2203025770,7007413812,10011161,10011161,กท.79-5584,2022-03-06 09:59:21,LITRE,DIESEL
2203025774,7007413808,30040542,10005234,กท.77-8133,2022-03-06 10:00:38,LITRE,DIESEL
2203025815,7007413806,10006801,10006801,กท.78-6739,2022-03-06 10:10:05,LITRE,DIESEL
2203025837,7007417273,10002921,10002921,จบ.80-8222,2022-03-06 10:14:27,LITRE,DIESEL
2203025961,7007416756,30026514,10001609,กท.79-0642,2022-03-06 10:50:02,LITRE,DIESEL
2203025975,7007413722,10002966,10002966,กท.79-5578,2022-03-06 10:56:34,LITRE,DIESEL
2203025977,7007417646,30029534,10011665,กท.79-3259,2022-03-06 10:57:26,LITRE,DIESEL
2203025978,7007416980,30017362,10000923,ฉช.82-7170,2022-03-06 10:57:38,LITRE,DIESEL
2203026127,7007413710,30020647,10000923,กท.79-0841,2022-03-06 11:36:05,LITRE,DIESEL
2203026154,7007417979,30038348,10012569,ชม.70-5124,2022-03-06 11:42:27,LITRE,DIESEL
2203026185,7007418029,30038348,10012569,ชม.70-5420,2022-03-06 11:49:11,LITRE,DIESEL
2203026241,7007416477,10020965,10020965,กท.79-1961,2022-03-06 12:15:00,LITRE,DIESEL
2203026244,7007413830,10011125,10011125,กท.77-9738,2022-03-06 12:16:57,LITRE,DIESEL
2203026253,7007418153,30038348,10012569,ชม.70-5302,2022-03-06 12:20:37,LITRE,DIESEL
2203026270,7007418190,30038362,10011280,กท.61-6876,2022-03-06 12:29:12,LITRE,GASOHOL95
2203026282,7007413724,10001126,10001126,กท.79-2716,2022-03-06 12:33:15,LITRE,DIESEL
2203026293,7007413821,30026658,10005234,กท.79-0144,2022-03-06 12:39:21,LITRE,DIESEL
2203026296,7007413803,30027504,10005234,กท.78-7993,2022-03-06 12:40:44,LITRE,DIESEL
2203026299,7007418265,10002917,10002917,จบ.80-3645,2022-03-06 12:41:58,LITRE,DIESEL
2203026320,7007418358,30034185,10012548,กท.78-4646,2022-03-06 12:52:39,LITRE,GASOHOL95
2203026328,7007418406,30038348,10012569,ชบ.84-7156,2022-03-06 12:55:41,LITRE,DIESEL
2203026352,7007418471,30029534,10011665,กท.79-5841,2022-03-06 13:01:40,LITRE,DIESEL
2203026358,7007413763,10012334,10012334,กท.79-2717,2022-03-06 13:03:27,LITRE,DIESEL
2203026406,7007413770,30027174,10011277,กท.75-1033,2022-03-06 13:10:02,LITRE,GASOHOL95
2203026445,7007416471,10002877,10002877,กท.74-9070,2022-03-06 13:17:49,LITRE,DIESEL
2203026446,7007413820,10012590,10012590,กท.77-8134,2022-03-06 13:18:25,LITRE,DIESEL
2203026449,7007418542,30038348,10012569,ชม.70-5123,2022-03-06 13:19:13,LITRE,DIESEL
2203026453,7007418501,10021938,10021938,นม.70-7502,2022-03-06 13:20:01,LITRE,GASOHOL95
2203026456,7007418466,10021938,10021938,นม.70-7497,2022-03-06 13:20:36,LITRE,GASOHOL95
2203026459,7007418490,10021938,10021938,นม.70-6720,2022-03-06 13:21:26,LITRE,GASOHOL95
2203026477,7007413766,30000448,10000923,กท.74-9067,2022-03-06 13:28:48,LITRE,DIESEL
2203026487,7007418714,30029534,10011665,กท.79-5840,2022-03-06 13:34:51,LITRE,DIESEL
2203026525,7007418753,30025789,10010981,กท.61-8797,2022-03-06 13:41:13,LITRE,DIESEL
2203026564,7007418806,10022660,10022660,นม.70-7144,2022-03-06 13:57:31,LITRE,GASOHOL95
2203026567,7007418763,10022660,10022660,กท.61-6634,2022-03-06 13:59:21,LITRE,GASOHOL95
2203026607,7007413761,30003071,10002044,กท.79-1830,2022-03-06 14:10:41,LITRE,DIESEL
2203026619,7007413727,30002244,10001601,กท.79-5579,2022-03-06 14:16:52,LITRE,DIESEL
2203026622,7007417073,10008093,10008093,ฉช.81-4230,2022-03-06 14:17:29,LITRE,DIESEL
2203026629,7007413788,30000442,10000923,กท.79-5843,2022-03-06 14:20:38,LITRE,DIESEL
2203026641,7007419253,30038390,10003964,สค.70-6123,2022-03-06 14:26:30,LITRE,DIESEL
2203026665,7007419998,10002913,10002913,ตร.80-5684,2022-03-06 14:39:29,LITRE,DIESEL
2203026674,7007413718,30024855,10010834,กท.78-6744,2022-03-06 14:53:06,LITRE,DIESEL
2203026736,7007414187,30009314,10002796,กท.78-6739,2022-03-06 14:56:16,LITRE,DIESEL
2203026744,7007413700,10002692,10002692,กท.78-1149,2022-03-06 14:58:34,LITRE,DIESEL
2203026750,7007419653,30038348,10012569,ชม.70-5122,2022-03-06 15:01:57,LITRE,DIESEL
2203026759,7007413791,10002749,10002749,กท.79-0841,2022-03-06 15:07:36,LITRE,DIESEL
2203026787,7007419742,30038348,10012569,ลพ.70-0785,2022-03-06 15:22:37,LITRE,DIESEL
2203026824,7007419915,30038348,10012569,ชม.70-5421,2022-03-06 15:27:00,LITRE,DIESEL
2203026841,7007413817,30000420,10000923,กท.79-2716,2022-03-06 15:29:25,LITRE,DIESEL
2203026856,7007420102,30038348,10012569,ชม.70-5299,2022-03-06 15:36:10,LITRE,DIESEL
2203026921,7007420607,30029534,10011665,กท.79-3257,2022-03-06 16:16:35,LITRE,DIESEL
2203027073,7007416947,30017758,10008827,กท.79-2717,2022-03-06 17:24:23,LITRE,DIESEL
2203027077,7007418628,30020706,10002018,กท.78-7993,2022-03-06 17:28:05,LITRE,DIESEL
2203027079,7007413810,30019257,10005234,กท.77-8134,2022-03-06 17:33:30,LITRE,DIESEL
2203027104,7007413840,30024768,10001792,กท.79-5579,2022-03-06 17:36:22,LITRE,DIESEL
2203027111,7007416964,30000440,10000923,กท.78-1149,2022-03-06 17:47:50,LITRE,DIESEL
2203027117,7007417152,30003313,10002127,กท.78-6742,2022-03-06 17:52:25,LITRE,DIESEL
2203027136,7007417084,30001090,10001206,กท.74-9070,2022-03-06 18:00:49,LITRE,DIESEL
2203027165,7007419093,30013992,10002941,กท.79-1830,2022-03-06 18:30:02,LITRE,DIESEL
2203027166,7007416938,30023005,10000923,กท.79-0144,2022-03-06 18:31:20,LITRE,DIESEL
2203027169,7007416465,10002698,10002698,กท.78-6744,2022-03-06 18:32:50,LITRE,DIESEL
2203027198,7007421563,30045390,10005234,กท.79-0642,2022-03-06 18:53:43,LITRE,DIESEL
2203027283,7007417159,30018141,10000923,กท.79-5584,2022-03-06 19:54:20,LITRE,DIESEL
2203027460,7007425032,30038348,10012569,ชม.70-5192,2022-03-06 23:04:40,LITRE,DIESEL
2203027490,7007425042,30038390,10003964,สค.70-6119,2022-03-07 00:03:38,LITRE,GASOHOL95
2203027491,7007425043,30038348,10012569,ชม.70-4355,2022-03-07 00:04:25,LITRE,DIESEL
2203027532,7007425067,30038390,10003964,สค.70-6124,2022-03-07 00:33:05,LITRE,GASOHOL95
2203027543,7007425072,30038348,10012569,ชม.70-5301,2022-03-07 00:48:04,LITRE,DIESEL
2203027635,7007417134,30026514,10001609,ฉช.82-8346,2022-03-07 02:18:52,LITRE,DIESEL
2203027681,7007425107,30038390,10003964,สค.70-4335,2022-03-07 02:55:28,LITRE,GASOHOL95
2203027723,7007425137,30038347,10012717,กท.61-6077,2022-03-07 03:41:26,LITRE,DIESEL
2203027726,7007425138,30038390,10003964,สค.70-4333,2022-03-07 03:45:14,LITRE,GASOHOL95
2203027750,7007417085,30028481,10011460,กท.75-1033,2022-03-07 04:13:22,LITRE,GASOHOL95
2203027811,7007417069,10003041,10003041,กท.79-2716,2022-03-07 06:06:48,LITRE,DIESEL
2203027823,7007417089,30030400,10011816,กท.78-1149,2022-03-07 06:09:17,LITRE,DIESEL
2203027827,7007417142,10001126,10001126,กท.79-5843,2022-03-07 06:12:20,LITRE,DIESEL
2203027829,7007417099,30013992,10002941,กท.79-1830,2022-03-07 06:12:37,LITRE,DIESEL
2203027836,7007425191,30038348,10012569,กท.79-1816,2022-03-07 06:14:40,LITRE,DIESEL
2203027845,7007417081,30025508,10002939,กท.78-6739,2022-03-07 06:17:25,LITRE,DIESEL
2203027857,7007417123,10023278,10023278,กท.79-1961,2022-03-07 06:20:48,LITRE,DIESEL
2203027874,7007417129,30026769,10011199,กท.77-9738,2022-03-07 06:26:13,LITRE,DIESEL
2203027884,7007417061,10002256,10002256,กท.79-5578,2022-03-07 06:30:56,LITRE,DIESEL
2203027888,7007421531,30018565,10008995,กท.77-8134,2022-03-07 06:32:19,LITRE,DIESEL
2203027894,7007425223,30038390,10003964,สค.70-3935,2022-03-07 06:35:40,LITRE,GASOHOL95
2203027897,7007418597,10001152,10001152,กท.77-8133,2022-03-07 06:37:26,LITRE,DIESEL
2203027903,7007425230,10022831,10022831,จบ.81-2529,2022-03-07 06:39:31,LITRE,DIESEL
2203027920,7007417080,30028860,10003078,กท.79-2717,2022-03-07 06:43:26,LITRE,DIESEL
2203027926,7007417112,30042727,10021947,กท.74-9067,2022-03-07 06:44:42,LITRE,DIESEL
2203027942,7007417131,30028180,10004251,กท.79-0841,2022-03-07 06:48:03,LITRE,DIESEL
2203027954,7007417133,30028111,10005818,กท.79-5579,2022-03-07 06:50:08,LITRE,DIESEL
2203027984,7007425323,30038390,10003964,สค.70-6125,2022-03-07 07:01:38,LITRE,DIESEL
2203028029,7007421567,30045390,10005234,กท.60-4208,2022-03-07 07:10:49,LITRE,GASOHOL95
2203028035,7007417120,10008836,10008836,กท.79-0641,2022-03-07 07:11:35,LITRE,DIESEL
2203028069,7007425399,30029534,10011665,นม.70-6730,2022-03-07 07:18:45,LITRE,GASOHOL95
2203028080,7007417064,10006337,10006337,กท.78-7993,2022-03-07 07:20:45,LITRE,DIESEL
2203028091,7007417140,30002244,10001601,กท.79-0144,2022-03-07 07:22:19,LITRE,DIESEL
2203028155,7007417055,30013037,10001813,กท.60-4205,2022-03-07 07:35:14,LITRE,GASOHOL95
2203028191,7007425507,30029534,10011665,กท.79-3257,2022-03-07 07:43:27,LITRE,DIESEL
2203028203,7007417118,30027174,10011277,กท.78-6744,2022-03-07 07:46:04,LITRE,DIESEL
2203028235,7007425539,30029534,10011665,กท.79-5840,2022-03-07 07:51:29,LITRE,DIESEL
2203028322,7007425659,30038348,10012569,ชม.70-5261,2022-03-07 08:16:44,LITRE,DIESEL
2203028387,7007425838,30038348,10012569,ชม.70-5299,2022-03-07 08:40:26,LITRE,DIESEL
2203028459,7007426011,30037192,10020738,ชบ.84-7139,2022-03-07 08:59:57,LITRE,DIESEL
2203028495,7007418599,10002940,10002940,กท.79-5843,2022-03-07 09:08:48,LITRE,DIESEL
2203028496,7007426057,30038362,10011280,กท.79-2898,2022-03-07 09:09:11,LITRE,GASOHOL95
2203028514,7007426072,30043240,10022061,กท.72-3498,2022-03-07 09:11:36,LITRE,DIESEL
2203028551,7007426154,10002758,10002758,ชบ.82-4190,2022-03-07 09:19:04,LITRE,DIESEL
2203028557,7007426175,30025789,10010981,กท.79-1690,2022-03-07 09:21:57,LITRE,DIESEL
2203028608,7007417115,30040275,10021171,กท.60-4207,2022-03-07 09:40:09,LITRE,GASOHOL95
2203028610,7007426647,30038459,10011634,รย.82-0448,2022-03-07 09:41:47,LITRE,DIESEL
2203028614,7007426650,30038347,10012717,ชบ.84-7975,2022-03-07 09:42:39,LITRE,DIESEL
2203028618,7007426656,30038348,10012569,ลพ.70-0785,2022-03-07 09:44:05,LITRE,DIESEL
2203028623,7007426671,30038348,10012569,ชม.70-4355,2022-03-07 09:47:07,LITRE,DIESEL
2203028708,7007426864,10022051,10022051,ชบ.85-3878,2022-03-07 10:05:59,LITRE,DIESEL
2203028715,7007426870,30038362,10011280,กท.61-8383,2022-03-07 10:08:29,LITRE,DIESEL
2203028717,7007417087,30000441,10000923,กท.79-2716,2022-03-07 10:09:07,LITRE,DIESEL
2203028719,7007426874,30043240,10022061,กท.77-6494,2022-03-07 10:09:43,LITRE,DIESEL
2203028751,7007426906,30038348,10012569,ชม.70-5421,2022-03-07 10:17:42,LITRE,DIESEL
2203028759,7007426919,30038362,10011280,กท.61-6876,2022-03-07 10:21:38,LITRE,GASOHOL95
2203028762,7007417157,30000449,10000923,กท.77-8133,2022-03-07 10:22:25,LITRE,DIESEL
2203028763,7007426925,10002812,10002812,ฉช.81-3257,2022-03-07 10:23:14,LITRE,DIESEL
2203028767,7007426929,30038348,10012569,ชม.70-6507,2022-03-07 10:24:17,LITRE,DIESEL
2203028788,7007426947,30043240,10022061,กท.75-9389,2022-03-07 10:28:14,LITRE,DIESEL
2203028794,7007417126,30000448,10000923,กท.79-1961,2022-03-07 10:31:08,LITRE,DIESEL
2203028817,7007427040,10011635,10011635,จบ.80-8222,2022-03-07 10:39:06,LITRE,DIESEL
2203028841,7007421554,30040542,10005234,กท.79-0144,2022-03-07 10:47:15,LITRE,DIESEL
2203028878,7007417063,30000876,10001064,กท.77-9738,2022-03-07 10:57:35,LITRE,DIESEL
2203028888,7007427176,30038347,10012717,กท.79-8995,2022-03-07 11:03:37,LITRE,DIESEL
2203028903,7007427199,30038347,10012717,กท.61-4720,2022-03-07 11:05:29,LITRE,DIESEL
2203028933,7007427277,30038362,10011280,กท.79-7440,2022-03-07 11:12:14,LITRE,GASOHOL95
2203029010,7007427443,30038362,10011280,กท.61-7783,2022-03-07 11:33:39,LITRE,GASOHOL95
2203029013,7007417145,10002966,10002966,กท.74-9067,2022-03-07 11:36:31,LITRE,DIESEL
2203029049,7007427729,10013552,10013552,ชบ.71-4793,2022-03-07 11:58:02,LITRE,GASOHOL95
2203029058,7007427814,30038348,10012569,ลพ.70-0786,2022-03-07 12:02:22,LITRE,DIESEL
2203029072,7007427827,30038348,10012569,ชม.70-4219,2022-03-07 12:03:40,LITRE,DIESEL
2203029092,7007425883,30020880,10009638,ฉช.82-8346,2022-03-07 12:07:49,LITRE,DIESEL
2203029098,7007427847,30038362,10011280,กท.79-8107,2022-03-07 12:12:13,LITRE,GASOHOL95
2203029145,7007427744,30032990,10012320,กท.79-0641,2022-03-07 12:31:25,LITRE,DIESEL
2203029146,7007427911,30038347,10012717,กท.61-6077,2022-03-07 12:31:25,LITRE,DIESEL
2203029174,7007427917,10022543,10022543,ชม.70-6755,2022-03-07 12:50:05,LITRE,GASOHOL95
2203029177,7007427926,10022543,10022543,ชม.70-5997,2022-03-07 12:50:59,LITRE,GASOHOL95
2203029179,7007427950,30038348,10012569,ชม.70-5420,2022-03-07 12:52:20,LITRE,DIESEL
2203029199,7007418595,30020706,10002018,กท.79-2717,2022-03-07 13:02:11,LITRE,DIESEL
2203029243,7007428054,30038348,10012569,ชม.70-5302,2022-03-07 13:11:16,LITRE,DIESEL
2203029254,7007417128,30000448,10000923,กท.78-6739,2022-03-07 13:15:12,LITRE,DIESEL
2203029287,7007417147,30024855,10010834,กท.79-1830,2022-03-07 13:24:01,LITRE,DIESEL
2203029304,7007426645,10003015,10003015,กท.79-0841,2022-03-07 13:34:04,LITRE,DIESEL
2203029315,7007417075,30000425,10000923,กท.79-5584,2022-03-07 13:38:32,LITRE,DIESEL
2203029332,7007421575,10002692,10002692,กท.79-0642,2022-03-07 13:42:49,LITRE,DIESEL
2203029376,7007417077,30000420,10000923,กท.79-5578,2022-03-07 14:07:47,LITRE,DIESEL
2203029405,7007429081,30038348,10012569,ชม.70-5122,2022-03-07 14:17:20,LITRE,DIESEL
2203029430,7007417160,10002692,10002692,กท.78-6742,2022-03-07 14:25:44,LITRE,DIESEL
2203029460,7007417093,30013992,10002941,กท.79-5579,2022-03-07 14:34:36,LITRE,DIESEL
2203029477,7007425879,30028393,10001206,ฉช.81-4230,2022-03-07 14:42:59,LITRE,DIESEL
2203029652,7007417104,30042727,10021947,กท.78-1149,2022-03-07 15:24:04,LITRE,DIESEL
2203029663,7007426053,30033260,10002018,กท.79-5843,2022-03-07 15:32:17,LITRE,DIESEL
2203029677,7007430695,30029534,10011665,กท.79-5841,2022-03-07 15:44:52,LITRE,DIESEL
2203029679,7007425803,10020965,10020965,กท.78-6744,2022-03-07 15:46:29,LITRE,DIESEL
2203029733,7007425966,30003313,10002127,กท.79-0644,2022-03-07 16:03:15,LITRE,DIESEL
2203029735,7007431151,30038348,10012569,ชม.70-5123,2022-03-07 16:03:18,LITRE,DIESEL
2203029752,7007427381,30038397,10020873,กท.79-1961,2022-03-07 16:24:06,LITRE,DIESEL
2203029756,7007427389,30028689,10000923,กท.77-8133,2022-03-07 16:33:56,LITRE,DIESEL
2203029757,7007425891,30001090,10001206,กท.77-9738,2022-03-07 16:34:59,LITRE,DIESEL
2203029769,7007431467,30038390,10003964,สค.70-4074,2022-03-07 16:44:37,LITRE,DIESEL
2203030173,7007432070,30038390,10003964,สค.70-6119,2022-03-08 00:04:45,LITRE,GASOHOL95
2203030174,7007432071,30038390,10003964,สค.70-4333,2022-03-08 00:05:20,LITRE,GASOHOL95
2203030175,7007432072,30038390,10003964,สค.70-2917,2022-03-08 00:05:56,LITRE,DIESEL
2203030176,7007432073,30038348,10012569,ชม.70-5299,2022-03-08 00:06:42,LITRE,DIESEL
2203030177,7007432074,30038348,10012569,ชม.70-4355,2022-03-08 00:07:23,LITRE,DIESEL
2203030178,7007432075,30038390,10003964,สค.70-2507,2022-03-08 00:09:33,LITRE,DIESEL
2203030180,7007432076,30038390,10003964,สค.70-4386,2022-03-08 00:10:25,LITRE,GASOHOL95
2203030184,7007432078,30038348,10012569,ชม.70-5301,2022-03-08 00:13:00,LITRE,DIESEL
2203030192,7007425953,30026514,10001609,ฉช.82-4812,2022-03-08 00:19:45,LITRE,DIESEL
2203030230,7007432099,30038348,10012569,ชม.70-5261,2022-03-08 00:49:26,LITRE,DIESEL
2203030239,7007432103,30038390,10003964,สค.70-2919,2022-03-08 01:02:45,LITRE,GASOHOL95
2203030275,7007425876,30026514,10001609,ฉช.82-8528,2022-03-08 02:03:53,LITRE,DIESEL
2203030337,7007432141,10022892,10022892,ฉช.82-2839,2022-03-08 02:58:25,LITRE,DIESEL
2203030379,7007432156,30034185,10012548,กท.79-7691,2022-03-08 03:54:23,LITRE,DIESEL
2203030461,7007425974,10011002,10011002,กท.78-6742,2022-03-08 06:02:56,LITRE,DIESEL
2203030464,7007425959,10001126,10001126,กท.79-0841,2022-03-08 06:03:28,LITRE,DIESEL
2203030465,7007425869,30020833,10001134,กท.79-2716,2022-03-08 06:03:36,LITRE,DIESEL
2203030472,7007432202,30038390,10003964,สค.70-6123,2022-03-08 06:05:25,LITRE,DIESEL
2203030477,7007425885,30000448,10000923,กท.78-1149,2022-03-08 06:06:42,LITRE,DIESEL
2203030479,7007432207,30034185,10012548,กท.78-4646,2022-03-08 06:07:08,LITRE,GASOHOL95
2203030486,7007432212,10022050,10022050,ชบ.85-0496,2022-03-08 06:08:58,LITRE,DIESEL
2203030534,7007425895,30030400,10011816,กท.79-0144,2022-03-08 06:19:14,LITRE,DIESEL
2203030537,7007427394,30026658,10005234,กท.79-1830,2022-03-08 06:20:55,LITRE,DIESEL
2203030538,7007432257,30038348,10012569,ชม.70-5300,2022-03-08 06:21:02,LITRE,DIESEL
2203030548,7007432268,30038348,10012569,ชม.70-5122,2022-03-08 06:25:52,LITRE,DIESEL
2203030554,7007432273,30029534,10011665,กท.61-6471,2022-03-08 06:27:13,LITRE,GASOHOL95
2203030561,7007432277,30038390,10003964,สค.70-4335,2022-03-08 06:28:48,LITRE,GASOHOL95
2203030565,7007431362,10002877,10002877,กท.79-5578,2022-03-08 06:29:29,LITRE,DIESEL
2203030571,7007425968,30043944,10000923,กท.78-6739,2022-03-08 06:31:15,LITRE,DIESEL
2203030595,7007425904,30013992,10002941,กท.79-0642,2022-03-08 06:36:08,LITRE,DIESEL
2203030610,7007427403,10006801,10006801,กท.74-9070,2022-03-08 06:38:36,LITRE,DIESEL
2203030611,7007425955,30002244,10001601,กท.78-7993,2022-03-08 06:39:00,LITRE,DIESEL
2203030613,7007425893,30028481,10011460,กท.79-5579,2022-03-08 06:39:28,LITRE,DIESEL
2203030675,7007426054,30024614,10001348,กท.79-2717,2022-03-08 06:47:05,LITRE,DIESEL
2203030699,7007425909,30027174,10011277,กท.74-9067,2022-03-08 06:52:21,LITRE,DIESEL
2203030729,7007425877,30013037,10001813,กท.76-4825,2022-03-08 07:02:18,LITRE,GASOHOL95
2203030735,7007425888,30025508,10002939,กท.79-0641,2022-03-08 07:03:20,LITRE,DIESEL
2203030778,7007425810,10002256,10002256,กท.77-8134,2022-03-08 07:11:15,LITRE,DIESEL
2203030799,7007425822,30027584,10011319,กท.60-4207,2022-03-08 07:16:31,LITRE,GASOHOL95
2203030907,7007425910,10008836,10008836,กท.79-5584,2022-03-08 07:36:50,LITRE,DIESEL
2203030924,7007427404,30005679,10005234,ฉช.82-7443,2022-03-08 07:39:47,LITRE,DIESEL
2203030965,7007432678,30029534,10011665,กท.79-3258,2022-03-08 07:47:11,LITRE,DIESEL
2203031087,7007432789,30038348,10012569,ลพ.70-0786,2022-03-08 08:10:12,LITRE,DIESEL
2203031128,7007432815,30029534,10011665,กท.79-3259,2022-03-08 08:15:42,LITRE,DIESEL
2203031205,7007432980,30029534,10011665,กท.79-3257,2022-03-08 08:35:44,LITRE,DIESEL
2203031231,7007433007,30029534,10011665,กท.79-5841,2022-03-08 08:40:26,LITRE,DIESEL
2203031305,7007433203,10021768,10021768,ชบ.85-3878,2022-03-08 08:58:07,LITRE,DIESEL
2203031361,7007433305,30043240,10022061,กท.75-3041,2022-03-08 09:08:25,LITRE,DIESEL
2203031369,7007433317,30038348,10012569,ชบ.84-7237,2022-03-08 09:12:11,LITRE,DIESEL
2203031448,7007433447,30043240,10022061,กท.75-6899,2022-03-08 09:30:46,LITRE,DIESEL
2203031452,7007425964,30003313,10002127,กท.79-0841,2022-03-08 09:31:19,LITRE,DIESEL
2203031505,7007433550,30038362,10011280,กท.79-8105,2022-03-08 09:46:00,LITRE,GASOHOL95
2203031518,7007433579,30037192,10020738,ชบ.84-7139,2022-03-08 09:50:46,LITRE,DIESEL
2203031562,7007433607,10022437,10022437,นม.70-6589,2022-03-08 09:55:14,LITRE,DIESEL
2203031682,7007433779,10002921,10002921,จบ.80-8222,2022-03-08 10:21:56,LITRE,DIESEL
2203031708,7007433856,30038348,10012569,ชม.70-5125,2022-03-08 10:33:24,LITRE,DIESEL
2203031742,7007433882,30038362,10011280,นม.70-5434,2022-03-08 10:37:15,LITRE,GASOHOL95
2203031745,7007425960,10002966,10002966,กท.78-7993,2022-03-08 10:37:42,LITRE,DIESEL
2203031843,7007426056,30039760,10000923,กท.79-5578,2022-03-08 11:03:53,LITRE,DIESEL
2203031858,7007434022,30043240,10022061,กท.75-2786,2022-03-08 11:08:13,LITRE,DIESEL
2203031870,7007426052,10002244,10002244,กท.78-6739,2022-03-08 11:09:11,LITRE,DIESEL
2203031877,7007427408,30040542,10005234,กท.79-2717,2022-03-08 11:11:11,LITRE,DIESEL
2203031991,7007433927,30026514,10001609,ฉช.82-8528,2022-03-08 11:38:38,LITRE,DIESEL
2203032008,7007433923,30015113,10002127,ฉช.82-4812,2022-03-08 11:43:44,LITRE,DIESEL
2203032024,7007425806,30033326,10001099,ฉช.82-7443,2022-03-08 11:47:41,LITRE,DIESEL
2203032041,7007434246,30038362,10011280,กท.79-2898,2022-03-08 11:51:31,LITRE,GASOHOL95
2203032127,7007425873,10021783,10021783,กท.79-5579,2022-03-08 12:17:21,LITRE,DIESEL
2203032129,7007434297,30038347,10012717,กท.61-4783,2022-03-08 12:18:28,LITRE,DIESEL
2203032133,7007434266,30000448,10000923,กท.78-1149,2022-03-08 12:20:05,LITRE,DIESEL
2203032135,7007433683,30026514,10001609,กท.78-6742,2022-03-08 12:20:50,LITRE,DIESEL
2203032143,7007425905,30040275,10021171,กท.75-1033,2022-03-08 12:23:04,LITRE,GASOHOL95
2203032147,7007434338,10002758,10002758,ชบ.82-4190,2022-03-08 12:23:55,LITRE,DIESEL
2203032176,7007425815,30000418,10000923,กท.78-6744,2022-03-08 12:37:18,LITRE,DIESEL
2203032203,7007434404,30038348,10012569,ชม.70-5421,2022-03-08 12:50:16,LITRE,DIESEL
2203032210,7007434417,30038348,10012569,กท.79-1818,2022-03-08 12:53:25,LITRE,DIESEL
2203032219,7007434428,10002913,10002913,ตร.80-5684,2022-03-08 12:57:37,LITRE,DIESEL
2203032234,7007425880,10003026,10003026,กท.79-0642,2022-03-08 12:59:50,LITRE,DIESEL
2203032300,7007434300,10021385,10021385,กท.79-1830,2022-03-08 13:21:34,LITRE,DIESEL
2203032309,7007430441,10008295,10008295,กท.77-8134,2022-03-08 13:24:16,LITRE,DIESEL
2203032328,7007425901,30013992,10002941,กท.79-0144,2022-03-08 13:37:18,LITRE,DIESEL
2203032352,7007433659,10002749,10002749,กท.77-9738,2022-03-08 13:45:16,LITRE,DIESEL
2203032379,7007434807,30038362,10011280,กท.61-6876,2022-03-08 13:56:39,LITRE,GASOHOL95
2203032432,7007425947,10012334,10012334,กท.77-8133,2022-03-08 14:05:35,LITRE,DIESEL
2203032459,7007435038,30034185,10012548,กท.79-7691,2022-03-08 14:15:16,LITRE,DIESEL
2203032475,7007426066,10011705,10011705,กท.79-5584,2022-03-08 14:22:11,LITRE,DIESEL
2203032479,7007435166,30029534,10011665,กท.61-6471,2022-03-08 14:23:27,LITRE,GASOHOL95
2203032522,7007425984,10002692,10002692,กท.79-2716,2022-03-08 14:34:54,LITRE,DIESEL
2203032534,7007435292,30038348,10012569,ชม.70-5302,2022-03-08 14:39:38,LITRE,DIESEL
2203032536,7007435310,30047221,10022051,ชบ.85-3878,2022-03-08 14:40:25,LITRE,DIESEL
2203032538,7007425949,30003071,10002044,กท.79-0641,2022-03-08 14:40:35,LITRE,DIESEL
2203032593,7007435413,30038348,10012569,ชม.70-4219,2022-03-08 14:54:51,LITRE,DIESEL
2203032643,7007435479,30029534,10011665,กท.79-5841,2022-03-08 15:04:07,LITRE,DIESEL
2203032647,7007425884,30000420,10000923,กท.79-5843,2022-03-08 15:05:52,LITRE,DIESEL
2203032695,7007425963,30024855,10010834,กท.79-1961,2022-03-08 15:23:44,LITRE,DIESEL
2203032724,7007435771,30029534,10011665,กท.79-5840,2022-03-08 15:35:10,LITRE,DIESEL
2203032741,7007433680,10001217,10001217,กท.79-0644,2022-03-08 15:37:10,LITRE,DIESEL
2203032865,7007436379,10021849,10021849,รย.81-6767,2022-03-08 16:23:30,LITRE,DIESEL
2203032885,7007434881,10008093,10008093,ฉช.81-4230,2022-03-08 16:32:05,LITRE,DIESEL
2203032886,7007436320,30032384,10012238,กท.74-9067,2022-03-08 16:32:16,LITRE,DIESEL
2203032888,7007425892,30040971,10020711,ฉช.82-7443,2022-03-08 16:35:24,LITRE,DIESEL
2203032914,7007433666,10002739,10002739,กท.79-0642,2022-03-08 16:40:52,LITRE,DIESEL
2203032947,7007435581,30020706,10002018,กท.79-5579,2022-03-08 17:24:04,LITRE,DIESEL
2203032972,7007434631,30003313,10002127,กท.77-9738,2022-03-08 17:31:53,LITRE,DIESEL
2203032992,7007434875,30031412,10002018,กท.77-8134,2022-03-08 17:49:05,LITRE,DIESEL
2203033043,7007434629,30022899,10000923,กท.77-8133,2022-03-08 18:16:52,LITRE,DIESEL
2203033044,7007434656,30001090,10001206,กท.78-1149,2022-03-08 18:17:11,LITRE,DIESEL
2203033060,7007436768,30018141,10000923,กท.78-6742,2022-03-08 18:33:51,LITRE,DIESEL
2203033410,7007437244,30038390,10003964,สค.70-6119,2022-03-09 00:08:47,LITRE,GASOHOL95
2203033411,7007437245,30038348,10012569,ชม.70-4355,2022-03-09 00:10:28,LITRE,DIESEL
2203033412,7007437246,30038390,10003964,สค.70-5407,2022-03-09 00:11:08,LITRE,GASOHOL95
2203033413,7007437247,30038348,10012569,ชม.70-5301,2022-03-09 00:12:07,LITRE,DIESEL
2203033415,7007437248,30038390,10003964,สค.70-6125,2022-03-09 00:12:45,LITRE,DIESEL
2203033430,7007437254,30038390,10003964,สค.70-4397,2022-03-09 00:15:05,LITRE,GASOHOL95
2203033431,7007437255,30038390,10003964,สค.70-3937,2022-03-09 00:15:52,LITRE,GASOHOL95
2203033435,7007437256,10022031,10022031,รย.71-2638,2022-03-09 00:17:00,LITRE,DIESEL
2203033456,7007437261,30038348,10012569,ลพ.70-0785,2022-03-09 00:33:20,LITRE,DIESEL
2203033493,7007437284,30038348,10012569,ชม.70-5261,2022-03-09 01:07:29,LITRE,DIESEL
2203033550,7007437299,30038348,10012569,ลพ.70-0786,2022-03-09 02:00:14,LITRE,DIESEL
2203033560,7007437307,30038348,10012569,ชม.70-5300,2022-03-09 02:13:09,LITRE,DIESEL
2203033575,7007434886,30011473,10001628,ฉช.82-3201,2022-03-09 02:38:18,LITRE,DIESEL
2203033599,7007434638,30000449,10000923,กท.79-0644,2022-03-09 03:08:39,LITRE,DIESEL
2203033717,7007436699,30019257,10005234,กท.79-5584,2022-03-09 06:02:06,LITRE,DIESEL
2203033723,7007434653,30030400,10011816,กท.79-5843,2022-03-09 06:02:58,LITRE,DIESEL
2203033726,7007437394,30038348,10012569,ชม.70-5299,2022-03-09 06:03:55,LITRE,DIESEL
2203033737,7007437410,30038390,10003964,สค.70-6123,2022-03-09 06:08:21,LITRE,DIESEL
2203033739,7007434642,30027174,10011277,กท.76-4825,2022-03-09 06:08:53,LITRE,GASOHOL95
2203033742,7007434639,10007214,10007214,กท.79-1830,2022-03-09 06:09:54,LITRE,DIESEL
2203033769,7007434640,10008836,10008836,กท.74-9067,2022-03-09 06:18:22,LITRE,DIESEL
2203033778,7007437427,30038390,10003964,สค.70-4335,2022-03-09 06:23:11,LITRE,GASOHOL95
2203033789,7007434786,10003041,10003041,กท.79-5579,2022-03-09 06:27:48,LITRE,DIESEL
2203033794,7007437439,30029534,10011665,กท.61-6471,2022-03-09 06:29:37,LITRE,GASOHOL95
2203033820,7007434659,30000448,10000923,กท.79-0144,2022-03-09 06:40:06,LITRE,DIESEL
2203033823,7007434658,30025508,10002939,กท.79-2716,2022-03-09 06:40:36,LITRE,DIESEL
2203033827,7007434644,30027174,10011277,กท.79-5578,2022-03-09 06:41:02,LITRE,DIESEL
2203033831,7007435385,10002256,10002256,กท.79-0642,2022-03-09 06:41:31,LITRE,DIESEL
2203033833,7007434647,30013992,10002941,กท.79-1961,2022-03-09 06:42:12,LITRE,DIESEL
2203033837,7007437465,30034185,10012548,กท.78-4646,2022-03-09 06:43:15,LITRE,GASOHOL95
2203033845,7007436680,30045421,10005234,กท.78-6739,2022-03-09 06:43:55,LITRE,DIESEL
2203033871,7007434637,30032380,10001601,กท.79-0641,2022-03-09 06:53:06,LITRE,DIESEL
2203033874,7007436829,30018565,10008995,กท.78-7993,2022-03-09 06:54:28,LITRE,DIESEL
2203033876,7007434630,30023005,10000923,กท.79-0841,2022-03-09 06:54:43,LITRE,DIESEL
2203033900,7007434627,10011002,10011002,ฉช.82-7443,2022-03-09 06:58:55,LITRE,DIESEL
2203034036,7007434654,30028481,10011460,กท.60-4205,2022-03-09 07:25:02,LITRE,GASOHOL95
2203034076,7007434635,10001126,10001126,กท.78-6744,2022-03-09 07:31:34,LITRE,DIESEL
2203034092,7007434808,30004035,10003078,กท.79-2717,2022-03-09 07:33:27,LITRE,DIESEL
2203034122,7007437691,30029534,10011665,นม.70-6730,2022-03-09 07:44:08,LITRE,DIESEL
2203034132,7007437703,30029534,10011665,กท.79-3259,2022-03-09 07:47:36,LITRE,DIESEL
2203034149,7007437725,30029534,10011665,กท.79-5842,2022-03-09 07:52:03,LITRE,DIESEL
2203034267,7007437911,30029534,10011665,กท.79-3258,2022-03-09 08:35:42,LITRE,DIESEL
2203034329,7007438020,10002812,10002812,ฉช.81-3257,2022-03-09 08:57:05,LITRE,DIESEL
2203034333,7007434671,30013037,10001813,กท.75-1033,2022-03-09 08:59:01,LITRE,GASOHOL95
2203034393,7007438110,30038348,10012569,ชม.70-5420,2022-03-09 09:16:04,LITRE,DIESEL
2203034397,7007438117,30038362,10011280,กท.79-2898,2022-03-09 09:16:58,LITRE,GASOHOL95
2203034399,7007438119,30038362,10011280,กท.79-8105,2022-03-09 09:17:12,LITRE,GASOHOL95
2203034401,7007438122,30038362,10011280,กท.79-7440,2022-03-09 09:18:01,LITRE,GASOHOL95
2203034402,7007438124,30029534,10011665,กท.79-5840,2022-03-09 09:18:07,LITRE,DIESEL
2203034427,7007438156,30038348,10012569,ชม.70-5302,2022-03-09 09:24:25,LITRE,DIESEL
2203034438,7007438196,10020687,10020687,ฉช.82-2839,2022-03-09 09:30:14,LITRE,DIESEL
2203034497,7007438388,10021756,10021756,นม.70-6720,2022-03-09 09:45:21,LITRE,GASOHOL95
2203034502,7007436689,30040542,10005234,กท.79-2717,2022-03-09 09:47:20,LITRE,DIESEL
2203034535,7007438462,30043240,10022061,ชบ.83-3599,2022-03-09 09:52:35,LITRE,DIESEL
2203034556,7007438109,30017362,10000923,ฉช.82-3201,2022-03-09 10:02:08,LITRE,DIESEL
2203034571,7007438586,30038348,10012569,ชม.70-4219,2022-03-09 10:06:43,LITRE,DIESEL
2203034626,7007434809,10020965,10020965,กท.79-0641,2022-03-09 10:22:36,LITRE,DIESEL
2203034636,7007434634,10002966,10002966,กท.79-5579,2022-03-09 10:26:04,LITRE,DIESEL
2203034670,7007438791,30038362,10011280,กท.61-6876,2022-03-09 10:32:02,LITRE,GASOHOL95
2203034685,7007434670,30000876,10001064,กท.78-6744,2022-03-09 10:38:54,LITRE,DIESEL
2203034688,7007436401,30009314,10002796,กท.79-0841,2022-03-09 10:40:01,LITRE,DIESEL
2203034703,7007434632,30003313,10002127,กท.79-5584,2022-03-09 10:40:18,LITRE,DIESEL
2203034713,7007438768,10022543,10022543,ชม.70-6751,2022-03-09 10:42:10,LITRE,GASOHOL95
2203034717,7007438921,30038390,10003964,สค.70-4074,2022-03-09 10:43:19,LITRE,DIESEL
2203034743,7007439057,30038348,10012569,ลพ.70-0785,2022-03-09 10:53:15,LITRE,DIESEL
2203034746,7007434646,30040275,10021171,กท.60-4208,2022-03-09 10:53:28,LITRE,GASOHOL95
2203034765,7007439036,30024438,10013572,ชบ.71-8902,2022-03-09 10:57:55,LITRE,GASOHOL95
2203034772,7007439104,30038348,10012569,ชม.70-5122,2022-03-09 11:00:02,LITRE,DIESEL
2203034913,7007439267,30025789,10010981,กท.78-5932,2022-03-09 11:27:52,LITRE,DIESEL
2203034919,7007439287,30043240,10022061,กท.75-9797,2022-03-09 11:29:32,LITRE,DIESEL
2203034939,7007439061,30018141,10000923,กท.79-1830,2022-03-09 11:35:10,LITRE,DIESEL
2203035009,7007439467,10002917,10002917,จบ.80-3645,2022-03-09 12:01:26,LITRE,DIESEL
2203035030,7007439502,30038348,10012569,ชม.70-5421,2022-03-09 12:06:25,LITRE,DIESEL
2203035054,7007439616,30038347,10012717,ชบ.84-7975,2022-03-09 12:21:52,LITRE,DIESEL
2203035073,7007434879,10008836,10008836,กท.79-0144,2022-03-09 12:28:53,LITRE,DIESEL
2203035086,7007437946,10007890,10007890,กท.77-8133,2022-03-09 12:33:02,LITRE,DIESEL
2203035112,7007439673,30043240,10022061,กท.75-7868,2022-03-09 12:46:34,LITRE,DIESEL
2203035119,7007434802,30045819,10022902,กท.74-9067,2022-03-09 12:50:08,LITRE,DIESEL
2203035186,7007434652,30013992,10002941,กท.79-0644,2022-03-09 13:12:16,LITRE,DIESEL
2203035213,7007435226,30024483,10003078,กท.79-5843,2022-03-09 13:22:06,LITRE,DIESEL
2203035218,7007438063,30000417,10000923,กท.78-6739,2022-03-09 13:24:46,LITRE,DIESEL
2203035286,7007440445,30025789,10010981,กท.61-8797,2022-03-09 13:44:37,LITRE,DIESEL
2203035287,7007434663,30000420,10000923,กท.78-6742,2022-03-09 13:44:45,LITRE,DIESEL
2203035305,7007434636,30002244,10001601,กท.79-0642,2022-03-09 13:47:46,LITRE,DIESEL
2203035311,7007434870,10002692,10002692,ฉช.82-7443,2022-03-09 13:50:12,LITRE,DIESEL
2203035337,7007434794,30023006,10000923,กท.79-2716,2022-03-09 13:57:47,LITRE,DIESEL
2203035340,7007438473,10002692,10002692,กท.78-7993,2022-03-09 13:59:36,LITRE,DIESEL
2203035346,7007435382,10002227,10002227,กท.78-1149,2022-03-09 14:02:26,LITRE,DIESEL
2203035397,7007434665,30000425,10000923,กท.77-8134,2022-03-09 14:28:08,LITRE,DIESEL
2203035419,7007439451,30000448,10000923,กท.79-5578,2022-03-09 14:34:41,LITRE,DIESEL
2203035466,7007434633,30024855,10010834,กท.77-9738,2022-03-09 14:47:23,LITRE,DIESEL
2203035483,7007441378,30029534,10011665,กท.79-5840,2022-03-09 14:56:36,LITRE,DIESEL
2203035499,7007434797,30042418,10007173,กท.79-1961,2022-03-09 15:09:54,LITRE,DIESEL
2203035545,7007438210,30015113,10002127,ฉช.81-4230,2022-03-09 15:27:58,LITRE,DIESEL
2203035568,7007438193,30020880,10009638,ฉช.82-2839,2022-03-09 15:39:11,LITRE,DIESEL
2203035576,7007441625,30038348,10012569,ชม.70-5299,2022-03-09 15:42:24,LITRE,DIESEL
2203035641,7007441386,30000440,10000923,กท.78-6742,2022-03-09 16:07:25,LITRE,DIESEL
2203035737,7007442003,30038348,10012569,ลพ.70-0785,2022-03-09 16:43:56,LITRE,DIESEL
2203035823,7007438219,30000441,10000923,กท.77-8134,2022-03-09 17:13:10,LITRE,DIESEL
2203035826,7007438201,30001090,10001206,กท.78-7993,2022-03-09 17:15:50,LITRE,DIESEL
2203035828,7007441609,30020706,10002018,กท.79-5843,2022-03-09 17:17:32,LITRE,DIESEL
2203035832,7007438214,30021096,10000923,กท.78-6739,2022-03-09 17:21:57,LITRE,DIESEL
2203035885,7007438291,30003313,10002127,กท.79-0642,2022-03-09 18:02:31,LITRE,DIESEL
2203036256,7007442506,30038348,10012569,ชม.70-4355,2022-03-10 00:04:25,LITRE,DIESEL
2203036257,7007442507,30038390,10003964,สค.70-6119,2022-03-10 00:05:13,LITRE,GASOHOL95
2203036258,7007442508,30038348,10012569,ชม.70-5261,2022-03-10 00:05:54,LITRE,DIESEL
2203036266,7007442570,10011635,10011635,จบ.80-8222,2022-03-10 00:06:52,LITRE,DIESEL
2203036270,7007442510,30038348,10012569,ชม.70-5301,2022-03-10 00:13:21,LITRE,DIESEL
2203036274,7007442512,30038348,10012569,ชม.70-5300,2022-03-10 00:15:43,LITRE,DIESEL
2203036275,7007442513,30038390,10003964,สค.70-3665,2022-03-10 00:18:31,LITRE,GASOHOL95
2203036276,7007442514,30029534,10011665,กท.79-5840,2022-03-10 01:04:53,LITRE,DIESEL
2203036317,7007442553,30038390,10003964,สค.70-4397,2022-03-10 01:57:54,LITRE,GASOHOL95
2203036368,7007439014,30026514,10001609,ฉช.82-4812,2022-03-10 02:06:52,LITRE,DIESEL
2203036393,7007438271,30026514,10001609,ฉช.82-7170,2022-03-10 02:41:33,LITRE,DIESEL
2203036430,7007438194,30022767,10010126,ฉช.82-3201,2022-03-10 03:06:18,LITRE,DIESEL
2203036440,7007439328,10007463,10007463,ฉช.82-8346,2022-03-10 03:18:03,LITRE,DIESEL
2203036475,7007438258,30040275,10021171,กท.75-1033,2022-03-10 04:00:16,LITRE,GASOHOL95
2203036481,7007438205,30028481,10011460,กท.76-4825,2022-03-10 04:16:37,LITRE,GASOHOL95
2203036490,7007442627,30038348,10012569,กท.79-6704,2022-03-10 04:30:14,LITRE,DIESEL
2203036561,7007438182,10002692,10002692,กท.78-6742,2022-03-10 06:01:24,LITRE,DIESEL
2203036562,7007442656,10002758,10002758,ชบ.82-4190,2022-03-10 06:01:26,LITRE,DIESEL
2203036564,7007438183,30023002,10000923,กท.79-5843,2022-03-10 06:01:53,LITRE,DIESEL
2203036566,7007438185,30041102,10000923,กท.79-2716,2022-03-10 06:02:04,LITRE,DIESEL
2203036570,7007442164,10010409,10010409,กท.78-1149,2022-03-10 06:02:50,LITRE,DIESEL
2203036581,7007442105,30012564,10005234,กท.79-5584,2022-03-10 06:06:26,LITRE,DIESEL
2203036586,7007442676,30038390,10003964,สค.70-6125,2022-03-10 06:07:34,LITRE,DIESEL
2203036604,7007438275,10001126,10001126,กท.79-0144,2022-03-10 06:13:14,LITRE,DIESEL
2203036609,7007442347,10006801,10006801,กท.79-5578,2022-03-10 06:14:18,LITRE,DIESEL
2203036654,7007438264,10008836,10008836,กท.74-9070,2022-03-10 06:26:37,LITRE,DIESEL
2203036669,7007442735,30038390,10003964,สค.70-4335,2022-03-10 06:30:16,LITRE,GASOHOL95
2203036690,7007438179,30020708,10002018,กท.79-1961,2022-03-10 06:35:40,LITRE,DIESEL
2203036692,7007438266,10023278,10023278,กท.77-8133,2022-03-10 06:36:17,LITRE,DIESEL
2203036696,7007438226,30023003,10000923,กท.79-1830,2022-03-10 06:37:38,LITRE,DIESEL
2203036704,7007438253,30042727,10021947,กท.74-9067,2022-03-10 06:41:48,LITRE,DIESEL
2203036706,7007442761,30038390,10003964,สค.70-6123,2022-03-10 06:42:35,LITRE,DIESEL
2203036724,7007438191,30028111,10005818,กท.79-0841,2022-03-10 06:49:11,LITRE,DIESEL
2203036737,7007438246,30013992,10002941,กท.79-0641,2022-03-10 06:52:22,LITRE,DIESEL
2203036750,7007438180,10002256,10002256,กท.77-9738,2022-03-10 06:57:53,LITRE,DIESEL
2203036762,7007438198,30000448,10000923,กท.79-5579,2022-03-10 07:02:01,LITRE,DIESEL
2203036782,7007438229,30030400,10011816,กท.60-4205,2022-03-10 07:06:19,LITRE,GASOHOL95
2203036815,7007438293,30020647,10000923,กท.79-2717,2022-03-10 07:13:02,LITRE,DIESEL
2203036857,7007438200,30025508,10002939,กท.79-0644,2022-03-10 07:22:08,LITRE,DIESEL
2203036868,7007439013,30027584,10011319,กท.60-4208,2022-03-10 07:24:52,LITRE,GASOHOL95
2203036889,7007438255,30038137,10020831,ฉช.82-7443,2022-03-10 07:31:16,LITRE,DIESEL
2203036945,7007441162,30040004,10021125,กท.78-6744,2022-03-10 07:47:28,LITRE,DIESEL
2203037007,7007443056,30029534,10011665,กท.79-5842,2022-03-10 08:00:27,LITRE,DIESEL
2203037013,7007443062,30038362,10011280,กท.79-8104,2022-03-10 08:01:59,LITRE,GASOHOL95
2203037014,7007443063,30029534,10011665,กท.79-3258,2022-03-10 08:02:10,LITRE,DIESEL
2203037021,7007443079,30029534,10011665,กท.79-3259,2022-03-10 08:05:22,LITRE,DIESEL
2203037025,7007443090,30038362,10011280,กท.79-2898,2022-03-10 08:07:25,LITRE,GASOHOL95
2203037035,7007443128,10002913,10002913,ตร.80-2192,2022-03-10 08:10:45,LITRE,DIESEL
2203037061,7007443162,30029534,10011665,กท.79-5841,2022-03-10 08:14:17,LITRE,DIESEL
2203037096,7007443232,30038348,10012569,ลพ.70-0786,2022-03-10 08:23:56,LITRE,DIESEL
2203037165,7007443266,30005547,10013499,ชบ.71-4793,2022-03-10 08:37:16,LITRE,GASOHOL95
2203037291,7007443519,30029534,10011665,กท.79-3257,2022-03-10 09:01:19,LITRE,DIESEL
2203037311,7007443563,30043240,10022061,กท.75-6899,2022-03-10 09:08:37,LITRE,DIESEL
2203037326,7007443621,30038362,10011280,กท.79-7440,2022-03-10 09:14:01,LITRE,GASOHOL95
2203037342,7007438189,30013037,10001813,กท.60-4207,2022-03-10 09:17:19,LITRE,GASOHOL95
2203037350,7007443664,30038362,10011280,นม.70-5434,2022-03-10 09:19:49,LITRE,GASOHOL95
2203037354,7007443668,30038348,10012569,ชบ.84-7156,2022-03-10 09:20:37,LITRE,DIESEL
2203037418,7007443793,10022051,10022051,ชบ.85-3878,2022-03-10 09:40:49,LITRE,DIESEL
2203037424,7007441283,10002244,10002244,กท.78-6742,2022-03-10 09:42:18,LITRE,DIESEL
2203037462,7007438262,30027174,10011277,กท.79-0144,2022-03-10 09:46:22,LITRE,DIESEL
2203037484,7007443888,10002888,10002888,รย.82-4242,2022-03-10 09:48:58,LITRE,DIESEL
2203037622,7007438181,10008836,10008836,กท.79-5584,2022-03-10 10:20:09,LITRE,DIESEL
2203037645,7007442102,30019258,10005234,กท.79-5843,2022-03-10 10:26:32,LITRE,DIESEL
2203037744,7007442103,30026658,10005234,กท.79-1830,2022-03-10 10:49:12,LITRE,DIESEL
2203037745,7007444357,30038348,10012569,ชม.70-5302,2022-03-10 10:49:54,LITRE,DIESEL
2203037746,7007438286,30003313,10002127,กท.79-1961,2022-03-10 10:49:57,LITRE,DIESEL
2203037759,7007444407,30038348,10012569,ชม.70-5420,2022-03-10 10:55:16,LITRE,DIESEL
2203037770,7007438190,10012334,10012334,กท.79-2716,2022-03-10 10:56:01,LITRE,DIESEL
2203037777,7007438175,30021092,10009691,กท.77-8133,2022-03-10 10:59:38,LITRE,DIESEL
2203037790,7007444259,30026514,10001609,ฉช.82-7170,2022-03-10 11:00:48,LITRE,DIESEL
2203037791,7007438187,30028393,10001206,ฉช.82-8346,2022-03-10 11:01:02,LITRE,DIESEL
2203037812,7007438278,10002966,10002966,กท.74-9067,2022-03-10 11:09:14,LITRE,DIESEL
2203037835,7007438273,30002244,10001601,กท.79-2717,2022-03-10 11:15:50,LITRE,DIESEL
2203037889,7007444696,10022543,10022543,ชม.70-5991,2022-03-10 11:29:17,LITRE,GASOHOL95
2203037942,7007444817,30038347,10012717,กท.79-8993,2022-03-10 11:43:55,LITRE,DIESEL
2203037991,7007444929,30038362,10011280,กท.61-7782,2022-03-10 12:01:24,LITRE,GASOHOL95
2203037997,7007438269,30003071,10002044,กท.78-6744,2022-03-10 12:05:11,LITRE,DIESEL
2203038023,7007444989,30029534,10011665,นม.70-6730,2022-03-10 12:12:28,LITRE,DIESEL
2203038043,7007444963,10022660,10022660,กท.60-2722,2022-03-10 12:20:41,LITRE,GASOHOL95
2203038045,7007438240,30013992,10002941,กท.78-1149,2022-03-10 12:21:20,LITRE,DIESEL
2203038049,7007445039,30038348,10012569,ชม.70-5193,2022-03-10 12:21:55,LITRE,DIESEL
2203038051,7007444962,10022660,10022660,กท.79-7791,2022-03-10 12:22:20,LITRE,GASOHOL95
2203038070,7007445066,30034185,10012548,กท.78-4646,2022-03-10 12:25:25,LITRE,GASOHOL95
2203038073,7007444964,10022660,10022660,กท.79-7787,2022-03-10 12:26:08,LITRE,GASOHOL95
2203038077,7007438283,30024855,10010834,กท.79-0641,2022-03-10 12:30:21,LITRE,DIESEL
2203038105,7007445160,30038348,10012569,ชม.70-5299,2022-03-10 12:41:27,LITRE,DIESEL
2203038132,7007439330,10002940,10002940,ฉช.82-7443,2022-03-10 12:50:28,LITRE,DIESEL
2203038133,7007445210,30037192,10020738,ชบ.84-7139,2022-03-10 12:51:06,LITRE,DIESEL
2203038151,7007444125,30023005,10000923,กท.77-8134,2022-03-10 12:58:26,LITRE,DIESEL
2203038160,7007445251,10002917,10002917,จบ.80-3645,2022-03-10 13:01:43,LITRE,DIESEL
2203038228,7007438249,30042727,10021947,กท.74-9070,2022-03-10 13:20:24,LITRE,DIESEL
2203038241,7007438197,30000420,10000923,กท.77-9738,2022-03-10 13:21:43,LITRE,DIESEL
2203038286,7007445376,10021849,10021849,รย.82-4012,2022-03-10 13:30:40,LITRE,DIESEL
2203038326,7007438188,10011705,10011705,กท.79-0644,2022-03-10 13:46:16,LITRE,DIESEL
2203038330,7007445475,10022050,10022050,ชบ.85-5327,2022-03-10 13:47:19,LITRE,DIESEL
2203038355,7007444128,10002692,10002692,กท.79-5579,2022-03-10 13:57:50,LITRE,DIESEL
2203038356,7007444762,10022543,10022543,ชม.70-6755,2022-03-10 13:59:01,LITRE,GASOHOL95
2203038405,7007445590,10021938,10021938,นม.70-5975,2022-03-10 14:09:56,LITRE,GASOHOL95
2203038408,7007444877,10021938,10021938,นม.70-6718,2022-03-10 14:13:11,LITRE,GASOHOL95
2203038424,7007445795,30029534,10011665,กท.79-5841,2022-03-10 14:17:20,LITRE,DIESEL
2203038428,7007445818,30038348,10012569,ชม.70-5122,2022-03-10 14:20:04,LITRE,DIESEL
2203038438,7007445841,30025789,10010981,กท.78-5932,2022-03-10 14:22:36,LITRE,DIESEL
2203038494,7007444746,10022543,10022543,ชม.70-5997,2022-03-10 14:37:04,LITRE,GASOHOL95
2203038508,7007446143,30043240,10022061,กท.72-3498,2022-03-10 14:45:11,LITRE,DIESEL
2203038586,7007446449,30038348,10012569,ชม.70-4219,2022-03-10 15:09:33,LITRE,DIESEL
2203038611,7007446558,10022660,10022660,นม.70-6720,2022-03-10 15:22:10,LITRE,GASOHOL95
2203038612,7007446535,10022660,10022660,กท.60-2723,2022-03-10 15:22:51,LITRE,GASOHOL95
2203038631,7007446830,30029534,10011665,กท.79-3259,2022-03-10 15:28:28,LITRE,DIESEL
2203038695,7007446113,10008093,10008093,ฉช.81-4230,2022-03-10 15:49:51,LITRE,DIESEL
2203038750,7007447154,10021385,10021385,กท.79-0643,2022-03-10 16:04:43,LITRE,DIESEL
2203038752,7007447180,30029534,10011665,กท.79-3257,2022-03-10 16:05:55,LITRE,DIESEL
2203038755,7007446377,30033260,10002018,กท.79-0841,2022-03-10 16:06:30,LITRE,DIESEL
2203038756,7007445940,30003313,10002127,กท.79-5843,2022-03-10 16:06:58,LITRE,DIESEL
2203038766,7007446059,30043681,10000923,กท.79-0642,2022-03-10 16:11:25,LITRE,DIESEL
2203038769,7007447260,30038390,10003964,สค.70-4074,2022-03-10 16:13:07,LITRE,DIESEL
2203038801,7007447468,30038348,10012569,ชม.70-5124,2022-03-10 16:33:20,LITRE,DIESEL
2203038805,7007447490,30038348,10012569,ชม.70-5123,2022-03-10 16:34:31,LITRE,DIESEL
2203038820,7007447173,10020965,10020965,กท.79-2716,2022-03-10 16:37:25,LITRE,DIESEL
2203038847,7007447732,30029534,10011665,กท.79-5842,2022-03-10 16:50:35,LITRE,DIESEL
2203038902,7007448155,30038348,10012569,กท.79-1816,2022-03-10 17:06:56,LITRE,DIESEL
2203038954,7007445914,30018141,10000923,กท.79-0144,2022-03-10 17:34:51,LITRE,DIESEL
2203039402,7007450397,30038390,10003964,สค.70-6119,2022-03-11 00:02:13,LITRE,GASOHOL95
2203039403,7007450398,30038390,10003964,สค.70-5407,2022-03-11 00:02:16,LITRE,GASOHOL95
2203039404,7007450399,30038390,10003964,สค.70-4386,2022-03-11 00:03:02,LITRE,GASOHOL95
2203039405,7007450400,30038348,10012569,ชม.70-5301,2022-03-11 00:03:16,LITRE,DIESEL
2203039406,7007450401,30038348,10012569,ลพ.70-0785,2022-03-11 00:04:13,LITRE,DIESEL
2203039408,7007450402,30038390,10003964,สค.70-4397,2022-03-11 00:11:43,LITRE,GASOHOL95
2203039437,7007450427,30038348,10012569,ชม.70-5300,2022-03-11 00:34:01,LITRE,DIESEL
2203039461,7007450438,30038390,10003964,สค.70-6125,2022-03-11 00:49:12,LITRE,DIESEL
2203039469,7007450445,30038347,10012717,กท.79-8993,2022-03-11 00:53:42,LITRE,DIESEL
2203039619,7007446082,30013037,10001813,กท.75-1033,2022-03-11 03:07:45,LITRE,GASOHOL95
2203039695,7007445938,30001090,10001206,ฉช.82-7443,2022-03-11 04:23:26,LITRE,DIESEL
2203039696,7007450547,30034185,10012548,กท.79-7691,2022-03-11 04:28:02,LITRE,DIESEL
2203039701,7007450552,30038348,10012569,ชม.70-5261,2022-03-11 04:31:17,LITRE,DIESEL
2203039780,7007446110,30020702,10002018,กท.78-6742,2022-03-11 06:02:31,LITRE,DIESEL
2203039782,7007445921,30032384,10012238,กท.78-1149,2022-03-11 06:02:54,LITRE,DIESEL
2203039783,7007446084,30027584,10011319,กท.76-4825,2022-03-11 06:03:00,LITRE,GASOHOL95
2203039802,7007445904,30002244,10001601,กท.79-0643,2022-03-11 06:07:12,LITRE,DIESEL
2203039808,7007446056,10002256,10002256,กท.79-5584,2022-03-11 06:08:45,LITRE,DIESEL
2203039816,7007445929,10003041,10003041,กท.79-1830,2022-03-11 06:11:09,LITRE,DIESEL
2203039832,7007450620,30038390,10003964,สค.70-6123,2022-03-11 06:13:52,LITRE,DIESEL
2203039865,7007450638,30038390,10003964,สค.70-3935,2022-03-11 06:20:45,LITRE,GASOHOL95
2203039867,7007446051,10021113,10021113,กท.74-9067,2022-03-11 06:21:09,LITRE,DIESEL
2203039872,7007446061,10003015,10003015,กท.79-0644,2022-03-11 06:23:46,LITRE,DIESEL
2203039876,7007446076,30045372,10003078,กท.77-8133,2022-03-11 06:25:06,LITRE,DIESEL
2203039881,7007446053,30027174,10011277,กท.74-9070,2022-03-11 06:27:06,LITRE,DIESEL
2203039885,7007445924,30018565,10008995,กท.78-7993,2022-03-11 06:27:58,LITRE,DIESEL
2203039894,7007445910,30013992,10002941,กท.78-6744,2022-03-11 06:31:45,LITRE,DIESEL
2203039916,7007450673,30038348,10012569,ชม.70-5124,2022-03-11 06:36:24,LITRE,DIESEL
2203039942,7007445905,10008836,10008836,กท.79-5578,2022-03-11 06:42:32,LITRE,DIESEL
2203039944,7007446055,30040971,10020711,กท.79-2717,2022-03-11 06:42:59,LITRE,DIESEL
2203039952,7007450694,10002812,10002812,ฉช.81-3257,2022-03-11 06:45:34,LITRE,DIESEL
2203039998,7007445901,30000449,10000923,กท.79-0641,2022-03-11 06:59:32,LITRE,DIESEL
2203040070,7007446067,30000443,10000923,กท.78-6739,2022-03-11 07:11:14,LITRE,DIESEL
2203040076,7007445927,30000440,10000923,กท.77-9738,2022-03-11 07:12:45,LITRE,DIESEL
2203040090,7007445917,30028481,10011460,กท.60-4205,2022-03-11 07:15:10,LITRE,GASOHOL95
2203040120,7007450855,30029534,10011665,กท.79-5840,2022-03-11 07:21:33,LITRE,DIESEL
2203040197,7007450925,30038348,10012569,ชม.70-5125,2022-03-11 07:45:26,LITRE,DIESEL
2203040251,7007446091,10002877,10002877,กท.79-1961,2022-03-11 07:53:37,LITRE,DIESEL
2203040260,7007450984,30038348,10012569,ชม.70-5299,2022-03-11 07:55:29,LITRE,DIESEL
2203040290,7007451038,30029534,10011665,กท.79-5841,2022-03-11 08:05:16,LITRE,DIESEL
2203040339,7007451079,10023257,10023257,นม.70-6589,2022-03-11 08:14:06,LITRE,DIESEL
2203040483,7007451209,10001126,10001126,กท.77-8134,2022-03-11 08:42:47,LITRE,DIESEL
2203040523,7007451359,30029534,10011665,กท.79-3258,2022-03-11 08:54:16,LITRE,DIESEL
2203040630,7007451473,30043240,10022061,กท.75-2786,2022-03-11 09:15:31,LITRE,DIESEL
2203040679,7007451549,10021768,10021768,ชบ.85-3878,2022-03-11 09:28:22,LITRE,DIESEL
2203040751,7007451443,30026514,10001609,กท.79-0643,2022-03-11 09:45:27,LITRE,DIESEL
2203040772,7007446058,10021783,10021783,กท.78-6742,2022-03-11 09:48:23,LITRE,DIESEL
2203040800,7007451677,30038348,10012569,ชม.70-4355,2022-03-11 09:51:56,LITRE,DIESEL
2203040860,7007446052,10002966,10002966,กท.78-1149,2022-03-11 10:04:04,LITRE,DIESEL
2203040925,7007446046,30003313,10002127,กท.79-1830,2022-03-11 10:17:22,LITRE,DIESEL
2203040932,7007451858,10002758,10002758,ชบ.82-4190,2022-03-11 10:19:13,LITRE,DIESEL
2203040938,7007451865,30043240,10022061,กท.77-6494,2022-03-11 10:20:57,LITRE,DIESEL
2203040994,7007446065,30040275,10021171,กท.60-4207,2022-03-11 10:34:24,LITRE,GASOHOL95
2203041007,7007451932,10002921,10002921,จบ.80-8222,2022-03-11 10:38:58,LITRE,DIESEL
2203041040,7007451979,30043240,10022061,กท.75-9797,2022-03-11 10:45:35,LITRE,DIESEL
2203041065,7007452041,10002917,10002917,จบ.80-3645,2022-03-11 11:01:44,LITRE,DIESEL
2203041117,7007446079,30013435,10000923,กท.79-2717,2022-03-11 11:17:04,LITRE,DIESEL
2203041178,7007452103,30025789,10010981,กท.61-8797,2022-03-11 11:29:40,LITRE,DIESEL
2203041222,7007452153,30029534,10011665,กท.79-3257,2022-03-11 11:34:31,LITRE,DIESEL
2203041237,7007452178,10011633,10011633,รย.71-2637,2022-03-11 11:41:09,LITRE,DIESEL
2203041268,7007446086,10007530,10007530,กท.78-6739,2022-03-11 11:45:01,LITRE,DIESEL
2203041310,7007452246,30038348,10012569,ชม.70-5300,2022-03-11 11:59:11,LITRE,DIESEL
2203041354,7007446063,10002227,10002227,กท.74-9070,2022-03-11 12:03:14,LITRE,DIESEL
2203041364,7007452349,30038348,10012569,ลพ.70-0786,2022-03-11 12:08:23,LITRE,DIESEL
2203041393,7007452375,30038348,10012569,ชม.70-4219,2022-03-11 12:08:24,LITRE,DIESEL
2203041394,7007452376,30034185,10012548,กท.77-7979,2022-03-11 12:18:01,LITRE,DIESEL
2203041421,7007452405,30029534,10011665,กท.79-3259,2022-03-11 12:24:32,LITRE,DIESEL
2203041450,7007445912,30013992,10002941,กท.77-8134,2022-03-11 12:26:10,LITRE,DIESEL
2203041453,7007452423,30038347,10012717,กท.61-6077,2022-03-11 12:32:32,LITRE,DIESEL
2203041472,7007446048,30024855,10010834,กท.77-8133,2022-03-11 12:33:47,LITRE,DIESEL
2203041475,7007451446,30033326,10001099,กท.77-9738,2022-03-11 12:49:00,LITRE,DIESEL
2203041521,7007445918,30000425,10000923,กท.78-7993,2022-03-11 12:49:18,LITRE,DIESEL
2203041524,7007452488,30037192,10020738,ชบ.84-7139,2022-03-11 12:49:56,LITRE,DIESEL
2203041528,7007446074,30023333,10005234,กท.78-6744,2022-03-11 12:51:19,LITRE,DIESEL
2203041532,7007452494,30043240,10022061,กท.77-6494,2022-03-11 13:07:17,LITRE,DIESEL
2203041589,7007446080,10002698,10002698,กท.79-2716,2022-03-11 13:14:56,LITRE,DIESEL
2203041624,7007452696,30038348,10012569,ชม.70-5302,2022-03-11 13:20:50,LITRE,DIESEL
2203041626,7007452699,30034185,10012548,กท.79-7691,2022-03-11 13:21:07,LITRE,DIESEL
2203041697,7007452792,30038348,10012569,ชม.70-4355,2022-03-11 13:36:41,LITRE,DIESEL
2203041712,7007452807,30038459,10011634,รย.82-0448,2022-03-11 13:38:11,LITRE,DIESEL
2203041725,7007452835,30038347,10012717,ชบ.84-7975,2022-03-11 13:42:35,LITRE,DIESEL
2203041729,7007452845,30029534,10011665,กท.79-5841,2022-03-11 13:44:28,LITRE,DIESEL
2203041733,7007452851,30038347,10012717,กท.79-8995,2022-03-11 13:45:15,LITRE,DIESEL
2203041754,7007452035,10002692,10002692,กท.79-5578,2022-03-11 13:53:43,LITRE,DIESEL
2203041782,7007446072,30024768,10001792,กท.79-0641,2022-03-11 14:03:30,LITRE,DIESEL
2203041789,7007451445,10002739,10002739,กท.79-0642,2022-03-11 14:04:57,LITRE,DIESEL
2203041808,7007452962,30034185,10012548,กท.78-4646,2022-03-11 14:07:20,LITRE,GASOHOL95
2203041837,7007453009,30038348,10012569,ชม.70-5261,2022-03-11 14:18:38,LITRE,DIESEL
2203041905,7007453091,30047221,10022051,ชบ.85-3878,2022-03-11 14:38:15,LITRE,DIESEL
2203041907,7007452227,30001090,10001206,ฉช.81-4230,2022-03-11 14:38:31,LITRE,DIESEL
2203041926,7007453105,30038348,10012569,ชม.70-5123,2022-03-11 14:42:10,LITRE,DIESEL
2203041965,7007453162,30029534,10011665,นม.70-6730,2022-03-11 14:51:11,LITRE,DIESEL
2203042000,7007453236,30038348,10012569,ชม.70-5420,2022-03-11 15:01:40,LITRE,DIESEL
2203042029,7007453277,10022050,10022050,ชบ.85-5327,2022-03-11 15:11:13,LITRE,DIESEL
2203042172,7007453561,30029534,10011665,กท.79-5842,2022-03-11 15:58:43,LITRE,DIESEL
2203042673,7007454041,10011635,10011635,จบ.80-8222,2022-03-12 05:51:34,LITRE,DIESEL
2203042693,7007452207,10002692,10002692,กท.79-5843,2022-03-12 06:04:02,LITRE,DIESEL
2203042694,7007452202,10002256,10002256,กท.79-1830,2022-03-12 06:04:12,LITRE,DIESEL
2203042698,7007454060,30038390,10003964,สค.70-5407,2022-03-12 06:04:55,LITRE,GASOHOL95
2203042699,7007454061,30038390,10003964,สค.70-4397,2022-03-12 06:05:09,LITRE,GASOHOL95
2203042701,7007454063,30038348,10012569,ชม.70-5299,2022-03-12 06:05:38,LITRE,DIESEL
2203042703,7007454065,30038390,10003964,สค.70-2507,2022-03-12 06:05:49,LITRE,DIESEL
2203042707,7007454069,30038390,10003964,สค.70-6119,2022-03-12 06:06:35,LITRE,GASOHOL95
2203042708,7007454070,10022031,10022031,รย.71-2638,2022-03-12 06:06:50,LITRE,DIESEL
2203042711,7007454072,30038390,10003964,สค.70-3480,2022-03-12 06:07:37,LITRE,GASOHOL95
2203042713,7007453695,30019257,10005234,กท.79-5584,2022-03-12 06:08:13,LITRE,DIESEL
2203042715,7007454076,30038347,10012717,กท.79-8993,2022-03-12 06:08:34,LITRE,DIESEL
2203042734,7007454093,30038348,10012569,ลพ.70-0785,2022-03-12 06:15:16,LITRE,DIESEL
2203042747,7007454105,10021849,10021849,รย.81-6767,2022-03-12 06:20:43,LITRE,DIESEL
2203042749,7007452204,30045819,10022902,กท.74-9067,2022-03-12 06:21:17,LITRE,DIESEL
2203042751,7007454107,30038390,10003964,สค.70-6125,2022-03-12 06:22:24,LITRE,DIESEL
2203042752,7007454108,30038390,10003964,สค.70-4335,2022-03-12 06:22:34,LITRE,GASOHOL95
2203042766,7007454135,30038348,10012569,ลพ.70-1223,2022-03-12 06:32:18,LITRE,DIESEL
2203042768,7007452206,30000420,10000923,กท.79-5578,2022-03-12 06:34:10,LITRE,DIESEL
2203042769,7007452199,30027174,10011277,กท.77-9738,2022-03-12 06:34:13,LITRE,DIESEL
2203042772,7007452195,30023005,10000923,กท.79-2716,2022-03-12 06:36:59,LITRE,DIESEL
2203042781,7007452196,10008836,10008836,กท.78-6744,2022-03-12 06:45:46,LITRE,DIESEL
2203042789,7007454147,30029534,10011665,นม.70-6589,2022-03-12 06:54:34,LITRE,DIESEL
2203042795,7007452198,30024855,10010834,กท.79-0643,2022-03-12 06:59:29,LITRE,DIESEL
2203042817,7007452225,10020965,10020965,กท.79-2717,2022-03-12 07:32:51,LITRE,DIESEL
2203042835,7007452208,10001126,10001126,กท.79-5579,2022-03-12 07:42:17,LITRE,DIESEL
2203042838,7007454180,30038348,10012569,ชม.70-4219,2022-03-12 07:45:02,LITRE,DIESEL
2203042851,7007454182,30038348,10012569,ชม.70-5301,2022-03-12 07:49:40,LITRE,DIESEL
2203042860,7007454190,30038362,10011280,กท.79-7440,2022-03-12 08:04:37,LITRE,GASOHOL95
2203042869,7007454198,30034185,10012548,กท.77-7979,2022-03-12 08:11:34,LITRE,DIESEL
2203042897,7007454212,30038348,10012569,ชม.70-4355,2022-03-12 08:28:44,LITRE,DIESEL
2203042899,7007454214,30043240,10022061,กท.75-3041,2022-03-12 08:29:28,LITRE,DIESEL
2203042917,7007454268,30037192,10020738,ชบ.84-7139,2022-03-12 08:49:51,LITRE,DIESEL
2203042919,7007452861,10021385,10021385,กท.74-9070,2022-03-12 08:52:21,LITRE,DIESEL
2203042923,7007452200,30003113,10002105,ฉช.82-7443,2022-03-12 08:57:35,LITRE,DIESEL
2203042938,7007452194,10002692,10002692,กท.79-5843,2022-03-12 09:13:02,LITRE,DIESEL
2203042940,7007454295,30029534,10011665,กท.79-5840,2022-03-12 09:13:53,LITRE,DIESEL
2203043009,7007452248,30000441,10000923,กท.79-5578,2022-03-12 09:46:23,LITRE,DIESEL
2203043067,7007454400,30034185,10012548,กท.79-7691,2022-03-12 10:29:18,LITRE,DIESEL
2203043070,7007452274,30003313,10002127,กท.79-0643,2022-03-12 10:32:50,LITRE,DIESEL
2203043078,7007453408,30031412,10002018,กท.79-2716,2022-03-12 10:39:26,LITRE,DIESEL
2203043081,7007454411,30029534,10011665,กท.79-3259,2022-03-12 10:42:36,LITRE,DIESEL
2203043103,7007452731,30009314,10002796,กท.78-7993,2022-03-12 10:57:05,LITRE,DIESEL
2203043150,7007454444,30038348,10012569,ชม.70-5300,2022-03-12 11:19:00,LITRE,DIESEL
2203043156,7007454449,30038348,10012569,กท.79-6705,2022-03-12 11:29:35,LITRE,DIESEL
2203043190,7007454466,30029534,10011665,กท.79-3257,2022-03-12 11:49:48,LITRE,DIESEL
2203043197,7007454474,30038390,10003964,สค.70-4074,2022-03-12 12:01:05,LITRE,DIESEL
2203043199,7007452205,30040275,10021171,กท.75-1033,2022-03-12 12:04:08,LITRE,GASOHOL95
2203043200,7007454478,10002758,10002758,ชบ.82-4190,2022-03-12 12:06:20,LITRE,DIESEL
2203043208,7007454490,30029534,10011665,กท.79-5841,2022-03-12 12:13:13,LITRE,DIESEL
2203043262,7007454520,30029534,10011665,กท.79-3258,2022-03-12 12:48:30,LITRE,DIESEL
2203043271,7007454531,30043240,10022061,กท.75-3041,2022-03-12 13:00:25,LITRE,DIESEL
2203043295,7007454537,30038347,10012717,กท.79-8993,2022-03-12 13:11:56,LITRE,DIESEL
2203043305,7007454552,30038348,10012569,ชม.70-4355,2022-03-12 13:21:07,LITRE,DIESEL
2203043307,7007452232,30018141,10000923,กท.78-6739,2022-03-12 13:24:07,LITRE,DIESEL
2203043339,7007454602,30038390,10003964,สค.70-6123,2022-03-12 13:36:35,LITRE,DIESEL
2203043364,7007452305,10002244,10002244,กท.78-6744,2022-03-12 14:00:58,LITRE,DIESEL
2203043368,7007454615,30025789,10010981,กท.61-8797,2022-03-12 14:03:30,LITRE,DIESEL
2203043378,7007454624,30038348,10012569,ชม.70-5123,2022-03-12 14:11:48,LITRE,DIESEL
2203043380,7007454625,30038348,10012569,ชม.70-5122,2022-03-12 14:12:16,LITRE,DIESEL
2203043425,7007454641,30038348,10012569,ชม.70-5421,2022-03-12 14:34:12,LITRE,DIESEL
2203043794,7007454888,30038390,10003964,สค.70-4386,2022-03-13 00:01:25,LITRE,GASOHOL95
2203043795,7007454889,30038390,10003964,สค.70-6119,2022-03-13 00:02:10,LITRE,GASOHOL95
2203043802,7007454890,30038390,10003964,สค.70-3937,2022-03-13 00:23:27,LITRE,GASOHOL95
2203043804,7007454891,30038348,10012569,ชม.70-5299,2022-03-13 00:24:41,LITRE,DIESEL
2203043811,7007454894,30038348,10012569,ลพ.70-0785,2022-03-13 00:38:58,LITRE,DIESEL
2203043822,7007454898,30038390,10003964,สค.70-4397,2022-03-13 00:59:41,LITRE,GASOHOL95
2203043851,7007454910,30038348,10012569,ชม.70-5261,2022-03-13 01:54:06,LITRE,DIESEL
2203043867,7007454915,10002812,10002812,ฉช.81-3257,2022-03-13 03:21:40,LITRE,DIESEL
2203043868,7007452326,30026514,10001609,ฉช.82-8528,2022-03-13 03:22:28,LITRE,DIESEL
2203043875,7007454918,30038348,10012569,ลพ.70-0786,2022-03-13 03:32:33,LITRE,DIESEL
2203043881,7007452292,30028481,10011460,กท.75-1033,2022-03-13 03:50:04,LITRE,GASOHOL95
2203043919,7007452329,30026514,10001609,ฉช.82-8346,2022-03-13 04:04:25,LITRE,DIESEL
2203043936,7007454938,30038348,10012569,ชม.70-5301,2022-03-13 04:20:21,LITRE,DIESEL
2203044002,7007452299,30025508,10002939,กท.78-6742,2022-03-13 06:05:09,LITRE,DIESEL
2203044005,7007452293,30027174,10011277,กท.79-5843,2022-03-13 06:05:59,LITRE,DIESEL
2203044008,7007452271,10007214,10007214,กท.78-1149,2022-03-13 06:06:39,LITRE,DIESEL
2203044011,7007452234,30000449,10000923,กท.79-5584,2022-03-13 06:07:24,LITRE,DIESEL
2203044017,7007455010,30038390,10003964,สค.70-6125,2022-03-13 06:09:27,LITRE,DIESEL
2203044018,7007452277,30030400,10011816,กท.79-1830,2022-03-13 06:10:03,LITRE,DIESEL
2203044021,7007455016,30038390,10003964,สค.70-6123,2022-03-13 06:11:10,LITRE,DIESEL
2203044024,7007452269,30003071,10002044,กท.79-0841,2022-03-13 06:13:30,LITRE,DIESEL
2203044027,7007452253,30000448,10000923,กท.74-9067,2022-03-13 06:16:25,LITRE,DIESEL
2203044061,7007455043,30038390,10003964,สค.70-4335,2022-03-13 06:26:21,LITRE,GASOHOL95
2203044068,7007452238,10008836,10008836,กท.77-8133,2022-03-13 06:28:27,LITRE,DIESEL
2203044099,7007452294,10023278,10023278,กท.79-0642,2022-03-13 06:38:11,LITRE,DIESEL
2203044148,7007452233,30031849,10000923,กท.77-9738,2022-03-13 06:51:54,LITRE,DIESEL
2203044182,7007452243,30042727,10021947,กท.79-0641,2022-03-13 07:01:52,LITRE,DIESEL
2203044185,7007452300,10002256,10002256,กท.79-0644,2022-03-13 07:02:23,LITRE,DIESEL
2203044198,7007452301,30013037,10001813,กท.76-4825,2022-03-13 07:04:50,LITRE,GASOHOL95
2203044215,7007455187,30038348,10012569,ชม.70-5302,2022-03-13 07:07:17,LITRE,DIESEL
2203044218,7007452281,10001126,10001126,กท.79-0144,2022-03-13 07:07:48,LITRE,DIESEL
2203044221,7007452310,10012334,10012334,กท.79-5579,2022-03-13 07:08:33,LITRE,DIESEL
2203044254,7007452245,30013992,10002941,กท.77-8134,2022-03-13 07:16:31,LITRE,DIESEL
2203044282,7007452303,10001207,10001207,กท.79-2717,2022-03-13 07:21:56,LITRE,DIESEL
2203044383,7007452250,30045421,10005234,กท.79-1961,2022-03-13 07:43:24,LITRE,DIESEL
2203044483,7007452240,30000442,10000923,ฉช.82-7443,2022-03-13 08:01:29,LITRE,DIESEL
2203044535,7007455489,30029534,10011665,กท.79-5842,2022-03-13 08:12:46,LITRE,DIESEL
2203044546,7007455503,30029534,10011665,กท.79-3257,2022-03-13 08:16:04,LITRE,DIESEL
2203044551,7007455510,30043240,10022061,ชบ.83-3599,2022-03-13 08:16:54,LITRE,DIESEL
2203044656,7007453412,10006801,10006801,กท.78-7993,2022-03-13 08:41:34,LITRE,DIESEL
2203044701,7007455802,30037192,10020738,ชบ.84-7139,2022-03-13 08:54:22,LITRE,DIESEL
2203044729,7007455856,30038348,10012569,ชบ.84-7237,2022-03-13 09:06:11,LITRE,DIESEL
2203044816,7007455993,30043240,10022061,กท.77-6494,2022-03-13 09:25:20,LITRE,DIESEL
2203044818,7007455998,30043240,10022061,กท.75-6899,2022-03-13 09:25:35,LITRE,DIESEL
2203044864,7007456141,30025789,10010981,กท.78-5932,2022-03-13 09:37:12,LITRE,DIESEL
2203044879,7007456183,30038348,10012569,ชม.70-4219,2022-03-13 09:41:17,LITRE,DIESEL
2203044911,7007452297,30040542,10005234,กท.79-0841,2022-03-13 09:45:48,LITRE,DIESEL
2203044917,7007456293,30034185,10012548,กท.78-4646,2022-03-13 09:47:52,LITRE,GASOHOL95
2203044932,7007452275,30003313,10002127,กท.79-0144,2022-03-13 09:50:48,LITRE,DIESEL
2203044947,7007456461,30038390,10003964,สค.70-5407,2022-03-13 09:56:52,LITRE,GASOHOL95
2203045003,7007452296,30040275,10021171,กท.60-4207,2022-03-13 10:12:46,LITRE,GASOHOL95
2203045049,7007456709,30038347,10012717,กท.61-4383,2022-03-13 10:28:40,LITRE,DIESEL
2203045091,7007456769,30038348,10012569,ชม.70-5420,2022-03-13 10:36:13,LITRE,DIESEL
2203045154,7007456974,30038348,10012569,ชม.70-6755,2022-03-13 10:52:21,LITRE,GASOHOL95
2203045155,7007456981,30038348,10012569,ชม.70-5997,2022-03-13 10:52:26,LITRE,GASOHOL95
2203045175,7007457021,10013552,10013552,ชบ.71-8902,2022-03-13 10:59:58,LITRE,GASOHOL95
2203045177,7007457053,10013686,10013686,ชบ.71-4792,2022-03-13 11:00:56,LITRE,GASOHOL95
2203045183,7007452322,30002944,10001879,กท.79-2717,2022-03-13 11:03:46,LITRE,DIESEL
2203045185,7007455797,30040045,10000923,กท.79-0642,2022-03-13 11:04:26,LITRE,DIESEL
2203045227,7007457253,30038348,10012569,ชม.70-5123,2022-03-13 11:16:15,LITRE,DIESEL
2203045242,7007452280,10002966,10002966,กท.79-0641,2022-03-13 11:22:04,LITRE,DIESEL
2203045306,7007452262,30013991,10000923,กท.78-1149,2022-03-13 11:36:19,LITRE,DIESEL
2203045330,7007455803,10002877,10002877,กท.79-5584,2022-03-13 11:45:42,LITRE,DIESEL
2203045337,7007452272,10002749,10002749,กท.79-5579,2022-03-13 11:48:48,LITRE,DIESEL
2203045373,7007457620,30029534,10011665,กท.79-3257,2022-03-13 12:03:14,LITRE,DIESEL
2203045375,7007452247,30013992,10002941,ฉช.82-7443,2022-03-13 12:03:44,LITRE,DIESEL
2203045408,7007453423,10008836,10008836,กท.74-9067,2022-03-13 12:17:15,LITRE,DIESEL
2203045421,7007452236,30023005,10000923,กท.78-6742,2022-03-13 12:17:50,LITRE,DIESEL
2203045442,7007457685,30043240,10022061,กท.75-6899,2022-03-13 12:26:52,LITRE,DIESEL
2203045485,7007457694,10022660,10022660,นม.70-7498,2022-03-13 12:38:57,LITRE,GASOHOL95
2203045492,7007457717,10002758,10002758,ชบ.82-4190,2022-03-13 12:43:09,LITRE,DIESEL
2203045501,7007457696,10022660,10022660,นม.70-7497,2022-03-13 12:47:35,LITRE,GASOHOL95
2203045503,7007457729,30038347,10012717,ชบ.84-7975,2022-03-13 12:48:36,LITRE,DIESEL
2203045504,7007452304,10022583,10022583,กท.79-5843,2022-03-13 12:48:45,LITRE,DIESEL
2203045509,7007457734,10022051,10022051,ชบ.85-3878,2022-03-13 12:49:28,LITRE,DIESEL
2203045518,7007457692,10022660,10022660,นม.70-6721,2022-03-13 12:52:23,LITRE,GASOHOL95
2203045580,7007453418,10003026,10003026,กท.79-0643,2022-03-13 13:06:50,LITRE,DIESEL
2203045597,7007457819,10002921,10002921,จบ.80-8222,2022-03-13 13:12:24,LITRE,DIESEL
2203045671,7007452244,30042727,10021947,กท.79-5578,2022-03-13 13:33:21,LITRE,DIESEL
2203045686,7007452267,30000425,10000923,กท.77-8134,2022-03-13 13:39:11,LITRE,DIESEL
2203045726,7007458212,30034185,10012548,กท.77-7979,2022-03-13 13:52:16,LITRE,DIESEL
2203045731,7007452276,30024855,10010834,กท.77-9738,2022-03-13 13:53:38,LITRE,DIESEL
2203045777,7007458412,10002913,10002913,ตร.80-5209,2022-03-13 14:05:54,LITRE,DIESEL
2203045782,7007452263,30000420,10000923,กท.79-1830,2022-03-13 14:08:37,LITRE,DIESEL
2203045792,7007457580,10011002,10011002,กท.78-6744,2022-03-13 14:13:31,LITRE,DIESEL
2203045825,7007458603,30029534,10011665,นม.70-6589,2022-03-13 14:19:55,LITRE,DIESEL
2203045826,7007458616,30038390,10003964,สค.70-4074,2022-03-13 14:20:25,LITRE,DIESEL
2203045851,7007456176,10007890,10007890,กท.78-6739,2022-03-13 14:32:20,LITRE,DIESEL
2203045871,7007452286,30002244,10001601,กท.79-0644,2022-03-13 14:54:51,LITRE,DIESEL
2203045953,7007459909,30038348,10012569,ลพ.70-0786,2022-03-13 14:56:57,LITRE,DIESEL
2203045959,7007457825,30020706,10002018,กท.79-2716,2022-03-13 14:56:59,LITRE,DIESEL
2203045960,7007452287,30032380,10001601,กท.78-7993,2022-03-13 15:04:25,LITRE,DIESEL
2203045994,7007460310,30038348,10012569,ชม.70-5125,2022-03-13 15:06:34,LITRE,DIESEL
2203046000,7007460395,30038347,10012717,กท.61-4383,2022-03-13 15:11:40,LITRE,DIESEL
2203046066,7007458280,10002692,10002692,กท.78-6742,2022-03-13 15:31:55,LITRE,DIESEL
2203046069,7007456616,10008093,10008093,ฉช.81-4230,2022-03-13 15:32:45,LITRE,DIESEL
2203046100,7007456470,10002692,10002692,กท.79-1961,2022-03-13 15:45:13,LITRE,DIESEL
2203046173,7007462032,30038348,10012569,ชม.70-5299,2022-03-13 16:11:51,LITRE,DIESEL
2203046211,7007456602,30001090,10001206,กท.79-5579,2022-03-13 16:26:31,LITRE,DIESEL
2203046237,7007456725,30003313,10002127,กท.77-8134,2022-03-13 16:36:37,LITRE,DIESEL
2203046273,7007462602,30038348,10012569,ชม.70-5301,2022-03-13 16:48:04,LITRE,DIESEL
2203046328,7007456589,10020965,10020965,กท.79-5843,2022-03-13 17:14:58,LITRE,DIESEL
2203046387,7007462140,30045390,10005234,กท.79-0644,2022-03-13 17:33:09,LITRE,DIESEL
2203046802,7007463213,30038348,10012569,ชม.70-5300,2022-03-14 00:03:01,LITRE,DIESEL
2203046804,7007463214,30038348,10012569,ชม.70-4355,2022-03-14 00:03:48,LITRE,DIESEL
2203046805,7007463215,30038390,10003964,สค.70-6119,2022-03-14 00:03:56,LITRE,GASOHOL95
2203046806,7007463216,30038348,10012569,ลพ.70-0785,2022-03-14 00:04:48,LITRE,DIESEL
2203046807,7007463217,30038390,10003964,สค.70-2919,2022-03-14 00:04:53,LITRE,GASOHOL95
2203046816,7007463218,30038348,10012569,ชม.70-4219,2022-03-14 00:10:02,LITRE,DIESEL
2203046862,7007463243,30038390,10003964,สค.70-4397,2022-03-14 00:43:58,LITRE,GASOHOL95
2203046877,7007463251,30038348,10012569,ชม.70-5302,2022-03-14 01:10:07,LITRE,DIESEL
2203046920,7007463263,10022892,10022892,ฉช.82-4812,2022-03-14 01:48:49,LITRE,DIESEL
2203046922,7007460186,30011473,10001628,ฉช.82-3201,2022-03-14 01:50:01,LITRE,DIESEL
2203046937,7007460153,10002836,10002836,ฉช.82-8528,2022-03-14 02:08:18,LITRE,DIESEL
2203046949,7007463273,30038348,10012569,ชม.70-5261,2022-03-14 02:20:31,LITRE,DIESEL
2203046990,7007456633,30026514,10001609,ฉช.82-7170,2022-03-14 02:50:10,LITRE,DIESEL
2203047000,7007463296,30038390,10003964,สค.70-3935,2022-03-14 03:01:59,LITRE,GASOHOL95
2203047075,7007456632,30028481,10011460,กท.75-1033,2022-03-14 04:39:07,LITRE,GASOHOL95
2203047129,7007456612,30038984,10000923,กท.78-1149,2022-03-14 06:04:12,LITRE,DIESEL
2203047131,7007456743,30013992,10002941,กท.79-5584,2022-03-14 06:04:46,LITRE,DIESEL
2203047135,7007462146,30024157,10005234,กท.79-2716,2022-03-14 06:05:18,LITRE,DIESEL
2203047136,7007463369,30038390,10003964,สค.70-6125,2022-03-14 06:06:11,LITRE,DIESEL
2203047142,7007456599,30000876,10001064,กท.79-0643,2022-03-14 06:07:39,LITRE,DIESEL
2203047152,7007456617,10002256,10002256,กท.79-1830,2022-03-14 06:10:47,LITRE,DIESEL
2203047163,7007456630,30027174,10011277,กท.79-5578,2022-03-14 06:13:24,LITRE,DIESEL
2203047179,7007458014,10001152,10001152,กท.78-6742,2022-03-14 06:17:27,LITRE,DIESEL
2203047184,7007456724,30003313,10002127,กท.77-8133,2022-03-14 06:19:35,LITRE,DIESEL
2203047190,7007456619,30027174,10011277,กท.74-9067,2022-03-14 06:21:54,LITRE,DIESEL
2203047209,7007456718,10001126,10001126,กท.78-7993,2022-03-14 06:27:38,LITRE,DIESEL
2203047224,7007456592,10003041,10003041,กท.79-0841,2022-03-14 06:34:55,LITRE,DIESEL
2203047229,7007462109,30005679,10005234,กท.79-0642,2022-03-14 06:36:13,LITRE,DIESEL
2203047244,7007456605,30028111,10005818,กท.77-9738,2022-03-14 06:43:20,LITRE,DIESEL
2203047250,7007463446,30038390,10003964,สค.70-4335,2022-03-14 06:45:10,LITRE,GASOHOL95
2203047256,7007456722,30030400,10011816,กท.79-0144,2022-03-14 06:46:36,LITRE,DIESEL
2203047279,7007456628,10000223,10000223,กท.79-1961,2022-03-14 06:54:10,LITRE,DIESEL
2203047303,7007456618,30025508,10002939,กท.79-2717,2022-03-14 07:00:53,LITRE,DIESEL
2203047315,7007462130,30045390,10005234,กท.60-4205,2022-03-14 07:03:42,LITRE,GASOHOL95
2203047320,7007463495,30038348,10012569,ลพ.70-0786,2022-03-14 07:04:41,LITRE,DIESEL
2203047331,7007456595,30018565,10008995,กท.78-6739,2022-03-14 07:07:21,LITRE,DIESEL
2203047362,7007456623,10002227,10002227,ฉช.82-7443,2022-03-14 07:12:38,LITRE,DIESEL
2203047364,7007456744,10008836,10008836,กท.74-9070,2022-03-14 07:13:08,LITRE,DIESEL
2203047540,7007456727,30032384,10012238,กท.78-6744,2022-03-14 07:51:41,LITRE,DIESEL
2203047543,7007463727,30043240,10022061,กท.75-0640,2022-03-14 07:52:29,LITRE,DIESEL
2203047634,7007463826,30029534,10011665,กท.79-5842,2022-03-14 08:15:53,LITRE,DIESEL
2203047635,7007463832,30029534,10011665,กท.79-5841,2022-03-14 08:17:42,LITRE,DIESEL
2203047792,7007456609,30013037,10001813,กท.60-4207,2022-03-14 09:02:43,LITRE,GASOHOL95
2203047803,7007456622,30040275,10021171,กท.60-4208,2022-03-14 09:05:06,LITRE,GASOHOL95
2203047839,7007464310,30043240,10022061,กท.75-3041,2022-03-14 09:17:27,LITRE,DIESEL
2203047864,7007464390,30038362,10011280,นม.70-5434,2022-03-14 09:25:19,LITRE,GASOHOL95
2203047867,7007464395,30038347,10012717,กท.61-4720,2022-03-14 09:26:08,LITRE,DIESEL
2203047882,7007456627,30017362,10000923,ฉช.82-2839,2022-03-14 09:27:02,LITRE,DIESEL
2203047898,7007464440,30043240,10022061,กท.72-3498,2022-03-14 09:33:10,LITRE,DIESEL
2203047921,7007464464,30034185,10012548,กท.79-7691,2022-03-14 09:37:12,LITRE,DIESEL
2203047942,7007462116,30040542,10005234,กท.78-7993,2022-03-14 09:43:45,LITRE,DIESEL
2203047962,7007464513,10020687,10020687,ฉช.82-4812,2022-03-14 09:50:15,LITRE,DIESEL
2203047976,7007464545,10011635,10011635,จบ.80-8222,2022-03-14 09:54:06,LITRE,DIESEL
2203047989,7007464575,10002888,10002888,รย.71-2637,2022-03-14 09:57:44,LITRE,DIESEL
2203048076,7007456721,10002966,10002966,กท.79-0841,2022-03-14 10:19:23,LITRE,DIESEL
2203048086,7007456740,30000448,10000923,กท.78-1149,2022-03-14 10:22:55,LITRE,DIESEL
2203048137,7007456601,30028860,10003078,กท.79-0642,2022-03-14 10:41:25,LITRE,DIESEL
2203048147,7007465044,10022050,10022050,ชบ.85-5327,2022-03-14 10:44:31,LITRE,DIESEL
2203048165,7007456731,30020647,10000923,กท.78-6742,2022-03-14 10:46:47,LITRE,DIESEL
2203048180,7007465103,30038348,10012569,ชม.70-5123,2022-03-14 10:51:31,LITRE,DIESEL
2203048182,7007465108,30038348,10012569,ชม.70-5122,2022-03-14 10:52:25,LITRE,DIESEL
2203048183,7007465118,30038348,10012569,ชม.70-4355,2022-03-14 10:53:40,LITRE,DIESEL
2203048208,7007465204,30038390,10003964,สค.70-5407,2022-03-14 11:00:29,LITRE,GASOHOL95
2203048251,7007465278,30038348,10012569,ชม.70-5125,2022-03-14 11:09:05,LITRE,DIESEL
2203048277,7007465347,10002812,10002812,ฉช.81-3257,2022-03-14 11:20:20,LITRE,DIESEL
2203048279,7007464506,30000440,10000923,กท.79-1961,2022-03-14 11:21:06,LITRE,DIESEL
2203048352,7007465627,30029534,10011665,กท.79-3259,2022-03-14 11:39:05,LITRE,DIESEL
2203048367,7007456726,30026769,10011199,กท.79-0643,2022-03-14 11:44:04,LITRE,DIESEL
2203048419,7007465733,10023257,10023257,นม.70-6730,2022-03-14 11:58:39,LITRE,DIESEL
2203048426,7007456723,30024855,10010834,กท.79-5584,2022-03-14 12:02:13,LITRE,DIESEL
2203048436,7007456746,10011002,10011002,กท.78-6744,2022-03-14 12:05:01,LITRE,DIESEL
2203048450,7007465752,30038362,10011280,กท.79-7440,2022-03-14 12:07:15,LITRE,GASOHOL95
2203048464,7007456598,10008836,10008836,กท.74-9067,2022-03-14 12:18:44,LITRE,DIESEL
2203048469,7007464509,30033326,10001099,ฉช.82-7443,2022-03-14 12:23:08,LITRE,DIESEL
2203048492,7007465828,10021768,10021768,ชบ.85-3878,2022-03-14 12:33:02,LITRE,DIESEL
2203048512,7007465861,10002917,10002917,จบ.80-3645,2022-03-14 12:41:03,LITRE,DIESEL
2203048515,7007464991,30020706,10002018,กท.79-1830,2022-03-14 12:42:04,LITRE,DIESEL
2203048519,7007465870,30043240,10022061,กท.75-2786,2022-03-14 12:43:38,LITRE,DIESEL
2203048546,7007465897,30038348,10012569,ชม.70-5299,2022-03-14 12:52:23,LITRE,DIESEL
2203048639,7007464969,10002692,10002692,กท.78-6739,2022-03-14 13:26:59,LITRE,DIESEL
2203048663,7007464982,10002698,10002698,กท.79-2716,2022-03-14 13:31:37,LITRE,DIESEL
2203048695,7007466190,30038348,10012569,กท.79-6706,2022-03-14 13:36:25,LITRE,DIESEL
2203048698,7007466195,10021849,10021849,รย.82-4012,2022-03-14 13:37:19,LITRE,DIESEL
2203048712,7007466223,30038348,10012569,ชม.70-5301,2022-03-14 13:43:09,LITRE,DIESEL
2203048713,7007466230,30038348,10012569,ชม.70-5300,2022-03-14 13:43:59,LITRE,DIESEL
2203048746,7007466349,30025789,10010981,กท.78-5932,2022-03-14 13:53:37,LITRE,DIESEL
2203048772,7007456742,30013992,10002941,กท.79-2717,2022-03-14 14:04:23,LITRE,DIESEL
2203048802,7007458018,10002940,10002940,กท.77-9738,2022-03-14 14:14:52,LITRE,DIESEL
2203048824,7007465768,10008008,10008008,ฉช.81-4230,2022-03-14 14:27:24,LITRE,DIESEL
2203048830,7007456606,10002692,10002692,กท.79-5578,2022-03-14 14:29:36,LITRE,DIESEL
2203048850,7007456729,30000420,10000923,กท.79-5843,2022-03-14 14:34:22,LITRE,DIESEL
2203048855,7007467122,10022660,10022660,กท.79-7786,2022-03-14 14:34:57,LITRE,GASOHOL95
2203048857,7007467139,10022660,10022660,กท.60-2724,2022-03-14 14:35:31,LITRE,GASOHOL95
2203048881,7007467225,30029534,10011665,กท.79-3257,2022-03-14 14:42:28,LITRE,DIESEL
2203048900,7007467309,30029534,10011665,กท.79-3258,2022-03-14 14:49:04,LITRE,DIESEL
2203049048,7007466012,10002877,10002877,กท.78-6739,2022-03-14 15:34:40,LITRE,DIESEL
2203049051,7007467714,30038390,10003964,สค.70-4074,2022-03-14 15:35:31,LITRE,DIESEL
2203049068,7007467774,30029534,10011665,นม.70-6589,2022-03-14 15:43:06,LITRE,DIESEL
2203049088,7007467925,30038348,10012569,ชม.70-5122,2022-03-14 15:57:15,LITRE,DIESEL
2203049102,7007465832,30018141,10000923,กท.79-0643,2022-03-14 16:00:52,LITRE,DIESEL
2203049107,7007465804,30026514,10001609,ฉช.82-4812,2022-03-14 16:03:03,LITRE,DIESEL
2203049151,7007465784,30001090,10001206,กท.74-9070,2022-03-14 16:18:00,LITRE,DIESEL
2203049191,7007468281,30029534,10011665,นม.70-6730,2022-03-14 16:35:05,LITRE,DIESEL
2203049196,7007468319,30038347,10012717,ชบ.84-7975,2022-03-14 16:39:25,LITRE,DIESEL
2203049239,7007465827,30022999,10000923,กท.79-1961,2022-03-14 16:59:53,LITRE,DIESEL
2203049264,7007465791,10006337,10006337,กท.79-2716,2022-03-14 17:46:36,LITRE,DIESEL
2203049633,7007469537,30038348,10012569,ชม.70-4355,2022-03-15 00:05:40,LITRE,DIESEL
2203049634,7007469538,30038390,10003964,สค.70-6119,2022-03-15 00:06:27,LITRE,GASOHOL95
2203049635,7007469539,30038390,10003964,สค.70-5407,2022-03-15 00:07:05,LITRE,GASOHOL95
2203049636,7007469540,30038348,10012569,ชม.70-4219,2022-03-15 00:08:12,LITRE,DIESEL
2203049640,7007469541,30038348,10012569,ชม.70-5302,2022-03-15 00:10:31,LITRE,DIESEL
2203049642,7007469542,30038390,10003964,สค.70-2507,2022-03-15 00:14:27,LITRE,DIESEL
2203049664,7007469553,10022031,10022031,รย.71-2638,2022-03-15 00:22:23,LITRE,DIESEL
2203049693,7007469563,30038390,10003964,สค.70-6125,2022-03-15 00:49:56,LITRE,DIESEL
2203049698,7007469564,30038390,10003964,สค.70-4397,2022-03-15 00:57:43,LITRE,GASOHOL95
2203049764,7007465797,30020880,10009638,ฉช.82-3201,2022-03-15 02:19:54,LITRE,DIESEL
2203049771,7007465802,10009048,10009048,ฉช.82-8528,2022-03-15 02:28:08,LITRE,DIESEL
2203049790,7007465811,30026514,10001609,ฉช.82-8346,2022-03-15 02:46:07,LITRE,DIESEL
2203049865,7007467955,30013037,10001813,กท.76-4825,2022-03-15 03:59:07,LITRE,GASOHOL95
2203049883,7007469644,30038362,10011280,กท.61-8383,2022-03-15 04:32:24,LITRE,DIESEL
2203049924,7007469656,10002758,10002758,ชบ.82-4190,2022-03-15 06:03:12,LITRE,DIESEL
2203049925,7007465780,30018565,10008995,กท.78-6742,2022-03-15 06:03:38,LITRE,DIESEL
2203049930,7007465833,30000448,10000923,กท.79-1830,2022-03-15 06:04:54,LITRE,DIESEL
2203049932,7007465800,30025508,10002939,กท.79-5584,2022-03-15 06:05:32,LITRE,DIESEL
2203049937,7007465813,30002244,10001601,กท.78-7993,2022-03-15 06:06:15,LITRE,DIESEL
2203049942,7007469667,30038390,10003964,สค.70-6123,2022-03-15 06:07:16,LITRE,DIESEL
2203049958,7007469676,30038362,10011280,กท.79-7440,2022-03-15 06:14:18,LITRE,GASOHOL95
2203049961,7007465836,30013992,10002941,กท.79-5843,2022-03-15 06:14:52,LITRE,DIESEL
2203049963,7007469679,30038362,10011280,กท.61-7782,2022-03-15 06:16:01,LITRE,GASOHOL95
2203049966,7007465817,30030400,10011816,ฉช.82-7443,2022-03-15 06:16:32,LITRE,DIESEL
2203049968,7007466364,10020965,10020965,กท.79-5578,2022-03-15 06:17:24,LITRE,DIESEL
2203050009,7007468382,30019257,10005234,กท.77-8133,2022-03-15 06:30:20,LITRE,DIESEL
2203050016,7007467483,10021385,10021385,กท.74-9067,2022-03-15 06:34:26,LITRE,DIESEL
2203050021,7007467950,30023005,10000923,กท.77-9738,2022-03-15 06:35:21,LITRE,DIESEL
2203050053,7007465798,10002256,10002256,กท.79-0841,2022-03-15 06:47:50,LITRE,DIESEL
2203050081,7007465807,30040275,10021171,กท.60-4205,2022-03-15 06:57:13,LITRE,GASOHOL95
2203050089,7007469762,10022831,10022831,จบ.81-2529,2022-03-15 06:58:36,LITRE,DIESEL
2203050107,7007468433,30000449,10000923,กท.79-5579,2022-03-15 07:00:43,LITRE,DIESEL
2203050118,7007468388,30019258,10005234,กท.79-0144,2022-03-15 07:03:13,LITRE,DIESEL
2203050129,7007465814,10001126,10001126,กท.79-2717,2022-03-15 07:06:10,LITRE,DIESEL
2203050157,7007465781,30033250,10012375,กท.77-8134,2022-03-15 07:12:04,LITRE,DIESEL
2203050222,7007465810,30028481,10011460,กท.75-1033,2022-03-15 07:23:59,LITRE,GASOHOL95
2203050230,7007465809,30027174,10011277,กท.79-0642,2022-03-15 07:24:56,LITRE,DIESEL
2203050271,7007465837,10008836,10008836,กท.79-0641,2022-03-15 07:29:54,LITRE,DIESEL
2203050280,7007465774,10001549,10001549,กท.78-6739,2022-03-15 07:32:11,LITRE,DIESEL
2203050302,7007469913,30038348,10012569,ชม.70-5261,2022-03-15 07:36:09,LITRE,DIESEL
2203050342,7007469967,30029534,10011665,กท.79-5841,2022-03-15 07:47:18,LITRE,DIESEL
2203050343,7007465820,30003313,10002127,กท.78-6744,2022-03-15 07:48:01,LITRE,DIESEL
2203050367,7007469993,30043240,10022061,กท.75-7868,2022-03-15 07:55:29,LITRE,DIESEL
2203050420,7007470023,10010409,10010409,กท.78-1149,2022-03-15 08:08:14,LITRE,DIESEL
2203050426,7007470032,30005547,10013499,ชบ.71-4793,2022-03-15 08:09:49,LITRE,GASOHOL95
2203050463,7007465771,30028393,10001206,ฉช.82-7170,2022-03-15 08:21:32,LITRE,DIESEL
2203050476,7007470114,30029534,10011665,กท.61-6471,2022-03-15 08:27:14,LITRE,GASOHOL95
2203050554,7007465770,10008008,10008008,ฉช.82-2839,2022-03-15 08:45:44,LITRE,DIESEL
2203050599,7007465795,30013037,10001813,กท.60-4208,2022-03-15 09:00:01,LITRE,GASOHOL95
2203050686,7007470526,30038348,10012569,ชม.70-5299,2022-03-15 09:32:27,LITRE,DIESEL
2203050691,7007470535,10002913,10002913,ตร.80-2192,2022-03-15 09:33:46,LITRE,DIESEL
2203050717,7007470569,30037192,10020738,ชบ.84-7139,2022-03-15 09:38:53,LITRE,DIESEL
2203050731,7007468395,30021831,10005234,กท.78-7993,2022-03-15 09:41:19,LITRE,DIESEL
2203050768,7007470719,30029534,10011665,กท.79-3259,2022-03-15 09:55:46,LITRE,DIESEL
2203050840,7007468375,30040542,10005234,กท.79-2717,2022-03-15 10:07:57,LITRE,DIESEL
2203050892,7007470974,30038348,10012569,ชม.70-5124,2022-03-15 10:27:23,LITRE,DIESEL
2203050977,7007465816,10002966,10002966,กท.77-9738,2022-03-15 10:43:56,LITRE,DIESEL
2203051012,7007471203,30047221,10022051,ชบ.85-3878,2022-03-15 10:56:11,LITRE,DIESEL
2203051055,7007471283,30038348,10012569,ชม.70-5192,2022-03-15 11:12:23,LITRE,DIESEL
2203051063,7007471301,30043240,10022061,กท.75-7868,2022-03-15 11:14:46,LITRE,DIESEL
2203051075,7007470875,30026514,10001609,กท.77-8133,2022-03-15 11:18:14,LITRE,DIESEL
2203051088,7007471395,30038348,10012569,ลพ.70-0785,2022-03-15 11:21:15,LITRE,DIESEL
2203051101,7007471288,30015113,10002127,ฉช.82-8346,2022-03-15 11:24:46,LITRE,DIESEL
2203051176,7007468188,10007214,10007214,กท.78-6742,2022-03-15 11:47:46,LITRE,DIESEL
2203051263,7007465796,30029827,10002018,กท.79-1830,2022-03-15 12:11:25,LITRE,DIESEL
2203051288,7007472013,30038362,10011280,กท.61-8383,2022-03-15 12:20:29,LITRE,DIESEL
2203051327,7007468398,30026658,10005234,กท.79-1961,2022-03-15 12:33:23,LITRE,DIESEL
2203051335,7007472036,10022660,10022660,นม.70-6719,2022-03-15 12:35:22,LITRE,GASOHOL95
2203051338,7007472041,10022660,10022660,นม.70-5380,2022-03-15 12:36:07,LITRE,GASOHOL95
2203051339,7007472030,10022660,10022660,กท.60-2723,2022-03-15 12:36:43,LITRE,GASOHOL95
2203051342,7007465777,10021783,10021783,กท.79-0641,2022-03-15 12:37:43,LITRE,DIESEL
2203051343,7007472057,30029534,10011665,กท.79-3258,2022-03-15 12:38:37,LITRE,DIESEL
2203051388,7007465778,10021113,10021113,กท.74-9067,2022-03-15 12:52:09,LITRE,DIESEL
2203051441,7007465767,10008295,10008295,กท.79-0144,2022-03-15 13:06:49,LITRE,DIESEL
2203051457,7007465793,10012334,10012334,กท.79-5584,2022-03-15 13:13:56,LITRE,DIESEL
2203051466,7007472184,30020706,10002018,กท.79-0642,2022-03-15 13:16:30,LITRE,DIESEL
2203051467,7007465773,30042418,10007173,กท.79-0841,2022-03-15 13:16:50,LITRE,DIESEL
2203051471,7007470924,30003071,10002044,กท.79-5579,2022-03-15 13:17:54,LITRE,DIESEL
2203051495,7007467706,30009314,10002796,กท.78-1149,2022-03-15 13:23:50,LITRE,DIESEL
2203051497,7007465830,30043944,10000923,กท.79-2716,2022-03-15 13:25:03,LITRE,DIESEL
2203051514,7007472347,30038348,10012569,ชบ.84-7156,2022-03-15 13:32:06,LITRE,DIESEL
2203051556,7007472407,30029534,10011665,กท.79-5842,2022-03-15 13:42:29,LITRE,DIESEL
2203051607,7007471455,10008093,10008093,ฉช.81-4230,2022-03-15 14:01:47,LITRE,DIESEL
2203051658,7007472779,30038347,10012717,กท.79-8993,2022-03-15 14:15:45,LITRE,DIESEL
2203051678,7007465834,30000448,10000923,กท.74-9070,2022-03-15 14:27:35,LITRE,DIESEL
2203051701,7007465775,10003015,10003015,ฉช.82-7443,2022-03-15 14:31:59,LITRE,DIESEL
2203051759,7007473086,30029534,10011665,กท.79-5841,2022-03-15 14:44:58,LITRE,DIESEL
2203051850,7007473397,30038348,10012569,ลพ.70-0786,2022-03-15 15:19:57,LITRE,DIESEL
2203051877,7007465835,30013992,10002941,กท.79-0643,2022-03-15 15:24:14,LITRE,DIESEL
2203051929,7007473799,30038348,10012569,ชม.70-5300,2022-03-15 15:44:59,LITRE,DIESEL
2203051931,7007473808,30029534,10011665,กท.79-3259,2022-03-15 15:46:10,LITRE,DIESEL
2203051968,7007473999,30038348,10012569,ชม.70-5122,2022-03-15 16:07:37,LITRE,DIESEL
2203052004,7007471982,10002692,10002692,กท.78-6739,2022-03-15 16:22:03,LITRE,DIESEL
2203052040,7007465766,10002749,10002749,กท.79-0642,2022-03-15 16:34:02,LITRE,DIESEL
2203052086,7007470716,10002739,10002739,กท.78-6742,2022-03-15 17:03:20,LITRE,DIESEL
2203052119,7007465826,30000420,10000923,กท.79-5579,2022-03-15 17:28:15,LITRE,DIESEL
2203052120,7007471944,30001090,10001206,กท.74-9067,2022-03-15 17:29:00,LITRE,DIESEL
2203052129,7007465824,30000425,10000923,กท.77-8134,2022-03-15 17:41:14,LITRE,DIESEL
2203052180,7007471927,10002244,10002244,กท.78-6739,2022-03-15 18:10:49,LITRE,DIESEL
2203052183,7007465819,30024855,10010834,กท.79-0144,2022-03-15 18:12:59,LITRE,DIESEL
2203052184,7007465883,30032380,10001601,กท.79-0841,2022-03-15 18:13:20,LITRE,DIESEL
2203052238,7007471972,30000441,10000923,ฉช.82-7443,2022-03-15 18:35:30,LITRE,DIESEL
2203052246,7007471969,30028859,10001624,กท.77-8133,2022-03-15 18:40:38,LITRE,DIESEL
2203052255,7007472149,30033260,10002018,กท.79-5584,2022-03-15 18:52:54,LITRE,DIESEL
2203052259,7007471967,30003313,10002127,กท.78-7993,2022-03-15 18:54:48,LITRE,DIESEL
2203052517,7007474618,30038390,10003964,สค.70-4386,2022-03-16 00:06:27,LITRE,GASOHOL95
2203052518,7007474619,30038390,10003964,สค.70-6119,2022-03-16 00:06:42,LITRE,GASOHOL95
2203052519,7007474620,30038348,10012569,ชม.70-4355,2022-03-16 00:07:12,LITRE,DIESEL
2203052520,7007474621,30038348,10012569,ชม.70-4219,2022-03-16 00:08:03,LITRE,DIESEL
2203052525,7007474625,30038390,10003964,สค.70-4335,2022-03-16 00:10:30,LITRE,GASOHOL95
2203052530,7007474629,30038390,10003964,สค.70-6125,2022-03-16 00:15:31,LITRE,DIESEL
2203052630,7007471945,30020880,10009638,ฉช.82-3201,2022-03-16 01:40:23,LITRE,DIESEL
2203052677,7007474678,30038348,10012569,ลพ.70-0785,2022-03-16 02:23:04,LITRE,DIESEL
2203052679,7007474680,30038348,10012569,ชม.70-5299,2022-03-16 02:24:55,LITRE,DIESEL
2203052693,7007471956,30026514,10001609,ฉช.82-2839,2022-03-16 02:35:00,LITRE,DIESEL
2203052768,7007474718,30038348,10012569,กท.79-6703,2022-03-16 03:33:06,LITRE,DIESEL
2203052792,7007474728,30038390,10003964,สค.70-4333,2022-03-16 04:04:22,LITRE,GASOHOL95
2203052794,7007471939,30013992,10002941,กท.79-0644,2022-03-16 04:04:38,LITRE,DIESEL
2203052796,7007474729,30034185,10012548,กท.79-7691,2022-03-16 04:05:22,LITRE,DIESEL
2203052869,7007471952,30040971,10020711,กท.78-6742,2022-03-16 06:06:17,LITRE,DIESEL
2203052871,7007473631,10002692,10002692,กท.78-1149,2022-03-16 06:06:24,LITRE,DIESEL
2203052872,7007471936,30013037,10001813,กท.75-1033,2022-03-16 06:06:56,LITRE,GASOHOL95
2203052874,7007471959,10001126,10001126,กท.79-0841,2022-03-16 06:07:07,LITRE,DIESEL
2203052884,7007474779,30038390,10003964,สค.70-6123,2022-03-16 06:08:48,LITRE,DIESEL
2203052890,7007471963,30030400,10011816,กท.79-0144,2022-03-16 06:09:47,LITRE,DIESEL
2203052906,7007471923,30000448,10000923,กท.79-2716,2022-03-16 06:13:02,LITRE,DIESEL
2203052925,7007471948,10023278,10023278,กท.77-8134,2022-03-16 06:21:13,LITRE,DIESEL
2203052928,7007473609,30042727,10021947,กท.79-5578,2022-03-16 06:22:23,LITRE,DIESEL
2203052933,7007474815,30038348,10012569,ชม.70-5261,2022-03-16 06:23:40,LITRE,DIESEL
2203052971,7007471931,30042181,10021809,กท.77-9738,2022-03-16 06:34:23,LITRE,DIESEL
2203052990,7007471943,10002256,10002256,กท.79-5843,2022-03-16 06:41:12,LITRE,DIESEL
2203052999,7007471929,10008836,10008836,กท.74-9070,2022-03-16 06:43:41,LITRE,DIESEL
2203053005,7007471951,30040275,10021171,กท.76-4825,2022-03-16 06:45:40,LITRE,GASOHOL95
2203053019,7007471975,10011002,10011002,กท.79-0642,2022-03-16 06:50:29,LITRE,DIESEL
2203053029,7007471935,10011125,10011125,กท.79-5579,2022-03-16 06:54:52,LITRE,DIESEL
2203053039,7007471953,30027174,10011277,กท.79-0643,2022-03-16 06:58:55,LITRE,DIESEL
2203053040,7007471949,30025508,10002939,กท.79-0641,2022-03-16 06:59:28,LITRE,DIESEL
2203053084,7007471957,30002244,10001601,กท.79-2717,2022-03-16 07:10:13,LITRE,DIESEL
2203053121,7007474964,30038348,10012569,ชม.70-5301,2022-03-16 07:18:40,LITRE,DIESEL
2203053208,7007471933,30001140,10000200,กท.78-6744,2022-03-16 07:39:30,LITRE,DIESEL
2203053361,7007475200,30043240,10022061,กท.75-7868,2022-03-16 08:12:39,LITRE,DIESEL
2203053384,7007475216,30038347,10012717,กท.61-4720,2022-03-16 08:16:20,LITRE,DIESEL
2203053521,7007475379,30029534,10011665,กท.79-5842,2022-03-16 08:48:13,LITRE,DIESEL
2203053678,7007475610,10002758,10002758,ชบ.82-4190,2022-03-16 09:27:38,LITRE,DIESEL
2203053681,7007475621,30038348,10012569,ชม.70-5302,2022-03-16 09:28:48,LITRE,DIESEL
2203053718,7007471950,30040542,10005234,กท.79-0841,2022-03-16 09:39:15,LITRE,DIESEL
2203053726,7007471966,30003313,10002127,กท.78-1149,2022-03-16 09:43:36,LITRE,DIESEL
2203053729,7007471954,30028481,10011460,กท.60-4207,2022-03-16 09:44:58,LITRE,GASOHOL95
2203053842,7007476268,30038362,10011280,นม.70-5434,2022-03-16 10:13:54,LITRE,GASOHOL95
2203053843,7007471918,10012018,10012018,กท.78-6742,2022-03-16 10:14:14,LITRE,DIESEL
2203053853,7007476117,10023230,10023230,สบ.71-0828,2022-03-16 10:18:19,LITRE,GASOHOL95
2203053881,7007476106,10023230,10023230,สบ.71-0408,2022-03-16 10:21:36,LITRE,GASOHOL95
2203053885,7007476426,10002812,10002812,ฉช.81-3257,2022-03-16 10:22:09,LITRE,DIESEL
2203053892,7007471932,30045819,10022902,กท.78-6744,2022-03-16 10:23:39,LITRE,DIESEL
2203053896,7007476471,30038347,10012717,ชบ.84-7975,2022-03-16 10:26:22,LITRE,DIESEL
2203053954,7007471974,30022899,10000923,กท.77-8134,2022-03-16 10:41:00,LITRE,DIESEL
2203053956,7007476610,10013552,10013552,ชบ.71-8902,2022-03-16 10:41:49,LITRE,GASOHOL95
2203053999,7007471922,30026658,10005234,กท.79-2717,2022-03-16 10:58:04,LITRE,DIESEL
2203054030,7007476929,30038348,10012569,กท.79-6705,2022-03-16 11:03:32,LITRE,DIESEL
2203054058,7007477035,10022051,10022051,ชบ.85-3878,2022-03-16 11:13:31,LITRE,DIESEL
2203054078,7007476996,10021938,10021938,นม.70-6737,2022-03-16 11:17:19,LITRE,GASOHOL95
2203054084,7007477042,10013572,10013572,ชบ.71-4792,2022-03-16 11:18:32,LITRE,GASOHOL95
2203054087,7007477007,10021938,10021938,นม.70-6891,2022-03-16 11:19:46,LITRE,GASOHOL95
2203054092,7007476986,10021938,10021938,นม.70-7496,2022-03-16 11:21:36,LITRE,GASOHOL95
2203054131,7007471962,10002966,10002966,กท.79-5578,2022-03-16 11:34:48,LITRE,DIESEL
2203054165,7007477246,30029534,10011665,กท.79-5841,2022-03-16 11:48:13,LITRE,DIESEL
2203054169,7007477251,30038459,10011634,รย.82-0448,2022-03-16 11:49:21,LITRE,DIESEL
2203054213,7007477257,30046347,10023076,จบ.70-0722,2022-03-16 11:57:02,LITRE,GASOHOL95
2203054231,7007471965,30024855,10010834,กท.79-2716,2022-03-16 12:08:22,LITRE,DIESEL
2203054245,7007477347,30038390,10003964,สค.70-4074,2022-03-16 12:16:02,LITRE,DIESEL
2203054267,7007477380,30038348,10012569,ลพ.70-0786,2022-03-16 12:28:23,LITRE,DIESEL
2203054295,7007473584,10002227,10002227,กท.74-9070,2022-03-16 12:41:02,LITRE,DIESEL
2203054301,7007477407,30038348,10012569,ชม.70-5122,2022-03-16 12:43:13,LITRE,DIESEL
2203054303,7007477408,10002917,10002917,จบ.80-3645,2022-03-16 12:44:32,LITRE,DIESEL
2203054338,7007471971,10007214,10007214,กท.79-0641,2022-03-16 12:59:42,LITRE,DIESEL
2203054374,7007471942,30000876,10001064,กท.77-9738,2022-03-16 13:08:23,LITRE,DIESEL
2203054402,7007471926,30039757,10021079,กท.79-0644,2022-03-16 13:17:27,LITRE,DIESEL
2203054426,7007477676,30025789,10010981,กท.78-5932,2022-03-16 13:28:36,LITRE,DIESEL
2203054461,7007471970,30000420,10000923,กท.79-0144,2022-03-16 13:37:15,LITRE,DIESEL
2203054463,7007476398,10002749,10002749,กท.79-0643,2022-03-16 13:38:05,LITRE,DIESEL
2203054466,7007471941,30024483,10003078,กท.78-6739,2022-03-16 13:38:52,LITRE,DIESEL
2203054467,7007477235,30020706,10002018,กท.79-0642,2022-03-16 13:39:20,LITRE,DIESEL
2203054498,7007471925,30000448,10000923,กท.79-5843,2022-03-16 13:46:03,LITRE,DIESEL
2203054500,7007477397,10002692,10002692,กท.79-5584,2022-03-16 13:46:46,LITRE,DIESEL
2203054535,7007477829,30029534,10011665,นม.70-6730,2022-03-16 13:56:09,LITRE,DIESEL
2203054548,7007477878,30038348,10012569,ชม.70-5300,2022-03-16 14:00:42,LITRE,DIESEL
2203054580,7007476389,30032249,10012193,กท.77-8133,2022-03-16 14:08:06,LITRE,DIESEL
2203054625,7007478086,30029534,10011665,กท.79-3257,2022-03-16 14:21:35,LITRE,DIESEL
2203054657,7007471938,30013992,10002941,กท.79-5579,2022-03-16 14:31:08,LITRE,DIESEL
2203054737,7007473618,30042727,10021947,กท.74-9067,2022-03-16 14:59:31,LITRE,DIESEL
2203054867,7007476861,30021096,10000923,กท.78-7993,2022-03-16 16:06:12,LITRE,DIESEL
2203054868,7007476848,30003313,10002127,กท.79-2717,2022-03-16 16:06:49,LITRE,DIESEL
2203054969,7007476866,30018141,10000923,กท.79-5584,2022-03-16 16:41:58,LITRE,DIESEL
2203054981,7007480898,30038348,10012569,ชม.70-5125,2022-03-16 16:42:59,LITRE,DIESEL
2203054982,7007480941,30038348,10012569,ชม.70-5420,2022-03-16 16:43:40,LITRE,DIESEL
2203055016,7007476748,30015113,10002127,ฉช.81-4230,2022-03-16 17:14:15,LITRE,DIESEL
2203055401,7007487612,30038348,10012569,ชม.70-4355,2022-03-17 00:07:57,LITRE,DIESEL
2203055403,7007487613,30038390,10003964,สค.70-6119,2022-03-17 00:08:43,LITRE,GASOHOL95
2203055404,7007487614,30038348,10012569,ชม.70-4219,2022-03-17 00:09:23,LITRE,DIESEL
2203055405,7007487615,30038348,10012569,ลพ.70-0785,2022-03-17 00:10:09,LITRE,DIESEL
2203055448,7007487628,30038348,10012569,ชม.70-5299,2022-03-17 00:30:25,LITRE,DIESEL
2203055451,7007478790,10008093,10008093,ฉช.82-8346,2022-03-17 00:33:19,LITRE,DIESEL
2203055456,7007487631,30038348,10012569,ลพ.70-0786,2022-03-17 00:39:10,LITRE,DIESEL
2203055460,7007487632,30038390,10003964,สค.70-4397,2022-03-17 00:43:04,LITRE,GASOHOL95
2203055464,7007487634,30038390,10003964,สค.70-6123,2022-03-17 00:49:21,LITRE,DIESEL
2203055510,7007487647,30038348,10012569,ชม.70-5302,2022-03-17 01:47:43,LITRE,DIESEL
2203055524,7007487652,30038390,10003964,สค.70-4333,2022-03-17 02:02:30,LITRE,GASOHOL95
2203055525,7007476833,30026514,10001609,ฉช.82-8528,2022-03-17 02:04:37,LITRE,DIESEL
2203055526,7007487653,10022892,10022892,ฉช.82-4812,2022-03-17 02:05:07,LITRE,DIESEL
2203055544,7007487660,30038348,10012569,ชม.70-5301,2022-03-17 02:16:24,LITRE,DIESEL
2203055555,7007476669,30011473,10001628,ฉช.82-7170,2022-03-17 02:26:58,LITRE,DIESEL
2203055586,7007487678,30038348,10012569,ชม.70-5193,2022-03-17 03:01:53,LITRE,DIESEL
2203055594,7007476832,30028481,10011460,กท.76-4825,2022-03-17 03:13:46,LITRE,GASOHOL95
2203055603,7007487685,30038390,10003964,สค.70-4335,2022-03-17 03:21:15,LITRE,GASOHOL95
2203055626,7007487692,30038348,10012569,กท.79-1818,2022-03-17 03:47:16,LITRE,DIESEL
2203055631,7007476836,10001126,10001126,กท.79-0641,2022-03-17 03:57:56,LITRE,DIESEL
2203055665,7007476744,30013037,10001813,กท.60-4205,2022-03-17 06:03:21,LITRE,GASOHOL95
2203055666,7007476764,30013992,10002941,กท.79-1961,2022-03-17 06:03:35,LITRE,DIESEL
2203055668,7007476828,30000449,10000923,กท.78-1149,2022-03-17 06:04:09,LITRE,DIESEL
2203055669,7007487725,30038390,10003964,สค.70-6125,2022-03-17 06:04:31,LITRE,DIESEL
2203055688,7007487731,30038348,10012569,ชม.70-5261,2022-03-17 06:07:23,LITRE,DIESEL
2203055698,7007476768,10003041,10003041,กท.79-1830,2022-03-17 06:09:17,LITRE,DIESEL
2203055713,7007476827,30023005,10000923,กท.79-0643,2022-03-17 06:13:44,LITRE,DIESEL
2203055739,7007476683,10011161,10011161,กท.77-9738,2022-03-17 06:23:53,LITRE,DIESEL
2203055758,7007476741,30028111,10005818,กท.79-0644,2022-03-17 06:31:02,LITRE,DIESEL
2203055765,7007476819,10006801,10006801,กท.74-9067,2022-03-17 06:32:39,LITRE,DIESEL
2203055774,7007476688,30000448,10000923,กท.77-8133,2022-03-17 06:36:58,LITRE,DIESEL
2203055781,7007476743,30040045,10000923,กท.79-0144,2022-03-17 06:38:30,LITRE,DIESEL
2203055787,7007476675,30028393,10001206,กท.74-9070,2022-03-17 06:39:36,LITRE,DIESEL
2203055797,7007487806,30038390,10003964,สค.70-3935,2022-03-17 06:43:43,LITRE,GASOHOL95
2203055810,7007476822,10002256,10002256,กท.79-2716,2022-03-17 06:44:10,LITRE,DIESEL
2203055818,7007476749,30045421,10005234,กท.79-0841,2022-03-17 06:46:58,LITRE,DIESEL
2203055820,7007476777,30018565,10008995,กท.79-5843,2022-03-17 06:48:01,LITRE,DIESEL
2203055821,7007476831,30027174,10011277,กท.79-0642,2022-03-17 06:49:05,LITRE,DIESEL
2203055826,7007487825,30038348,10012569,ชม.70-5122,2022-03-17 06:50:40,LITRE,DIESEL
2203055857,7007476869,30023003,10000923,กท.78-6739,2022-03-17 07:00:37,LITRE,DIESEL
2203055871,7007476834,30002244,10001601,กท.78-6742,2022-03-17 07:03:59,LITRE,DIESEL
2203055885,7007476765,30019257,10005234,ฉช.82-7443,2022-03-17 07:09:45,LITRE,DIESEL
2203055894,7007478762,30032990,10012320,กท.79-5579,2022-03-17 07:11:56,LITRE,DIESEL
2203055903,7007487893,30025789,10010981,กท.78-5932,2022-03-17 07:13:54,LITRE,DIESEL
2203055919,7007476745,10008836,10008836,กท.77-8134,2022-03-17 07:15:58,LITRE,DIESEL
2203055946,7007487928,30029534,10011665,นม.70-6589,2022-03-17 07:20:23,LITRE,GASOHOL95
2203056010,7007476846,30003313,10002127,กท.79-0641,2022-03-17 07:34:41,LITRE,DIESEL
2203056013,7007476826,30025508,10002939,กท.78-6744,2022-03-17 07:35:13,LITRE,DIESEL
2203056058,7007488124,30038347,10012717,กท.79-8997,2022-03-17 07:45:36,LITRE,DIESEL
2203056138,7007488571,30029534,10011665,กท.79-3259,2022-03-17 08:07:21,LITRE,DIESEL
2203056206,7007489037,30029534,10011665,กท.79-3258,2022-03-17 08:27:38,LITRE,DIESEL
2203056226,7007489189,30043240,10022061,กท.75-0640,2022-03-17 08:36:13,LITRE,DIESEL
2203056246,7007489245,30043240,10022061,ชบ.83-3599,2022-03-17 08:38:28,LITRE,DIESEL
2203056278,7007476825,30022767,10010126,ฉช.82-7170,2022-03-17 08:50:45,LITRE,DIESEL
2203056334,7007490267,30038362,10011280,กท.79-7440,2022-03-17 09:06:11,LITRE,GASOHOL95
2203056336,7007490332,30038348,10012569,ชบ.84-7237,2022-03-17 09:07:30,LITRE,DIESEL
2203056337,7007490371,10022050,10022050,ชบ.85-5327,2022-03-17 09:08:15,LITRE,DIESEL
2203056338,7007476841,30030400,10011816,กท.60-4208,2022-03-17 09:09:53,LITRE,GASOHOL95
2203056345,7007490661,30037192,10020738,ชบ.84-7139,2022-03-17 09:13:50,LITRE,DIESEL
2203056350,7007476758,30013037,10001813,กท.60-4207,2022-03-17 09:16:25,LITRE,GASOHOL95
2203056427,7007491248,10011635,10011635,จบ.81-3588,2022-03-17 09:32:06,LITRE,DIESEL
2203056531,7007492734,10008836,10008836,กท.78-6739,2022-03-17 10:07:12,LITRE,DIESEL
2203056536,7007492338,10022543,10022543,ชม.70-5991,2022-03-17 10:09:19,LITRE,GASOHOL95
2203056553,7007476837,10002966,10002966,กท.79-0643,2022-03-17 10:16:56,LITRE,DIESEL
2203056603,7007493413,10002921,10002921,จบ.81-3588,2022-03-17 10:28:55,LITRE,DIESEL
2203056650,7007493715,30043240,10022061,กท.75-3041,2022-03-17 10:39:40,LITRE,DIESEL
2203056765,7007494713,30047221,10022051,ชบ.85-3878,2022-03-17 11:10:39,LITRE,DIESEL
2203056780,7007494865,30038390,10003964,สค.70-4074,2022-03-17 11:17:08,LITRE,DIESEL
2203056785,7007476829,30040542,10005234,กท.79-1830,2022-03-17 11:18:03,LITRE,DIESEL
2203056815,7007476679,30017362,10000923,ฉช.82-8528,2022-03-17 11:27:47,LITRE,DIESEL
2203056843,7007495426,30038348,10012569,ชม.70-5420,2022-03-17 11:39:57,LITRE,DIESEL
2203056866,7007476754,30000440,10000923,ฉช.82-7443,2022-03-17 11:44:00,LITRE,DIESEL
2203056876,7007476874,30038137,10020831,กท.77-8133,2022-03-17 11:46:47,LITRE,DIESEL
2203056902,7007490456,30026514,10001609,กท.78-6742,2022-03-17 11:51:53,LITRE,DIESEL
2203056915,7007495683,30043240,10022061,กท.75-0640,2022-03-17 11:53:48,LITRE,DIESEL
2203056946,7007496016,10002917,10002917,จบ.80-3645,2022-03-17 12:07:33,LITRE,DIESEL
2203056949,7007496073,10002758,10002758,ชบ.82-4190,2022-03-17 12:09:43,LITRE,DIESEL
2203056950,7007476830,30040275,10021171,กท.75-1033,2022-03-17 12:10:43,LITRE,GASOHOL95
2203056954,7007496206,10002913,10002913,ตร.80-2192,2022-03-17 12:15:10,LITRE,DIESEL
2203056984,7007494452,30027174,10011277,กท.74-9067,2022-03-17 12:31:19,LITRE,DIESEL
2203057018,7007497124,10021849,10021849,รย.81-6767,2022-03-17 12:52:06,LITRE,DIESEL
2203057035,7007497256,30038348,10012569,ชม.70-4219,2022-03-17 12:56:39,LITRE,DIESEL
2203057087,7007476856,30032384,10012238,กท.78-1149,2022-03-17 13:09:11,LITRE,DIESEL
2203057114,7007476761,30013992,10002941,กท.79-5843,2022-03-17 13:22:13,LITRE,DIESEL
2203057146,7007476747,10012713,10012713,กท.79-1961,2022-03-17 13:33:42,LITRE,DIESEL
2203057148,7007476696,10012334,10012334,กท.79-5584,2022-03-17 13:35:45,LITRE,DIESEL
2203057150,7007498392,30038348,10012569,ชม.70-5302,2022-03-17 13:37:10,LITRE,DIESEL
2203057155,7007476751,10002749,10002749,กท.79-0642,2022-03-17 13:39:36,LITRE,DIESEL
2203057157,7007490427,30044186,10000923,กท.79-0144,2022-03-17 13:39:40,LITRE,DIESEL
2203057160,7007476823,30003071,10002044,กท.79-0841,2022-03-17 13:40:30,LITRE,DIESEL
2203057176,7007476853,30000420,10000923,กท.78-7993,2022-03-17 13:49:55,LITRE,DIESEL
2203057180,7007498809,30038348,10012569,ชม.70-5122,2022-03-17 13:51:16,LITRE,DIESEL
2203057185,7007498888,30043240,10022061,กท.75-2786,2022-03-17 13:54:47,LITRE,DIESEL
2203057187,7007498939,30038347,10012717,กท.79-8998,2022-03-17 13:56:42,LITRE,DIESEL
2203057203,7007476843,30024855,10010834,กท.79-2716,2022-03-17 13:59:23,LITRE,DIESEL
2203057220,7007476791,10003026,10003026,กท.79-0644,2022-03-17 14:03:01,LITRE,DIESEL
2203057290,7007494478,30000448,10000923,กท.78-6744,2022-03-17 14:43:45,LITRE,DIESEL
2203057358,7007490515,10002692,10002692,กท.79-2717,2022-03-17 15:06:11,LITRE,DIESEL
2203057368,7007476850,30000425,10000923,กท.77-9738,2022-03-17 15:12:09,LITRE,DIESEL
2203057468,7007502422,30038348,10012569,ชม.70-4355,2022-03-17 15:45:56,LITRE,DIESEL
2203057470,7007502442,30038348,10012569,ชม.70-5300,2022-03-17 15:46:33,LITRE,DIESEL
2203057479,7007502484,10022660,10022660,นม.70-7144,2022-03-17 15:52:21,LITRE,GASOHOL95
2203057482,7007476674,10022583,10022583,กท.79-5579,2022-03-17 15:53:30,LITRE,DIESEL
2203057484,7007502514,10022660,10022660,กท.79-7791,2022-03-17 15:54:08,LITRE,GASOHOL95
2203057485,7007502435,10022660,10022660,นม.70-7501,2022-03-17 15:54:40,LITRE,GASOHOL95
2203057568,7007503466,30029534,10011665,กท.79-5842,2022-03-17 16:24:24,LITRE,DIESEL
2203057594,7007497686,10020965,10020965,กท.78-6739,2022-03-17 16:32:20,LITRE,DIESEL
2203057595,7007503679,30038347,10012717,ชบ.84-7975,2022-03-17 16:33:13,LITRE,DIESEL
2203057604,7007503847,30038348,10012569,ชม.70-5299,2022-03-17 16:38:28,LITRE,DIESEL
2203057607,7007497574,30028859,10001624,กท.79-0644,2022-03-17 16:41:24,LITRE,DIESEL
2203057624,7007504152,30038348,10012569,ลพ.70-0785,2022-03-17 16:47:18,LITRE,DIESEL
2203057627,7007498234,10008093,10008093,ฉช.81-4230,2022-03-17 16:52:19,LITRE,DIESEL
2203057640,7007504654,30029534,10011665,กท.79-3257,2022-03-17 16:56:34,LITRE,DIESEL
2203057671,7007501379,30031412,10002018,กท.77-9738,2022-03-17 17:18:03,LITRE,DIESEL
2203057713,7007497664,30043681,10000923,กท.78-1149,2022-03-17 17:41:18,LITRE,DIESEL
2203058052,7007509966,30038390,10003964,สค.70-6119,2022-03-18 00:04:09,LITRE,GASOHOL95
2203058053,7007509967,10023257,10023257,นม.70-6589,2022-03-18 00:04:48,LITRE,DIESEL
2203058054,7007509968,30038390,10003964,สค.70-4386,2022-03-18 00:04:56,LITRE,GASOHOL95
2203058105,7007509992,30038390,10003964,สค.70-4397,2022-03-18 00:49:26,LITRE,GASOHOL95
2203058137,7007510011,30038390,10003964,สค.70-3937,2022-03-18 01:17:40,LITRE,GASOHOL95
2203058162,7007510019,30038348,10012569,ชม.70-5301,2022-03-18 01:35:45,LITRE,DIESEL
2203058172,7007498240,10001147,10001147,ฉช.82-4812,2022-03-18 02:03:30,LITRE,DIESEL
2203058200,7007510040,10022437,10022437,นม.70-6730,2022-03-18 02:40:42,LITRE,DIESEL
2203058253,7007510056,30038348,10012569,กท.79-6706,2022-03-18 03:53:52,LITRE,DIESEL
2203058268,7007497645,30013037,10001813,กท.60-4208,2022-03-18 04:34:05,LITRE,GASOHOL95
2203058346,7007500322,30022248,10003078,กท.79-0643,2022-03-18 06:04:16,LITRE,DIESEL
2203058349,7007497613,30027174,10011277,กท.79-1830,2022-03-18 06:05:17,LITRE,DIESEL
2203058361,7007510129,30038390,10003964,สค.70-6123,2022-03-18 06:07:37,LITRE,DIESEL
2203058372,7007497635,30005679,10005234,กท.79-5584,2022-03-18 06:10:27,LITRE,DIESEL
2203058386,7007510148,30038390,10003964,สค.70-4335,2022-03-18 06:14:35,LITRE,GASOHOL95
2203058391,7007502845,30028180,10004251,กท.74-9067,2022-03-18 06:15:34,LITRE,DIESEL
2203058397,7007497694,10002244,10002244,กท.77-8133,2022-03-18 06:16:48,LITRE,DIESEL
2203058404,7007497642,10008836,10008836,กท.79-5578,2022-03-18 06:17:52,LITRE,DIESEL
2203058453,7007497609,30002244,10001601,กท.79-0642,2022-03-18 06:30:56,LITRE,DIESEL
2203058467,7007510229,30038362,10011280,กท.79-2899,2022-03-18 06:34:53,LITRE,GASOHOL95
2203058476,7007501889,10001126,10001126,กท.77-8134,2022-03-18 06:36:57,LITRE,DIESEL
2203058489,7007498229,10002877,10002877,กท.79-5843,2022-03-18 06:40:57,LITRE,DIESEL
2203058501,7007497715,30000417,10000923,กท.78-7993,2022-03-18 06:43:26,LITRE,DIESEL
2203058525,7007497669,10021783,10021783,กท.79-1961,2022-03-18 06:48:15,LITRE,DIESEL
2203058561,7007497625,10002256,10002256,กท.79-0841,2022-03-18 06:51:41,LITRE,DIESEL
2203058577,7007497678,10002695,10002695,กท.79-0641,2022-03-18 06:54:32,LITRE,DIESEL
2203058590,7007497629,30013992,10002941,กท.79-0144,2022-03-18 06:58:47,LITRE,DIESEL
2203058620,7007497710,30021092,10009691,กท.78-6742,2022-03-18 07:04:13,LITRE,DIESEL
2203058689,7007497700,30045843,10011319,กท.60-4205,2022-03-18 07:16:38,LITRE,GASOHOL95
2203058746,7007510507,30034185,10012548,กท.79-7691,2022-03-18 07:24:36,LITRE,DIESEL
2203058752,7007510511,30038390,10003964,สค.70-4333,2022-03-18 07:25:31,LITRE,GASOHOL95
2203058786,7007497649,30000448,10000923,กท.79-5579,2022-03-18 07:29:57,LITRE,DIESEL
2203058793,7007497697,10002692,10002692,ฉช.82-7443,2022-03-18 07:31:06,LITRE,DIESEL
2203058807,7007497691,10007890,10007890,กท.78-6744,2022-03-18 07:33:13,LITRE,DIESEL
2203058842,7007497682,30013435,10000923,กท.79-2717,2022-03-18 07:39:48,LITRE,DIESEL
2203058891,7007510649,30029534,10011665,กท.79-3259,2022-03-18 07:50:12,LITRE,DIESEL
2203058944,7007510710,30029534,10011665,กท.79-5841,2022-03-18 08:02:34,LITRE,DIESEL
2203059013,7007510774,30043240,10022061,กท.75-7868,2022-03-18 08:20:13,LITRE,DIESEL
2203059130,7007510882,30038459,10011634,รย.82-0448,2022-03-18 08:44:43,LITRE,DIESEL
2203059316,7007511187,10020687,10020687,ฉช.82-2839,2022-03-18 09:33:25,LITRE,DIESEL
2203059333,7007511211,30029534,10011665,นม.70-6589,2022-03-18 09:37:20,LITRE,DIESEL
2203059356,7007497621,30027174,10011277,กท.77-8134,2022-03-18 09:43:53,LITRE,DIESEL
2203059392,7007497606,10002966,10002966,กท.79-0642,2022-03-18 09:52:52,LITRE,DIESEL
2203059454,7007511530,30038348,10012569,ชม.70-5299,2022-03-18 10:14:13,LITRE,DIESEL
2203059467,7007511562,10002921,10002921,จบ.80-8222,2022-03-18 10:18:22,LITRE,DIESEL
2203059481,7007497675,10002749,10002749,กท.79-5584,2022-03-18 10:19:01,LITRE,DIESEL
2203059484,7007511571,30038348,10012569,ชม.70-5302,2022-03-18 10:20:50,LITRE,DIESEL
2203059580,7007497719,10008836,10008836,กท.79-5843,2022-03-18 10:36:33,LITRE,DIESEL
2203059614,7007511708,30009314,10002796,กท.78-7993,2022-03-18 10:43:01,LITRE,DIESEL
2203059649,7007497616,30040275,10021171,กท.79-0643,2022-03-18 10:51:11,LITRE,DIESEL
2203059712,7007511023,10021385,10021385,ฉช.82-7443,2022-03-18 11:06:20,LITRE,DIESEL
2203059782,7007497672,30024768,10001792,กท.79-1961,2022-03-18 11:27:58,LITRE,DIESEL
2203059785,7007511956,10002812,10002812,ฉช.81-3257,2022-03-18 11:28:49,LITRE,DIESEL
2203059800,7007511961,30038348,10012569,ชม.70-5124,2022-03-18 11:30:31,LITRE,DIESEL
2203059904,7007497659,10003015,10003015,กท.79-0641,2022-03-18 11:59:24,LITRE,DIESEL
2203059922,7007511548,10002698,10002698,กท.78-6739,2022-03-18 12:05:49,LITRE,DIESEL
2203059936,7007512123,30038348,10012569,ชม.70-5125,2022-03-18 12:11:25,LITRE,DIESEL
2203059952,7007512128,30038348,10012569,ลพ.70-0786,2022-03-18 12:13:53,LITRE,DIESEL
2203059988,7007512173,10011634,10011634,รย.82-0448,2022-03-18 12:27:46,LITRE,DIESEL
2203059989,7007512175,10002758,10002758,ชบ.82-4190,2022-03-18 12:28:00,LITRE,DIESEL
2203060011,7007512199,10021768,10021768,ชบ.85-3878,2022-03-18 12:32:07,LITRE,DIESEL
2203060030,7007512220,30029534,10011665,กท.79-3258,2022-03-18 12:39:11,LITRE,DIESEL
2203060034,7007497632,30013992,10002941,กท.79-1830,2022-03-18 12:40:28,LITRE,DIESEL
2203060043,7007497723,30033326,10001099,กท.79-2717,2022-03-18 12:43:55,LITRE,DIESEL
2203060051,7007512240,30038348,10012569,ชม.70-4219,2022-03-18 12:49:56,LITRE,DIESEL
2203060089,7007497570,30000420,10000923,กท.78-6742,2022-03-18 13:02:47,LITRE,DIESEL
2203060122,7007511557,30000448,10000923,กท.79-0144,2022-03-18 13:13:01,LITRE,DIESEL
2203060146,7007512346,30037192,10020738,ชบ.84-7139,2022-03-18 13:19:55,LITRE,DIESEL
2203060175,7007512371,30038348,10012569,ชม.70-5261,2022-03-18 13:26:08,LITRE,DIESEL
2203060245,7007512429,30029534,10011665,กท.79-5842,2022-03-18 13:38:26,LITRE,DIESEL
2203060271,7007512453,30038390,10003964,สค.70-6125,2022-03-18 13:48:13,LITRE,DIESEL
2203060330,7007512494,30038348,10012569,ชม.70-4355,2022-03-18 14:00:40,LITRE,DIESEL
2203060339,7007512506,30038348,10012569,ชม.70-5122,2022-03-18 14:04:21,LITRE,DIESEL
2203060379,7007511553,10002692,10002692,กท.78-1149,2022-03-18 14:13:09,LITRE,DIESEL
2203060383,7007512557,30038347,10012717,กท.79-8994,2022-03-18 14:14:10,LITRE,DIESEL
2203060413,7007511019,10002739,10002739,กท.78-6744,2022-03-18 14:25:46,LITRE,DIESEL
2203060436,7007511672,30001090,10001206,ฉช.81-4230,2022-03-18 14:37:39,LITRE,DIESEL
2203060438,7007511836,10020965,10020965,กท.77-8134,2022-03-18 14:38:12,LITRE,DIESEL
2203060604,7007511814,30018141,10000923,กท.78-6742,2022-03-18 15:16:28,LITRE,DIESEL
2203060781,7007513031,30029534,10011665,กท.79-3258,2022-03-18 16:17:26,LITRE,DIESEL
2203060809,7007513083,10011633,10011633,รย.71-2637,2022-03-18 16:32:02,LITRE,DIESEL
2203060835,7007513109,30029534,10011665,กท.79-3257,2022-03-18 16:43:16,LITRE,DIESEL
2203061161,7007513394,30038390,10003964,สค.70-6125,2022-03-19 00:06:28,LITRE,DIESEL
2203061162,7007513395,30038348,10012569,ชม.70-5300,2022-03-19 00:07:12,LITRE,DIESEL
2203061163,7007513396,30038390,10003964,สค.70-6119,2022-03-19 00:07:15,LITRE,GASOHOL95
2203061164,7007513397,30038390,10003964,สค.70-2507,2022-03-19 00:07:52,LITRE,DIESEL
2203061166,7007513399,30038348,10012569,ลพ.70-0785,2022-03-19 00:08:25,LITRE,DIESEL
2203061167,7007513400,30038390,10003964,สค.70-3665,2022-03-19 00:08:43,LITRE,GASOHOL95
2203061204,7007513412,30038390,10003964,สค.70-4397,2022-03-19 00:52:24,LITRE,GASOHOL95
2203061214,7007513417,30038348,10012569,ชม.70-4355,2022-03-19 01:11:28,LITRE,DIESEL
2203061224,7007513424,30038348,10012569,ชม.70-5301,2022-03-19 01:44:16,LITRE,DIESEL
2203061234,7007513427,30038390,10003964,สค.70-4074,2022-03-19 02:03:55,LITRE,DIESEL
2203061240,7007513432,30038348,10012569,ชม.70-5261,2022-03-19 02:10:34,LITRE,DIESEL
2203061247,7007513435,10022031,10022031,รย.71-2638,2022-03-19 02:30:48,LITRE,DIESEL
2203061278,7007513453,30038348,10012569,ชม.70-5420,2022-03-19 03:34:34,LITRE,DIESEL
2203061299,7007513459,30038347,10012717,กท.79-8993,2022-03-19 04:08:55,LITRE,DIESEL
2203061300,7007513460,30034185,10012548,กท.79-7691,2022-03-19 04:27:30,LITRE,DIESEL
2203061333,7007511822,30040275,10021171,กท.76-4825,2022-03-19 06:07:02,LITRE,GASOHOL95
2203061335,7007513494,30038348,10012569,ชม.70-5302,2022-03-19 06:08:19,LITRE,DIESEL
2203061336,7007512366,10002692,10002692,กท.79-5843,2022-03-19 06:08:28,LITRE,DIESEL
2203061339,7007513501,30038390,10003964,สค.70-4335,2022-03-19 06:09:13,LITRE,GASOHOL95
2203061340,7007513503,30038390,10003964,สค.70-6123,2022-03-19 06:09:21,LITRE,DIESEL
2203061368,7007511818,30024855,10010834,กท.79-0144,2022-03-19 06:31:44,LITRE,DIESEL
2203061370,7007511825,10002256,10002256,กท.77-8133,2022-03-19 06:32:22,LITRE,DIESEL
2203061372,7007511824,30023005,10000923,กท.79-0642,2022-03-19 06:33:47,LITRE,DIESEL
2203061380,7007511830,10002227,10002227,กท.79-1961,2022-03-19 06:44:22,LITRE,DIESEL
2203061383,7007511823,30000449,10000923,กท.78-7993,2022-03-19 06:50:01,LITRE,DIESEL
2203061389,7007513549,30038348,10012569,ชม.70-5299,2022-03-19 06:55:18,LITRE,DIESEL
2203061392,7007513551,30038390,10003964,สค.70-5407,2022-03-19 07:02:30,LITRE,GASOHOL95
2203061394,7007511834,30045819,10022902,กท.77-9738,2022-03-19 07:02:55,LITRE,DIESEL
2203061401,7007511828,30000448,10000923,กท.78-6739,2022-03-19 07:18:13,LITRE,DIESEL
2203061409,7007511826,10008836,10008836,กท.74-9070,2022-03-19 07:28:33,LITRE,DIESEL
2203061413,7007513566,10021849,10021849,รย.81-6767,2022-03-19 07:29:42,LITRE,DIESEL
2203061417,7007513569,30038390,10003964,สค.70-2306,2022-03-19 07:41:17,LITRE,GASOHOL95
2203061441,7007513584,30029534,10011665,กท.79-5842,2022-03-19 08:00:56,LITRE,DIESEL
2203061444,7007513586,30043240,10022061,กท.75-0640,2022-03-19 08:03:33,LITRE,DIESEL
2203061445,7007513587,30043240,10022061,กท.72-3498,2022-03-19 08:04:58,LITRE,DIESEL
2203061447,7007511815,30000425,10000923,กท.79-0644,2022-03-19 08:09:27,LITRE,DIESEL
2203061460,7007513594,30038348,10012569,ชม.70-5123,2022-03-19 08:13:27,LITRE,DIESEL
2203061461,7007513595,30029534,10011665,กท.79-3258,2022-03-19 08:15:14,LITRE,DIESEL
2203061462,7007511820,10001126,10001126,กท.78-6744,2022-03-19 08:15:22,LITRE,DIESEL
2203061468,7007513597,30038347,10012717,กท.79-8997,2022-03-19 08:21:02,LITRE,DIESEL
2203061471,7007513600,30029534,10011665,กท.79-5841,2022-03-19 08:24:54,LITRE,DIESEL
2203061493,7007511821,30027174,10011277,ฉช.82-7443,2022-03-19 08:37:02,LITRE,DIESEL
2203061554,7007513782,30037192,10020738,ชบ.84-7139,2022-03-19 09:13:28,LITRE,DIESEL
2203061572,7007511829,30000448,10000923,กท.79-5843,2022-03-19 09:37:28,LITRE,DIESEL
2203061575,7007513157,10021385,10021385,กท.79-0644,2022-03-19 09:44:01,LITRE,DIESEL
2203061595,7007511831,10008836,10008836,กท.79-0144,2022-03-19 09:52:39,LITRE,DIESEL
2203061600,7007513958,30038348,10012569,ลพ.70-0786,2022-03-19 09:57:11,LITRE,DIESEL
2203061607,7007513967,30038348,10012569,ชม.70-5300,2022-03-19 10:00:45,LITRE,DIESEL
2203061625,7007513977,30029534,10011665,กท.79-3257,2022-03-19 10:10:07,LITRE,DIESEL
2203061643,7007513991,30038347,10012717,ชบ.84-7975,2022-03-19 10:29:38,LITRE,DIESEL
2203061645,7007513012,30017758,10008827,กท.79-0642,2022-03-19 10:30:28,LITRE,DIESEL
2203061649,7007513994,30038348,10012569,ชม.70-5124,2022-03-19 10:32:18,LITRE,DIESEL
2203061654,7007513997,30038390,10003964,สค.70-3890,2022-03-19 10:36:32,LITRE,GASOHOL95
2203061717,7007511857,30000441,10000923,กท.79-1961,2022-03-19 11:12:55,LITRE,DIESEL
2203061722,7007514028,30025789,10010981,กท.61-8797,2022-03-19 11:14:48,LITRE,DIESEL
2203061742,7007511812,10002692,10002692,กท.78-6744,2022-03-19 11:33:00,LITRE,DIESEL
2203061745,7007514042,30034185,10012548,กท.79-7691,2022-03-19 11:34:21,LITRE,DIESEL
2203061748,7007514046,10002758,10002758,ชบ.82-4190,2022-03-19 11:36:23,LITRE,DIESEL
2203061756,7007514051,30038348,10012569,ชม.70-5421,2022-03-19 11:44:17,LITRE,DIESEL
2203061770,7007514061,10002917,10002917,จบ.80-3645,2022-03-19 12:00:10,LITRE,DIESEL
2203061818,7007514076,30029534,10011665,กท.79-3259,2022-03-19 12:15:38,LITRE,DIESEL
2203061869,7007514092,30038348,10012569,ชม.70-5301,2022-03-19 12:36:36,LITRE,DIESEL
2203061896,7007511927,30013992,10002941,กท.77-9738,2022-03-19 12:50:36,LITRE,DIESEL
2203061907,7007514111,30043240,10022061,กท.75-6899,2022-03-19 13:00:49,LITRE,DIESEL
2203061949,7007511856,30013991,10000923,กท.78-6742,2022-03-19 13:40:56,LITRE,DIESEL
2203061953,7007514140,30038348,10012569,ลพ.70-0785,2022-03-19 13:43:30,LITRE,DIESEL
2203061968,7007511859,30003313,10002127,กท.74-9070,2022-03-19 13:54:07,LITRE,DIESEL
2203062125,7007514222,30038348,10012569,กท.79-6703,2022-03-19 15:56:32,LITRE,DIESEL
2203062354,7007512489,30022767,10010126,ฉช.82-8528,2022-03-19 23:48:08,LITRE,DIESEL
2203062373,7007514398,30038390,10003964,สค.70-6119,2022-03-20 00:03:17,LITRE,GASOHOL95
2203062375,7007514401,30038348,10012569,ชม.70-4355,2022-03-20 00:03:55,LITRE,DIESEL
2203062376,7007514402,30038390,10003964,สค.70-4073,2022-03-20 00:05:06,LITRE,DIESEL
2203062377,7007514403,30038348,10012569,ชม.70-4219,2022-03-20 00:06:02,LITRE,DIESEL
2203062399,7007514417,30038348,10012569,ชม.70-5302,2022-03-20 00:40:05,LITRE,DIESEL
2203062400,7007514418,10022892,10022892,ฉช.82-8346,2022-03-20 00:41:12,LITRE,DIESEL
2203062401,7007514419,30038390,10003964,สค.70-4397,2022-03-20 00:42:00,LITRE,GASOHOL95
2203062402,7007514420,30038348,10012569,ชม.70-5261,2022-03-20 00:43:05,LITRE,DIESEL
2203062416,7007514428,30038390,10003964,สค.70-5407,2022-03-20 01:08:20,LITRE,GASOHOL95
2203062442,7007512051,30026514,10001609,ฉช.82-2839,2022-03-20 02:16:38,LITRE,DIESEL
2203062447,7007512049,30026514,10001609,ฉช.82-7170,2022-03-20 02:26:02,LITRE,DIESEL
2203062480,7007514454,30038348,10012569,ชม.70-5300,2022-03-20 03:04:41,LITRE,DIESEL
2203062532,7007511865,10001126,10001126,กท.79-0841,2022-03-20 04:15:03,LITRE,DIESEL
2203062596,7007511931,30028481,10011460,กท.60-4208,2022-03-20 06:03:41,LITRE,GASOHOL95
2203062598,7007511863,30030400,10011816,กท.75-1033,2022-03-20 06:04:09,LITRE,GASOHOL95
2203062600,7007511884,10002256,10002256,กท.79-5843,2022-03-20 06:04:39,LITRE,DIESEL
2203062612,7007511842,10011002,10011002,กท.78-1149,2022-03-20 06:08:55,LITRE,DIESEL
2203062616,7007514525,30038390,10003964,สค.70-6123,2022-03-20 06:09:44,LITRE,DIESEL
2203062622,7007513026,30032384,10012238,กท.74-9067,2022-03-20 06:11:59,LITRE,DIESEL
2203062644,7007513119,10010409,10010409,กท.79-1830,2022-03-20 06:22:09,LITRE,DIESEL
2203062652,7007514554,30038348,10012569,ชม.70-5299,2022-03-20 06:25:29,LITRE,DIESEL
2203062660,7007511885,10006801,10006801,กท.79-5578,2022-03-20 06:28:09,LITRE,DIESEL
2203062666,7007511951,30025508,10002939,กท.79-0144,2022-03-20 06:29:29,LITRE,DIESEL
2203062674,7007511970,30023333,10005234,กท.79-0643,2022-03-20 06:31:47,LITRE,DIESEL
2203062679,7007511878,30040971,10020711,กท.78-7993,2022-03-20 06:33:55,LITRE,DIESEL
2203062683,7007511944,30045390,10005234,กท.60-4207,2022-03-20 06:35:54,LITRE,GASOHOL95
2203062703,7007511845,10007214,10007214,กท.79-0642,2022-03-20 06:42:10,LITRE,DIESEL
2203062747,7007511976,30000876,10001064,กท.78-6739,2022-03-20 06:53:44,LITRE,DIESEL
2203062754,7007511934,10012334,10012334,กท.79-5584,2022-03-20 06:55:42,LITRE,DIESEL
2203062762,7007511860,30003313,10002127,กท.79-0841,2022-03-20 06:58:01,LITRE,DIESEL
2203062787,7007511933,10008836,10008836,กท.79-2716,2022-03-20 07:03:42,LITRE,DIESEL
2203062806,7007511876,30027174,10011277,กท.60-4205,2022-03-20 07:04:38,LITRE,GASOHOL95
2203062819,7007513053,30013037,10001813,กท.76-4825,2022-03-20 07:06:42,LITRE,GASOHOL95
2203062837,7007511964,30030846,10002018,กท.79-0641,2022-03-20 07:10:58,LITRE,DIESEL
2203062838,7007511953,10023278,10023278,กท.77-8134,2022-03-20 07:11:50,LITRE,DIESEL
2203062878,7007511973,30042727,10021947,กท.79-2717,2022-03-20 07:20:24,LITRE,DIESEL
2203062899,7007511892,10003041,10003041,กท.79-0644,2022-03-20 07:25:08,LITRE,DIESEL
2203062935,7007514802,30038390,10003964,สค.70-2918,2022-03-20 07:32:23,LITRE,GASOHOL95
2203063034,7007511925,30019257,10005234,ฉช.82-7443,2022-03-20 07:52:42,LITRE,DIESEL
2203063086,7007514946,30029534,10011665,นม.70-6730,2022-03-20 08:00:37,LITRE,DIESEL
2203063121,7007515014,30038348,10012569,ชม.70-5123,2022-03-20 08:14:22,LITRE,DIESEL
2203063142,7007515051,30034185,10012548,กท.77-7979,2022-03-20 08:20:24,LITRE,DIESEL
2203063164,7007515112,30029534,10011665,กท.79-5842,2022-03-20 08:28:04,LITRE,DIESEL
2203063216,7007515176,30029534,10011665,กท.79-5841,2022-03-20 08:39:22,LITRE,DIESEL
2203063337,7007515744,10002888,10002888,รย.71-2637,2022-03-20 09:16:32,LITRE,DIESEL
2203063366,7007515850,30038348,10012569,ชบ.84-7156,2022-03-20 09:26:37,LITRE,DIESEL
2203063391,7007516028,10022051,10022051,ชบ.85-3878,2022-03-20 09:37:50,LITRE,DIESEL
2203063438,7007516092,30017362,10000923,ฉช.82-8346,2022-03-20 09:48:40,LITRE,GASOHOL95
2203063443,7007516222,30037192,10020738,ชบ.84-7139,2022-03-20 09:51:51,LITRE,DIESEL
2203063448,7007516282,10021756,10021756,นม.70-6721,2022-03-20 09:53:29,LITRE,GASOHOL95
2203063454,7007516365,30038348,10012569,ลพ.70-0785,2022-03-20 09:55:19,LITRE,DIESEL
2203063490,7007516533,30043240,10022061,กท.77-6494,2022-03-20 10:01:14,LITRE,DIESEL
2203063492,7007516536,10011635,10011635,จบ.80-8222,2022-03-20 10:02:15,LITRE,DIESEL
2203063565,7007516453,10023230,10023230,สบ.71-0408,2022-03-20 10:23:25,LITRE,GASOHOL95
2203063614,7007511864,10002966,10002966,กท.74-9067,2022-03-20 10:32:55,LITRE,DIESEL
2203063652,7007511850,30031849,10000923,กท.78-7993,2022-03-20 10:39:01,LITRE,DIESEL
2203063673,7007511958,10002940,10002940,กท.79-0644,2022-03-20 10:41:00,LITRE,DIESEL
2203063686,7007517364,10013552,10013552,กท.62-1291,2022-03-20 10:44:03,LITRE,GASOHOL95
2203063690,7007515136,10002692,10002692,กท.79-0643,2022-03-20 10:45:49,LITRE,DIESEL
2203063777,7007518150,30038347,10012717,กท.61-4380,2022-03-20 11:03:33,LITRE,DIESEL
2203063788,7007518131,30024684,10013738,รย.71-2638,2022-03-20 11:06:50,LITRE,DIESEL
2203063795,7007518334,10002812,10002812,ฉช.81-3257,2022-03-20 11:09:54,LITRE,DIESEL
2203063803,7007511941,30000448,10000923,กท.79-5578,2022-03-20 11:13:28,LITRE,DIESEL
2203063854,7007518539,10022660,10022660,กท.61-6634,2022-03-20 11:23:46,LITRE,GASOHOL95
2203063857,7007518342,10022660,10022660,นม.70-7498,2022-03-20 11:24:25,LITRE,GASOHOL95
2203063933,7007518913,30038390,10003964,สค.70-4074,2022-03-20 11:47:25,LITRE,DIESEL
2203063941,7007511854,30020647,10000923,กท.78-6739,2022-03-20 11:49:13,LITRE,DIESEL
2203063947,7007518939,30043240,10022061,ชบ.83-3599,2022-03-20 11:51:03,LITRE,DIESEL
2203063949,7007518950,30038348,10012569,ชม.70-5301,2022-03-20 11:52:20,LITRE,DIESEL
2203063950,7007511886,30018565,10008995,กท.77-8134,2022-03-20 11:53:23,LITRE,DIESEL
2203063980,7007518988,30034185,10012548,กท.78-4646,2022-03-20 11:59:11,LITRE,GASOHOL95
2203064007,7007519046,30038348,10012569,ชม.70-5300,2022-03-20 12:09:40,LITRE,DIESEL
2203064041,7007511947,30000418,10000923,กท.79-1830,2022-03-20 12:13:23,LITRE,DIESEL
2203064043,7007515751,10020965,10020965,กท.79-0642,2022-03-20 12:13:57,LITRE,DIESEL
2203064050,7007511975,30019258,10005234,ฉช.82-7443,2022-03-20 12:16:28,LITRE,DIESEL
2203064077,7007519160,30038347,10012717,กท.61-4720,2022-03-20 12:20:55,LITRE,DIESEL
2203064081,7007518548,30026514,10001609,กท.79-0641,2022-03-20 12:23:01,LITRE,DIESEL
2203064102,7007515784,30045843,10011319,กท.60-4208,2022-03-20 12:32:36,LITRE,GASOHOL95
2203064105,7007519185,30038348,10012569,ชม.70-5261,2022-03-20 12:34:40,LITRE,DIESEL
2203064108,7007519187,10002758,10002758,ชบ.82-4190,2022-03-20 12:35:37,LITRE,DIESEL
2203064134,7007517939,10008093,10008093,ฉช.81-4230,2022-03-20 12:48:58,LITRE,DIESEL
2203064135,7007515761,10002877,10002877,กท.77-9738,2022-03-20 12:49:10,LITRE,DIESEL
2203064142,7007511929,30013992,10002941,กท.79-0144,2022-03-20 12:52:28,LITRE,DIESEL
2203064201,7007519299,30029534,10011665,กท.79-3259,2022-03-20 13:08:25,LITRE,DIESEL
2203064228,7007511883,30003071,10002044,กท.78-6742,2022-03-20 13:16:08,LITRE,DIESEL
2203064316,7007519802,10013578,10013578,กท.79-2159,2022-03-20 13:39:42,LITRE,GASOHOL95
2203064353,7007511942,30003113,10002105,กท.78-1149,2022-03-20 13:48:59,LITRE,DIESEL
2203064356,7007520430,30043240,10022061,กท.75-9797,2022-03-20 13:50:00,LITRE,DIESEL
2203064368,7007511949,30039760,10000923,กท.79-0643,2022-03-20 13:55:09,LITRE,DIESEL
2203064382,7007520472,30024438,10013572,ชบ.71-8902,2022-03-20 14:00:46,LITRE,GASOHOL95
2203064388,7007520781,10023357,10023357,ชบ.71-4793,2022-03-20 14:03:16,LITRE,GASOHOL95
2203064389,7007520679,10023357,10023357,ชบ.71-4792,2022-03-20 14:03:57,LITRE,GASOHOL95
2203064393,7007519386,30020706,10002018,กท.79-1961,2022-03-20 14:05:09,LITRE,DIESEL
2203064400,7007511963,30032380,10001601,กท.79-5843,2022-03-20 14:07:17,LITRE,DIESEL
2203064462,7007521718,30038348,10012569,ชม.70-5421,2022-03-20 14:26:39,LITRE,DIESEL
2203064506,7007511935,30000442,10000923,กท.79-5584,2022-03-20 14:41:37,LITRE,DIESEL
2203064531,7007522669,10022050,10022050,ชบ.85-0496,2022-03-20 14:48:39,LITRE,DIESEL
2203064597,7007523454,30043240,10022061,กท.77-6494,2022-03-20 15:06:57,LITRE,DIESEL
2203064601,7007519026,30040275,10021171,กท.77-8133,2022-03-20 15:10:23,LITRE,DIESEL
2203064606,7007523538,30038348,10012569,ชม.70-4355,2022-03-20 15:11:35,LITRE,DIESEL
2203064621,7007523570,10021849,10021849,รย.81-6767,2022-03-20 15:15:12,LITRE,DIESEL
2203064656,7007515772,30023005,10000923,กท.79-0644,2022-03-20 15:33:05,LITRE,DIESEL
2203064658,7007523761,10002913,10002913,ตร.80-2192,2022-03-20 15:33:52,LITRE,DIESEL
2203064675,7007511962,10008836,10008836,กท.78-6739,2022-03-20 15:37:37,LITRE,DIESEL
2203064713,7007511974,30042727,10021947,กท.74-9070,2022-03-20 15:55:32,LITRE,DIESEL
2203064854,7007511867,30002244,10001601,กท.77-9738,2022-03-20 16:49:00,LITRE,DIESEL
2203064887,7007511861,30024855,10010834,กท.79-1961,2022-03-20 17:05:50,LITRE,DIESEL
2203064925,7007518034,30013992,10002941,กท.78-6742,2022-03-20 17:27:06,LITRE,DIESEL
2203064946,7007511858,30000420,10000923,ฉช.82-7443,2022-03-20 17:42:31,LITRE,DIESEL
2203065004,7007518070,30021096,10000923,กท.78-7993,2022-03-20 18:19:36,LITRE,DIESEL
2203065016,7007521035,30038397,10020873,กท.79-5843,2022-03-20 18:26:35,LITRE,DIESEL
2203065027,7007517997,30045390,10005234,กท.79-1830,2022-03-20 18:39:04,LITRE,DIESEL
2203065040,7007518075,30018141,10000923,กท.79-0841,2022-03-20 18:44:08,LITRE,DIESEL
2203065047,7007517778,30028689,10000923,กท.79-0643,2022-03-20 18:51:18,LITRE,DIESEL
2203065129,7007517962,30003313,10002127,กท.74-9067,2022-03-20 19:42:16,LITRE,DIESEL
2203065342,7007525448,30038390,10003964,สค.70-4073,2022-03-21 00:06:48,LITRE,DIESEL
2203065343,7007525449,30038390,10003964,สค.70-6119,2022-03-21 00:07:39,LITRE,GASOHOL95
2203065344,7007525450,30038348,10012569,ชม.70-4219,2022-03-21 00:08:41,LITRE,DIESEL
2203065379,7007525493,30038390,10003964,สค.70-6125,2022-03-21 00:54:22,LITRE,DIESEL
2203065382,7007525494,30038348,10012569,ชม.70-5301,2022-03-21 00:56:07,LITRE,DIESEL
2203065416,7007525510,30038390,10003964,สค.70-5407,2022-03-21 01:26:11,LITRE,GASOHOL95
2203065456,7007525534,30029534,10011665,กท.79-3257,2022-03-21 02:07:26,LITRE,DIESEL
2203065471,7007525537,30038362,10011280,กท.61-7782,2022-03-21 02:32:09,LITRE,GASOHOL95
2203065474,7007521059,10002836,10002836,ฉช.82-0002,2022-03-21 02:33:11,LITRE,DIESEL
2203065526,7007517965,30026514,10001609,ฉช.82-4812,2022-03-21 03:12:04,LITRE,DIESEL
2203065529,7007525561,30038390,10003964,สค.70-4335,2022-03-21 03:15:20,LITRE,GASOHOL95
2203065536,7007525563,30038362,10011280,กท.79-2899,2022-03-21 03:21:50,LITRE,GASOHOL95
2203065538,7007525564,30038348,10012569,ชม.70-5194,2022-03-21 03:25:38,LITRE,DIESEL
2203065549,7007518022,30028481,10011460,กท.75-1033,2022-03-21 03:36:25,LITRE,GASOHOL95
2203065564,7007525576,30038348,10012569,ลพ.70-0785,2022-03-21 03:58:39,LITRE,DIESEL
2203065601,7007525643,30038348,10012569,ลพ.70-0786,2022-03-21 04:32:29,LITRE,DIESEL
2203065608,7007517867,10001126,10001126,กท.79-0644,2022-03-21 04:47:15,LITRE,DIESEL
2203065646,7007517813,30027174,10011277,กท.78-1149,2022-03-21 06:03:25,LITRE,DIESEL
2203065656,7007518046,30000449,10000923,กท.79-5584,2022-03-21 06:05:25,LITRE,DIESEL
2203065669,7007525692,30038390,10003964,สค.70-6123,2022-03-21 06:08:42,LITRE,DIESEL
2203065673,7007521065,10007463,10007463,ฉช.82-3201,2022-03-21 06:09:36,LITRE,DIESEL
2203065688,7007517981,10021113,10021113,กท.74-9070,2022-03-21 06:13:45,LITRE,DIESEL
2203065690,7007517853,30001090,10001206,กท.79-5578,2022-03-21 06:14:27,LITRE,DIESEL
2203065700,7007518051,10011002,10011002,กท.77-8133,2022-03-21 06:21:02,LITRE,DIESEL
2203065703,7007525728,30034185,10012548,กท.78-4646,2022-03-21 06:22:49,LITRE,GASOHOL95
2203065708,7007517886,30030400,10011816,ฉช.82-7443,2022-03-21 06:25:09,LITRE,DIESEL
2203065717,7007517890,10002692,10002692,กท.79-0642,2022-03-21 06:30:02,LITRE,DIESEL
2203065718,7007525734,30038348,10012569,ชม.70-5299,2022-03-21 06:31:05,LITRE,DIESEL
2203065722,7007517908,30041102,10000923,กท.77-9738,2022-03-21 06:33:35,LITRE,DIESEL
2203065724,7007525740,30038390,10003964,สค.70-3935,2022-03-21 06:34:27,LITRE,GASOHOL95
2203065733,7007525746,30034185,10012548,กท.79-7691,2022-03-21 06:39:25,LITRE,DIESEL
2203065738,7007525751,30038362,10011280,กท.79-3156,2022-03-21 06:40:58,LITRE,GASOHOL95
2203065739,7007518038,10002256,10002256,กท.79-5579,2022-03-21 06:41:39,LITRE,DIESEL
2203065752,7007518011,30045421,10005234,กท.79-1961,2022-03-21 06:46:04,LITRE,DIESEL
2203065767,7007517749,30045819,10022902,กท.79-0144,2022-03-21 06:53:24,LITRE,DIESEL
2203065769,7007517759,30004035,10003078,กท.79-0641,2022-03-21 06:53:57,LITRE,DIESEL
2203065770,7007517945,30025508,10002939,กท.78-6739,2022-03-21 06:54:20,LITRE,DIESEL
2203065813,7007517862,30002244,10001601,กท.77-8134,2022-03-21 07:02:10,LITRE,DIESEL
2203065853,7007521026,10001152,10001152,กท.78-6744,2022-03-21 07:07:16,LITRE,DIESEL
2203065988,7007518005,10008836,10008836,กท.79-2717,2022-03-21 07:34:58,LITRE,DIESEL
2203066019,7007526018,10011634,10011634,รย.82-0448,2022-03-21 07:41:02,LITRE,DIESEL
2203066091,7007526114,30043240,10022061,กท.75-6899,2022-03-21 08:02:25,LITRE,DIESEL
2203066102,7007517955,30003313,10002127,กท.79-0644,2022-03-21 08:04:43,LITRE,DIESEL
2203066115,7007526144,30029534,10011665,กท.79-5842,2022-03-21 08:09:30,LITRE,DIESEL
2203066142,7007526151,30029534,10011665,กท.79-3258,2022-03-21 08:12:17,LITRE,DIESEL
2203066271,7007526595,30043240,10022061,กท.75-2786,2022-03-21 09:03:40,LITRE,DIESEL
2203066276,7007517989,30040454,10003078,กท.79-0642,2022-03-21 09:05:10,LITRE,DIESEL
2203066284,7007517791,30013037,10001813,กท.60-4205,2022-03-21 09:07:41,LITRE,GASOHOL95
2203066323,7007526946,30047221,10022051,ชบ.85-3878,2022-03-21 09:23:10,LITRE,DIESEL
2203066409,7007527377,10002921,10002921,จบ.80-8222,2022-03-21 09:46:19,LITRE,DIESEL
2203066438,7007527539,30038362,10011280,นม.70-5434,2022-03-21 09:53:17,LITRE,GASOHOL95
2203066475,7007527332,10022543,10022543,ชม.70-6753,2022-03-21 10:02:08,LITRE,GASOHOL95
2203066479,7007527360,10022543,10022543,ชร.70-6493,2022-03-21 10:04:14,LITRE,GASOHOL95
2203066510,7007517968,30040542,10005234,กท.79-0641,2022-03-21 10:10:53,LITRE,DIESEL
2203066564,7007528373,10023257,10023257,นม.70-6589,2022-03-21 10:27:09,LITRE,DIESEL
2203066579,7007517878,10002966,10002966,กท.77-8134,2022-03-21 10:31:41,LITRE,DIESEL
2203066619,7007528726,30038348,10012569,ชม.70-5302,2022-03-21 10:45:13,LITRE,DIESEL
2203066681,7007517804,30040275,10021171,กท.75-1033,2022-03-21 10:53:50,LITRE,GASOHOL95
2203066704,7007529145,30038348,10012569,ชม.70-5122,2022-03-21 11:04:16,LITRE,DIESEL
2203066708,7007529215,30043240,10022061,กท.75-6899,2022-03-21 11:05:52,LITRE,DIESEL
2203066712,7007529299,30038348,10012569,กท.79-6697,2022-03-21 11:07:29,LITRE,DIESEL
2203066715,7007517899,10008836,10008836,กท.74-9070,2022-03-21 11:08:05,LITRE,DIESEL
2203066718,7007522560,30000876,10001064,กท.78-6742,2022-03-21 11:08:39,LITRE,DIESEL
2203066721,7007517985,30028860,10003078,กท.77-9738,2022-03-21 11:09:19,LITRE,DIESEL
2203066793,7007529848,10021938,10021938,นม.70-6736,2022-03-21 11:33:26,LITRE,GASOHOL95
2203066795,7007529907,10021938,10021938,นม.70-8646,2022-03-21 11:34:06,LITRE,GASOHOL95
2203066825,7007530277,30029534,10011665,กท.79-3259,2022-03-21 11:42:17,LITRE,DIESEL
2203066831,7007530283,30043240,10022061,กท.77-6494,2022-03-21 11:44:13,LITRE,DIESEL
2203066861,7007530394,30038348,10012569,ชม.70-5261,2022-03-21 11:52:18,LITRE,DIESEL
2203066870,7007529536,30026514,10001609,ฉช.82-4812,2022-03-21 11:55:11,LITRE,DIESEL
2203066923,7007517993,30023006,10000923,กท.79-5584,2022-03-21 12:15:29,LITRE,DIESEL
2203066935,7007531032,10002917,10002917,จบ.80-3645,2022-03-21 12:22:03,LITRE,DIESEL
2203066946,7007517827,10006337,10006337,กท.78-6744,2022-03-21 12:29:29,LITRE,DIESEL
2203066954,7007531181,30038347,10012717,กท.79-8994,2022-03-21 12:34:22,LITRE,DIESEL
2203066959,7007524231,30000440,10000923,กท.78-1149,2022-03-21 12:38:20,LITRE,DIESEL
2203067010,7007517766,30026658,10005234,กท.79-1830,2022-03-21 12:59:56,LITRE,DIESEL
2203067014,7007517820,10007736,10007736,กท.77-8133,2022-03-21 13:03:53,LITRE,DIESEL
2203067016,7007531141,10021938,10021938,นม.70-6892,2022-03-21 13:04:01,LITRE,GASOHOL95
2203067018,7007522064,30020706,10002018,กท.79-0643,2022-03-21 13:05:17,LITRE,DIESEL
2203067061,7007531511,30038347,10012717,ชบ.84-7975,2022-03-21 13:17:18,LITRE,DIESEL
2203067067,7007528305,30045372,10003078,กท.78-6739,2022-03-21 13:18:51,LITRE,DIESEL
2203067100,7007531605,30029534,10011665,กท.79-5841,2022-03-21 13:25:22,LITRE,DIESEL
2203067105,7007531636,30038348,10012569,ชม.70-5300,2022-03-21 13:27:23,LITRE,DIESEL
2203067108,7007531649,30034185,10012548,กท.79-7691,2022-03-21 13:28:27,LITRE,DIESEL
2203067131,7007531681,30038348,10012569,ชม.70-4219,2022-03-21 13:32:00,LITRE,DIESEL
2203067139,7007517833,30042418,10007173,กท.79-5579,2022-03-21 13:40:54,LITRE,DIESEL
2203067178,7007517841,10021783,10021783,กท.79-2717,2022-03-21 13:50:50,LITRE,DIESEL
2203067201,7007518041,30023005,10000923,กท.79-1961,2022-03-21 13:58:01,LITRE,DIESEL
2203067207,7007532371,30038348,10012569,ชม.70-5301,2022-03-21 14:01:10,LITRE,DIESEL
2203067210,7007531376,10007530,10007530,กท.79-0642,2022-03-21 14:03:04,LITRE,DIESEL
2203067235,7007532685,30029534,10011665,นม.70-6730,2022-03-21 14:13:19,LITRE,DIESEL
2203067257,7007532749,10021768,10021768,ชบ.85-3878,2022-03-21 14:18:13,LITRE,DIESEL
2203067260,7007518084,30026769,10011199,กท.79-5843,2022-03-21 14:19:08,LITRE,DIESEL
2203067263,7007523002,10002749,10002749,กท.78-7993,2022-03-21 14:19:45,LITRE,DIESEL
2203067298,7007528313,30033326,10001099,ฉช.82-7443,2022-03-21 14:32:49,LITRE,DIESEL
2203067344,7007533025,10002812,10002812,ฉช.81-3257,2022-03-21 14:45:16,LITRE,DIESEL
2203067396,7007533252,30038348,10012569,ชม.70-4355,2022-03-21 14:58:17,LITRE,DIESEL
2203067400,7007531565,30013037,10001813,กท.60-4208,2022-03-21 14:59:03,LITRE,DIESEL
2203067430,7007528322,30009314,10002796,กท.79-0144,2022-03-21 15:09:04,LITRE,DIESEL
2203067464,7007517951,30024855,10010834,กท.79-0841,2022-03-21 15:21:54,LITRE,DIESEL
2203067485,7007531670,30020880,10009638,ฉช.81-4230,2022-03-21 15:29:35,LITRE,DIESEL
2203067493,7007533946,30034185,10012548,กท.78-4444,2022-03-21 15:36:59,LITRE,DIESEL
2203067512,7007518056,30000425,10000923,กท.78-6742,2022-03-21 15:47:00,LITRE,DIESEL
2203067515,7007534088,10022437,10022437,นม.70-6589,2022-03-21 15:48:31,LITRE,DIESEL
2203067545,7007534306,30038348,10012569,ชม.70-5299,2022-03-21 16:02:05,LITRE,DIESEL
2203067616,7007534684,30038348,10012569,ชม.70-5421,2022-03-21 16:32:41,LITRE,DIESEL
2203067636,7007534715,30025789,10010981,กท.78-5932,2022-03-21 16:37:55,LITRE,DIESEL
2203067690,7007518062,30000420,10000923,กท.79-5578,2022-03-21 16:51:07,LITRE,DIESEL
2203067723,7007531579,30031412,10002018,กท.79-5584,2022-03-21 17:10:03,LITRE,DIESEL
2203067724,7007531571,30033260,10002018,กท.79-5843,2022-03-21 17:10:26,LITRE,DIESEL
2203067789,7007518026,30013992,10002941,กท.79-0643,2022-03-21 17:45:00,LITRE,DIESEL
2203067819,7007531567,10002244,10002244,กท.79-5579,2022-03-21 18:07:15,LITRE,DIESEL
2203067822,7007531509,30013992,10002941,กท.78-1149,2022-03-21 18:11:50,LITRE,DIESEL
2203067839,7007531524,30003313,10002127,กท.79-1830,2022-03-21 18:37:39,LITRE,DIESEL
2203068165,7007535398,30038348,10012569,ชม.70-5300,2022-03-22 00:04:14,LITRE,DIESEL
2203068166,7007535399,30038390,10003964,สค.70-6119,2022-03-22 00:05:03,LITRE,GASOHOL95
2203068168,7007535401,30038348,10012569,ลพ.70-0785,2022-03-22 00:06:38,LITRE,DIESEL
2203068169,7007535402,30038348,10012569,ลพ.70-0786,2022-03-22 00:07:58,LITRE,DIESEL
2203068170,7007535403,30038390,10003964,สค.70-2507,2022-03-22 00:09:19,LITRE,DIESEL
2203068171,7007535404,30038348,10012569,ชม.70-5261,2022-03-22 00:11:58,LITRE,DIESEL
2203068214,7007535428,10022031,10022031,รย.71-2638,2022-03-22 00:54:23,LITRE,DIESEL
2203068217,7007535431,30038390,10003964,สค.70-3665,2022-03-22 00:57:06,LITRE,GASOHOL95
2203068276,7007535454,30038348,10012569,ชม.70-5302,2022-03-22 01:55:42,LITRE,DIESEL
2203068289,7007531677,30011473,10001628,ฉช.82-2839,2022-03-22 02:03:25,LITRE,DIESEL
2203068314,7007531672,30026514,10001609,ฉช.82-7170,2022-03-22 02:34:47,LITRE,DIESEL
2203068329,7007535476,30038390,10003964,สค.70-4074,2022-03-22 02:51:26,LITRE,DIESEL
2203068344,7007531673,10009048,10009048,ฉช.82-8528,2022-03-22 02:58:00,LITRE,DIESEL
2203068353,7007535481,30038362,10011280,กท.61-7782,2022-03-22 03:07:37,LITRE,GASOHOL95
2203068370,7007535486,10002758,10002758,ชบ.82-4190,2022-03-22 03:26:54,LITRE,DIESEL
2203068375,7007535488,30038362,10011280,กท.79-7440,2022-03-22 03:31:58,LITRE,GASOHOL95
2203068384,7007535492,30038390,10003964,สค.70-5407,2022-03-22 03:48:05,LITRE,GASOHOL95
2203068423,7007531534,10002692,10002692,กท.78-6742,2022-03-22 04:21:52,LITRE,DIESEL
2203068468,7007531539,30030400,10011816,กท.79-0144,2022-03-22 06:03:43,LITRE,DIESEL
2203068470,7007531526,30003313,10002127,กท.78-6742,2022-03-22 06:04:15,LITRE,DIESEL
2203068473,7007535529,30038390,10003964,สค.70-6125,2022-03-22 06:05:12,LITRE,DIESEL
2203068476,7007535531,30038362,10011280,กท.61-8383,2022-03-22 06:06:19,LITRE,DIESEL
2203068480,7007531959,10002877,10002877,กท.79-5578,2022-03-22 06:08:01,LITRE,DIESEL
2203068512,7007535554,30038390,10003964,สค.70-4335,2022-03-22 06:20:02,LITRE,GASOHOL95
2203068518,7007531541,10001126,10001126,กท.79-0642,2022-03-22 06:21:31,LITRE,DIESEL
2203068527,7007531514,30028481,10011460,กท.74-9070,2022-03-22 06:25:45,LITRE,DIESEL
2203068544,7007531515,10008836,10008836,กท.74-9067,2022-03-22 06:28:55,LITRE,DIESEL
2203068558,7007535574,30038348,10012569,ชม.70-6510,2022-03-22 06:35:14,LITRE,DIESEL
2203068561,7007531554,30027174,10011277,ฉช.82-7443,2022-03-22 06:37:33,LITRE,DIESEL
2203068562,7007531542,30002244,10001601,กท.79-2717,2022-03-22 06:38:12,LITRE,DIESEL
2203068572,7007534752,30020702,10002018,กท.79-2716,2022-03-22 06:41:49,LITRE,DIESEL
2203068573,7007531530,30025508,10002939,กท.77-8133,2022-03-22 06:43:05,LITRE,DIESEL
2203068574,7007531558,10003041,10003041,กท.77-9738,2022-03-22 06:43:07,LITRE,DIESEL
2203068584,7007531506,10006801,10006801,กท.78-7993,2022-03-22 06:47:06,LITRE,DIESEL
2203068595,7007531512,30032380,10001601,กท.79-0841,2022-03-22 06:51:39,LITRE,DIESEL
2203068634,7007531508,30018565,10008995,กท.79-0643,2022-03-22 07:02:28,LITRE,DIESEL
2203068668,7007531562,30013037,10001813,กท.76-4825,2022-03-22 07:06:22,LITRE,GASOHOL95
2203068685,7007531548,30001090,10001206,กท.79-1961,2022-03-22 07:09:27,LITRE,DIESEL
2203068709,7007531503,30043944,10000923,กท.79-0641,2022-03-22 07:14:14,LITRE,DIESEL
2203068752,7007531505,10002256,10002256,กท.77-8134,2022-03-22 07:21:39,LITRE,DIESEL
2203068821,7007535819,30029534,10011665,กท.79-3257,2022-03-22 07:33:26,LITRE,DIESEL
2203068837,7007531519,10012334,10012334,กท.78-6744,2022-03-22 07:37:06,LITRE,DIESEL
2203068842,7007535839,30029534,10011665,กท.79-5842,2022-03-22 07:37:14,LITRE,DIESEL
2203068846,7007535844,30029534,10011665,กท.79-3259,2022-03-22 07:38:02,LITRE,DIESEL
2203068899,7007531536,30042727,10021947,กท.79-0644,2022-03-22 07:54:33,LITRE,DIESEL
2203068943,7007535941,30029534,10011665,กท.79-5841,2022-03-22 08:07:48,LITRE,DIESEL
2203068986,7007531674,30028393,10001206,ฉช.82-2839,2022-03-22 08:19:02,LITRE,DIESEL
2203069050,7007536141,30038347,10012717,กท.79-8995,2022-03-22 08:37:32,LITRE,DIESEL
2203069098,7007531537,30042727,10021947,กท.74-9070,2022-03-22 08:52:11,LITRE,DIESEL
2203069101,7007536246,30038390,10003964,สค.70-6124,2022-03-22 09:04:16,LITRE,GASOHOL95
2203069135,7007536367,30037192,10020738,ชบ.84-7139,2022-03-22 09:11:35,LITRE,DIESEL
2203069166,7007536479,30038348,10012569,ชบ.84-7237,2022-03-22 09:18:12,LITRE,DIESEL
2203069193,7007536605,30043240,10022061,กท.75-6899,2022-03-22 09:22:53,LITRE,DIESEL
2203069206,7007536700,30043240,10022061,กท.75-9797,2022-03-22 09:40:55,LITRE,DIESEL
2203069255,7007531533,30040542,10005234,กท.79-2717,2022-03-22 09:47:32,LITRE,DIESEL
2203069291,7007537062,30038348,10012569,กท.79-6697,2022-03-22 09:48:54,LITRE,DIESEL
2203069294,7007531518,30028111,10005818,กท.79-0642,2022-03-22 09:58:53,LITRE,DIESEL
2203069322,7007533183,30045843,10011319,กท.79-5578,2022-03-22 09:59:13,LITRE,DIESEL
2203069323,7007531553,10007482,10007482,กท.79-0841,2022-03-22 10:28:31,LITRE,DIESEL
2203069439,7007531583,10020965,10020965,กท.79-2716,2022-03-22 11:08:13,LITRE,DIESEL
2203069583,7007538526,30015113,10002127,ฉช.82-8528,2022-03-22 11:12:15,LITRE,DIESEL
2203069598,7007538521,10022543,10022543,ชม.70-5991,2022-03-22 11:12:21,LITRE,GASOHOL95
2203069599,7007538511,10022543,10022543,ชม.70-6755,2022-03-22 11:20:44,LITRE,GASOHOL95
2203069622,7007534281,30028859,10001624,กท.78-1149,2022-03-22 11:24:18,LITRE,DIESEL
2203069632,7007537019,10007890,10007890,กท.78-7993,2022-03-22 11:25:28,LITRE,DIESEL
2203069635,7007537043,10007781,10007781,กท.79-0641,2022-03-22 11:29:01,LITRE,DIESEL
2203069647,7007538704,30038348,10012569,ชม.70-5421,2022-03-22 11:29:55,LITRE,DIESEL
2203069650,7007538713,30038348,10012569,ชม.70-5124,2022-03-22 11:41:42,LITRE,DIESEL
2203069683,7007531556,30040275,10021171,กท.60-4207,2022-03-22 11:42:56,LITRE,GASOHOL95
2203069687,7007531574,30000443,10000923,กท.79-0644,2022-03-22 12:19:40,LITRE,DIESEL
2203069813,7007539028,30038348,10012569,ชม.70-4219,2022-03-22 12:23:42,LITRE,DIESEL
2203069820,7007539038,10011635,10011635,จบ.80-8222,2022-03-22 12:26:44,LITRE,DIESEL
2203069833,7007531510,30013992,10002941,กท.78-6744,2022-03-22 12:32:53,LITRE,DIESEL
2203069853,7007531504,30003071,10002044,ฉช.82-7443,2022-03-22 12:36:32,LITRE,DIESEL
2203069871,7007531522,30000420,10000923,กท.79-0841,2022-03-22 12:42:57,LITRE,DIESEL
2203069875,7007539079,30038348,10012569,ชม.70-4355,2022-03-22 12:45:45,LITRE,DIESEL
2203069984,7007539185,30038362,10011280,กท.61-8383,2022-03-22 13:12:34,LITRE,DIESEL
2203069990,7007538978,10021385,10021385,กท.74-9067,2022-03-22 13:15:12,LITRE,DIESEL
2203070017,7007539347,30038348,10012569,ชม.70-5299,2022-03-22 13:25:15,LITRE,DIESEL
2203070035,7007534750,10002692,10002692,กท.79-5579,2022-03-22 13:30:16,LITRE,DIESEL
2203070037,7007537048,30020706,10002018,กท.79-5584,2022-03-22 13:30:49,LITRE,DIESEL
2203070043,7007537035,30040004,10021125,กท.79-0643,2022-03-22 13:32:14,LITRE,DIESEL
2203070053,7007539443,30038348,10012569,ชม.70-5300,2022-03-22 13:36:41,LITRE,DIESEL
2203070096,7007539534,10011633,10011633,รย.81-1375,2022-03-22 13:44:40,LITRE,DIESEL
2203070114,7007539640,10021849,10021849,รย.81-6767,2022-03-22 13:52:46,LITRE,DIESEL
2203070136,7007539666,30029534,10011665,กท.79-3258,2022-03-22 13:56:22,LITRE,DIESEL
2203070151,7007531580,30031505,10000923,กท.79-5843,2022-03-22 13:59:49,LITRE,DIESEL
2203070156,7007539721,30034185,10012548,กท.78-4646,2022-03-22 14:02:05,LITRE,GASOHOL95
2203070197,7007538833,10008093,10008093,ฉช.81-4230,2022-03-22 14:13:17,LITRE,DIESEL
2203070202,7007539904,30043240,10022061,กท.72-3498,2022-03-22 14:17:03,LITRE,DIESEL
2203070246,7007531528,30024855,10010834,กท.77-8134,2022-03-22 14:29:35,LITRE,DIESEL
2203070262,7007540035,30038390,10003964,สค.70-6123,2022-03-22 14:30:14,LITRE,DIESEL
2203070279,7007538334,10002739,10002739,กท.79-1830,2022-03-22 14:35:35,LITRE,DIESEL
2203070326,7007540421,30029534,10011665,นม.70-6589,2022-03-22 14:59:45,LITRE,DIESEL
2203070415,7007537041,30012564,10005234,กท.77-8133,2022-03-22 15:32:19,LITRE,DIESEL
2203070422,7007541285,30038348,10012569,ชม.70-5122,2022-03-22 15:37:36,LITRE,DIESEL
2203070473,7007537039,10001207,10001207,กท.79-0144,2022-03-22 15:53:03,LITRE,DIESEL
2203070514,7007541592,30038347,10012717,กท.61-4380,2022-03-22 16:12:45,LITRE,DIESEL
2203070554,7007539381,30023003,10000923,กท.79-0644,2022-03-22 16:25:23,LITRE,DIESEL
2203070625,7007539409,30022899,10000923,กท.79-5579,2022-03-22 17:03:59,LITRE,DIESEL
2203070633,7007539406,30018141,10000923,กท.79-0641,2022-03-22 17:08:47,LITRE,DIESEL
2203070673,7007539418,30013992,10002941,กท.79-5584,2022-03-22 17:39:52,LITRE,DIESEL
2203070675,7007538314,10002698,10002698,กท.79-1961,2022-03-22 17:41:02,LITRE,DIESEL
2203070677,7007539597,30003313,10002127,กท.79-0642,2022-03-22 17:43:51,LITRE,DIESEL
2203071037,7007542992,30038390,10003964,สค.70-4073,2022-03-23 00:04:26,LITRE,DIESEL
2203071039,7007542993,30038390,10003964,สค.70-6119,2022-03-23 00:05:21,LITRE,GASOHOL95
2203071043,7007542994,30038348,10012569,ลพ.70-0786,2022-03-23 00:07:28,LITRE,DIESEL
2203071044,7007542995,30038348,10012569,ลพ.70-0785,2022-03-23 00:08:30,LITRE,DIESEL
2203071045,7007542996,30038348,10012569,ชม.70-5301,2022-03-23 00:09:18,LITRE,DIESEL
2203071086,7007543033,30038390,10003964,สค.70-3937,2022-03-23 00:39:00,LITRE,GASOHOL95
2203071110,7007539656,30026514,10001609,ฉช.82-8346,2022-03-23 01:12:41,LITRE,DIESEL
2203071121,7007543048,30029534,10011665,กท.79-3257,2022-03-23 01:33:44,LITRE,DIESEL
2203071132,7007539498,10020673,10020673,กท.79-0644,2022-03-23 01:55:12,LITRE,DIESEL
2203071160,7007543058,30038348,10012569,ชม.70-5261,2022-03-23 02:06:21,LITRE,DIESEL
2203071164,7007539654,30026514,10001609,ฉช.82-2839,2022-03-23 02:07:00,LITRE,DIESEL
2203071180,7007539653,30017362,10000923,ฉช.82-7170,2022-03-23 02:21:34,LITRE,DIESEL
2203071339,7007539604,30030400,10011816,กท.79-5843,2022-03-23 06:02:31,LITRE,DIESEL
2203071342,7007539417,30019257,10005234,กท.79-1830,2022-03-23 06:03:49,LITRE,DIESEL
2203071345,7007539486,10007214,10007214,กท.78-1149,2022-03-23 06:04:51,LITRE,DIESEL
2203071349,7007543140,30029534,10011665,กท.79-5842,2022-03-23 06:06:19,LITRE,DIESEL
2203071369,7007543149,10020687,10020687,ฉช.82-3201,2022-03-23 06:09:45,LITRE,DIESEL
2203071385,7007539484,30032384,10012238,กท.79-5578,2022-03-23 06:18:20,LITRE,DIESEL
2203071389,7007543167,30038390,10003964,สค.70-4335,2022-03-23 06:20:48,LITRE,GASOHOL95
2203071393,7007543168,30038390,10003964,สค.70-6123,2022-03-23 06:23:55,LITRE,DIESEL
2203071396,7007539502,30024614,10001348,กท.78-7993,2022-03-23 06:25:04,LITRE,DIESEL
2203071397,7007539423,30005679,10005234,กท.79-1961,2022-03-23 06:25:39,LITRE,DIESEL
2203071403,7007539410,10011002,10011002,กท.79-0643,2022-03-23 06:29:58,LITRE,DIESEL
2203071408,7007539485,10023278,10023278,กท.77-8133,2022-03-23 06:34:28,LITRE,DIESEL
2203071409,7007539615,30001090,10001206,กท.74-9067,2022-03-23 06:36:36,LITRE,DIESEL
2203071411,7007543177,30038347,10012717,กท.79-8994,2022-03-23 06:37:21,LITRE,DIESEL
2203071415,7007539487,30031230,10011319,กท.77-8134,2022-03-23 06:38:52,LITRE,DIESEL
2203071423,7007539601,30025508,10002939,กท.79-2716,2022-03-23 06:42:12,LITRE,DIESEL
2203071435,7007539610,30002244,10001601,กท.79-0144,2022-03-23 06:46:58,LITRE,DIESEL
2203071436,7007539428,30000448,10000923,กท.74-9070,2022-03-23 06:48:07,LITRE,DIESEL
2203071440,7007543203,10022831,10022831,จบ.81-2529,2022-03-23 06:50:32,LITRE,DIESEL
2203071452,7007539650,10002256,10002256,กท.79-0841,2022-03-23 06:57:45,LITRE,DIESEL
2203071455,7007539477,30027174,10011277,กท.78-6742,2022-03-23 06:58:36,LITRE,DIESEL
2203071515,7007539494,10011705,10011705,กท.78-6744,2022-03-23 07:09:55,LITRE,DIESEL
2203071551,7007539609,10001126,10001126,กท.79-2717,2022-03-23 07:17:26,LITRE,DIESEL
2203071580,7007543315,30038348,10012569,ชม.70-5299,2022-03-23 07:20:05,LITRE,DIESEL
2203071593,7007539427,10008836,10008836,กท.78-6739,2022-03-23 07:25:27,LITRE,DIESEL
2203071607,7007539482,30013037,10001813,กท.60-4205,2022-03-23 07:28:57,LITRE,GASOHOL95
2203071818,7007543557,30038348,10012569,กท.79-6706,2022-03-23 08:12:50,LITRE,DIESEL
2203071954,7007544252,10002758,10002758,ชบ.82-4190,2022-03-23 08:49:01,LITRE,DIESEL
2203071961,7007543834,30038348,10012569,ชม.70-5302,2022-03-23 09:20:33,LITRE,DIESEL
2203072126,7007539425,30028481,10011460,กท.60-4207,2022-03-23 09:44:57,LITRE,GASOHOL95
2203072238,7007539607,10002966,10002966,กท.79-5578,2022-03-23 10:01:37,LITRE,DIESEL
2203072266,7007545797,10022051,10022051,ชบ.85-3878,2022-03-23 10:18:46,LITRE,DIESEL
2203072268,7007545880,10002921,10002921,จบ.80-8222,2022-03-23 10:32:05,LITRE,DIESEL
2203072269,7007544058,30026514,10001609,กท.79-1961,2022-03-23 10:32:45,LITRE,DIESEL
2203072316,7007545426,30038348,10012569,ชม.70-4355,2022-03-23 10:40:01,LITRE,DIESEL
2203072368,7007539603,30040045,10000923,กท.79-2717,2022-03-23 10:44:30,LITRE,DIESEL
2203072429,7007545943,30043240,10022061,กท.75-2786,2022-03-23 10:46:56,LITRE,DIESEL
2203072468,7007539424,30000441,10000923,กท.79-0144,2022-03-23 10:53:10,LITRE,DIESEL
2203072469,7007546071,30038348,10012569,ชม.70-5421,2022-03-23 10:54:04,LITRE,DIESEL
2203072483,7007539466,30002944,10001879,กท.79-1830,2022-03-23 10:58:13,LITRE,DIESEL
2203072500,7007541924,30000449,10000923,กท.78-7993,2022-03-23 11:01:12,LITRE,DIESEL
2203072515,7007539599,30003313,10002127,กท.77-8133,2022-03-23 11:09:12,LITRE,DIESEL
2203072528,7007539478,30040275,10021171,กท.75-1033,2022-03-23 11:15:04,LITRE,GASOHOL95
2203072549,7007545803,10013552,10013552,กท.79-2159,2022-03-23 11:18:32,LITRE,GASOHOL95
2203072583,7007539455,30000876,10001064,กท.79-5584,2022-03-23 11:25:59,LITRE,DIESEL
2203072624,7007545671,30026514,10001609,ฉช.82-8346,2022-03-23 11:36:16,LITRE,DIESEL
2203072627,7007546454,30025789,10010981,กท.61-8797,2022-03-23 11:37:17,LITRE,DIESEL
2203072629,7007546456,30043240,10022061,กท.75-6899,2022-03-23 11:37:26,LITRE,DIESEL
2203072681,7007546493,30038347,10012717,ชบ.84-7975,2022-03-23 11:50:08,LITRE,DIESEL
2203072709,7007545704,10022543,10022543,ชม.70-5995,2022-03-23 12:00:27,LITRE,GASOHOL95
2203072723,7007546519,30029534,10011665,กท.79-5841,2022-03-23 12:01:32,LITRE,DIESEL
2203072726,7007545660,10022543,10022543,ชม.70-5993,2022-03-23 12:05:22,LITRE,GASOHOL95
2203072727,7007539416,30023005,10000923,กท.78-1149,2022-03-23 12:05:46,LITRE,DIESEL
2203072750,7007539506,10002227,10002227,กท.74-9070,2022-03-23 12:16:10,LITRE,DIESEL
2203072817,7007539501,10003015,10003015,กท.79-0643,2022-03-23 12:48:21,LITRE,DIESEL
2203072840,7007539489,10008836,10008836,กท.79-5579,2022-03-23 12:56:37,LITRE,DIESEL
2203072846,7007539480,30027174,10011277,กท.78-6739,2022-03-23 13:00:13,LITRE,DIESEL
2203072868,7007546661,30038390,10003964,สค.70-4074,2022-03-23 13:07:40,LITRE,DIESEL
2203072894,7007539436,30024483,10003078,กท.78-6742,2022-03-23 13:14:34,LITRE,DIESEL
2203072907,7007541921,30045843,10011319,กท.79-0841,2022-03-23 13:19:34,LITRE,DIESEL
2203072914,7007539419,30013992,10002941,กท.77-8134,2022-03-23 13:22:33,LITRE,DIESEL
2203072926,7007546386,30020706,10002018,กท.79-5843,2022-03-23 13:26:54,LITRE,DIESEL
2203072959,7007546901,30038348,10012569,ลพ.70-0786,2022-03-23 13:46:56,LITRE,DIESEL
2203072987,7007546945,10002913,10002913,ตร.80-2192,2022-03-23 13:53:33,LITRE,DIESEL
2203073003,7007546958,30029534,10011665,กท.79-6154,2022-03-23 13:55:51,LITRE,DIESEL
2203073077,7007539602,10002692,10002692,กท.79-2716,2022-03-23 14:06:06,LITRE,DIESEL
2203073112,7007547074,30029534,10011665,กท.79-3259,2022-03-23 14:15:42,LITRE,DIESEL
2203073115,7007539490,10002749,10002749,กท.79-0641,2022-03-23 14:16:06,LITRE,DIESEL
2203073128,7007547122,10022050,10022050,ชบ.85-5327,2022-03-23 14:23:06,LITRE,DIESEL
2203073131,7007547127,30038390,10003964,สค.70-6125,2022-03-23 14:24:21,LITRE,DIESEL
2203073136,7007547136,30034185,10012548,กท.78-4444,2022-03-23 14:25:36,LITRE,DIESEL
2203073150,7007547179,30038348,10012569,ลพ.70-0674,2022-03-23 14:32:41,LITRE,DIESEL
2203073164,7007545489,10008008,10008008,ฉช.81-4230,2022-03-23 14:39:50,LITRE,DIESEL
2203073278,7007544494,10008295,10008295,กท.79-0642,2022-03-23 15:23:16,LITRE,DIESEL
2203073320,7007547650,30038348,10012569,ลพ.70-0785,2022-03-23 15:37:32,LITRE,DIESEL
2203073339,7007540428,30000417,10000923,กท.79-0643,2022-03-23 15:48:43,LITRE,DIESEL
2203073341,7007539464,10003026,10003026,กท.78-1149,2022-03-23 15:49:35,LITRE,DIESEL
2203073401,7007539429,30000448,10000923,กท.74-9067,2022-03-23 16:08:04,LITRE,DIESEL
2203073402,7007547321,10002692,10002692,กท.79-5584,2022-03-23 16:09:44,LITRE,DIESEL
2203073403,7007539431,30000425,10000923,กท.78-6742,2022-03-23 16:10:37,LITRE,DIESEL
2203073405,7007539600,30024855,10010834,กท.79-0644,2022-03-23 16:14:04,LITRE,DIESEL
2203073407,7007539430,30000420,10000923,กท.78-7993,2022-03-23 16:16:19,LITRE,DIESEL
2203073452,7007545574,30013037,10001813,กท.60-4207,2022-03-23 16:41:27,LITRE,GASOHOL95
2203073453,7007547106,30028393,10001206,กท.79-5843,2022-03-23 16:41:51,LITRE,DIESEL
2203073457,7007539434,30040971,10020711,กท.79-1830,2022-03-23 16:47:49,LITRE,DIESEL
2203073472,7007547999,30029534,10011665,กท.79-3257,2022-03-23 16:56:44,LITRE,DIESEL
2203073489,7007545676,30045390,10005234,กท.79-2717,2022-03-23 17:17:41,LITRE,DIESEL
2203073560,7007545566,30013992,10002941,กท.78-1149,2022-03-23 18:22:56,LITRE,DIESEL
2203073572,7007545661,30003313,10002127,กท.79-1961,2022-03-23 18:31:32,LITRE,DIESEL
2203073585,7007545688,30047184,10000923,กท.78-6739,2022-03-23 18:54:32,LITRE,DIESEL
2203073910,7007548319,30038390,10003964,สค.70-4073,2022-03-24 00:04:41,LITRE,DIESEL
2203073911,7007548320,30038390,10003964,สค.70-6119,2022-03-24 00:05:25,LITRE,GASOHOL95
2203073913,7007548322,30038348,10012569,ชม.70-5301,2022-03-24 00:06:24,LITRE,DIESEL
2203073941,7007548347,30038348,10012569,ชม.70-4355,2022-03-24 00:33:38,LITRE,DIESEL
2203073945,7007548348,30038348,10012569,ชม.70-5300,2022-03-24 00:37:30,LITRE,DIESEL
2203074013,7007548377,10022892,10022892,ฉช.82-8528,2022-03-24 02:00:06,LITRE,DIESEL
2203074016,7007548378,30038348,10012569,ชม.70-5302,2022-03-24 02:02:13,LITRE,DIESEL
2203074021,7007545665,30026514,10001609,ฉช.82-4812,2022-03-24 02:09:14,LITRE,DIESEL
2203074032,7007548380,30038390,10003964,สค.70-5407,2022-03-24 02:19:53,LITRE,GASOHOL95
2203074052,7007545648,30020880,10009638,ฉช.82-7170,2022-03-24 02:36:40,LITRE,DIESEL
2203074067,7007548398,30038348,10012569,ชม.70-5261,2022-03-24 02:54:57,LITRE,DIESEL
2203074127,7007545712,30015113,10002127,ฉช.82-2839,2022-03-24 03:54:59,LITRE,DIESEL
2203074138,7007545719,30028481,10011460,กท.76-4825,2022-03-24 04:27:55,LITRE,GASOHOL95
2203074142,7007545634,10001126,10001126,กท.77-8133,2022-03-24 04:30:54,LITRE,DIESEL
2203074173,7007545640,30030400,10011816,กท.75-1033,2022-03-24 06:03:14,LITRE,GASOHOL95
2203074175,7007545537,30028111,10005818,กท.79-5584,2022-03-24 06:03:45,LITRE,DIESEL
2203074178,7007545480,10008008,10008008,ฉช.82-3201,2022-03-24 06:04:36,LITRE,DIESEL
2203074183,7007548452,30029534,10011665,นม.70-6589,2022-03-24 06:05:30,LITRE,DIESEL
2203074190,7007548456,30038390,10003964,สค.70-6125,2022-03-24 06:06:37,LITRE,DIESEL
2203074193,7007548459,30038390,10003964,สค.70-6124,2022-03-24 06:07:55,LITRE,GASOHOL95
2203074212,7007545708,10008836,10008836,กท.79-1830,2022-03-24 06:14:07,LITRE,DIESEL
2203074223,7007545650,30025508,10002939,กท.79-0144,2022-03-24 06:17:33,LITRE,DIESEL
2203074227,7007546982,30020647,10000923,กท.79-2716,2022-03-24 06:18:19,LITRE,DIESEL
2203074229,7007545468,30024768,10001792,กท.79-5579,2022-03-24 06:19:10,LITRE,DIESEL
2203074231,7007545607,30027174,10011277,กท.79-5578,2022-03-24 06:19:53,LITRE,DIESEL
2203074249,7007545457,30026294,10011103,กท.79-0643,2022-03-24 06:28:07,LITRE,DIESEL
2203074253,7007545548,10022583,10022583,กท.79-0644,2022-03-24 06:29:48,LITRE,DIESEL
2203074258,7007545622,10002256,10002256,ฉช.82-7443,2022-03-24 06:31:20,LITRE,DIESEL
2203074264,7007548493,30038390,10003964,สค.70-3935,2022-03-24 06:33:58,LITRE,GASOHOL95
2203074268,7007545531,10012334,10012334,กท.78-7993,2022-03-24 06:34:50,LITRE,DIESEL
2203074284,7007545518,30032990,10012320,กท.79-0841,2022-03-24 06:40:25,LITRE,DIESEL
2203074285,7007545449,10002692,10002692,กท.79-0642,2022-03-24 06:40:32,LITRE,DIESEL
2203074289,7007545693,30000448,10000923,กท.74-9070,2022-03-24 06:44:21,LITRE,DIESEL
2203074293,7007548509,30029534,10011665,นม.70-6730,2022-03-24 06:46:38,LITRE,DIESEL
2203074321,7007548533,30043240,10022061,กท.75-9389,2022-03-24 06:56:35,LITRE,DIESEL
2203074358,7007545729,30018565,10008995,กท.78-6742,2022-03-24 07:03:31,LITRE,DIESEL
2203074368,7007545595,10003041,10003041,กท.79-0641,2022-03-24 07:05:52,LITRE,DIESEL
2203074480,7007548680,30038348,10012569,ชม.70-5299,2022-03-24 07:26:26,LITRE,DIESEL
2203074524,7007545599,30040275,10021171,กท.60-4205,2022-03-24 07:34:29,LITRE,GASOHOL95
2203074539,7007545654,30003313,10002127,กท.77-8133,2022-03-24 07:37:22,LITRE,DIESEL
2203074579,7007545768,30038137,10020831,กท.78-6744,2022-03-24 07:43:54,LITRE,DIESEL
2203074713,7007548883,30029534,10011665,กท.79-6154,2022-03-24 08:13:01,LITRE,DIESEL
2203074726,7007548906,30038348,10012569,กท.79-6705,2022-03-24 08:17:24,LITRE,DIESEL
2203074772,7007549013,30005547,10013499,ชบ.71-8902,2022-03-24 08:37:20,LITRE,GASOHOL95
2203074880,7007549172,10023007,10023007,กท.74-8931,2022-03-24 09:07:27,LITRE,GASOHOL95
2203074883,7007545576,30013037,10001813,กท.60-4208,2022-03-24 09:08:00,LITRE,GASOHOL95
2203074885,7007549261,10023007,10023007,กท.76-4900,2022-03-24 09:08:34,LITRE,GASOHOL95
2203074887,7007549208,10023007,10023007,กท.74-8933,2022-03-24 09:09:08,LITRE,GASOHOL95
2203074889,7007549306,10023007,10023007,กท.60-1463,2022-03-24 09:09:41,LITRE,GASOHOL95
2203074894,7007549282,10023007,10023007,กท.60-1462,2022-03-24 09:10:31,LITRE,GASOHOL95
2203074932,7007545649,30022767,10010126,ฉช.82-8528,2022-03-24 09:20:30,LITRE,DIESEL
2203074944,7007549601,30034185,10012548,กท.78-4646,2022-03-24 09:26:06,LITRE,GASOHOL95
2203074972,7007545445,10020965,10020965,กท.79-5579,2022-03-24 09:34:35,LITRE,DIESEL
2203074977,7007549684,30047221,10022051,ชบ.85-3878,2022-03-24 09:35:40,LITRE,DIESEL
2203075014,7007549765,30038347,10012717,กท.79-9002,2022-03-24 09:41:12,LITRE,DIESEL
2203075055,7007549892,10011635,10011635,จบ.80-8222,2022-03-24 09:47:47,LITRE,DIESEL
2203075137,7007545646,30040542,10005234,กท.79-0644,2022-03-24 10:06:09,LITRE,DIESEL
2203075163,7007550509,30038348,10012569,ชม.70-4219,2022-03-24 10:18:05,LITRE,DIESEL
2203075167,7007545525,10002244,10002244,กท.79-0642,2022-03-24 10:20:26,LITRE,DIESEL
2203075175,7007550634,30038348,10012569,ลพ.70-0785,2022-03-24 10:23:40,LITRE,DIESEL
2203075207,7007550891,30038348,10012569,ชบ.84-7156,2022-03-24 10:36:37,LITRE,DIESEL
2203075280,7007551015,10021849,10021849,รย.81-6767,2022-03-24 10:48:52,LITRE,DIESEL
2203075285,7007545636,10002966,10002966,กท.79-0641,2022-03-24 10:50:57,LITRE,DIESEL
2203075301,7007551095,10002812,10002812,ฉช.81-3257,2022-03-24 10:56:15,LITRE,DIESEL
2203075337,7007551208,10023007,10023007,กท.74-8931,2022-03-24 11:09:11,LITRE,GASOHOL95
2203075338,7007551244,10023007,10023007,กท.74-8933,2022-03-24 11:10:26,LITRE,GASOHOL95
2203075339,7007551254,10023007,10023007,กท.76-4900,2022-03-24 11:13:26,LITRE,GASOHOL95
2203075367,7007551149,30029534,10011665,กท.79-6148,2022-03-24 11:22:09,LITRE,DIESEL
2203075368,7007551076,30026514,10001609,ฉช.82-4812,2022-03-24 11:22:51,LITRE,DIESEL
2203075376,7007551170,30029534,10011665,กท.79-3259,2022-03-24 11:23:36,LITRE,DIESEL
2203075410,7007545543,30003404,10002280,กท.78-1149,2022-03-24 11:25:51,LITRE,DIESEL
2203075414,7007545561,30013992,10002941,กท.78-7993,2022-03-24 11:26:19,LITRE,DIESEL
2203075419,7007549886,10000223,10000223,กท.79-2716,2022-03-24 11:28:50,LITRE,DIESEL
2203075430,7007551259,10023007,10023007,กท.60-1462,2022-03-24 11:31:23,LITRE,GASOHOL95
2203075431,7007551267,10023007,10023007,กท.60-1463,2022-03-24 11:33:26,LITRE,GASOHOL95
2203075476,7007545745,10011002,10011002,กท.79-0643,2022-03-24 11:48:59,LITRE,DIESEL
2203075480,7007551268,10022660,10022660,กท.61-6634,2022-03-24 11:50:47,LITRE,GASOHOL95
2203075484,7007551271,10022660,10022660,กท.61-6471,2022-03-24 11:51:49,LITRE,GASOHOL95
2203075504,7007551283,10022660,10022660,นม.70-6920,2022-03-24 11:54:54,LITRE,GASOHOL95
2203075518,7007551363,10002758,10002758,ชบ.82-4190,2022-03-24 11:59:31,LITRE,DIESEL
2203075528,7007551379,30038348,10012569,ลพ.70-0674,2022-03-24 12:06:09,LITRE,DIESEL
2203075613,7007551428,30043240,10022061,กท.75-9389,2022-03-24 12:31:30,LITRE,DIESEL
2203075633,7007551445,10002888,10002888,รย.81-6316,2022-03-24 12:38:49,LITRE,DIESEL
2203075638,7007545699,30000448,10000923,กท.79-5578,2022-03-24 12:41:02,LITRE,DIESEL
2203075649,7007545556,10008836,10008836,กท.78-6739,2022-03-24 12:50:13,LITRE,DIESEL
2203075657,7007551464,30037192,10020738,ชบ.84-7139,2022-03-24 12:53:05,LITRE,DIESEL
2203075667,7007545631,30002244,10001601,กท.78-6744,2022-03-24 12:58:56,LITRE,DIESEL
2203075675,7007545681,30000420,10000923,กท.79-2716,2022-03-24 13:01:18,LITRE,DIESEL
2203075680,7007551517,10002917,10002917,จบ.80-8540,2022-03-24 13:03:16,LITRE,DIESEL
2203075689,7007545552,30000440,10000923,กท.79-1830,2022-03-24 13:04:41,LITRE,DIESEL
2203075692,7007545652,30024855,10010834,กท.78-6742,2022-03-24 13:20:16,LITRE,DIESEL
2203075753,7007545506,30023002,10000923,กท.79-0144,2022-03-24 13:36:52,LITRE,DIESEL
2203075798,7007551723,30029534,10011665,กท.79-6154,2022-03-24 13:53:42,LITRE,DIESEL
2203075845,7007551854,30038348,10012569,ลพ.70-0786,2022-03-24 13:54:43,LITRE,DIESEL
2203075849,7007545497,30026769,10011199,กท.79-2717,2022-03-24 14:01:50,LITRE,DIESEL
2203075880,7007549895,10002692,10002692,กท.79-5843,2022-03-24 14:13:20,LITRE,DIESEL
2203075901,7007545740,30003071,10002044,ฉช.82-7443,2022-03-24 14:14:49,LITRE,DIESEL
2203075974,7007552139,30009314,10002796,กท.79-5584,2022-03-24 14:39:28,LITRE,DIESEL
2203075978,7007552038,10008093,10008093,ฉช.81-4230,2022-03-24 14:40:20,LITRE,DIESEL
2203076011,7007552141,10021385,10021385,กท.74-9070,2022-03-24 14:47:19,LITRE,DIESEL
2203076055,7007552586,30034185,10012548,กท.77-7979,2022-03-24 15:07:16,LITRE,DIESEL
2203076065,7007552603,30038348,10012569,ชม.70-5122,2022-03-24 15:09:31,LITRE,DIESEL
2203076126,7007551947,30043681,10000923,กท.79-0841,2022-03-24 15:29:15,LITRE,DIESEL
2203076137,7007552799,10021768,10021768,ชบ.85-3878,2022-03-24 15:40:49,LITRE,DIESEL
2203076246,7007551758,30003313,10002127,กท.79-2716,2022-03-24 16:36:00,LITRE,DIESEL
2203076290,7007551888,30013992,10002941,กท.78-6742,2022-03-24 16:43:14,LITRE,DIESEL
2203076291,7007553238,30038348,10012569,ชม.70-5421,2022-03-24 16:45:05,LITRE,DIESEL
2203076294,7007553241,10023257,10023257,นม.70-6730,2022-03-24 16:47:00,LITRE,DIESEL
2203076351,7007551740,30018141,10000923,กท.79-0643,2022-03-24 17:19:11,LITRE,DIESEL
2203076742,7007551966,30033326,10001099,กท.79-0644,2022-03-25 00:03:14,LITRE,DIESEL
2203076743,7007554650,30038390,10003964,สค.70-6119,2022-03-25 00:03:57,LITRE,GASOHOL95
2203076744,7007554651,30038348,10012569,ชม.70-5302,2022-03-25 00:04:23,LITRE,DIESEL
2203076745,7007554652,30038390,10003964,สค.70-5407,2022-03-25 00:04:36,LITRE,GASOHOL95
2203076746,7007554653,30038348,10012569,ชม.70-5301,2022-03-25 00:05:18,LITRE,DIESEL
2203076791,7007554669,30029534,10011665,กท.79-6154,2022-03-25 00:46:12,LITRE,DIESEL
2203076803,7007554674,30038390,10003964,สค.70-6123,2022-03-25 00:57:53,LITRE,DIESEL
2203076827,7007554681,30029534,10011665,กท.79-3257,2022-03-25 01:19:52,LITRE,DIESEL
2203076838,7007554689,10022031,10022031,รย.71-2637,2022-03-25 01:34:58,LITRE,DIESEL
2203076840,7007552017,30011473,10001628,ฉช.82-3201,2022-03-25 01:37:25,LITRE,DIESEL
2203076850,7007554692,30038348,10012569,ชม.70-5261,2022-03-25 01:49:02,LITRE,DIESEL
2203076868,7007554697,30038348,10012569,ชม.70-4355,2022-03-25 02:15:55,LITRE,DIESEL
2203076898,7007554703,30038390,10003964,สค.70-4074,2022-03-25 02:45:57,LITRE,DIESEL
2203076917,7007554711,30029534,10011665,กท.79-3259,2022-03-25 03:03:08,LITRE,DIESEL
2203076936,7007554722,30038347,10012717,กท.79-8994,2022-03-25 03:29:08,LITRE,DIESEL
2203076978,7007551941,30028393,10001206,ฉช.82-7443,2022-03-25 04:39:34,LITRE,DIESEL
2203077026,7007551750,30045421,10005234,กท.78-7993,2022-03-25 06:01:35,LITRE,DIESEL
2203077029,7007551901,10010409,10010409,กท.79-5843,2022-03-25 06:01:53,LITRE,DIESEL
2203077041,7007554810,30038390,10003964,สค.70-6125,2022-03-25 06:04:17,LITRE,DIESEL
2203077045,7007551747,30028481,10011460,กท.60-4207,2022-03-25 06:05:01,LITRE,GASOHOL95
2203077048,7007551877,30013037,10001813,กท.60-4205,2022-03-25 06:05:25,LITRE,GASOHOL95
2203077050,7007551874,30027174,10011277,กท.79-5584,2022-03-25 06:05:58,LITRE,DIESEL
2203077066,7007554836,30038390,10003964,สค.70-4335,2022-03-25 06:09:22,LITRE,GASOHOL95
2203077188,7007551873,10002256,10002256,กท.79-1961,2022-03-25 06:36:13,LITRE,DIESEL
2203077237,7007551909,10021783,10021783,กท.79-0144,2022-03-25 06:49:19,LITRE,DIESEL
2203077240,7007551870,30025508,10002939,กท.77-8133,2022-03-25 06:49:55,LITRE,DIESEL
2203077244,7007551751,10008836,10008836,กท.74-9067,2022-03-25 06:50:27,LITRE,DIESEL
2203077248,7007554989,30038347,10012717,กท.60-9333,2022-03-25 06:50:59,LITRE,DIESEL
2203077252,7007551921,30042727,10021947,กท.77-8134,2022-03-25 06:51:45,LITRE,DIESEL
2203077253,7007551880,10023278,10023278,กท.79-0642,2022-03-25 06:52:23,LITRE,DIESEL
2203077265,7007551746,30023005,10000923,กท.79-0641,2022-03-25 06:55:20,LITRE,DIESEL
2203077291,7007555042,30034185,10012548,กท.79-7691,2022-03-25 07:01:06,LITRE,DIESEL
2203077325,7007551937,30019258,10005234,กท.79-2717,2022-03-25 07:07:01,LITRE,DIESEL
2203077354,7007551948,10001126,10001126,กท.79-5579,2022-03-25 07:13:39,LITRE,DIESEL
2203077370,7007551756,10021113,10021113,กท.78-1149,2022-03-25 07:16:16,LITRE,DIESEL
2203077413,7007551904,30000448,10000923,กท.78-6739,2022-03-25 07:23:21,LITRE,DIESEL
2203077434,7007551915,10002227,10002227,กท.79-1830,2022-03-25 07:28:01,LITRE,DIESEL
2203077455,7007553298,30000449,10000923,กท.78-6744,2022-03-25 07:31:53,LITRE,DIESEL
2203077466,7007555207,30038348,10012569,ชม.70-5124,2022-03-25 07:34:42,LITRE,DIESEL
2203077498,7007555230,30038390,10003964,สค.70-6124,2022-03-25 07:39:41,LITRE,GASOHOL95
2203077571,7007555295,30029534,10011665,กท.79-5841,2022-03-25 07:54:55,LITRE,DIESEL
2203077599,7007555339,30038390,10003964,สค.70-4073,2022-03-25 08:03:25,LITRE,DIESEL
2203077785,7007555614,30043240,10022061,ชบ.83-3599,2022-03-25 08:47:42,LITRE,DIESEL
2203077788,7007551963,30045843,10011319,กท.75-1033,2022-03-25 08:48:54,LITRE,GASOHOL95
2203077818,7007552018,30028393,10001206,ฉช.82-8528,2022-03-25 08:56:03,LITRE,DIESEL
2203077834,7007555728,30037192,10020738,ชบ.84-7139,2022-03-25 08:57:32,LITRE,DIESEL
2203077897,7007555857,30038348,10012569,ลพ.70-0674,2022-03-25 09:14:08,LITRE,DIESEL
2203077900,7007555878,30034185,10012548,กท.77-7979,2022-03-25 09:15:48,LITRE,DIESEL
2203077941,7007555964,30038347,10012717,กท.61-6077,2022-03-25 09:26:05,LITRE,DIESEL
2203078014,7007551761,30003313,10002127,กท.79-5579,2022-03-25 09:48:06,LITRE,DIESEL
2203078017,7007556065,30038348,10012569,ชม.70-5299,2022-03-25 09:49:23,LITRE,DIESEL
2203078025,7007556087,30038348,10012569,ชม.70-4219,2022-03-25 09:51:55,LITRE,DIESEL
2203078122,7007553208,10002877,10002877,กท.79-0644,2022-03-25 10:12:22,LITRE,DIESEL
2203078160,7007556196,30038347,10012717,ชบ.84-7975,2022-03-25 10:22:29,LITRE,DIESEL
2203078228,7007552962,30021092,10009691,กท.78-6742,2022-03-25 10:37:46,LITRE,DIESEL
2203078245,7007556339,30043240,10022061,กท.75-6899,2022-03-25 10:43:00,LITRE,DIESEL
2203078290,7007555697,30000419,10000923,ฉช.82-3201,2022-03-25 10:49:57,LITRE,DIESEL
2203078294,7007555446,30033260,10002018,กท.78-1149,2022-03-25 10:50:52,LITRE,DIESEL
2203078370,7007551918,30026658,10005234,กท.79-0641,2022-03-25 11:05:26,LITRE,DIESEL
2203078386,7007551872,10002966,10002966,กท.77-8134,2022-03-25 11:10:22,LITRE,DIESEL
2203078475,7007555885,30026514,10001609,กท.79-0642,2022-03-25 11:35:13,LITRE,DIESEL
2203078479,7007551890,30013992,10002941,กท.79-5843,2022-03-25 11:36:06,LITRE,DIESEL
2203078494,7007552964,30013435,10000923,กท.79-5584,2022-03-25 11:37:03,LITRE,DIESEL
2203078530,7007556658,10002758,10002758,ชบ.82-4190,2022-03-25 11:49:38,LITRE,DIESEL
2203078611,7007556729,10022051,10022051,ชบ.85-3878,2022-03-25 12:09:04,LITRE,DIESEL
2203078617,7007556735,30034185,10012548,กท.78-4646,2022-03-25 12:11:52,LITRE,GASOHOL95
2203078632,7007556761,10002921,10002921,จบ.80-8222,2022-03-25 12:18:06,LITRE,DIESEL
2203078638,7007551763,30024855,10010834,กท.78-7993,2022-03-25 12:21:38,LITRE,DIESEL
2203078640,7007556771,30038348,10012569,กท.79-6697,2022-03-25 12:22:16,LITRE,DIESEL
2203078644,7007551876,30040275,10021171,กท.60-4207,2022-03-25 12:25:10,LITRE,GASOHOL95
2203078664,7007551906,30000448,10000923,กท.79-2717,2022-03-25 12:33:19,LITRE,DIESEL
2203078666,7007551957,10002749,10002749,กท.78-6739,2022-03-25 12:34:09,LITRE,DIESEL
2203078696,7007552958,30045843,10011319,กท.79-0144,2022-03-25 12:37:21,LITRE,DIESEL
2203078699,7007556812,30038348,10012569,ชม.70-5420,2022-03-25 12:38:54,LITRE,DIESEL
2203078791,7007556261,10002739,10002739,กท.79-1830,2022-03-25 13:11:51,LITRE,DIESEL
2203078813,7007556971,10022050,10022050,ชบ.85-0496,2022-03-25 13:17:04,LITRE,DIESEL
2203078818,7007551926,30042727,10021947,กท.74-9070,2022-03-25 13:18:15,LITRE,DIESEL
2203078907,7007551898,10008836,10008836,กท.78-6744,2022-03-25 13:40:22,LITRE,DIESEL
2203078946,7007556279,30032384,10012238,กท.74-9067,2022-03-25 13:49:36,LITRE,DIESEL
2203079022,7007551933,10011705,10011705,กท.79-0643,2022-03-25 14:03:45,LITRE,DIESEL
2203079078,7007557298,30029534,10011665,กท.79-6154,2022-03-25 14:20:34,LITRE,DIESEL
2203079096,7007557318,30038348,10012569,ชม.70-5301,2022-03-25 14:28:16,LITRE,DIESEL
2203079109,7007556444,30001090,10001206,ฉช.81-4230,2022-03-25 14:32:17,LITRE,DIESEL
2203079201,7007551755,30000425,10000923,กท.79-0841,2022-03-25 14:53:49,LITRE,DIESEL
2203079203,7007557423,30029534,10011665,นม.70-6730,2022-03-25 14:55:16,LITRE,DIESEL
2203079250,7007557492,30038348,10012569,ลพ.70-0785,2022-03-25 15:10:47,LITRE,DIESEL
2203079252,7007557496,30038390,10003964,สค.70-2507,2022-03-25 15:11:35,LITRE,DIESEL
2203079279,7007557543,30029534,10011665,นม.70-6589,2022-03-25 15:21:15,LITRE,DIESEL
2203079348,7007557011,10020965,10020965,กท.77-8133,2022-03-25 15:42:20,LITRE,DIESEL
2203079382,7007557664,30038348,10012569,ลพ.70-0786,2022-03-25 15:53:55,LITRE,DIESEL
2203079391,7007556400,30000441,10000923,กท.79-2716,2022-03-25 15:55:29,LITRE,DIESEL
2203079462,7007557732,30038348,10012569,ชม.70-5993,2022-03-25 16:16:50,LITRE,GASOHOL95
2203079515,7007557798,30025789,10010981,กท.61-8797,2022-03-25 16:39:07,LITRE,DIESEL
2203079842,7007558084,30038390,10003964,สค.70-3936,2022-03-26 00:14:02,LITRE,GASOHOL95
2203079843,7007558085,30038348,10012569,ชม.70-5300,2022-03-26 00:15:05,LITRE,DIESEL
2203079845,7007558087,30038390,10003964,สค.70-6119,2022-03-26 00:15:58,LITRE,GASOHOL95
2203079847,7007558090,30038348,10012569,ชม.70-4355,2022-03-26 00:16:37,LITRE,DIESEL
2203079853,7007558091,30038390,10003964,สค.70-3665,2022-03-26 00:22:05,LITRE,GASOHOL95
2203079856,7007558092,30038348,10012569,ชม.70-5301,2022-03-26 00:24:40,LITRE,DIESEL
2203079870,7007558105,30038348,10012569,ชม.70-5261,2022-03-26 00:48:20,LITRE,DIESEL
2203079876,7007558109,30038348,10012569,ชม.70-5302,2022-03-26 00:59:57,LITRE,DIESEL
2203079892,7007558112,10011633,10011633,รย.71-2637,2022-03-26 01:12:45,LITRE,DIESEL
2203079898,7007558121,30038390,10003964,สค.70-5407,2022-03-26 01:42:03,LITRE,GASOHOL95
2203079955,7007556410,10002256,10002256,กท.79-5843,2022-03-26 03:23:53,LITRE,DIESEL
2203080007,7007556396,30019257,10005234,กท.79-5584,2022-03-26 06:01:43,LITRE,DIESEL
2203080018,7007558229,30038390,10003964,สค.70-6123,2022-03-26 06:06:04,LITRE,DIESEL
2203080022,7007556418,30040275,10021171,กท.76-4825,2022-03-26 06:06:32,LITRE,GASOHOL95
2203080029,7007556435,10001126,10001126,กท.78-1149,2022-03-26 06:08:22,LITRE,DIESEL
2203080032,7007556406,30024855,10010834,กท.79-5579,2022-03-26 06:08:58,LITRE,DIESEL
2203080035,7007558242,30038390,10003964,สค.70-3480,2022-03-26 06:09:55,LITRE,GASOHOL95
2203080043,7007556413,30027174,10011277,กท.77-8134,2022-03-26 06:14:21,LITRE,DIESEL
2203080044,7007556399,10008836,10008836,กท.79-1830,2022-03-26 06:15:02,LITRE,DIESEL
2203080045,7007558251,30038348,10012569,ลพ.70-1223,2022-03-26 06:16:37,LITRE,DIESEL
2203080048,7007556428,30000448,10000923,กท.74-9067,2022-03-26 06:19:06,LITRE,DIESEL
2203080062,7007558262,30038390,10003964,สค.70-4335,2022-03-26 06:29:17,LITRE,GASOHOL95
2203080065,7007557697,10021385,10021385,กท.78-6742,2022-03-26 06:29:55,LITRE,DIESEL
2203080080,7007558275,10021849,10021849,รย.81-6767,2022-03-26 06:43:12,LITRE,DIESEL
2203080104,7007556407,10002692,10002692,กท.79-2717,2022-03-26 07:00:59,LITRE,DIESEL
2203080106,7007558284,30038390,10003964,สค.70-3890,2022-03-26 07:03:42,LITRE,GASOHOL95
2203080122,7007558292,30043240,10022061,กท.75-7868,2022-03-26 07:18:07,LITRE,DIESEL
2203080123,7007558293,30043240,10022061,กท.75-6688,2022-03-26 07:19:07,LITRE,DIESEL
2203080134,7007558301,30029534,10011665,กท.79-5842,2022-03-26 07:46:09,LITRE,DIESEL
2203080139,7007558308,30029534,10011665,กท.79-3259,2022-03-26 07:53:22,LITRE,DIESEL
2203080195,7007557010,10007530,10007530,กท.79-2717,2022-03-26 08:39:06,LITRE,DIESEL
2203080205,7007558373,30038348,10012569,ชม.70-4219,2022-03-26 08:50:09,LITRE,DIESEL
2203080206,7007558374,30037192,10020738,ชบ.84-7139,2022-03-26 08:51:12,LITRE,DIESEL
2203080222,7007558386,30038347,10012717,กท.79-9002,2022-03-26 09:00:37,LITRE,DIESEL
2203080228,7007556437,10023377,10023377,กท.78-1149,2022-03-26 09:06:44,LITRE,DIESEL
2203080239,7007556426,10008836,10008836,กท.79-5579,2022-03-26 09:18:18,LITRE,DIESEL
2203080242,7007558404,30029534,10011665,กท.79-6154,2022-03-26 09:21:30,LITRE,DIESEL
2203080245,7007558407,30043240,10022061,กท.75-2786,2022-03-26 09:23:06,LITRE,DIESEL
2203080313,7007558445,30038390,10003964,สค.70-6124,2022-03-26 09:48:52,LITRE,GASOHOL95
2203080316,7007558447,30038348,10012569,ลพ.70-0785,2022-03-26 09:52:27,LITRE,DIESEL
2203080356,7007556432,30000448,10000923,กท.79-5584,2022-03-26 10:01:00,LITRE,DIESEL
2203080358,7007558467,30043240,10022061,กท.75-3041,2022-03-26 10:02:01,LITRE,DIESEL
2203080361,7007558469,30038348,10012569,ลพ.70-0674,2022-03-26 10:04:04,LITRE,DIESEL
2203080429,7007556482,30003313,10002127,กท.79-5843,2022-03-26 10:56:27,LITRE,DIESEL
2203080455,7007558556,30029534,10011665,กท.79-3258,2022-03-26 11:09:49,LITRE,DIESEL
2203080467,7007558566,30043240,10022061,กท.75-7868,2022-03-26 11:17:27,LITRE,DIESEL
2203080488,7007558577,10002917,10002917,จบ.80-8540,2022-03-26 11:28:40,LITRE,DIESEL
2203080502,7007556440,10002692,10002692,กท.77-8134,2022-03-26 11:38:48,LITRE,DIESEL
2203080509,7007558592,30038348,10012569,ชม.70-5300,2022-03-26 11:45:40,LITRE,DIESEL
2203080548,7007558612,30038390,10003964,สค.70-6125,2022-03-26 12:13:14,LITRE,DIESEL
2203080583,7007558627,30038348,10012569,ชม.70-5261,2022-03-26 12:30:32,LITRE,DIESEL
2203080587,7007557444,30027174,10011277,กท.74-9067,2022-03-26 12:32:23,LITRE,DIESEL
2203080589,7007556685,30021831,10005234,กท.79-1830,2022-03-26 12:35:02,LITRE,DIESEL
2203080596,7007558630,10002758,10002758,ชบ.82-4190,2022-03-26 12:41:52,LITRE,DIESEL
2203080613,7007558637,30034185,10012548,กท.78-4444,2022-03-26 12:48:57,LITRE,DIESEL
2203080616,7007558641,30038348,10012569,ชม.70-5123,2022-03-26 12:52:37,LITRE,DIESEL
2203080650,7007558664,30038347,10012717,กท.79-8998,2022-03-26 13:07:53,LITRE,DIESEL
2203080658,7007558671,30038348,10012569,ชม.70-5125,2022-03-26 13:17:24,LITRE,DIESEL
2203080708,7007558691,30029534,10011665,กท.79-3258,2022-03-26 13:51:37,LITRE,DIESEL
2203080717,7007558696,30029534,10011665,กท.79-3259,2022-03-26 13:58:46,LITRE,DIESEL
2203080720,7007556475,30045390,10005234,กท.76-4825,2022-03-26 14:01:17,LITRE,GASOHOL95
2203080737,7007556453,30018141,10000923,กท.78-6742,2022-03-26 14:21:49,LITRE,DIESEL
2203080745,7007558713,30038348,10012569,ชม.70-5302,2022-03-26 14:32:43,LITRE,DIESEL
2203080787,7007558736,30038390,10003964,สค.70-4386,2022-03-26 14:58:40,LITRE,GASOHOL95
2203081119,7007558955,30038390,10003964,สค.70-6119,2022-03-27 00:03:44,LITRE,GASOHOL95
2203081120,7007558956,30038348,10012569,ชม.70-4355,2022-03-27 00:03:59,LITRE,DIESEL
2203081121,7007558957,30038348,10012569,ลพ.70-0785,2022-03-27 00:04:43,LITRE,DIESEL
2203081125,7007558959,30038348,10012569,ชม.70-4219,2022-03-27 00:15:44,LITRE,DIESEL
2203081127,7007558961,30038390,10003964,สค.70-6125,2022-03-27 00:18:14,LITRE,DIESEL
2203081136,7007558974,30038390,10003964,สค.70-3937,2022-03-27 00:40:21,LITRE,GASOHOL95
2203081139,7007558975,30038348,10012569,ลพ.70-0786,2022-03-27 00:43:47,LITRE,DIESEL
2203081195,7007559012,30038348,10012569,ลพ.70-0674,2022-03-27 02:08:33,LITRE,DIESEL
2203081204,7007557459,30026514,10001609,ฉช.82-2839,2022-03-27 02:16:58,LITRE,DIESEL
2203081207,7007557008,30026514,10001609,ฉช.82-8528,2022-03-27 02:17:58,LITRE,DIESEL
2203081209,7007559016,10022892,10022892,ฉช.82-3201,2022-03-27 02:19:32,LITRE,DIESEL
2203081212,7007559018,30038390,10003964,สค.70-4335,2022-03-27 02:23:20,LITRE,GASOHOL95
2203081216,7007559022,30038390,10003964,สค.70-5407,2022-03-27 02:30:15,LITRE,GASOHOL95
2203081220,7007559024,10022437,10022437,นม.70-6730,2022-03-27 02:44:47,LITRE,DIESEL
2203081224,7007559027,30038390,10003964,สค.70-4074,2022-03-27 02:50:04,LITRE,DIESEL
2203081251,7007559032,30038348,10012569,กท.79-1812,2022-03-27 03:28:25,LITRE,DIESEL
2203081278,7007559042,30029534,10011665,นม.70-6589,2022-03-27 04:10:41,LITRE,DIESEL
2203081334,7007556549,30028481,10011460,กท.60-4205,2022-03-27 06:02:35,LITRE,GASOHOL95
2203081336,7007556504,10001126,10001126,กท.79-0643,2022-03-27 06:03:09,LITRE,DIESEL
2203081339,7007556470,30031849,10000923,กท.78-1149,2022-03-27 06:03:47,LITRE,DIESEL
2203081342,7007559093,30034185,10012548,กท.78-4646,2022-03-27 06:04:42,LITRE,GASOHOL95
2203081347,7007559101,30038390,10003964,สค.70-6124,2022-03-27 06:05:30,LITRE,GASOHOL95
2203081382,7007559138,30038390,10003964,สค.70-6123,2022-03-27 06:16:22,LITRE,DIESEL
2203081387,7007556684,10003015,10003015,กท.79-0644,2022-03-27 06:19:05,LITRE,DIESEL
2203081403,7007556496,30025508,10002939,กท.79-2716,2022-03-27 06:25:05,LITRE,DIESEL
2203081405,7007556518,30013992,10002941,กท.77-8133,2022-03-27 06:25:37,LITRE,DIESEL
2203081409,7007559169,30038390,10003964,สค.70-3935,2022-03-27 06:26:48,LITRE,GASOHOL95
2203081417,7007556455,10011002,10011002,ฉช.82-7443,2022-03-27 06:30:25,LITRE,DIESEL
2203081431,7007556553,30047914,10000923,กท.78-7993,2022-03-27 06:31:14,LITRE,DIESEL
2203081456,7007556458,10006801,10006801,กท.74-9067,2022-03-27 06:38:01,LITRE,DIESEL
2203081463,7007556529,30000448,10000923,กท.79-1961,2022-03-27 06:40:57,LITRE,DIESEL
2203081472,7007556515,10007214,10007214,กท.79-5584,2022-03-27 06:44:01,LITRE,DIESEL
2203081474,7007556550,30003113,10002105,กท.79-0642,2022-03-27 06:45:24,LITRE,DIESEL
2203081476,7007556500,30030400,10011816,กท.60-4207,2022-03-27 06:45:57,LITRE,GASOHOL95
2203081481,7007556510,10002256,10002256,กท.79-5579,2022-03-27 06:48:04,LITRE,DIESEL
2203081491,7007556511,30027174,10011277,กท.74-9070,2022-03-27 06:51:43,LITRE,DIESEL
2203081543,7007556683,30042418,10007173,กท.79-0841,2022-03-27 07:02:46,LITRE,DIESEL
2203081564,7007556526,10012334,10012334,กท.79-0641,2022-03-27 07:06:02,LITRE,DIESEL
2203081590,7007556462,30000442,10000923,กท.79-0144,2022-03-27 07:10:11,LITRE,DIESEL
2203081593,7007556528,30028180,10004251,กท.77-8134,2022-03-27 07:10:47,LITRE,DIESEL
2203081600,7007556690,30030846,10002018,กท.79-2717,2022-03-27 07:11:35,LITRE,DIESEL
2203081635,7007556477,30032380,10001601,กท.78-6744,2022-03-27 07:17:35,LITRE,DIESEL
2203081673,7007559378,30038347,10012717,กท.79-8997,2022-03-27 07:23:14,LITRE,DIESEL
2203081778,7007559487,30029534,10011665,กท.79-5841,2022-03-27 07:46:58,LITRE,DIESEL
2203081847,7007559552,30038348,10012569,ชม.70-5301,2022-03-27 08:01:07,LITRE,DIESEL
2203081873,7007559564,30034185,10012548,กท.79-7691,2022-03-27 08:07:33,LITRE,DIESEL
2203081944,7007559648,30029534,10011665,กท.79-5842,2022-03-27 08:24:48,LITRE,DIESEL
2203081948,7007559668,30038348,10012569,ชม.70-5300,2022-03-27 08:27:10,LITRE,DIESEL
2203082058,7007556487,30003313,10002127,กท.79-0643,2022-03-27 08:54:16,LITRE,DIESEL
2203082063,7007560108,30038348,10012569,ชม.70-5124,2022-03-27 08:55:52,LITRE,DIESEL
2203082079,7007557486,30013037,10001813,กท.60-4208,2022-03-27 09:03:05,LITRE,GASOHOL95
2203082130,7007557693,30009314,10002796,กท.79-0644,2022-03-27 09:14:10,LITRE,DIESEL
2203082142,7007560708,30047221,10022051,ชบ.85-3878,2022-03-27 09:17:32,LITRE,DIESEL
2203082240,7007561367,10023007,10023007,กท.74-2888,2022-03-27 09:44:11,LITRE,GASOHOL95
2203082242,7007561294,10023007,10023007,กท.76-4829,2022-03-27 09:44:15,LITRE,GASOHOL95
2203082246,7007561229,10023007,10023007,กท.74-8932,2022-03-27 09:44:58,LITRE,GASOHOL95
2203082247,7007561330,10023007,10023007,กท.60-1460,2022-03-27 09:45:03,LITRE,GASOHOL95
2203082249,7007561588,30037192,10020738,ชบ.84-7139,2022-03-27 09:46:10,LITRE,DIESEL
2203082290,7007557007,30028393,10001206,ฉช.82-3201,2022-03-27 09:59:07,LITRE,DIESEL
2203082296,7007562076,30038348,10012569,ชม.70-4355,2022-03-27 10:01:24,LITRE,DIESEL
2203082480,7007563627,30038348,10012569,ชบ.84-7237,2022-03-27 10:42:15,LITRE,DIESEL
2203082494,7007556501,10002966,10002966,กท.78-6744,2022-03-27 10:46:01,LITRE,DIESEL
2203082512,7007563408,10023230,10023230,สบ.71-0408,2022-03-27 10:53:41,LITRE,GASOHOL95
2203082519,7007556459,30018565,10008995,กท.79-0841,2022-03-27 10:56:00,LITRE,DIESEL
2203082542,7007564256,30029534,10011665,กท.79-5841,2022-03-27 11:02:59,LITRE,DIESEL
2203082575,7007564599,30038348,10012569,ชม.70-5420,2022-03-27 11:10:16,LITRE,DIESEL
2203082581,7007557005,10020965,10020965,กท.78-7993,2022-03-27 11:14:29,LITRE,DIESEL
2203082592,7007564728,30026514,10001609,ฉช.82-2839,2022-03-27 11:15:36,LITRE,DIESEL
2203082627,7007564916,30020880,10009638,ฉช.82-8528,2022-03-27 11:20:36,LITRE,DIESEL
2203082676,7007565243,10013552,10013552,ชบ.71-4793,2022-03-27 11:33:26,LITRE,GASOHOL95
2203082691,7007556472,30000420,10000923,กท.79-0641,2022-03-27 11:34:50,LITRE,DIESEL
2203082692,7007565176,10013552,10013552,ชบ.71-4792,2022-03-27 11:34:55,LITRE,GASOHOL95
2203082770,7007565881,10002812,10002812,ฉช.81-3257,2022-03-27 12:02:12,LITRE,DIESEL
2203082777,7007562415,10002692,10002692,กท.79-1961,2022-03-27 12:04:09,LITRE,DIESEL
2203082793,7007565914,10002758,10002758,ชบ.82-4190,2022-03-27 12:06:21,LITRE,DIESEL
2203082819,7007566045,10002913,10002913,ตร.80-2192,2022-03-27 12:16:59,LITRE,DIESEL
2203082823,7007566053,10011635,10011635,จบ.80-8222,2022-03-27 12:17:22,LITRE,DIESEL
2203082854,7007566123,30029534,10011665,กท.79-6148,2022-03-27 12:28:51,LITRE,DIESEL
2203082866,7007566189,30043240,10022061,กท.75-6899,2022-03-27 12:33:31,LITRE,DIESEL
2203082876,7007556461,10008836,10008836,กท.74-9067,2022-03-27 12:42:15,LITRE,DIESEL
2203082910,7007556463,30023003,10000923,กท.79-2717,2022-03-27 12:52:44,LITRE,DIESEL
2203082917,7007557003,10007890,10007890,กท.79-1830,2022-03-27 12:55:41,LITRE,DIESEL
2203082921,7007556473,30000425,10000923,กท.77-8133,2022-03-27 12:56:52,LITRE,DIESEL
2203082933,7007562347,30000440,10000923,กท.78-1149,2022-03-27 13:00:29,LITRE,DIESEL
2203082941,7007563515,10002877,10002877,กท.74-9070,2022-03-27 13:02:37,LITRE,DIESEL
2203083003,7007556520,10008836,10008836,ฉช.82-7443,2022-03-27 13:25:34,LITRE,DIESEL
2203083007,7007556506,30002244,10001601,กท.79-5579,2022-03-27 13:26:02,LITRE,DIESEL
2203083031,7007562375,30003071,10002044,กท.79-0144,2022-03-27 13:30:27,LITRE,DIESEL
2203083066,7007568106,30038348,10012569,ลพ.70-0786,2022-03-27 13:43:34,LITRE,DIESEL
2203083082,7007556468,30000449,10000923,กท.79-0641,2022-03-27 13:45:25,LITRE,DIESEL
2203083099,7007568422,30043240,10022061,กท.72-3498,2022-03-27 13:51:41,LITRE,DIESEL
2203083145,7007557001,30026658,10005234,กท.79-1961,2022-03-27 14:04:39,LITRE,DIESEL
2203083155,7007556519,30013992,10002941,กท.79-0642,2022-03-27 14:08:47,LITRE,DIESEL
2203083174,7007556465,30023005,10000923,กท.79-2716,2022-03-27 14:17:12,LITRE,DIESEL
2203083193,7007568999,30038348,10012569,ชม.70-5261,2022-03-27 14:24:24,LITRE,DIESEL
2203083227,7007568937,10022660,10022660,นม.70-6920,2022-03-27 14:32:05,LITRE,GASOHOL95
2203083243,7007557705,30040275,10021171,กท.77-8134,2022-03-27 14:38:17,LITRE,DIESEL
2203083247,7007566994,30020706,10002018,กท.78-6742,2022-03-27 14:39:06,LITRE,DIESEL
2203083273,7007556495,30024855,10010834,กท.77-8133,2022-03-27 14:42:19,LITRE,DIESEL
2203083300,7007564991,10008093,10008093,ฉช.81-4230,2022-03-27 14:51:58,LITRE,DIESEL
2203083306,7007569604,30038348,10012569,ชม.70-5124,2022-03-27 14:55:20,LITRE,DIESEL
2203083323,7007569844,10022051,10022051,ชบ.85-3878,2022-03-27 15:01:53,LITRE,DIESEL
2203083356,7007569005,10022660,10022660,กท.79-7784,2022-03-27 15:08:38,LITRE,GASOHOL95
2203083358,7007568979,10022660,10022660,กท.79-7787,2022-03-27 15:09:36,LITRE,GASOHOL95
2203083396,7007570426,30038348,10012569,ชม.70-5302,2022-03-27 15:23:02,LITRE,DIESEL
2203083433,7007556530,30000448,10000923,กท.79-5843,2022-03-27 15:28:58,LITRE,DIESEL
2203083580,7007556687,10002749,10002749,กท.79-2717,2022-03-27 16:21:36,LITRE,DIESEL
2203083604,7007562530,30032249,10012193,กท.79-5579,2022-03-27 16:37:09,LITRE,DIESEL
2203083643,7007562400,10011705,10011705,กท.79-0644,2022-03-27 17:04:09,LITRE,DIESEL
2203083666,7007573360,30038348,10012569,กท.79-1816,2022-03-27 17:20:35,LITRE,DIESEL
2203083669,7007562364,10002692,10002692,กท.79-0144,2022-03-27 17:31:02,LITRE,DIESEL
2203083720,7007564964,30028859,10001624,กท.77-8133,2022-03-27 17:57:06,LITRE,DIESEL
2203083753,7007565658,30003313,10002127,กท.79-5578,2022-03-27 18:34:37,LITRE,DIESEL
2203083794,7007565673,30021096,10000923,กท.79-2716,2022-03-27 18:56:54,LITRE,DIESEL
2203083795,7007565628,30013992,10002941,กท.78-1149,2022-03-27 18:57:08,LITRE,DIESEL
2203084140,7007574370,30038390,10003964,สค.70-6119,2022-03-28 00:03:15,LITRE,GASOHOL95
2203084142,7007574371,30038390,10003964,สค.70-4386,2022-03-28 00:04:54,LITRE,GASOHOL95
2203084144,7007574372,30038348,10012569,ชม.70-4219,2022-03-28 00:05:47,LITRE,DIESEL
2203084146,7007574374,30038348,10012569,ลพ.70-0785,2022-03-28 00:12:38,LITRE,DIESEL
2203084185,7007574399,30038348,10012569,ชม.70-5300,2022-03-28 00:40:04,LITRE,DIESEL
2203084197,7007574405,30038390,10003964,สค.70-6124,2022-03-28 00:52:37,LITRE,GASOHOL95
2203084226,7007574430,30038390,10003964,สค.70-5407,2022-03-28 01:33:28,LITRE,GASOHOL95
2203084248,7007574439,30038348,10012569,ชม.70-5299,2022-03-28 01:59:48,LITRE,DIESEL
2203084258,7007574442,10022031,10022031,รย.71-2635,2022-03-28 02:13:51,LITRE,DIESEL
2203084267,7007564990,30011473,10001628,ฉช.82-4812,2022-03-28 02:23:29,LITRE,DIESEL
2203084283,7007574452,30038348,10012569,ชม.70-5301,2022-03-28 02:37:24,LITRE,DIESEL
2203084287,7007565624,30026514,10001609,ฉช.82-7170,2022-03-28 02:40:16,LITRE,DIESEL
2203084291,7007574456,10020687,10020687,ฉช.82-3201,2022-03-28 02:52:34,LITRE,DIESEL
2203084325,7007574469,30038390,10003964,สค.70-4074,2022-03-28 03:16:22,LITRE,DIESEL
2203084341,7007565639,30040275,10021171,กท.76-4825,2022-03-28 03:41:13,LITRE,GASOHOL95
2203084403,7007565648,10001126,10001126,กท.78-6739,2022-03-28 04:41:37,LITRE,DIESEL
2203084405,7007565643,30001090,10001206,กท.79-5584,2022-03-28 04:43:55,LITRE,DIESEL
2203084450,7007565198,30040045,10000923,กท.77-8134,2022-03-28 06:02:34,LITRE,DIESEL
2203084451,7007565644,10002256,10002256,กท.79-5843,2022-03-28 06:02:39,LITRE,DIESEL
2203084455,7007565631,10001152,10001152,กท.79-1830,2022-03-28 06:03:08,LITRE,DIESEL
2203084457,7007574601,30034185,10012548,กท.78-4646,2022-03-28 06:04:15,LITRE,GASOHOL95
2203084470,7007574606,30038390,10003964,สค.70-6123,2022-03-28 06:07:51,LITRE,DIESEL
2203084503,7007565235,10003041,10003041,กท.79-0642,2022-03-28 06:21:45,LITRE,DIESEL
2203084511,7007565636,30032384,10012238,กท.74-9070,2022-03-28 06:23:29,LITRE,DIESEL
2203084513,7007565661,30028860,10003078,กท.79-0144,2022-03-28 06:23:34,LITRE,DIESEL
2203084517,7007570587,30045843,10011319,กท.60-4207,2022-03-28 06:24:43,LITRE,GASOHOL95
2203084549,7007565269,30000448,10000923,กท.79-0643,2022-03-28 06:33:34,LITRE,DIESEL
2203084568,7007565652,30030400,10011816,กท.79-0841,2022-03-28 06:40:38,LITRE,DIESEL
2203084573,7007565664,10008836,10008836,กท.79-0644,2022-03-28 06:42:30,LITRE,DIESEL
2203084577,7007565216,30042727,10021947,กท.74-9067,2022-03-28 06:43:47,LITRE,DIESEL
2203084608,7007565647,30002244,10001601,กท.78-7993,2022-03-28 06:53:26,LITRE,DIESEL
2203084612,7007565655,30025508,10002939,กท.78-6742,2022-03-28 06:54:40,LITRE,DIESEL
2203084621,7007564979,30039760,10000923,กท.79-1961,2022-03-28 06:57:44,LITRE,DIESEL
2203084639,7007565621,30028111,10005818,กท.79-0641,2022-03-28 07:03:28,LITRE,DIESEL
2203084747,7007565660,30003313,10002127,กท.78-6739,2022-03-28 07:22:17,LITRE,DIESEL
2203084761,7007565668,10011002,10011002,กท.78-6744,2022-03-28 07:24:22,LITRE,DIESEL
2203084867,7007574949,30029534,10011665,นม.70-6730,2022-03-28 07:45:57,LITRE,GASOHOL95
2203084922,7007565641,30027174,10011277,ฉช.82-7443,2022-03-28 07:54:26,LITRE,DIESEL
2203084940,7007575249,30038348,10012569,ชม.70-5123,2022-03-28 07:59:50,LITRE,DIESEL
2203084980,7007575482,10021756,10021756,นม.70-6720,2022-03-28 08:11:36,LITRE,GASOHOL95
2203084993,7007575622,30029534,10011665,กท.79-3258,2022-03-28 08:16:37,LITRE,DIESEL
2203085013,7007575823,30029534,10011665,กท.79-5842,2022-03-28 08:22:06,LITRE,DIESEL
2203085026,7007564985,30013037,10001813,กท.75-1033,2022-03-28 08:28:50,LITRE,GASOHOL95
2203085064,7007576391,30029534,10011665,นม.70-6589,2022-03-28 08:37:46,LITRE,DIESEL
2203085095,7007576618,30043240,10022061,กท.75-7868,2022-03-28 08:48:21,LITRE,DIESEL
2203085101,7007564968,10007463,10007463,ฉช.82-4812,2022-03-28 08:53:21,LITRE,DIESEL
2203085178,7007577438,30043240,10022061,กท.75-9797,2022-03-28 09:14:36,LITRE,DIESEL
2203085207,7007565247,30028481,10011460,กท.60-4208,2022-03-28 09:26:00,LITRE,GASOHOL95
2203085230,7007577419,10023007,10023007,กท.74-1615,2022-03-28 09:30:55,LITRE,GASOHOL95
2203085231,7007577390,10023007,10023007,กท.75-4314,2022-03-28 09:31:23,LITRE,GASOHOL95
2203085234,7007577360,10023007,10023007,กท.75-1034,2022-03-28 09:32:01,LITRE,GASOHOL95
2203085258,7007577807,10021768,10021768,ชบ.85-3878,2022-03-28 09:38:14,LITRE,DIESEL
2203085264,7007577845,30043240,10022061,ชบ.83-3599,2022-03-28 09:41:27,LITRE,DIESEL
2203085318,7007578162,30029534,10011665,กท.79-6148,2022-03-28 09:54:26,LITRE,DIESEL
2203085322,7007578194,10022050,10022050,ชบ.84-6354,2022-03-28 09:56:13,LITRE,DIESEL
2203085323,7007578196,10002921,10002921,จบ.80-8222,2022-03-28 09:56:16,LITRE,DIESEL
2203085329,7007565626,30013992,10002941,กท.78-7993,2022-03-28 09:57:35,LITRE,DIESEL
2203085364,7007578301,30038348,10012569,ชม.70-5261,2022-03-28 10:04:26,LITRE,DIESEL
2203085374,7007578344,30038347,10012717,ชบ.84-7975,2022-03-28 10:07:36,LITRE,DIESEL
2203085490,7007577043,30026514,10001609,กท.79-1830,2022-03-28 10:30:45,LITRE,DIESEL
2203085492,7007565256,30040542,10005234,กท.79-0642,2022-03-28 10:31:17,LITRE,DIESEL
2203085517,7007578766,30038348,10012569,ชม.70-5122,2022-03-28 10:38:41,LITRE,DIESEL
2203085548,7007578877,30038348,10012569,ลพ.70-0674,2022-03-28 10:46:36,LITRE,DIESEL
2203085549,7007578895,30038348,10012569,ชม.70-4355,2022-03-28 10:47:20,LITRE,DIESEL
2203085552,7007565650,10002966,10002966,กท.74-9070,2022-03-28 10:48:46,LITRE,DIESEL
2203085569,7007578880,10023423,10023423,กท.62-1291,2022-03-28 10:54:57,LITRE,GASOHOL95
2203085590,7007577454,10023007,10023007,กท.76-2788,2022-03-28 10:58:54,LITRE,GASOHOL95
2203085601,7007567102,30024157,10005234,กท.78-1149,2022-03-28 11:01:48,LITRE,DIESEL
2203085648,7007579067,10021938,10021938,นม.70-7502,2022-03-28 11:11:07,LITRE,GASOHOL95
2203085674,7007579046,10021938,10021938,นม.70-5975,2022-03-28 11:16:40,LITRE,GASOHOL95
2203085710,7007579134,10022543,10022543,ชม.70-6755,2022-03-28 11:26:09,LITRE,GASOHOL95
2203085726,7007579254,30029534,10011665,กท.79-3259,2022-03-28 11:30:12,LITRE,DIESEL
2203085738,7007564983,10002244,10002244,กท.79-5579,2022-03-28 11:33:04,LITRE,DIESEL
2203085748,7007579566,30048093,10023422,กท.79-0144,2022-03-28 11:45:59,LITRE,DIESEL
2203085781,7007578869,30026514,10001609,ฉช.82-2839,2022-03-28 11:49:58,LITRE,DIESEL
2203085794,7007579390,10021849,10021849,รย.82-4012,2022-03-28 12:09:06,LITRE,DIESEL
2203085848,7007579426,30038348,10012569,ชม.70-5124,2022-03-28 12:12:17,LITRE,DIESEL
2203085864,7007565226,30000420,10000923,กท.79-0643,2022-03-28 12:20:39,LITRE,DIESEL
2203085889,7007579463,10002758,10002758,ชบ.82-4190,2022-03-28 12:42:23,LITRE,DIESEL
2203085947,7007579558,10002917,10002917,จบ.80-8540,2022-03-28 12:49:15,LITRE,DIESEL
2203085966,7007577051,10023170,10023170,กท.79-0644,2022-03-28 12:51:53,LITRE,DIESEL
2203085983,7007579587,30038348,10012569,ชม.70-5302,2022-03-28 12:54:39,LITRE,DIESEL
2203085992,7007579563,10013686,10013686,ชบ.71-8902,2022-03-28 12:57:18,LITRE,GASOHOL95
2203086009,7007565642,30000876,10001064,กท.79-5843,2022-03-28 13:03:25,LITRE,DIESEL
2203086032,7007564973,10021783,10021783,กท.79-1961,2022-03-28 13:09:58,LITRE,DIESEL
2203086074,7007567109,30020706,10002018,กท.77-8134,2022-03-28 13:18:33,LITRE,DIESEL
2203086108,7007564988,30023333,10005234,กท.79-0841,2022-03-28 13:30:26,LITRE,DIESEL
2203086129,7007579868,30024684,10013738,รย.71-2637,2022-03-28 13:33:47,LITRE,DIESEL
2203086192,7007564982,10002692,10002692,ฉช.82-7443,2022-03-28 13:54:26,LITRE,DIESEL
2203086194,7007580322,30038348,10012569,ชม.70-4219,2022-03-28 13:54:36,LITRE,DIESEL
2203086238,7007580528,30038348,10012569,ลพ.70-0786,2022-03-28 14:07:18,LITRE,DIESEL
2203086267,7007565630,30026769,10011199,กท.79-5584,2022-03-28 14:22:00,LITRE,DIESEL
2203086280,7007565208,30042727,10021947,กท.79-0641,2022-03-28 14:22:32,LITRE,DIESEL
2203086300,7007577030,30045372,10003078,กท.78-6742,2022-03-28 14:25:25,LITRE,DIESEL
2203086332,7007580574,30000448,10000923,กท.79-2716,2022-03-28 14:37:07,LITRE,DIESEL
2203086362,7007579036,10001217,10001217,กท.77-8133,2022-03-28 14:43:37,LITRE,DIESEL
2203086370,7007581736,30034185,10012548,กท.78-4444,2022-03-28 14:45:36,LITRE,DIESEL
2203086372,7007579041,30033326,10001099,กท.79-0643,2022-03-28 14:46:26,LITRE,DIESEL
2203086375,7007579696,30017362,10000923,ฉช.82-4812,2022-03-28 14:47:09,LITRE,GASOHOL95
2203086378,7007581795,10022051,10022051,ชบ.85-3878,2022-03-28 14:48:08,LITRE,DIESEL
2203086386,7007565622,30040971,10020711,กท.78-6744,2022-03-28 14:50:45,LITRE,DIESEL
2203086423,7007565656,30024855,10010834,กท.79-5578,2022-03-28 14:58:35,LITRE,DIESEL
2203086510,7007582423,30029534,10011665,กท.79-5840,2022-03-28 15:25:25,LITRE,DIESEL
2203086559,7007582748,30029534,10011665,กท.79-5841,2022-03-28 15:46:59,LITRE,DIESEL
2203086595,7007582837,30038347,10012717,กท.79-8992,2022-03-28 16:00:34,LITRE,DIESEL
2203086657,7007583008,30029534,10011665,กท.79-3259,2022-03-28 16:19:37,LITRE,DIESEL
2203086667,7007583079,30038348,10012569,ลพ.70-0785,2022-03-28 16:26:42,LITRE,DIESEL
2203086682,7007579052,10002692,10002692,กท.77-8134,2022-03-28 16:28:58,LITRE,DIESEL
2203086688,7007579522,30013037,10001813,กท.60-4208,2022-03-28 16:33:26,LITRE,GASOHOL95
2203086708,7007583283,30038348,10012569,ลพ.70-0674,2022-03-28 16:55:32,LITRE,DIESEL
2203086731,7007583293,30038348,10012569,กท.79-6704,2022-03-28 16:56:41,LITRE,DIESEL
2203086756,7007579492,30013992,10002941,กท.79-0841,2022-03-28 17:16:05,LITRE,DIESEL
2203086794,7007579524,10006337,10006337,กท.78-7993,2022-03-28 17:22:17,LITRE,DIESEL
2203086838,7007579452,30018141,10000923,กท.79-1961,2022-03-28 17:49:01,LITRE,DIESEL
2203086861,7007583033,30033260,10002018,กท.79-0144,2022-03-28 18:12:38,LITRE,DIESEL
2203086879,7007583023,30031412,10002018,กท.78-6744,2022-03-28 18:32:38,LITRE,DIESEL
2203086881,7007582290,10002877,10002877,กท.79-5843,2022-03-28 18:33:48,LITRE,DIESEL
2203087180,7007583609,30038348,10012569,ชม.70-5301,2022-03-29 00:02:54,LITRE,DIESEL
2203087181,7007583610,30038390,10003964,สค.70-6119,2022-03-29 00:03:41,LITRE,GASOHOL95
2203087189,7007583613,30038390,10003964,สค.70-2507,2022-03-29 00:21:07,LITRE,DIESEL
2203087193,7007583614,30038390,10003964,สค.70-6124,2022-03-29 00:22:31,LITRE,GASOHOL95
2203087237,7007583635,30038390,10003964,สค.70-6125,2022-03-29 00:58:00,LITRE,DIESEL
2203087238,7007583636,30038390,10003964,สค.70-3665,2022-03-29 01:01:52,LITRE,GASOHOL95
2203087270,7007583663,30038348,10012569,ชม.70-5299,2022-03-29 01:40:04,LITRE,DIESEL
2203087368,7007583694,30038390,10003964,สค.70-5407,2022-03-29 03:13:21,LITRE,GASOHOL95
2203087375,7007583698,30038390,10003964,สค.70-4074,2022-03-29 03:24:46,LITRE,DIESEL
2203087376,7007583699,30038390,10003964,สค.70-4335,2022-03-29 03:25:46,LITRE,GASOHOL95
2203087403,7007583708,30029534,10011665,กท.61-6634,2022-03-29 03:57:45,LITRE,GASOHOL95
2203087428,7007579487,30040275,10021171,กท.75-1033,2022-03-29 04:17:09,LITRE,GASOHOL95
2203087490,7007579482,30002244,10001601,กท.77-8134,2022-03-29 06:01:40,LITRE,DIESEL
2203087491,7007579485,30027174,10011277,กท.78-1149,2022-03-29 06:02:19,LITRE,DIESEL
2203087493,7007579444,30003071,10002044,กท.79-1830,2022-03-29 06:02:56,LITRE,DIESEL
2203087497,7007579471,30025508,10002939,กท.79-0641,2022-03-29 06:03:25,LITRE,DIESEL
2203087523,7007583795,30038390,10003964,สค.70-6123,2022-03-29 06:10:21,LITRE,DIESEL
2203087524,7007579460,30003313,10002127,กท.79-5584,2022-03-29 06:10:54,LITRE,DIESEL
2203087574,7007579475,30030400,10011816,ฉช.82-7443,2022-03-29 06:24:48,LITRE,DIESEL
2203087589,7007579483,10002256,10002256,กท.79-5578,2022-03-29 06:27:41,LITRE,DIESEL
2203087594,7007579538,30031230,10011319,กท.74-9070,2022-03-29 06:28:41,LITRE,DIESEL
2203087600,7007579536,30028393,10001206,กท.79-0644,2022-03-29 06:30:28,LITRE,DIESEL
2203087607,7007579508,30028481,10011460,กท.60-4207,2022-03-29 06:32:11,LITRE,GASOHOL95
2203087611,7007579498,30000448,10000923,กท.77-8133,2022-03-29 06:33:32,LITRE,DIESEL
2203087623,7007579447,30019257,10005234,กท.79-0643,2022-03-29 06:35:58,LITRE,DIESEL
2203087636,7007579446,10006801,10006801,กท.74-9067,2022-03-29 06:39:48,LITRE,DIESEL
2203087649,7007579490,10023278,10023278,กท.79-0642,2022-03-29 06:41:42,LITRE,DIESEL
2203087666,7007579495,10012334,10012334,กท.79-5579,2022-03-29 06:43:48,LITRE,DIESEL
2203087669,7007583900,30038348,10012569,ชม.70-5122,2022-03-29 06:44:43,LITRE,DIESEL
2203087671,7007579448,30045421,10005234,กท.79-2716,2022-03-29 06:45:50,LITRE,DIESEL
2203087716,7007579449,10008836,10008836,กท.79-2717,2022-03-29 06:55:57,LITRE,DIESEL
2203087729,7007582840,30020647,10000923,กท.78-6742,2022-03-29 06:58:46,LITRE,DIESEL
2203087775,7007579520,30042181,10021809,กท.78-6739,2022-03-29 07:08:11,LITRE,DIESEL
2203087787,7007579523,30013037,10001813,กท.76-4825,2022-03-29 07:10:57,LITRE,GASOHOL95
2203087867,7007579516,10001549,10001549,กท.79-5843,2022-03-29 07:22:28,LITRE,DIESEL
2203088180,7007584466,30029534,10011665,นม.70-6730,2022-03-29 08:39:16,LITRE,GASOHOL95
2203088254,7007584720,30037192,10020738,ชบ.84-7139,2022-03-29 08:59:54,LITRE,DIESEL
2203088334,7007585176,10023257,10023257,นม.70-6589,2022-03-29 09:21:35,LITRE,DIESEL
2203088355,7007585280,30034185,10012548,กท.77-7979,2022-03-29 09:29:39,LITRE,DIESEL
2203088449,7007579455,30000441,10000923,กท.77-8134,2022-03-29 09:51:39,LITRE,DIESEL
2203088461,7007585829,10011635,10011635,จบ.80-8222,2022-03-29 09:52:49,LITRE,DIESEL
2203088479,7007585892,30038348,10012569,ชม.70-5300,2022-03-29 09:57:10,LITRE,DIESEL
2203088631,7007586316,30038348,10012569,ชม.70-4355,2022-03-29 10:33:49,LITRE,DIESEL
2203088651,7007586360,30043240,10022061,กท.75-3041,2022-03-29 10:36:49,LITRE,DIESEL
2203088673,7007579527,10008836,10008836,กท.79-1830,2022-03-29 10:43:05,LITRE,DIESEL
2203088710,7007586580,30038348,10012569,กท.79-6704,2022-03-29 10:52:52,LITRE,DIESEL
2203088743,7007586676,30038348,10012569,ชม.70-5420,2022-03-29 11:00:18,LITRE,DIESEL
2203088772,7007586753,10002812,10002812,ฉช.81-3257,2022-03-29 11:08:22,LITRE,DIESEL
2203088800,7007584407,30047450,10005234,กท.78-6742,2022-03-29 11:14:00,LITRE,DIESEL
2203088815,7007586923,30038348,10012569,ชม.70-5421,2022-03-29 11:19:16,LITRE,DIESEL
2203088858,7007586977,10022543,10022543,ชม.70-5997,2022-03-29 11:28:45,LITRE,GASOHOL95
2203088860,7007586958,10022543,10022543,ชม.70-6753,2022-03-29 11:28:54,LITRE,GASOHOL95
2203088879,7007587181,10002888,10002888,รย.81-6316,2022-03-29 11:35:36,LITRE,DIESEL
2203088925,7007587235,30038348,10012569,ชบ.84-7156,2022-03-29 11:38:22,LITRE,DIESEL
2203088927,7007587248,30038348,10012569,ลพ.70-0786,2022-03-29 11:39:06,LITRE,DIESEL
2203088933,7007587268,30047221,10022051,ชบ.85-3878,2022-03-29 11:40:11,LITRE,DIESEL
2203088950,7007587346,10002758,10002758,ชบ.82-4190,2022-03-29 11:45:23,LITRE,DIESEL
2203088974,7007579494,30013992,10002941,กท.79-5579,2022-03-29 11:50:19,LITRE,DIESEL
2203088975,7007579517,10022583,10022583,กท.79-0641,2022-03-29 11:50:22,LITRE,DIESEL
2203089014,7007587467,30034185,10012548,กท.78-4444,2022-03-29 12:01:57,LITRE,DIESEL
2203089015,7007579481,10001126,10001126,กท.79-0841,2022-03-29 12:02:02,LITRE,DIESEL
2203089052,7007579456,30043944,10000923,กท.79-0643,2022-03-29 12:21:58,LITRE,DIESEL
2203089062,7007587625,30038348,10012569,นม.70-8647,2022-03-29 12:27:13,LITRE,GASOHOL95
2203089072,7007579502,30040542,10005234,กท.79-0642,2022-03-29 12:31:01,LITRE,DIESEL
2203089108,7007579479,10002966,10002966,กท.74-9067,2022-03-29 12:42:47,LITRE,DIESEL
2203089147,7007586475,10020965,10020965,กท.74-9070,2022-03-29 12:54:51,LITRE,DIESEL
2203089150,7007579513,30000425,10000923,กท.79-2717,2022-03-29 12:55:56,LITRE,DIESEL
2203089156,7007587117,30020880,10009638,ฉช.82-3201,2022-03-29 12:57:57,LITRE,DIESEL
2203089183,7007579521,10000223,10000223,กท.78-7993,2022-03-29 13:05:32,LITRE,DIESEL
2203089187,7007587928,30043240,10022061,กท.75-0640,2022-03-29 13:08:09,LITRE,DIESEL
2203089235,7007587951,10022660,10022660,กท.60-2722,2022-03-29 13:17:57,LITRE,GASOHOL95
2203089237,7007587936,10022660,10022660,กท.79-7786,2022-03-29 13:18:12,LITRE,GASOHOL95
2203089241,7007587887,10022660,10022660,นม.70-7497,2022-03-29 13:19:01,LITRE,GASOHOL95
2203089244,7007587926,10022660,10022660,นม.70-6720,2022-03-29 13:19:24,LITRE,GASOHOL95
2203089245,7007587915,10022660,10022660,นม.70-7501,2022-03-29 13:20:00,LITRE,GASOHOL95
2203089288,7007579531,30000418,10000923,กท.78-6739,2022-03-29 13:29:26,LITRE,DIESEL
2203089289,7007588258,30029534,10011665,กท.79-5840,2022-03-29 13:29:44,LITRE,DIESEL
2203089326,7007579459,30024483,10003078,กท.79-2716,2022-03-29 13:40:49,LITRE,DIESEL
2203089333,7007588433,30038348,10012569,ชม.70-5301,2022-03-29 13:43:06,LITRE,DIESEL
2203089395,7007579451,30000449,10000923,กท.79-0644,2022-03-29 13:59:03,LITRE,DIESEL
2203089399,7007579518,30005679,10005234,กท.77-8133,2022-03-29 14:00:56,LITRE,DIESEL
2203089429,7007589129,30038347,10012717,กท.79-8998,2022-03-29 14:11:30,LITRE,DIESEL
2203089441,7007589133,30034185,10012548,กท.79-7691,2022-03-29 14:11:39,LITRE,DIESEL
2203089480,7007589249,30029534,10011665,กท.79-3258,2022-03-29 14:21:08,LITRE,DIESEL
2203089489,7007589276,30041848,10003109,นม.70-6719,2022-03-29 14:23:17,LITRE,GASOHOL95
2203089610,7007579450,30023005,10000923,กท.78-1149,2022-03-29 14:52:39,LITRE,DIESEL
2203089612,7007589862,30032929,10003109,นม.70-7498,2022-03-29 14:53:18,LITRE,GASOHOL95
2203089621,7007586375,30012564,10005234,กท.79-0841,2022-03-29 14:59:13,LITRE,DIESEL
2203089673,7007590223,30029534,10011665,กท.79-6148,2022-03-29 15:11:02,LITRE,DIESEL
2203089691,7007579509,30000420,10000923,ฉช.82-7443,2022-03-29 15:14:49,LITRE,DIESEL
2203089735,7007584415,30018565,10008995,กท.79-5578,2022-03-29 15:25:52,LITRE,DIESEL
2203089754,7007589024,10011125,10011125,กท.78-6744,2022-03-29 15:34:01,LITRE,DIESEL
2203089860,7007589036,30009314,10002796,กท.79-1961,2022-03-29 15:59:15,LITRE,DIESEL
2203089897,7007591881,30029534,10011665,กท.79-3259,2022-03-29 16:17:56,LITRE,DIESEL
2203089933,7007592081,30025789,10010981,กท.78-5932,2022-03-29 16:27:19,LITRE,DIESEL
2203089947,7007582721,30032380,10001601,กท.79-2717,2022-03-29 16:33:10,LITRE,DIESEL
2203089973,7007589043,10021385,10021385,กท.79-0643,2022-03-29 16:42:11,LITRE,DIESEL
2203090016,7007586397,30000448,10000923,กท.79-0144,2022-03-29 17:00:44,LITRE,DIESEL
2203090033,7007592382,30029534,10011665,กท.79-3258,2022-03-29 17:03:20,LITRE,DIESEL
2203090039,7007579462,30024855,10010834,กท.78-7993,2022-03-29 17:05:46,LITRE,DIESEL
2203090058,7007582866,30017758,10008827,กท.79-1830,2022-03-29 17:14:12,LITRE,DIESEL
2203090059,7007592472,30038347,10012717,กท.60-9334,2022-03-29 17:14:20,LITRE,DIESEL
2203090171,7007579537,10002227,10002227,กท.79-5579,2022-03-29 18:00:17,LITRE,DIESEL
2203090180,7007584427,10002749,10002749,ฉช.82-7443,2022-03-29 18:06:51,LITRE,DIESEL
2203090261,7007590113,30020706,10002018,กท.77-8133,2022-03-29 19:00:28,LITRE,DIESEL
2203090271,7007579472,10002692,10002692,กท.77-8134,2022-03-29 19:08:37,LITRE,DIESEL
2203090273,7007584458,10002739,10002739,กท.79-5843,2022-03-29 19:09:32,LITRE,DIESEL
2203090288,7007586383,10002698,10002698,กท.78-1149,2022-03-29 19:19:22,LITRE,DIESEL
2203090573,7007593377,30038348,10012569,ชม.70-5300,2022-03-30 00:05:07,LITRE,DIESEL
2203090574,7007593378,30038390,10003964,สค.70-6119,2022-03-30 00:05:35,LITRE,GASOHOL95
2203090576,7007593381,30038348,10012569,ชม.70-4219,2022-03-30 00:06:20,LITRE,DIESEL
2203090577,7007593382,30038348,10012569,ลพ.70-0674,2022-03-30 00:06:37,LITRE,DIESEL
2203090579,7007593383,30037131,10003109,นม.70-7496,2022-03-30 00:11:54,LITRE,GASOHOL95
2203090583,7007593387,30038348,10012569,ชม.70-5261,2022-03-30 00:17:03,LITRE,DIESEL
2203090584,7007593388,30038348,10012569,ลพ.70-0785,2022-03-30 00:19:23,LITRE,DIESEL
2203090788,7007593516,30038348,10012569,ชม.70-5302,2022-03-30 03:44:49,LITRE,DIESEL
2203090799,7007593525,30034185,10012548,กท.79-7691,2022-03-30 03:52:41,LITRE,DIESEL
2203090821,7007587136,30001090,10001206,กท.79-0644,2022-03-30 04:49:14,LITRE,DIESEL
2203090852,7007587077,30045843,10011319,กท.75-1033,2022-03-30 06:03:03,LITRE,GASOHOL95
2203090854,7007587093,10011002,10011002,กท.77-8134,2022-03-30 06:03:52,LITRE,DIESEL
2203090860,7007591934,30000448,10000923,กท.78-1149,2022-03-30 06:05:59,LITRE,DIESEL
2203090862,7007593561,30038390,10003964,สค.70-6123,2022-03-30 06:06:12,LITRE,DIESEL
2203090882,7007587114,10011161,10011161,กท.79-1830,2022-03-30 06:12:18,LITRE,DIESEL
2203090892,7007593576,30038348,10012569,ชม.70-5995,2022-03-30 06:15:57,LITRE,GASOHOL95
2203090894,7007593577,30038348,10012569,ชม.70-5993,2022-03-30 06:16:41,LITRE,GASOHOL95
2203090903,7007593584,30038390,10003964,สค.70-4335,2022-03-30 06:19:41,LITRE,GASOHOL95
2203090963,7007587088,30019258,10005234,กท.79-0642,2022-03-30 06:50:58,LITRE,DIESEL
2203090973,7007587096,30031230,10011319,กท.74-9067,2022-03-30 06:54:55,LITRE,DIESEL
2203090983,7007587147,10002966,10002966,กท.74-9070,2022-03-30 06:58:53,LITRE,DIESEL
2203090997,7007587099,30018492,10005234,กท.78-6742,2022-03-30 07:02:06,LITRE,DIESEL
2203091023,7007587133,30027174,10011277,กท.79-5578,2022-03-30 07:08:39,LITRE,DIESEL
2203091053,7007587144,30002244,10001601,กท.78-6739,2022-03-30 07:16:14,LITRE,DIESEL
2203091058,7007587083,10012018,10012018,กท.79-2717,2022-03-30 07:17:38,LITRE,DIESEL
2203091066,7007587188,10008836,10008836,กท.78-7993,2022-03-30 07:20:27,LITRE,DIESEL
2203091086,7007587151,30025508,10002939,กท.79-5579,2022-03-30 07:23:25,LITRE,DIESEL
2203091089,7007593699,30029534,10011665,นม.70-6589,2022-03-30 07:25:16,LITRE,DIESEL
2203091091,7007587111,30000440,10000923,กท.79-0841,2022-03-30 07:26:10,LITRE,DIESEL
2203091139,7007592711,10010409,10010409,ฉช.82-7443,2022-03-30 07:55:23,LITRE,DIESEL
2203091142,7007590026,10020965,10020965,กท.78-6744,2022-03-30 07:58:40,LITRE,DIESEL
2203091145,7007593785,30043240,10022061,กท.75-0640,2022-03-30 08:00:28,LITRE,DIESEL
2203091148,7007587130,30040275,10021171,กท.60-4205,2022-03-30 08:01:28,LITRE,GASOHOL95
2203091162,7007587138,10002256,10002256,กท.79-0641,2022-03-30 08:03:50,LITRE,DIESEL
2203091221,7007587103,30020706,10002018,กท.79-5843,2022-03-30 08:33:05,LITRE,DIESEL
2203091235,7007587183,10021113,10021113,กท.79-0643,2022-03-30 08:41:28,LITRE,DIESEL
2203091237,7007593867,30029534,10011665,กท.79-5842,2022-03-30 08:42:42,LITRE,DIESEL
2203091293,7007588981,10023377,10023377,กท.79-2716,2022-03-30 09:10:03,LITRE,DIESEL
2203091308,7007593984,30038348,10012569,ลพ.70-0786,2022-03-30 09:19:20,LITRE,DIESEL
2203091334,7007594001,30038348,10012569,ชม.70-4355,2022-03-30 09:23:48,LITRE,DIESEL
2203091405,7007594087,30029534,10011665,กท.79-5840,2022-03-30 09:44:45,LITRE,DIESEL
2203091422,7007594099,10002921,10002921,จบ.80-8222,2022-03-30 09:48:24,LITRE,DIESEL
2203091468,7007594162,30034185,10012548,กท.78-4646,2022-03-30 10:05:16,LITRE,GASOHOL95
2203091520,7007594204,10021849,10021849,รย.81-6767,2022-03-30 10:25:32,LITRE,DIESEL
2203091541,7007594210,30038390,10003964,สค.70-5407,2022-03-30 10:28:35,LITRE,GASOHOL95
2203091555,7007587150,10002692,10002692,กท.78-6739,2022-03-30 10:34:00,LITRE,DIESEL
2203091560,7007594228,30034185,10012548,กท.79-7691,2022-03-30 10:35:27,LITRE,DIESEL
2203091570,7007587091,10003015,10003015,กท.79-5584,2022-03-30 10:38:42,LITRE,DIESEL
2203091720,7007594420,30038348,10012569,ชม.70-5301,2022-03-30 11:30:42,LITRE,DIESEL
2203091756,7007594171,30042726,10005234,กท.78-6742,2022-03-30 11:46:39,LITRE,DIESEL
2203091788,7007594510,10022050,10022050,ชบ.85-0496,2022-03-30 11:58:11,LITRE,DIESEL
2203091790,7007592296,10002692,10002692,กท.79-1961,2022-03-30 11:59:47,LITRE,DIESEL
2203091813,7007594518,30044229,10003109,นม.70-6721,2022-03-30 12:05:57,LITRE,GASOHOL95
2203091834,7007594538,30043240,10022061,กท.75-7868,2022-03-30 12:17:54,LITRE,DIESEL
2203091854,7007594547,30038348,10012569,ลพ.70-0785,2022-03-30 12:28:51,LITRE,DIESEL
2203091870,7007594577,30038348,10012569,ชม.70-5125,2022-03-30 12:42:32,LITRE,DIESEL
2203091908,7007594600,10002917,10002917,จบ.80-8540,2022-03-30 12:57:59,LITRE,DIESEL
2203091954,7007594642,30043240,10022061,กท.75-0640,2022-03-30 13:07:27,LITRE,DIESEL
2203091997,7007594301,30003313,10002127,กท.77-8133,2022-03-30 13:18:39,LITRE,DIESEL
2203092010,7007594685,30029534,10011665,นม.70-6730,2022-03-30 13:23:32,LITRE,DIESEL
2203092016,7007594693,30029534,10011665,กท.79-3259,2022-03-30 13:29:04,LITRE,DIESEL
2203092049,7007594717,30029534,10011665,กท.79-3258,2022-03-30 13:39:30,LITRE,DIESEL
2203092057,7007594727,30038348,10012569,ชม.70-5991,2022-03-30 13:45:19,LITRE,GASOHOL95
2203092080,7007594771,10002913,10002913,ตร.80-5209,2022-03-30 13:54:48,LITRE,DIESEL
2203092084,7007594777,30038348,10012569,ชม.70-4219,2022-03-30 13:58:10,LITRE,DIESEL
2203092107,7007594795,30038390,10003964,สค.70-6125,2022-03-30 14:10:43,LITRE,DIESEL
2203092167,7007594324,30013037,10001813,กท.75-1033,2022-03-30 14:33:29,LITRE,GASOHOL95
2203092219,7007595234,30043240,10022061,กท.72-3498,2022-03-30 14:54:21,LITRE,DIESEL
2203092235,7007595248,30038348,10012569,ชม.70-5420,2022-03-30 15:04:25,LITRE,DIESEL
2203092252,7007595252,30038348,10012569,ชม.70-6751,2022-03-30 15:06:08,LITRE,GASOHOL95
2203092285,7007595299,30038348,10012569,กท.79-1819,2022-03-30 15:29:48,LITRE,DIESEL
2203092323,7007595323,30038390,10003964,สค.70-4074,2022-03-30 15:48:39,LITRE,DIESEL
2203092344,7007595336,30029534,10011665,กท.79-6148,2022-03-30 15:57:30,LITRE,DIESEL
2203092775,7007596162,30038390,10003964,สค.70-6119,2022-03-31 00:03:14,LITRE,GASOHOL95
2203092777,7007596164,30038390,10003964,สค.70-4386,2022-03-31 00:04:18,LITRE,GASOHOL95
2203092778,7007596165,30038348,10012569,ชม.70-5300,2022-03-31 00:04:20,LITRE,DIESEL
2203092779,7007596166,30038390,10003964,สค.70-4333,2022-03-31 00:05:02,LITRE,GASOHOL95
2203092780,7007596167,30038348,10012569,ชม.70-5299,2022-03-31 00:06:00,LITRE,DIESEL
2203092781,7007596168,30038348,10012569,ลพ.70-0785,2022-03-31 00:07:53,LITRE,DIESEL
2203092782,7007596169,30038390,10003964,สค.70-6124,2022-03-31 00:08:19,LITRE,GASOHOL95
2203092783,7007596170,30044229,10003109,นม.70-5975,2022-03-31 00:08:50,LITRE,GASOHOL95
2203092784,7007596171,30038348,10012569,ชม.70-4219,2022-03-31 00:09:44,LITRE,DIESEL
2203092786,7007596174,30032929,10003109,นม.70-7498,2022-03-31 00:11:48,LITRE,GASOHOL95
2203092799,7007596183,30037252,10003109,นม.70-7502,2022-03-31 00:25:38,LITRE,GASOHOL95
2203092804,7007596188,30038348,10012569,ลพ.70-0674,2022-03-31 00:28:01,LITRE,DIESEL
2203092849,7007596218,10022031,10022031,รย.71-2637,2022-03-31 01:36:45,LITRE,DIESEL
2203092851,7007596219,10002812,10002812,ฉช.81-3257,2022-03-31 01:40:04,LITRE,DIESEL
2203092853,7007594328,30028481,10011460,กท.76-4825,2022-03-31 01:43:05,LITRE,GASOHOL95
2203092859,7007596222,30038348,10012569,ชม.70-5302,2022-03-31 01:50:16,LITRE,DIESEL
2203092891,7007596237,30038348,10012569,ชม.70-4355,2022-03-31 02:24:24,LITRE,DIESEL
2203092922,7007596249,30035230,10003109,นม.70-6719,2022-03-31 02:55:55,LITRE,GASOHOL95
2203092923,7007596250,10002758,10002758,ชบ.82-4190,2022-03-31 02:58:00,LITRE,DIESEL
2203092935,7007596255,30038348,10012569,ชม.70-5261,2022-03-31 03:07:38,LITRE,DIESEL
2203092970,7007594302,30003313,10002127,กท.77-8134,2022-03-31 03:48:48,LITRE,DIESEL
2203092975,7007594294,30023005,10000923,กท.79-5584,2022-03-31 04:01:39,LITRE,DIESEL
2203093017,7007594304,30030400,10011816,กท.60-4207,2022-03-31 06:00:12,LITRE,GASOHOL95
2203093020,7007594316,10011705,10011705,กท.79-5843,2022-03-31 06:02:24,LITRE,DIESEL
2203093028,7007595327,30026658,10005234,กท.79-1830,2022-03-31 06:07:00,LITRE,DIESEL
2203093051,7007594311,30001090,10001206,กท.79-1961,2022-03-31 06:13:28,LITRE,DIESEL
2203093059,7007594293,10008836,10008836,กท.78-1149,2022-03-31 06:16:11,LITRE,DIESEL
2203093080,7007594308,10002256,10002256,กท.79-0144,2022-03-31 06:24:24,LITRE,DIESEL
2203093113,7007596363,30038390,10003964,สค.70-4335,2022-03-31 06:31:08,LITRE,GASOHOL95
2203093126,7007594318,30032384,10012238,กท.79-0643,2022-03-31 06:35:40,LITRE,DIESEL
2203093138,7007596387,30038390,10003964,สค.70-3935,2022-03-31 06:39:01,LITRE,GASOHOL95
2203093175,7007594330,30031230,10011319,กท.79-5578,2022-03-31 06:55:14,LITRE,DIESEL
2203093203,7007596441,30038348,10012569,ชร.70-6493,2022-03-31 07:02:39,LITRE,GASOHOL95
2203093256,7007594312,30027174,10011277,ฉช.82-7443,2022-03-31 07:14:49,LITRE,DIESEL
2203093276,7007594291,10006801,10006801,กท.74-9070,2022-03-31 07:17:49,LITRE,DIESEL
2203093284,7007594290,30003071,10002044,กท.79-5579,2022-03-31 07:20:02,LITRE,DIESEL
2203093286,7007596527,30029534,10011665,กท.79-5842,2022-03-31 07:20:37,LITRE,DIESEL
2203093299,7007596542,30034185,10012548,กท.79-7691,2022-03-31 07:23:59,LITRE,DIESEL
2203093352,7007594793,10021385,10021385,กท.79-2716,2022-03-31 07:30:08,LITRE,DIESEL
2203093371,7007594314,30027174,10011277,กท.79-5584,2022-03-31 07:31:48,LITRE,DIESEL
2203093384,7007594296,30000449,10000923,กท.79-0644,2022-03-31 07:34:08,LITRE,DIESEL
2203093392,7007596611,30038390,10003964,สค.70-6123,2022-03-31 07:35:30,LITRE,DIESEL
2203093400,7007596631,30029534,10011665,กท.61-6634,2022-03-31 07:37:18,LITRE,GASOHOL95
2203093456,7007594336,30033326,10001099,กท.79-0641,2022-03-31 07:48:38,LITRE,DIESEL
2203093486,7007594315,10003041,10003041,กท.79-2717,2022-03-31 07:51:56,LITRE,DIESEL
2203093568,7007594292,30018565,10008995,กท.78-6742,2022-03-31 08:12:57,LITRE,DIESEL
2203093611,7007594306,30002244,10001601,กท.79-0642,2022-03-31 08:19:26,LITRE,DIESEL
2203093687,7007594326,30013037,10001813,กท.76-4825,2022-03-31 08:38:05,LITRE,GASOHOL95
2203093747,7007596977,30038390,10003964,สค.70-3893,2022-03-31 08:53:02,LITRE,GASOHOL95
2203093753,7007594335,10020965,10020965,กท.78-6744,2022-03-31 08:54:01,LITRE,DIESEL
2203093791,7007597044,30029534,10011665,นม.70-6589,2022-03-31 09:04:12,LITRE,DIESEL
2203093855,7007597166,10011635,10011635,จบ.80-8222,2022-03-31 09:22:18,LITRE,DIESEL
2203093926,7007594371,10002244,10002244,กท.79-0643,2022-03-31 09:43:16,LITRE,DIESEL
2203093931,7007597262,30037192,10020738,ชบ.84-7139,2022-03-31 09:44:24,LITRE,DIESEL
2203094137,7007597444,30038348,10012569,ชม.70-5125,2022-03-31 10:26:09,LITRE,DIESEL
2203094160,7007597510,10022050,10022050,ชบ.85-0496,2022-03-31 10:32:37,LITRE,DIESEL
2203094165,7007597519,30038347,10012717,กท.60-9333,2022-03-31 10:35:15,LITRE,DIESEL
2203094170,7007597526,30043240,10022061,กท.75-7868,2022-03-31 10:37:34,LITRE,DIESEL
2203094187,7007594334,30000443,10000923,กท.78-7993,2022-03-31 10:43:40,LITRE,DIESEL
2203094235,7007597595,10023257,10023257,นม.70-6730,2022-03-31 10:57:57,LITRE,DIESEL
2203094276,7007594303,10002692,10002692,กท.79-0642,2022-03-31 11:14:12,LITRE,DIESEL
2203094278,7007595203,30013435,10000923,กท.78-6739,2022-03-31 11:14:29,LITRE,DIESEL
2203094321,7007594327,30020702,10002018,กท.79-0841,2022-03-31 11:22:57,LITRE,DIESEL
2203094335,7007594329,10002749,10002749,กท.79-2717,2022-03-31 11:28:40,LITRE,DIESEL
2203094379,7007597781,30038390,10003964,สค.70-5407,2022-03-31 11:42:42,LITRE,GASOHOL95
2203094463,7007597979,30029534,10011665,กท.79-3259,2022-03-31 12:02:34,LITRE,DIESEL
2203094556,7007598351,30034185,10012548,กท.78-4444,2022-03-31 12:29:37,LITRE,DIESEL
2203094574,7007598434,30043240,10022061,ชบ.83-3599,2022-03-31 12:37:34,LITRE,DIESEL
2203094725,7007598684,30038348,10012569,ชบ.84-7237,2022-03-31 13:19:22,LITRE,DIESEL
2203094748,7007598703,30038348,10012569,ชม.70-6755,2022-03-31 13:24:19,LITRE,GASOHOL95
2203094810,7007598806,30038348,10012569,ชม.70-5299,2022-03-31 13:38:57,LITRE,DIESEL
2203094863,7007598917,30029534,10011665,กท.79-6148,2022-03-31 13:50:35,LITRE,DIESEL
2203094913,7007594313,30040275,10021171,กท.75-1033,2022-03-31 14:11:53,LITRE,GASOHOL95
2203094998,7007599214,10011633,10011633,รย.71-2635,2022-03-31 14:42:40,LITRE,DIESEL
2203095016,7007599224,30038348,10012569,ชม.70-5421,2022-03-31 14:44:04,LITRE,DIESEL
2203095019,7007599226,30038348,10012569,ลพ.70-0674,2022-03-31 14:44:29,LITRE,DIESEL
2203095094,7007599285,30038347,10012717,ชบ.84-7975,2022-03-31 14:59:38,LITRE,DIESEL
2203095140,7007599332,30038348,10012569,ชม.70-5302,2022-03-31 15:12:04,LITRE,DIESEL
2203095194,7007599402,30025789,10010981,กท.78-5932,2022-03-31 15:27:55,LITRE,DIESEL
2203095246,7007599435,10021849,10021849,รย.81-6767,2022-03-31 15:39:45,LITRE,DIESEL
2203095477,7007599659,30038348,10012569,ชม.70-5300,2022-03-31 17:13:17,LITRE,DIESEL
