po number,vehicle number,departure time
7007392290,ชม.70-5299,2022-03-01 01:32:44
7007392288,สค.70-6119,2022-03-01 01:42:36
7007384547,ฉช.81-4230,2022-03-01 01:47:44
7007392291,ชม.70-6507,2022-03-01 02:00:52
7007392293,สค.70-4386,2022-03-01 02:06:30
7007392292,ชม.70-5301,2022-03-01 02:18:20
7007392331,สค.70-3937,2022-03-01 02:39:13
7007392350,สค.70-6124,2022-03-01 02:52:36
7007392354,ลพ.70-1223,2022-03-01 03:16:54
7007392358,ชม.70-5300,2022-03-01 03:37:01
7007384406,ฉช.82-8528,2022-03-01 03:43:46
7007384302,ฉช.82-3201,2022-03-01 03:56:34
7007392365,ชม.70-5302,2022-03-01 04:12:43
7007392369,ชม.70-5261,2022-03-01 04:34:40
7007392371,ชม.70-5193,2022-03-01 04:42:18
7007384153,ฉช.82-7170,2022-03-01 05:11:33
7007392373,สค.70-4335,2022-03-01 05:21:24
7007392381,กท.79-8993,2022-03-01 05:29:45
7007392379,ชม.70-6510,2022-03-01 05:31:40
7007384627,กท.79-1830,2022-03-01 05:38:26
7007384283,กท.79-5584,2022-03-01 05:57:14
7007392380,ลพ.70-0785,2022-03-01 05:57:31
7007384124,กท.79-0644,2022-03-01 06:14:46
7007390699,กท.78-6739,2022-03-01 06:17:57
7007384617,กท.78-1149,2022-03-01 07:42:51
7007389550,กท.79-0643,2022-03-01 07:46:32
7007386567,กท.78-6742,2022-03-01 07:57:50
7007386555,กท.79-5843,2022-03-01 08:05:28
7007392442,กท.61-8383,2022-03-01 08:25:26
7007389538,กท.78-7993,2022-03-01 08:36:20
7007384426,กท.77-8133,2022-03-01 08:51:23
7007391507,กท.74-9067,2022-03-01 08:57:30
7007392492,กท.61-7782,2022-03-01 09:11:58
7007389485,กท.77-8134,2022-03-01 09:19:41
7007384522,กท.77-9738,2022-03-01 09:24:07
7007386516,กท.79-5578,2022-03-01 09:30:06
7007384434,กท.79-0841,2022-03-01 09:38:59
7007392575,สค.70-3935,2022-03-01 09:50:44
7007384144,กท.79-0642,2022-03-01 10:00:24
7007392647,กท.79-8107,2022-03-01 10:08:39
7007384301,กท.79-2716,2022-03-01 10:12:21
7007384574,กท.79-0641,2022-03-01 10:40:44
7007384315,กท.79-5579,2022-03-01 10:40:57
7007384565,กท.79-1961,2022-03-01 10:41:00
7007390481,ฉช.82-7443,2022-03-01 10:49:40
7007384363,กท.78-6744,2022-03-01 11:01:50
7007384300,กท.79-2717,2022-03-01 11:05:32
7007392832,กท.79-3258,2022-03-01 11:34:03
7007393167,กท.79-5840,2022-03-01 11:44:09
7007392852,ฉช.81-3257,2022-03-01 11:47:46
7007386534,กท.79-0144,2022-03-01 12:03:52
7007394516,กท.79-3156,2022-03-01 12:05:23
7007395520,กท.61-7783,2022-03-01 12:21:37
7007393176,กท.79-5841,2022-03-01 12:31:53
7007393529,กท.79-3259,2022-03-01 12:35:43
7007394427,ชบ.84-7156,2022-03-01 12:45:13
7007384120,กท.60-4208,2022-03-01 12:52:19
7007384272,ฉช.82-4812,2022-03-01 12:54:32
7007395780,ชม.70-5420,2022-03-01 13:22:00
7007397726,กท.61-6471,2022-03-01 13:26:55
7007394867,กท.75-9797,2022-03-01 13:29:02
7007397298,นม.70-7501,2022-03-01 13:38:43
7007394732,นม.70-6730,2022-03-01 13:49:38
7007386582,กท.79-0841,2022-03-01 14:02:11
7007384279,กท.79-5843,2022-03-01 14:06:27
7007396573,ฉช.82-7170,2022-03-01 14:06:43
7007396153,กท.61-4383,2022-03-01 14:10:16
7007384369,กท.60-4205,2022-03-01 14:23:07
7007396804,ชบ.82-4190,2022-03-01 14:25:39
7007384307,กท.78-1149,2022-03-01 14:36:18
7007384500,กท.77-8134,2022-03-01 14:42:51
7007384311,กท.79-0643,2022-03-01 14:52:21
7007398752,กท.79-8105,2022-03-01 15:00:10
7007384355,กท.79-5579,2022-03-01 15:09:44
7007398357,จบ.80-8222,2022-03-01 15:33:33
7007384319,กท.79-0641,2022-03-01 15:41:32
7007397813,กท.79-3257,2022-03-01 15:51:03
7007384606,กท.78-6742,2022-03-01 16:09:57
7007398489,จบ.80-3645,2022-03-01 16:17:31
7007389499,กท.79-5578,2022-03-01 16:33:49
7007384461,กท.74-9067,2022-03-01 16:34:36
7007398517,กท.75-6899,2022-03-01 16:44:19
7007398824,กท.61-4782,2022-03-01 16:59:59
7007399095,ชม.70-4355,2022-03-01 17:19:38
7007386510,กท.78-7993,2022-03-01 17:22:43
7007399099,ลพ.70-0785,2022-03-01 17:34:05
7007384473,กท.79-2717,2022-03-01 17:49:14
7007399155,กท.61-8383,2022-03-01 17:53:58
7007384552,กท.77-9738,2022-03-01 18:07:39
7007384313,กท.79-1830,2022-03-01 18:21:01
7007386573,กท.78-6742,2022-03-01 18:30:22
7007384360,กท.79-0642,2022-03-01 18:34:01
7007391687,กท.79-1961,2022-03-01 18:49:23
7007384135,กท.78-6739,2022-03-01 18:56:53
7007400587,กท.78-4646,2022-03-01 19:08:22
7007400632,กท.79-8107,2022-03-01 19:13:27
7007399692,กท.79-3258,2022-03-01 19:17:56
7007384324,กท.78-6744,2022-03-01 19:30:10
7007394057,ฉช.82-7443,2022-03-01 19:32:24
7007384139,กท.79-5584,2022-03-01 19:46:52
7007400617,กท.61-7782,2022-03-01 19:50:14
7007386578,กท.79-0644,2022-03-01 20:04:41
7007399951,ชม.70-5421,2022-03-01 20:19:13
7007386530,กท.78-1149,2022-03-01 20:21:29
7007399829,กท.79-1819,2022-03-01 20:26:59
7007384557,กท.79-0641,2022-03-01 20:51:05
7007386562,กท.79-0144,2022-03-01 21:00:39
7007398216,กท.79-0643,2022-03-01 21:05:59
7007400044,สค.70-6125,2022-03-01 21:11:17
7007399979,ชม.70-5123,2022-03-01 21:31:04
7007396253,กท.77-8133,2022-03-01 21:34:37
7007400256,ชม.70-5125,2022-03-01 22:00:26
7007400466,ชม.70-5299,2022-03-01 22:06:48
7007400472,ชม.70-5301,2022-03-01 22:15:16
7007384293,กท.79-5579,2022-03-01 22:24:53
7007396237,กท.77-9738,2022-03-01 22:28:56
7007400590,สค.70-4074,2022-03-01 22:41:14
7007400755,นม.70-6589,2022-03-01 23:13:37
7007399498,กท.79-2717,2022-03-01 23:27:39
7007400742,กท.79-6148,2022-03-01 23:30:45
7007398716,ฉช.81-4230,2022-03-01 23:42:06
7007396934,กท.79-5579,2022-03-02 00:02:23
7007400210,กท.79-1830,2022-03-02 00:06:20
7007396973,กท.79-0144,2022-03-02 00:09:47
7007396745,กท.79-5843,2022-03-02 00:18:13
7007401317,สค.70-4333,2022-03-02 01:31:47
7007401319,สค.70-2917,2022-03-02 01:45:57
7007401322,สค.70-2919,2022-03-02 01:46:41
7007401320,สค.70-2507,2022-03-02 01:57:28
7007401324,ชม.70-5302,2022-03-02 02:09:47
7007401318,สค.70-6119,2022-03-02 02:16:40
7007401328,ชม.70-4355,2022-03-02 02:26:58
7007396901,ฉช.82-8346,2022-03-02 02:47:58
7007401375,ฉช.82-3201,2022-03-02 03:42:47
7007399517,ฉช.82-8528,2022-03-02 03:44:54
7007401376,ชม.70-5261,2022-03-02 03:57:04
7007399512,ฉช.82-7170,2022-03-02 04:08:42
7007396906,ฉช.82-4812,2022-03-02 04:21:02
7007401387,ลพ.70-0785,2022-03-02 04:31:52
7007401405,กท.79-8993,2022-03-02 05:28:19
7007401411,ชม.70-5192,2022-03-02 05:30:23
7007401415,ลพ.70-1223,2022-03-02 05:59:20
7007401449,ตร.80-5209,2022-03-02 07:36:08
7007396593,กท.78-6742,2022-03-02 07:38:17
7007401453,สค.70-4335,2022-03-02 07:49:48
7007396724,กท.79-5584,2022-03-02 08:08:14
7007396948,กท.79-1830,2022-03-02 08:18:20
7007396713,กท.79-0643,2022-03-02 08:24:04
7007396660,กท.79-0642,2022-03-02 08:27:16
7007401474,ชม.70-5194,2022-03-02 08:42:52
7007396576,กท.79-1961,2022-03-02 08:47:46
7007401491,กท.61-7782,2022-03-02 08:55:49
7007401464,สค.70-6123,2022-03-02 09:08:02
7007396911,กท.79-5578,2022-03-02 09:32:06
7007396854,กท.74-9067,2022-03-02 09:34:39
7007396920,กท.79-0641,2022-03-02 09:39:02
7007396984,กท.77-8133,2022-03-02 09:45:00
7007400793,กท.78-1149,2022-03-02 10:03:28
7007400800,กท.78-7993,2022-03-02 10:25:19
7007396929,กท.79-2716,2022-03-02 10:31:24
7007396915,กท.79-0841,2022-03-02 10:37:04
7007401671,กท.79-8107,2022-03-02 10:45:02
7007396841,กท.74-9070,2022-03-02 11:00:00
7007401649,ชม.70-5300,2022-03-02 11:07:05
7007396567,กท.77-9738,2022-03-02 11:10:50
7007396872,กท.77-8134,2022-03-02 11:21:16
7007396883,กท.79-2717,2022-03-02 11:32:58
7007396848,กท.78-6744,2022-03-02 11:46:21
7007396895,กท.60-4208,2022-03-02 11:48:27
7007401746,ชม.70-5122,2022-03-02 11:52:37
7007396684,กท.60-4207,2022-03-02 12:01:06
7007396582,กท.79-0644,2022-03-02 12:07:13
7007396735,ฉช.82-7443,2022-03-02 12:27:43
7007401870,ชบ.83-3599,2022-03-02 12:35:24
7007402340,กท.79-8105,2022-03-02 12:45:01
7007401736,กท.77-6494,2022-03-02 12:49:38
7007401933,ชม.70-5124,2022-03-02 12:56:44
7007402506,กท.61-7783,2022-03-02 13:16:20
7007402510,กท.79-2898,2022-03-02 13:18:53
7007402041,กท.75-2786,2022-03-02 13:29:22
7007402096,ชม.70-5299,2022-03-02 13:35:06
7007402146,ชบ.84-7139,2022-03-02 13:40:17
7007402603,นม.70-5434,2022-03-02 13:46:13
7007402297,กท.79-5840,2022-03-02 13:53:30
7007402394,กท.79-1812,2022-03-02 14:08:07
7007402768,กท.79-3156,2022-03-02 14:12:40
7007396922,กท.79-0641,2022-03-02 14:18:55
7007402397,กท.79-5841,2022-03-02 14:30:13
7007402981,ชบ.71-4792,2022-03-02 14:37:48
7007396557,กท.79-0841,2022-03-02 14:40:13
7007396995,กท.75-1033,2022-03-02 14:57:12
7007402629,กท.75-3041,2022-03-02 15:03:38
7007403070,กท.61-6634,2022-03-02 15:13:11
7007399520,ฉช.82-3201,2022-03-02 15:25:30
7007402515,กท.79-8993,2022-03-02 15:37:42
7007403150,นม.70-6737,2022-03-02 15:39:13
7007396940,กท.78-1149,2022-03-02 15:39:38
7007396741,กท.79-1830,2022-03-02 15:44:01
7007402064,กท.77-8134,2022-03-02 15:53:49
7007403015,ฉช.81-3257,2022-03-02 15:58:46
7007403135,นม.70-7144,2022-03-02 16:16:52
7007396719,ฉช.82-8346,2022-03-02 16:17:00
7007403142,นม.70-6721,2022-03-02 16:25:28
7007403186,ชม.70-5421,2022-03-02 16:33:30
7007403227,ชบ.82-4190,2022-03-02 16:44:57
7007396729,กท.60-4205,2022-03-02 16:48:50
7007400192,กท.79-0643,2022-03-02 16:51:49
7007402867,กท.77-9738,2022-03-02 16:58:16
7007396926,กท.79-0644,2022-03-02 17:07:43
7007396700,กท.79-0144,2022-03-02 17:23:52
7007397004,กท.79-5578,2022-03-02 17:41:44
7007402804,ฉช.82-7443,2022-03-02 17:53:55
7007403473,รย.71-2638,2022-03-02 17:54:59
7007396963,กท.77-8133,2022-03-02 18:11:03
7007402133,กท.79-1961,2022-03-02 18:18:33
7007404584,กท.61-7782,2022-03-02 18:24:13
7007403630,กท.79-3259,2022-03-02 18:32:11
7007402798,กท.79-2717,2022-03-02 18:40:55
7007403042,ฉช.81-4230,2022-03-02 19:00:41
7007403045,กท.79-0644,2022-03-02 19:13:55
7007404153,รย.81-6767,2022-03-02 19:20:43
7007403283,กท.78-7993,2022-03-02 19:22:55
7007404594,กท.79-8107,2022-03-02 19:30:57
7007403111,กท.79-0642,2022-03-02 19:44:34
7007404214,กท.79-5843,2022-03-02 19:53:38
7007404095,กท.79-3258,2022-03-02 20:01:47
7007404286,ชม.70-5122,2022-03-02 20:12:53
7007404391,กท.77-7979,2022-03-02 20:34:24
7007403077,กท.79-5579,2022-03-02 20:39:05
7007403100,กท.74-9067,2022-03-02 20:50:24
7007404475,ลพ.70-0785,2022-03-02 20:57:55
7007403063,กท.74-9070,2022-03-02 21:35:51
7007405706,สค.70-6119,2022-03-03 01:35:24
7007405707,สค.70-4333,2022-03-03 01:41:44
7007405712,ชม.70-5300,2022-03-03 01:54:02
7007405714,ชม.70-5301,2022-03-03 02:01:15
7007405711,ชม.70-4355,2022-03-03 02:13:17
7007405738,สค.70-6124,2022-03-03 02:34:54
7007405751,รย.71-2635,2022-03-03 02:42:09
7007403104,ฉช.82-3201,2022-03-03 03:42:02
7007403091,ฉช.82-4812,2022-03-03 03:50:48
7007403106,ฉช.82-0002,2022-03-03 04:09:36
7007403136,ฉช.82-7170,2022-03-03 04:21:04
7007405783,ชม.70-5261,2022-03-03 04:43:39
7007403089,ฉช.82-8346,2022-03-03 04:44:02
7007405811,กท.79-7691,2022-03-03 05:25:17
7007405832,กท.79-8104,2022-03-03 07:39:15
7007403108,กท.76-4825,2022-03-03 08:05:20
7007405834,สค.70-6125,2022-03-03 08:07:14
7007403066,กท.79-0643,2022-03-03 08:17:30
7007403052,กท.78-1149,2022-03-03 08:21:08
7007403102,กท.79-1830,2022-03-03 08:23:53
7007405843,ชม.70-6507,2022-03-03 08:23:58
7007403083,กท.79-5584,2022-03-03 08:33:14
7007403513,กท.79-5578,2022-03-03 08:39:11
7007403098,กท.78-6744,2022-03-03 08:56:48
7007405872,สค.70-4335,2022-03-03 09:01:44
7007403092,กท.77-9738,2022-03-03 09:05:26
7007405859,ลพ.70-1223,2022-03-03 09:16:15
7007403078,กท.77-8133,2022-03-03 09:32:44
7007403048,กท.79-2716,2022-03-03 09:51:40
7007403034,กท.78-6739,2022-03-03 09:57:11
7007405903,ชม.70-5299,2022-03-03 10:00:58
7007403036,กท.79-0641,2022-03-03 10:10:24
7007403512,กท.79-0144,2022-03-03 10:22:36
7007403049,กท.60-4208,2022-03-03 10:29:29
7007406006,กท.61-4383,2022-03-03 10:47:10
7007404797,กท.79-0841,2022-03-03 10:50:16
7007403109,ฉช.82-7443,2022-03-03 11:09:44
7007403041,กท.79-2717,2022-03-03 11:11:02
7007406352,กท.79-5840,2022-03-03 11:17:09
7007403038,ฉช.82-7170,2022-03-03 11:24:07
7007403084,กท.75-1033,2022-03-03 11:34:38
7007403068,กท.78-7993,2022-03-03 11:44:28
7007406632,กท.79-8105,2022-03-03 11:53:53
7007406402,กท.79-3259,2022-03-03 12:02:50
7007406592,ชบ.84-7139,2022-03-03 12:08:20
7007406568,ชม.70-5302,2022-03-03 12:21:42
7007406629,กท.79-2898,2022-03-03 12:22:30
7007403046,กท.77-8134,2022-03-03 12:37:52
7007403058,กท.60-4205,2022-03-03 12:40:14
7007406750,นม.70-6589,2022-03-03 12:43:31
7007406718,ชบ.85-3878,2022-03-03 12:51:12
7007406612,ชบ.84-7237,2022-03-03 13:02:51
7007406838,กท.78-4646,2022-03-03 13:11:25
7007406639,กท.60-4207,2022-03-03 13:22:31
7007406966,ชม.70-6510,2022-03-03 13:32:22
7007406786,จบ.80-8222,2022-03-03 13:34:16
7007407002,ชม.70-5194,2022-03-03 13:40:05
7007403087,กท.79-0643,2022-03-03 13:53:20
7007407115,นม.70-6719,2022-03-03 13:54:48
7007406790,ชบ.82-3097,2022-03-03 14:04:01
7007407083,กท.79-3156,2022-03-03 14:07:35
7007407274,รย.82-0448,2022-03-03 14:17:39
7007403094,กท.77-9738,2022-03-03 14:19:10
7007407368,กท.75-6899,2022-03-03 14:25:02
7007407291,กท.61-7782,2022-03-03 14:34:43
7007407130,นม.70-6718,2022-03-03 14:42:47
7007407399,กท.79-7691,2022-03-03 14:53:38
7007403097,กท.79-0144,2022-03-03 15:07:56
7007403055,กท.79-2716,2022-03-03 15:08:02
7007403105,กท.79-1830,2022-03-03 15:20:28
7007407238,นม.70-5975,2022-03-03 15:30:20
7007406416,กท.77-8133,2022-03-03 15:38:01
7007406761,กท.77-8134,2022-03-03 15:39:37
7007403062,กท.76-4825,2022-03-03 15:49:57
7007403107,กท.79-5578,2022-03-03 16:00:21
7007407561,ชม.70-5301,2022-03-03 16:08:52
7007406840,กท.79-0841,2022-03-03 16:20:21
7007408047,กท.75-7868,2022-03-03 16:27:42
7007407927,ชม.70-5420,2022-03-03 16:36:45
7007408050,ชบ.82-4190,2022-03-03 16:57:45
7007408040,ชม.70-5193,2022-03-03 17:05:37
7007408069,ชม.70-5124,2022-03-03 17:13:58
7007407963,ฉช.82-7443,2022-03-03 17:23:37
7007403064,กท.78-6739,2022-03-03 17:33:34
7007403110,กท.79-2717,2022-03-03 17:59:14
7007408108,ชบ.84-7975,2022-03-03 18:16:12
7007408138,กท.79-3258,2022-03-03 18:25:16
7007403065,กท.79-5584,2022-03-03 18:31:34
7007408480,ชม.70-5194,2022-03-03 18:39:42
7007403050,กท.79-0641,2022-03-03 18:45:47
7007408454,กท.72-3498,2022-03-03 18:53:54
7007406980,กท.79-0644,2022-03-03 19:16:50
7007408749,กท.61-4783,2022-03-03 19:25:17
7007408664,กท.79-8995,2022-03-03 19:34:18
7007408439,กท.79-5841,2022-03-03 19:53:49
7007408840,ชม.70-4355,2022-03-03 20:05:03
7007409051,กท.79-6704,2022-03-03 20:07:04
7007408956,กท.75-7868,2022-03-03 20:20:30
7007406762,กท.78-1149,2022-03-03 20:27:34
7007406810,ฉช.81-4230,2022-03-03 20:50:40
7007406413,กท.79-5843,2022-03-03 21:02:48
7007406767,กท.78-7993,2022-03-03 21:10:26
7007409297,สค.70-6123,2022-03-03 21:24:44
7007406805,กท.74-9067,2022-03-03 21:27:37
7007406881,กท.79-5578,2022-03-03 21:53:52
7007409271,กท.79-5579,2022-03-03 22:00:55
7007409967,สค.70-4074,2022-03-03 22:03:17
7007408083,กท.79-1830,2022-03-03 22:11:17
7007410671,ชม.70-5300,2022-03-03 22:34:29
7007410622,กท.74-9070,2022-03-03 22:40:53
7007411274,สค.70-6119,2022-03-04 01:40:52
7007411271,สค.70-2917,2022-03-04 01:44:43
7007411273,สค.70-4333,2022-03-04 01:48:48
7007411275,ชม.70-5302,2022-03-04 02:06:09
7007411301,ลพ.70-0785,2022-03-04 02:22:03
7007411290,สค.70-3937,2022-03-04 02:30:44
7007411272,สค.70-4386,2022-03-04 02:31:42
7007411325,ชม.70-5299,2022-03-04 02:53:06
7007411351,ชม.70-5261,2022-03-04 03:32:31
7007411350,ชม.70-5195,2022-03-04 03:46:23
7007411372,นม.70-6730,2022-03-04 05:00:37
7007411394,ชม.70-5301,2022-03-04 05:53:38
7007406846,กท.78-1149,2022-03-04 07:35:17
7007406861,กท.78-6742,2022-03-04 07:39:51
7007406828,กท.79-5843,2022-03-04 08:21:23
7007406873,กท.79-2717,2022-03-04 08:23:09
7007409522,กท.79-5584,2022-03-04 08:31:44
7007411461,สค.70-6125,2022-03-04 08:41:33
7007411495,สค.70-4335,2022-03-04 08:52:18
7007410120,กท.77-8133,2022-03-04 09:02:19
7007406765,กท.77-9738,2022-03-04 09:05:29
7007406787,กท.79-0643,2022-03-04 09:26:04
7007409277,กท.79-0144,2022-03-04 09:29:05
7007411520,สค.70-3935,2022-03-04 09:31:23
7007406825,กท.79-0642,2022-03-04 09:44:17
7007408211,กท.79-2716,2022-03-04 09:45:15
7007406833,กท.79-0841,2022-03-04 10:02:48
7007409265,กท.79-1961,2022-03-04 10:04:21
7007406884,กท.60-4205,2022-03-04 10:10:49
7007406839,กท.76-4825,2022-03-04 10:18:54
7007406818,กท.77-8134,2022-03-04 10:38:40
7007411649,ชม.70-5122,2022-03-04 10:45:45
7007408104,กท.78-6739,2022-03-04 10:49:24
7007411806,กท.79-3257,2022-03-04 11:01:51
7007412025,นม.70-5434,2022-03-04 11:17:11
7007411850,ชม.70-5125,2022-03-04 11:25:36
7007406820,กท.79-0644,2022-03-04 11:34:00
7007412262,กท.79-8105,2022-03-04 11:38:42
7007411828,นม.70-6730,2022-03-04 11:45:15
7007412274,กท.79-8104,2022-03-04 11:56:09
7007406879,กท.74-9070,2022-03-04 12:15:29
7007408954,กท.78-6744,2022-03-04 12:19:31
7007412212,ชม.70-4355,2022-03-04 12:34:32
7007408084,ฉช.82-7443,2022-03-04 12:38:02
7007412523,กท.79-3156,2022-03-04 12:45:59
7007412265,กท.61-7783,2022-03-04 12:47:42
7007412236,กท.79-2717,2022-03-04 12:59:57
7007406791,กท.77-8134,2022-03-04 13:07:33
7007412280,ชบ.84-7139,2022-03-04 13:19:19
7007412529,กท.77-6494,2022-03-04 13:19:44
7007412846,กท.79-2898,2022-03-04 13:28:37
7007412534,กท.75-9797,2022-03-04 13:56:52
7007412576,จบ.80-8222,2022-03-04 14:05:29
7007406883,กท.77-8133,2022-03-04 14:15:34
7007412625,ชม.70-5420,2022-03-04 14:16:00
7007406836,กท.79-0841,2022-03-04 14:24:23
7007406876,กท.79-1961,2022-03-04 14:41:18
7007412991,จบ.80-3645,2022-03-04 14:56:57
7007406814,กท.77-9738,2022-03-04 15:00:45
7007406877,กท.78-6739,2022-03-04 15:16:36
7007413044,กท.79-3257,2022-03-04 15:24:33
7007409260,กท.79-0144,2022-03-04 15:25:30
7007413053,ลพ.70-0785,2022-03-04 15:39:52
7007413657,กท.78-4646,2022-03-04 16:02:28
7007413171,รย.82-0448,2022-03-04 16:13:46
7007406831,กท.78-1149,2022-03-04 16:16:04
7007412435,กท.78-7993,2022-03-04 16:20:36
7007413123,ฉช.81-3257,2022-03-04 16:39:05
7007413322,ชบ.85-3878,2022-03-04 16:45:34
7007413366,กท.78-5932,2022-03-04 16:50:00
7007413359,รย.81-1375,2022-03-04 17:05:32
7007412431,กท.79-1830,2022-03-04 17:10:43
7007413524,ชม.70-5300,2022-03-04 17:42:18
7007413454,กท.79-2716,2022-03-04 17:45:07
7007413515,กท.79-5840,2022-03-04 17:47:41
7007413309,กท.79-5584,2022-03-04 17:56:09
7007413737,ชม.70-5421,2022-03-04 18:21:42
7007413595,สค.70-4074,2022-03-04 18:22:58
7007413561,กท.79-8993,2022-03-04 18:34:26
7007413736,ชม.70-5123,2022-03-04 18:45:14
7007413698,กท.79-3259,2022-03-04 19:01:45
7007413417,ฉช.81-4230,2022-03-04 19:11:30
7007413834,รย.71-2637,2022-03-04 19:21:59
7007413697,กท.77-9738,2022-03-04 19:26:53
7007413605,กท.78-6739,2022-03-04 19:53:43
7007413968,กท.79-1818,2022-03-04 20:02:13
7007414056,รย.81-6767,2022-03-04 20:18:28
7007413969,กท.79-3258,2022-03-04 20:32:04
7007414106,ชม.70-5302,2022-03-04 20:44:40
7007413687,กท.79-0644,2022-03-04 20:47:07
7007414149,กท.79-3257,2022-03-04 20:55:33
7007414219,ชม.70-5299,2022-03-04 21:27:36
7007414600,สค.70-4333,2022-03-05 01:23:04
7007414601,ลพ.70-0785,2022-03-05 01:51:09
7007414605,สค.70-2507,2022-03-05 01:59:25
7007414602,สค.70-6119,2022-03-05 02:07:04
7007414610,ชม.70-4355,2022-03-05 02:10:54
7007414613,สค.70-6124,2022-03-05 02:17:57
7007414606,ชม.70-5301,2022-03-05 02:22:59
7007414612,กท.79-3257,2022-03-05 02:31:02
7007414637,สค.70-4397,2022-03-05 03:03:32
7007414680,กท.79-8995,2022-03-05 04:33:51
7007414682,กท.78-4646,2022-03-05 05:07:19
7007414691,ชม.70-5261,2022-03-05 06:31:18
7007414731,ชบ.85-3878,2022-03-05 07:26:09
7007413775,กท.78-6742,2022-03-05 07:43:36
7007414736,สค.70-6123,2022-03-05 07:52:50
7007414735,สค.70-4335,2022-03-05 07:58:29
7007414740,กท.61-6634,2022-03-05 08:08:18
7007413670,กท.78-1149,2022-03-05 08:21:41
7007414728,ชบ.82-4190,2022-03-05 08:21:55
7007413665,กท.79-0641,2022-03-05 08:43:32
7007414743,สค.70-3893,2022-03-05 08:53:40
7007413608,กท.79-0841,2022-03-05 09:14:32
7007413602,กท.79-0642,2022-03-05 09:21:27
7007414756,ชบ.84-7975,2022-03-05 09:24:40
7007413695,กท.78-6744,2022-03-05 09:27:10
7007413604,กท.77-8134,2022-03-05 09:38:22
7007413692,กท.79-0144,2022-03-05 09:43:13
7007413689,กท.78-7993,2022-03-05 09:49:03
7007414840,สค.70-2918,2022-03-05 10:04:28
7007414777,กท.79-5841,2022-03-05 10:09:10
7007414843,กท.79-7691,2022-03-05 10:26:17
7007414850,นม.70-6589,2022-03-05 10:29:30
7007413693,กท.74-9070,2022-03-05 10:39:28
7007414846,กท.79-3259,2022-03-05 10:53:56
7007414892,กท.79-8104,2022-03-05 10:59:40
7007414883,กท.79-8105,2022-03-05 11:02:36
7007414886,ชบ.85-5327,2022-03-05 11:08:08
7007414888,กท.61-7783,2022-03-05 11:27:18
7007413610,กท.78-7993,2022-03-05 11:29:15
7007414937,กท.79-8993,2022-03-05 11:32:06
7007414962,ชม.70-5193,2022-03-05 11:41:04
7007414972,กท.79-5840,2022-03-05 11:56:41
7007414944,กท.79-3156,2022-03-05 12:03:31
7007414952,กท.79-2898,2022-03-05 12:09:40
7007413601,กท.77-8134,2022-03-05 12:29:07
7007415061,กท.75-7868,2022-03-05 12:33:08
7007414975,กท.61-7782,2022-03-05 12:46:23
7007413686,กท.60-4207,2022-03-05 12:46:30
7007415062,กท.77-7979,2022-03-05 12:57:49
7007413606,กท.79-0641,2022-03-05 12:59:23
7007415071,กท.79-3257,2022-03-05 13:07:45
7007415085,ชม.70-5301,2022-03-05 13:15:10
7007413777,กท.78-6742,2022-03-05 13:19:43
7007415051,นม.70-7497,2022-03-05 13:31:49
7007413767,กท.79-0841,2022-03-05 13:49:16
7007413899,กท.79-0144,2022-03-05 13:56:03
7007415084,ชม.70-5300,2022-03-05 14:09:16
7007415089,ชบ.83-3599,2022-03-05 14:14:42
7007415110,กท.79-3258,2022-03-05 14:41:35
7007413690,กท.79-0642,2022-03-05 14:50:07
7007415112,กท.75-6688,2022-03-05 15:04:08
7007413715,กท.78-1149,2022-03-05 15:07:30
7007413801,กท.78-6744,2022-03-05 15:25:48
7007415147,ชบ.84-7139,2022-03-05 15:31:09
7007415183,ชม.70-5302,2022-03-05 15:37:10
7007415184,กท.61-6634,2022-03-05 15:47:09
7007415180,กท.79-1812,2022-03-05 15:50:18
7007415200,นม.70-6730,2022-03-05 16:08:48
7007415225,ชม.70-5122,2022-03-05 16:10:27
7007413681,กท.79-5578,2022-03-05 16:12:38
7007415230,ชม.70-5299,2022-03-05 16:43:22
7007415242,กท.79-8993,2022-03-05 16:48:22
7007415254,กท.75-6688,2022-03-05 17:05:34
7007415245,กท.79-3259,2022-03-05 17:09:50
7007415253,ชม.70-5125,2022-03-05 17:22:01
7007415528,สค.70-4386,2022-03-06 01:24:08
7007415533,ลพ.70-0785,2022-03-06 01:36:38
7007415532,สค.70-2917,2022-03-06 01:45:18
7007415529,สค.70-4333,2022-03-06 01:49:14
7007415534,สค.70-3665,2022-03-06 02:08:19
7007415545,รย.71-2638,2022-03-06 02:11:36
7007415530,สค.70-6119,2022-03-06 02:26:43
7007415531,ชม.70-4355,2022-03-06 02:33:42
7007415544,ชม.70-5302,2022-03-06 02:59:10
7007413861,ฉช.82-8528,2022-03-06 03:49:02
7007413865,ฉช.82-7170,2022-03-06 04:34:54
7007415587,ชม.70-5301,2022-03-06 04:57:03
7007413867,ฉช.82-8346,2022-03-06 05:08:24
7007415598,ชม.70-5300,2022-03-06 05:31:07
7007413859,ฉช.82-0002,2022-03-06 05:54:45
7007413802,กท.75-1033,2022-03-06 07:22:28
7007413705,กท.78-6742,2022-03-06 07:35:38
7007415639,ชม.70-5261,2022-03-06 07:49:30
7007413786,กท.79-0144,2022-03-06 07:58:39
7007415637,สค.70-6125,2022-03-06 08:04:15
7007413837,กท.79-5584,2022-03-06 08:42:25
7007413765,กท.79-2716,2022-03-06 08:47:55
7007413805,กท.79-5843,2022-03-06 08:53:42
7007413795,กท.77-9738,2022-03-06 08:55:52
7007413836,กท.76-4825,2022-03-06 09:08:32
7007413728,กท.79-0642,2022-03-06 09:14:42
7007413814,กท.74-9067,2022-03-06 09:16:09
7007413852,กท.77-8133,2022-03-06 09:31:56
7007415747,กท.60-9333,2022-03-06 09:39:13
7007413769,กท.74-9070,2022-03-06 09:58:14
7007413730,กท.78-6739,2022-03-06 10:05:22
7007413823,กท.79-5578,2022-03-06 10:13:09
7007413843,กท.79-1830,2022-03-06 10:15:32
7007413716,กท.79-0641,2022-03-06 10:36:44
7007413833,กท.60-4205,2022-03-06 10:40:53
7007413804,กท.78-7993,2022-03-06 10:53:30
7007413762,กท.79-1961,2022-03-06 11:03:14
7007413703,กท.79-5579,2022-03-06 11:12:24
7007415874,นม.70-6589,2022-03-06 11:19:54
7007416542,กท.61-7783,2022-03-06 11:31:06
7007413825,กท.77-8134,2022-03-06 11:41:20
7007413851,กท.60-4207,2022-03-06 11:42:00
7007413832,กท.79-2717,2022-03-06 11:53:14
7007415929,กท.75-3041,2022-03-06 12:01:34
7007416891,กท.79-8107,2022-03-06 12:11:05
7007415925,ชบ.82-4190,2022-03-06 12:17:16
7007413818,ฉช.82-7443,2022-03-06 12:32:31
7007416538,กท.79-2898,2022-03-06 12:36:27
7007416125,กท.79-5841,2022-03-06 12:44:10
7007416087,ฉช.81-3257,2022-03-06 12:45:14
7007416637,รย.81-6767,2022-03-06 13:02:06
7007416534,กท.79-3156,2022-03-06 13:03:29
7007416198,กท.75-2786,2022-03-06 13:13:55
7007416556,สค.70-4074,2022-03-06 13:22:56
7007416844,ชบ.85-3878,2022-03-06 13:27:18
7007413812,กท.79-5584,2022-03-06 13:39:43
7007413808,กท.77-8133,2022-03-06 14:01:08
7007416931,กท.75-0640,2022-03-06 14:14:35
7007413806,กท.78-6739,2022-03-06 14:25:08
7007418190,กท.61-6876,2022-03-06 14:33:13
7007416756,กท.79-0642,2022-03-06 14:45:07
7007417273,จบ.80-8222,2022-03-06 14:46:02
7007418358,กท.78-4646,2022-03-06 14:55:18
7007413722,กท.79-5578,2022-03-06 15:02:58
7007417646,กท.79-3259,2022-03-06 15:16:02
7007416980,ฉช.82-7170,2022-03-06 15:17:24
7007418501,นม.70-7502,2022-03-06 15:37:50
7007413770,กท.75-1033,2022-03-06 15:45:42
7007413710,กท.79-0841,2022-03-06 15:51:04
7007418029,ชม.70-5420,2022-03-06 15:56:31
7007417979,ชม.70-5124,2022-03-06 16:05:40
7007418490,นม.70-6720,2022-03-06 16:22:39
7007416477,กท.79-1961,2022-03-06 16:24:24
7007418466,นม.70-7497,2022-03-06 16:26:42
7007413830,กท.77-9738,2022-03-06 16:39:36
7007413821,กท.79-0144,2022-03-06 16:46:44
7007418763,กท.61-6634,2022-03-06 16:54:33
7007418153,ชม.70-5302,2022-03-06 17:04:29
7007413724,กท.79-2716,2022-03-06 17:11:31
7007413803,กท.78-7993,2022-03-06 17:19:43
7007418806,นม.70-7144,2022-03-06 17:24:42
7007418406,ชบ.84-7156,2022-03-06 17:39:47
7007418265,จบ.80-3645,2022-03-06 17:48:13
7007413763,กท.79-2717,2022-03-06 17:53:19
7007418471,กท.79-5841,2022-03-06 17:56:10
7007416471,กท.74-9070,2022-03-06 18:28:04
7007418542,ชม.70-5123,2022-03-06 18:31:16
7007413820,กท.77-8134,2022-03-06 18:44:00
7007413766,กท.74-9067,2022-03-06 18:48:17
7007418714,กท.79-5840,2022-03-06 19:09:59
7007418753,กท.61-8797,2022-03-06 19:15:53
7007413761,กท.79-1830,2022-03-06 19:32:57
7007413727,กท.79-5579,2022-03-06 19:35:56
7007417073,ฉช.81-4230,2022-03-06 20:03:56
7007419253,สค.70-6123,2022-03-06 20:14:08
7007419998,ตร.80-5684,2022-03-06 20:22:44
7007413788,กท.79-5843,2022-03-06 20:26:08
7007419653,ชม.70-5122,2022-03-06 20:43:04
7007413700,กท.78-1149,2022-03-06 20:57:22
7007413718,กท.78-6744,2022-03-06 21:05:38
7007414187,กท.78-6739,2022-03-06 21:08:44
7007413817,กท.79-2716,2022-03-06 21:28:42
7007413791,กท.79-0841,2022-03-06 21:31:10
7007419915,ชม.70-5421,2022-03-06 21:37:13
7007419742,ลพ.70-0785,2022-03-06 21:54:15
7007420102,ชม.70-5299,2022-03-06 22:09:11
7007420607,กท.79-3257,2022-03-06 22:22:22
7007416947,กท.79-2717,2022-03-06 22:33:53
7007413840,กท.79-5579,2022-03-06 22:49:47
7007417084,กท.74-9070,2022-03-06 23:01:23
7007418628,กท.78-7993,2022-03-06 23:10:27
7007416964,กท.78-1149,2022-03-06 23:16:42
7007413810,กท.77-8134,2022-03-06 23:26:23
7007417152,กท.78-6742,2022-03-06 23:32:29
7007416465,กท.78-6744,2022-03-06 23:52:11
7007416938,กท.79-0144,2022-03-07 00:02:36
7007419093,กท.79-1830,2022-03-07 00:03:51
7007421563,กท.79-0642,2022-03-07 00:32:23
7007417159,กท.79-5584,2022-03-07 00:35:33
7007425032,ชม.70-5192,2022-03-07 00:45:30
7007425043,ชม.70-4355,2022-03-07 01:33:31
7007425042,สค.70-6119,2022-03-07 01:48:52
7007425067,สค.70-6124,2022-03-07 01:53:51
7007425072,ชม.70-5301,2022-03-07 02:38:08
7007417134,ฉช.82-8346,2022-03-07 03:58:54
7007425107,สค.70-4335,2022-03-07 04:11:04
7007425137,กท.61-6077,2022-03-07 05:22:40
7007425138,สค.70-4333,2022-03-07 05:32:33
7007417085,กท.75-1033,2022-03-07 05:49:27
7007417089,กท.78-1149,2022-03-07 07:18:54
7007417069,กท.79-2716,2022-03-07 07:47:10
7007417142,กท.79-5843,2022-03-07 07:55:23
7007417099,กท.79-1830,2022-03-07 08:03:33
7007425191,กท.79-1816,2022-03-07 08:08:53
7007417081,กท.78-6739,2022-03-07 08:30:27
7007417123,กท.79-1961,2022-03-07 08:37:12
7007417129,กท.77-9738,2022-03-07 08:43:54
7007421531,กท.77-8134,2022-03-07 09:02:22
7007425223,สค.70-3935,2022-03-07 09:05:10
7007417061,กท.79-5578,2022-03-07 09:14:34
7007418597,กท.77-8133,2022-03-07 09:21:25
7007417080,กท.79-2717,2022-03-07 09:26:51
7007417112,กท.74-9067,2022-03-07 09:43:48
7007425323,สค.70-6125,2022-03-07 09:45:59
7007421567,กท.60-4208,2022-03-07 10:01:06
7007425399,นม.70-6730,2022-03-07 10:08:44
7007417133,กท.79-5579,2022-03-07 10:20:22
7007425230,จบ.81-2529,2022-03-07 10:22:44
7007417120,กท.79-0641,2022-03-07 10:49:34
7007417140,กท.79-0144,2022-03-07 10:50:08
7007417064,กท.78-7993,2022-03-07 10:52:57
7007425507,กท.79-3257,2022-03-07 11:19:40
7007417118,กท.78-6744,2022-03-07 11:24:22
7007417055,กท.60-4205,2022-03-07 11:25:56
7007417131,กท.79-0841,2022-03-07 11:30:25
7007425659,ชม.70-5261,2022-03-07 11:45:37
7007426057,กท.79-2898,2022-03-07 11:50:37
7007417115,กท.60-4207,2022-03-07 12:05:41
7007425838,ชม.70-5299,2022-03-07 12:29:53
7007425539,กท.79-5840,2022-03-07 12:33:03
7007426011,ชบ.84-7139,2022-03-07 12:37:43
7007418599,กท.79-5843,2022-03-07 12:38:15
7007426072,กท.72-3498,2022-03-07 12:49:06
7007426175,กท.79-1690,2022-03-07 13:00:07
7007426154,ชบ.82-4190,2022-03-07 13:01:09
7007426919,กท.61-6876,2022-03-07 13:07:15
7007426647,รย.82-0448,2022-03-07 13:15:42
7007426656,ลพ.70-0785,2022-03-07 13:40:57
7007426671,ชม.70-4355,2022-03-07 13:44:10
7007426650,ชบ.84-7975,2022-03-07 13:54:42
7007426874,กท.77-6494,2022-03-07 14:09:32
7007417087,กท.79-2716,2022-03-07 14:20:12
7007426906,ชม.70-5421,2022-03-07 14:29:15
7007426864,ชบ.85-3878,2022-03-07 14:48:37
7007426870,กท.61-8383,2022-03-07 14:58:35
7007427277,กท.79-7440,2022-03-07 15:03:42
7007427443,กท.61-7783,2022-03-07 15:07:26
7007426929,ชม.70-6507,2022-03-07 15:23:24
7007426947,กท.75-9389,2022-03-07 15:23:55
7007417157,กท.77-8133,2022-03-07 15:34:10
7007427729,ชบ.71-4793,2022-03-07 15:34:22
7007427040,จบ.80-8222,2022-03-07 15:45:29
7007427847,กท.79-8107,2022-03-07 15:50:34
7007417126,กท.79-1961,2022-03-07 15:59:18
7007421554,กท.79-0144,2022-03-07 16:02:37
7007417063,กท.77-9738,2022-03-07 16:18:54
7007427917,ชม.70-6755,2022-03-07 16:25:00
7007426925,ฉช.81-3257,2022-03-07 16:31:13
7007427926,ชม.70-5997,2022-03-07 16:35:19
7007427176,กท.79-8995,2022-03-07 16:48:10
7007417145,กท.74-9067,2022-03-07 16:51:21
7007427199,กท.61-4720,2022-03-07 17:04:07
7007427814,ลพ.70-0786,2022-03-07 17:14:00
7007427827,ชม.70-4219,2022-03-07 17:35:21
7007427744,กท.79-0641,2022-03-07 17:50:09
7007425883,ฉช.82-8346,2022-03-07 17:50:14
7007427911,กท.61-6077,2022-03-07 18:02:51
7007427950,ชม.70-5420,2022-03-07 18:12:21
7007417128,กท.78-6739,2022-03-07 18:23:11
7007428054,ชม.70-5302,2022-03-07 18:40:59
7007418595,กท.79-2717,2022-03-07 18:48:57
7007417147,กท.79-1830,2022-03-07 19:01:19
7007417075,กท.79-5584,2022-03-07 19:10:32
7007426645,กท.79-0841,2022-03-07 19:15:35
7007421575,กท.79-0642,2022-03-07 19:37:34
7007417077,กท.79-5578,2022-03-07 19:56:34
7007417093,กท.79-5579,2022-03-07 20:08:11
7007429081,ชม.70-5122,2022-03-07 20:12:21
7007417160,กท.78-6742,2022-03-07 20:18:10
7007425879,ฉช.81-4230,2022-03-07 20:26:47
7007417104,กท.78-1149,2022-03-07 20:45:58
7007425803,กท.78-6744,2022-03-07 20:52:40
7007430695,กท.79-5841,2022-03-07 20:57:11
7007431151,ชม.70-5123,2022-03-07 21:14:57
7007426053,กท.79-5843,2022-03-07 21:29:46
7007425966,กท.79-0644,2022-03-07 21:35:35
7007427389,กท.77-8133,2022-03-07 21:51:19
7007427381,กท.79-1961,2022-03-07 22:16:19
7007425891,กท.77-9738,2022-03-07 22:28:55
7007431467,สค.70-4074,2022-03-07 22:29:38
7007432073,ชม.70-5299,2022-03-08 01:41:50
7007432071,สค.70-4333,2022-03-08 02:05:14
7007425953,ฉช.82-4812,2022-03-08 02:11:46
7007432072,สค.70-2917,2022-03-08 02:21:01
7007432076,สค.70-4386,2022-03-08 02:24:40
7007432074,ชม.70-4355,2022-03-08 02:26:31
7007432075,สค.70-2507,2022-03-08 02:40:26
7007432070,สค.70-6119,2022-03-08 02:45:05
7007432103,สค.70-2919,2022-03-08 02:55:10
7007432099,ชม.70-5261,2022-03-08 03:01:35
7007432078,ชม.70-5301,2022-03-08 03:07:04
7007425876,ฉช.82-8528,2022-03-08 03:32:14
7007432141,ฉช.82-2839,2022-03-08 04:59:17
7007432156,กท.79-7691,2022-03-08 06:05:32
7007425869,กท.79-2716,2022-03-08 07:35:02
7007425974,กท.78-6742,2022-03-08 07:38:57
7007425885,กท.78-1149,2022-03-08 07:49:34
7007432212,ชบ.85-0496,2022-03-08 08:03:00
7007425959,กท.79-0841,2022-03-08 08:18:24
7007432257,ชม.70-5300,2022-03-08 08:28:43
7007432202,สค.70-6123,2022-03-08 08:33:13
7007427394,กท.79-1830,2022-03-08 08:47:30
7007432207,กท.78-4646,2022-03-08 08:55:34
7007425895,กท.79-0144,2022-03-08 09:04:14
7007425968,กท.78-6739,2022-03-08 09:17:58
7007432268,ชม.70-5122,2022-03-08 09:19:37
7007432273,กท.61-6471,2022-03-08 09:32:48
7007431362,กท.79-5578,2022-03-08 09:41:13
7007432277,สค.70-4335,2022-03-08 09:46:30
7007425893,กท.79-5579,2022-03-08 09:48:47
7007425904,กท.79-0642,2022-03-08 09:54:45
7007427403,กท.74-9070,2022-03-08 10:10:54
7007425955,กท.78-7993,2022-03-08 10:27:05
7007426054,กท.79-2717,2022-03-08 10:38:13
7007425822,กท.60-4207,2022-03-08 10:49:30
7007425909,กท.74-9067,2022-03-08 10:51:18
7007425877,กท.76-4825,2022-03-08 10:53:46
7007425910,กท.79-5584,2022-03-08 11:13:06
7007425888,กท.79-0641,2022-03-08 11:13:21
7007425810,กท.77-8134,2022-03-08 11:23:02
7007427404,ฉช.82-7443,2022-03-08 11:49:09
7007432789,ลพ.70-0786,2022-03-08 12:06:27
7007432678,กท.79-3258,2022-03-08 12:15:22
7007433550,กท.79-8105,2022-03-08 12:28:55
7007432815,กท.79-3259,2022-03-08 12:37:39
7007432980,กท.79-3257,2022-03-08 12:41:04
7007433007,กท.79-5841,2022-03-08 12:48:01
7007433203,ชบ.85-3878,2022-03-08 13:00:28
7007433882,นม.70-5434,2022-03-08 13:01:24
7007433305,กท.75-3041,2022-03-08 13:09:41
7007433447,กท.75-6899,2022-03-08 13:19:01
7007425964,กท.79-0841,2022-03-08 13:32:03
7007433317,ชบ.84-7237,2022-03-08 13:39:57
7007433607,นม.70-6589,2022-03-08 13:47:48
7007433579,ชบ.84-7139,2022-03-08 14:08:12
7007434246,กท.79-2898,2022-03-08 14:14:18
7007433856,ชม.70-5125,2022-03-08 14:27:44
7007425905,กท.75-1033,2022-03-08 14:31:34
7007433779,จบ.80-8222,2022-03-08 14:38:32
7007425960,กท.78-7993,2022-03-08 14:40:04
7007426056,กท.79-5578,2022-03-08 14:54:22
7007426052,กท.78-6739,2022-03-08 14:59:17
7007427408,กท.79-2717,2022-03-08 15:23:48
7007425806,ฉช.82-7443,2022-03-08 15:39:46
7007434022,กท.75-2786,2022-03-08 15:44:14
7007433927,ฉช.82-8528,2022-03-08 15:53:49
7007433923,ฉช.82-4812,2022-03-08 16:01:28
7007434807,กท.61-6876,2022-03-08 16:02:05
7007425873,กท.79-5579,2022-03-08 16:22:20
7007435166,กท.61-6471,2022-03-08 16:23:57
7007434338,ชบ.82-4190,2022-03-08 16:29:53
7007434297,กท.61-4783,2022-03-08 16:40:15
7007434266,กท.78-1149,2022-03-08 16:56:53
7007425815,กท.78-6744,2022-03-08 17:05:32
7007433683,กท.78-6742,2022-03-08 17:11:32
7007434417,กท.79-1818,2022-03-08 17:17:51
7007434404,ชม.70-5421,2022-03-08 17:34:12
7007434428,ตร.80-5684,2022-03-08 17:45:35
7007430441,กท.77-8134,2022-03-08 17:57:22
7007425880,กท.79-0642,2022-03-08 18:02:58
7007434300,กท.79-1830,2022-03-08 18:17:19
7007425901,กท.79-0144,2022-03-08 18:48:18
7007433659,กท.77-9738,2022-03-08 18:54:47
7007425947,กท.77-8133,2022-03-08 19:00:33
7007435038,กท.79-7691,2022-03-08 19:04:14
7007426066,กท.79-5584,2022-03-08 19:16:45
7007435292,ชม.70-5302,2022-03-08 19:37:47
7007425984,กท.79-2716,2022-03-08 19:44:31
7007425949,กท.79-0641,2022-03-08 19:54:24
7007435310,ชบ.85-3878,2022-03-08 20:19:50
7007425884,กท.79-5843,2022-03-08 20:20:58
7007435479,กท.79-5841,2022-03-08 20:25:38
7007435413,ชม.70-4219,2022-03-08 20:35:25
7007425963,กท.79-1961,2022-03-08 20:57:08
7007433680,กท.79-0644,2022-03-08 21:02:38
7007435771,กท.79-5840,2022-03-08 21:15:52
7007434881,ฉช.81-4230,2022-03-08 21:36:20
7007436379,รย.81-6767,2022-03-08 21:43:22
7007425892,ฉช.82-7443,2022-03-08 21:45:42
7007433666,กท.79-0642,2022-03-08 21:59:10
7007436320,กท.74-9067,2022-03-08 22:08:22
7007434631,กท.77-9738,2022-03-08 22:13:52
7007435581,กท.79-5579,2022-03-08 22:37:38
7007434875,กท.77-8134,2022-03-08 22:38:20
7007434629,กท.77-8133,2022-03-08 22:50:55
7007434656,กท.78-1149,2022-03-08 23:02:17
7007436768,กท.78-6742,2022-03-08 23:08:30
7007437247,ชม.70-5301,2022-03-09 01:30:35
7007437245,ชม.70-4355,2022-03-09 01:38:14
7007437254,สค.70-4397,2022-03-09 01:50:28
7007437244,สค.70-6119,2022-03-09 02:05:43
7007437248,สค.70-6125,2022-03-09 02:13:19
7007437246,สค.70-5407,2022-03-09 02:23:42
7007437261,ลพ.70-0785,2022-03-09 02:28:55
7007437284,ชม.70-5261,2022-03-09 02:45:00
7007437256,รย.71-2638,2022-03-09 02:52:59
7007437255,สค.70-3937,2022-03-09 02:54:00
7007437299,ลพ.70-0786,2022-03-09 03:22:31
7007437307,ชม.70-5300,2022-03-09 04:02:58
7007434886,ฉช.82-3201,2022-03-09 04:09:58
7007434638,กท.79-0644,2022-03-09 04:45:13
7007437394,ชม.70-5299,2022-03-09 07:40:45
7007436699,กท.79-5584,2022-03-09 07:48:13
7007434653,กท.79-5843,2022-03-09 07:57:12
7007437410,สค.70-6123,2022-03-09 08:08:38
7007434642,กท.76-4825,2022-03-09 08:17:33
7007434639,กท.79-1830,2022-03-09 08:20:21
7007437427,สค.70-4335,2022-03-09 08:29:52
7007437439,กท.61-6471,2022-03-09 08:38:06
7007434786,กท.79-5579,2022-03-09 08:51:33
7007434658,กท.79-2716,2022-03-09 09:00:39
7007434640,กท.74-9067,2022-03-09 09:00:47
7007434644,กท.79-5578,2022-03-09 09:13:57
7007437465,กท.78-4646,2022-03-09 09:19:48
7007434647,กท.79-1961,2022-03-09 09:23:26
7007434659,กท.79-0144,2022-03-09 09:35:57
7007436680,กท.78-6739,2022-03-09 09:46:51
7007434637,กท.79-0641,2022-03-09 09:53:30
7007434627,ฉช.82-7443,2022-03-09 10:08:51
7007435385,กท.79-0642,2022-03-09 10:17:38
7007434654,กท.60-4205,2022-03-09 10:24:34
7007434630,กท.79-0841,2022-03-09 10:26:26
7007436829,กท.78-7993,2022-03-09 10:33:45
7007434635,กท.78-6744,2022-03-09 10:40:36
7007434808,กท.79-2717,2022-03-09 10:47:41
7007437691,นม.70-6730,2022-03-09 11:10:35
7007437725,กท.79-5842,2022-03-09 11:22:25
7007434671,กท.75-1033,2022-03-09 11:23:57
7007438119,กท.79-8105,2022-03-09 11:31:34
7007437911,กท.79-3258,2022-03-09 11:42:36
7007437703,กท.79-3259,2022-03-09 11:50:54
7007438020,ฉช.81-3257,2022-03-09 11:58:33
7007438110,ชม.70-5420,2022-03-09 12:09:19
7007438122,กท.79-7440,2022-03-09 12:16:38
7007438117,กท.79-2898,2022-03-09 12:19:03
7007438124,กท.79-5840,2022-03-09 12:31:23
7007438196,ฉช.82-2839,2022-03-09 12:34:30
7007436689,กท.79-2717,2022-03-09 12:42:33
7007438388,นม.70-6720,2022-03-09 12:56:08
7007438156,ชม.70-5302,2022-03-09 12:59:23
7007438462,ชบ.83-3599,2022-03-09 13:11:30
7007438791,กท.61-6876,2022-03-09 13:12:10
7007438586,ชม.70-4219,2022-03-09 13:19:17
7007434809,กท.79-0641,2022-03-09 13:26:27
7007438768,ชม.70-6751,2022-03-09 13:33:05
7007434634,กท.79-5579,2022-03-09 13:44:39
7007438109,ฉช.82-3201,2022-03-09 13:51:49
7007439036,ชบ.71-8902,2022-03-09 13:56:31
7007436401,กท.79-0841,2022-03-09 14:04:36
7007434632,กท.79-5584,2022-03-09 14:14:32
7007434646,กท.60-4208,2022-03-09 14:19:32
7007434670,กท.78-6744,2022-03-09 14:29:25
7007438921,สค.70-4074,2022-03-09 14:39:45
7007439057,ลพ.70-0785,2022-03-09 14:45:54
7007439104,ชม.70-5122,2022-03-09 15:03:47
7007439267,กท.78-5932,2022-03-09 15:07:54
7007439287,กท.75-9797,2022-03-09 15:16:22
7007439502,ชม.70-5421,2022-03-09 15:50:00
7007439061,กท.79-1830,2022-03-09 15:59:20
7007439467,จบ.80-3645,2022-03-09 16:09:02
7007434879,กท.79-0144,2022-03-09 16:26:35
7007439616,ชบ.84-7975,2022-03-09 16:38:16
7007434802,กท.74-9067,2022-03-09 16:46:41
7007437946,กท.77-8133,2022-03-09 16:52:10
7007439673,กท.75-7868,2022-03-09 16:56:36
7007434652,กท.79-0644,2022-03-09 17:09:53
7007440445,กท.61-8797,2022-03-09 17:25:42
7007438063,กท.78-6739,2022-03-09 17:34:25
7007435226,กท.79-5843,2022-03-09 17:38:07
7007434663,กท.78-6742,2022-03-09 17:54:41
7007438473,กท.78-7993,2022-03-09 18:04:13
7007434636,กท.79-0642,2022-03-09 18:20:41
7007434870,ฉช.82-7443,2022-03-09 18:37:16
7007434794,กท.79-2716,2022-03-09 18:40:46
7007435382,กท.78-1149,2022-03-09 18:47:23
7007439451,กท.79-5578,2022-03-09 18:53:31
7007434665,กท.77-8134,2022-03-09 19:00:31
7007434633,กท.77-9738,2022-03-09 19:26:04
7007434797,กท.79-1961,2022-03-09 19:37:50
7007438210,ฉช.81-4230,2022-03-09 19:38:42
7007441378,กท.79-5840,2022-03-09 19:44:33
7007441386,กท.78-6742,2022-03-09 20:26:49
7007442003,ลพ.70-0785,2022-03-09 20:30:47
7007441625,ชม.70-5299,2022-03-09 20:31:40
7007438193,ฉช.82-2839,2022-03-09 20:39:31
7007438219,กท.77-8134,2022-03-09 21:02:41
7007441609,กท.79-5843,2022-03-09 21:09:32
7007438201,กท.78-7993,2022-03-09 21:26:28
7007438214,กท.78-6739,2022-03-09 21:38:07
7007438291,กท.79-0642,2022-03-09 22:12:13
7007442506,ชม.70-4355,2022-03-10 01:27:16
7007442570,จบ.80-8222,2022-03-10 01:36:49
7007442512,ชม.70-5300,2022-03-10 01:52:31
7007442507,สค.70-6119,2022-03-10 02:02:29
7007442508,ชม.70-5261,2022-03-10 02:10:04
7007442510,ชม.70-5301,2022-03-10 02:16:54
7007442513,สค.70-3665,2022-03-10 02:42:08
7007442514,กท.79-5840,2022-03-10 02:46:04
7007442553,สค.70-4397,2022-03-10 03:12:15
7007439014,ฉช.82-4812,2022-03-10 03:42:20
7007438271,ฉช.82-7170,2022-03-10 04:36:42
7007438194,ฉช.82-3201,2022-03-10 04:53:42
7007439328,ฉช.82-8346,2022-03-10 05:05:20
7007438205,กท.76-4825,2022-03-10 05:36:25
7007438258,กท.75-1033,2022-03-10 05:41:22
7007442627,กท.79-6704,2022-03-10 06:26:24
7007438183,กท.79-5843,2022-03-10 07:30:36
7007442164,กท.78-1149,2022-03-10 07:44:47
7007442656,ชบ.82-4190,2022-03-10 07:58:18
7007438182,กท.78-6742,2022-03-10 08:00:36
7007442105,กท.79-5584,2022-03-10 08:15:52
7007442676,สค.70-6125,2022-03-10 08:28:27
7007438275,กท.79-0144,2022-03-10 08:38:27
7007442347,กท.79-5578,2022-03-10 08:41:20
7007442735,สค.70-4335,2022-03-10 08:49:29
7007438179,กท.79-1961,2022-03-10 08:54:45
7007438185,กท.79-2716,2022-03-10 09:09:39
7007438264,กท.74-9070,2022-03-10 09:16:36
7007438266,กท.77-8133,2022-03-10 09:30:56
7007442761,สค.70-6123,2022-03-10 09:37:24
7007438253,กท.74-9067,2022-03-10 09:51:05
7007438226,กท.79-1830,2022-03-10 10:00:50
7007438229,กท.60-4205,2022-03-10 10:04:52
7007439013,กท.60-4208,2022-03-10 10:15:45
7007438246,กท.79-0641,2022-03-10 10:20:50
7007438191,กท.79-0841,2022-03-10 10:28:46
7007438198,กท.79-5579,2022-03-10 10:45:33
7007443062,กท.79-8104,2022-03-10 10:49:38
7007438180,กท.77-9738,2022-03-10 10:56:06
7007438293,กท.79-2717,2022-03-10 11:19:18
7007438255,ฉช.82-7443,2022-03-10 11:22:45
7007443266,ชบ.71-4793,2022-03-10 11:26:56
7007441162,กท.78-6744,2022-03-10 11:31:20
7007443621,กท.79-7440,2022-03-10 11:38:04
7007438200,กท.79-0644,2022-03-10 11:43:54
7007443090,กท.79-2898,2022-03-10 11:52:10
7007443664,นม.70-5434,2022-03-10 11:54:53
7007443056,กท.79-5842,2022-03-10 12:11:46
7007443128,ตร.80-2192,2022-03-10 12:12:01
7007443079,กท.79-3259,2022-03-10 12:17:36
7007443063,กท.79-3258,2022-03-10 12:24:14
7007438189,กท.60-4207,2022-03-10 12:36:46
7007443162,กท.79-5841,2022-03-10 12:56:39
7007443519,กท.79-3257,2022-03-10 13:07:02
7007443232,ลพ.70-0786,2022-03-10 13:13:30
7007443563,กท.75-6899,2022-03-10 13:25:39
7007441283,กท.78-6742,2022-03-10 13:34:24
7007443668,ชบ.84-7156,2022-03-10 13:40:03
7007443888,รย.82-4242,2022-03-10 13:48:22
7007443793,ชบ.85-3878,2022-03-10 13:56:15
7007442102,กท.79-5843,2022-03-10 14:16:21
7007438262,กท.79-0144,2022-03-10 14:18:31
7007444696,ชม.70-5991,2022-03-10 14:35:20
7007438181,กท.79-5584,2022-03-10 14:41:11
7007444929,กท.61-7782,2022-03-10 14:41:42
7007438286,กท.79-1961,2022-03-10 14:51:25
7007442103,กท.79-1830,2022-03-10 15:04:18
7007444357,ชม.70-5302,2022-03-10 15:04:31
7007444963,กท.60-2722,2022-03-10 15:13:59
7007445066,กท.78-4646,2022-03-10 15:18:21
7007444407,ชม.70-5420,2022-03-10 15:37:15
7007438175,กท.77-8133,2022-03-10 15:40:35
7007438190,กท.79-2716,2022-03-10 15:45:40
7007444259,ฉช.82-7170,2022-03-10 15:58:10
7007444962,กท.79-7791,2022-03-10 15:58:30
7007438187,ฉช.82-8346,2022-03-10 16:05:01
7007438273,กท.79-2717,2022-03-10 16:15:04
7007444964,กท.79-7787,2022-03-10 16:23:46
7007444817,กท.79-8993,2022-03-10 16:33:18
7007438278,กท.74-9067,2022-03-10 16:46:00
7007438269,กท.78-6744,2022-03-10 16:58:26
7007444989,นม.70-6730,2022-03-10 17:05:20
7007444762,ชม.70-6755,2022-03-10 17:06:39
7007445590,นม.70-5975,2022-03-10 17:14:47
7007445039,ชม.70-5193,2022-03-10 17:33:04
7007438283,กท.79-0641,2022-03-10 17:39:54
7007445160,ชม.70-5299,2022-03-10 17:50:05
7007444877,นม.70-6718,2022-03-10 17:51:54
7007438240,กท.78-1149,2022-03-10 17:55:14
7007444746,ชม.70-5997,2022-03-10 18:07:26
7007445210,ชบ.84-7139,2022-03-10 18:18:38
7007439330,ฉช.82-7443,2022-03-10 18:30:13
7007446558,นม.70-6720,2022-03-10 18:34:54
7007444125,กท.77-8134,2022-03-10 18:37:56
7007438249,กท.74-9070,2022-03-10 18:37:59
7007446535,กท.60-2723,2022-03-10 18:52:28
7007445376,รย.82-4012,2022-03-10 18:59:52
7007445251,จบ.80-3645,2022-03-10 19:03:43
7007438188,กท.79-0644,2022-03-10 19:11:41
7007438197,กท.77-9738,2022-03-10 19:16:43
7007444128,กท.79-5579,2022-03-10 19:31:44
7007445475,ชบ.85-5327,2022-03-10 19:51:24
7007445841,กท.78-5932,2022-03-10 20:06:04
7007445795,กท.79-5841,2022-03-10 20:07:25
7007445818,ชม.70-5122,2022-03-10 20:25:45
7007446143,กท.72-3498,2022-03-10 20:38:25
7007446449,ชม.70-4219,2022-03-10 20:45:02
7007446830,กท.79-3259,2022-03-10 21:18:30
7007447154,กท.79-0643,2022-03-10 21:23:58
7007447180,กท.79-3257,2022-03-10 21:32:50
7007446113,ฉช.81-4230,2022-03-10 21:32:56
7007446377,กท.79-0841,2022-03-10 22:08:41
7007446059,กท.79-0642,2022-03-10 22:10:00
7007445940,กท.79-5843,2022-03-10 22:11:34
7007447173,กท.79-2716,2022-03-10 22:49:18
7007447468,ชม.70-5124,2022-03-10 22:50:17
7007447260,สค.70-4074,2022-03-10 22:51:55
7007447732,กท.79-5842,2022-03-10 22:55:24
7007447490,ชม.70-5123,2022-03-10 23:14:00
7007448155,กท.79-1816,2022-03-10 23:31:04
7007445914,กท.79-0144,2022-03-10 23:52:00
7007450397,สค.70-6119,2022-03-11 01:34:04
7007450398,สค.70-5407,2022-03-11 01:37:50
7007450401,ลพ.70-0785,2022-03-11 01:51:34
7007450399,สค.70-4386,2022-03-11 02:06:22
7007450400,ชม.70-5301,2022-03-11 02:15:38
7007450427,ชม.70-5300,2022-03-11 02:27:05
7007450438,สค.70-6125,2022-03-11 02:27:35
7007450445,กท.79-8993,2022-03-11 02:34:55
7007450402,สค.70-4397,2022-03-11 02:48:28
7007446082,กท.75-1033,2022-03-11 04:24:28
7007450547,กท.79-7691,2022-03-11 05:57:03
7007445938,ฉช.82-7443,2022-03-11 06:09:20
7007450552,ชม.70-5261,2022-03-11 06:15:31
7007446084,กท.76-4825,2022-03-11 07:41:05
7007445904,กท.79-0643,2022-03-11 07:50:17
7007445921,กท.78-1149,2022-03-11 07:59:46
7007450620,สค.70-6123,2022-03-11 08:13:44
7007446110,กท.78-6742,2022-03-11 08:17:45
7007450638,สค.70-3935,2022-03-11 08:30:45
7007445929,กท.79-1830,2022-03-11 08:33:16
7007446051,กท.74-9067,2022-03-11 08:36:03
7007446056,กท.79-5584,2022-03-11 08:47:17
7007446053,กท.74-9070,2022-03-11 09:09:59
7007445924,กท.78-7993,2022-03-11 09:11:46
7007446061,กท.79-0644,2022-03-11 09:31:28
7007445910,กท.78-6744,2022-03-11 09:32:08
7007446076,กท.77-8133,2022-03-11 09:55:59
7007446055,กท.79-2717,2022-03-11 10:09:26
7007450673,ชม.70-5124,2022-03-11 10:17:50
7007445905,กท.79-5578,2022-03-11 10:25:29
7007445917,กท.60-4205,2022-03-11 10:32:09
7007450694,ฉช.81-3257,2022-03-11 10:39:09
7007445901,กท.79-0641,2022-03-11 10:52:25
7007445927,กท.77-9738,2022-03-11 10:57:26
7007446067,กท.78-6739,2022-03-11 11:10:36
7007450855,กท.79-5840,2022-03-11 11:19:01
7007446091,กท.79-1961,2022-03-11 11:40:09
7007450925,ชม.70-5125,2022-03-11 11:46:39
7007451079,นม.70-6589,2022-03-11 12:01:55
7007450984,ชม.70-5299,2022-03-11 12:11:11
7007451038,กท.79-5841,2022-03-11 12:25:11
7007451209,กท.77-8134,2022-03-11 12:30:59
7007446065,กท.60-4207,2022-03-11 12:37:37
7007451473,กท.75-2786,2022-03-11 12:56:41
7007451359,กท.79-3258,2022-03-11 13:07:00
7007451549,ชบ.85-3878,2022-03-11 13:14:49
7007446058,กท.78-6742,2022-03-11 13:31:39
7007451443,กท.79-0643,2022-03-11 13:33:30
7007451677,ชม.70-4355,2022-03-11 13:43:33
7007446052,กท.78-1149,2022-03-11 13:57:01
7007446046,กท.79-1830,2022-03-11 14:05:26
7007451858,ชบ.82-4190,2022-03-11 14:16:57
7007451979,กท.75-9797,2022-03-11 14:43:38
7007451932,จบ.80-8222,2022-03-11 14:44:34
7007451865,กท.77-6494,2022-03-11 14:49:19
7007446079,กท.79-2717,2022-03-11 15:11:23
7007452153,กท.79-3257,2022-03-11 15:29:54
7007452041,จบ.80-3645,2022-03-11 15:32:38
7007452103,กท.61-8797,2022-03-11 15:42:08
7007446086,กท.78-6739,2022-03-11 15:57:10
7007452178,รย.71-2637,2022-03-11 16:06:28
7007452246,ชม.70-5300,2022-03-11 16:19:52
7007446063,กท.74-9070,2022-03-11 16:23:19
7007452962,กท.78-4646,2022-03-11 16:34:29
7007452349,ลพ.70-0786,2022-03-11 16:44:02
7007452375,ชม.70-4219,2022-03-11 17:05:10
7007452376,กท.77-7979,2022-03-11 17:08:35
7007445912,กท.77-8134,2022-03-11 17:14:10
7007452405,กท.79-3259,2022-03-11 17:38:33
7007452423,กท.61-6077,2022-03-11 17:46:04
7007446048,กท.77-8133,2022-03-11 17:49:52
7007446074,กท.78-6744,2022-03-11 17:59:06
7007451446,กท.77-9738,2022-03-11 18:36:29
7007445918,กท.78-7993,2022-03-11 18:40:10
7007452488,ชบ.84-7139,2022-03-11 18:51:28
7007452494,กท.77-6494,2022-03-11 18:58:41
7007452696,ชม.70-5302,2022-03-11 19:07:16
7007446080,กท.79-2716,2022-03-11 19:25:14
7007452699,กท.79-7691,2022-03-11 19:36:02
7007452807,รย.82-0448,2022-03-11 19:42:13
7007452792,ชม.70-4355,2022-03-11 19:50:30
7007452835,ชบ.84-7975,2022-03-11 20:07:28
7007452845,กท.79-5841,2022-03-11 20:14:20
7007452851,กท.79-8995,2022-03-11 20:22:27
7007452035,กท.79-5578,2022-03-11 20:33:05
7007446072,กท.79-0641,2022-03-11 20:47:05
7007451445,กท.79-0642,2022-03-11 20:51:31
7007453009,ชม.70-5261,2022-03-11 21:15:08
7007452227,ฉช.81-4230,2022-03-11 21:27:53
7007453105,ชม.70-5123,2022-03-11 21:32:43
7007453091,ชบ.85-3878,2022-03-11 21:44:44
7007453162,นม.70-6730,2022-03-11 22:00:44
7007453236,ชม.70-5420,2022-03-11 22:14:20
7007453277,ชบ.85-5327,2022-03-11 22:26:57
7007453561,กท.79-5842,2022-03-11 22:30:50
7007454061,สค.70-4397,2022-03-12 07:32:05
7007454041,จบ.80-8222,2022-03-12 07:39:51
7007454063,ชม.70-5299,2022-03-12 07:45:13
7007454069,สค.70-6119,2022-03-12 07:53:10
7007454070,รย.71-2638,2022-03-12 08:02:45
7007452207,กท.79-5843,2022-03-12 08:19:25
7007454076,กท.79-8993,2022-03-12 08:31:57
7007454093,ลพ.70-0785,2022-03-12 08:44:26
7007452202,กท.79-1830,2022-03-12 08:53:05
7007454060,สค.70-5407,2022-03-12 08:56:00
7007454065,สค.70-2507,2022-03-12 08:56:50
7007452204,กท.74-9067,2022-03-12 09:05:25
7007454072,สค.70-3480,2022-03-12 09:11:58
7007453695,กท.79-5584,2022-03-12 09:26:00
7007454107,สค.70-6125,2022-03-12 09:38:42
7007454105,รย.81-6767,2022-03-12 09:38:54
7007454108,สค.70-4335,2022-03-12 09:52:15
7007452206,กท.79-5578,2022-03-12 09:58:10
7007454135,ลพ.70-1223,2022-03-12 10:05:01
7007452195,กท.79-2716,2022-03-12 10:16:42
7007452196,กท.78-6744,2022-03-12 10:28:44
7007454147,นม.70-6589,2022-03-12 10:50:13
7007452199,กท.77-9738,2022-03-12 10:50:57
7007452208,กท.79-5579,2022-03-12 10:52:09
7007454190,กท.79-7440,2022-03-12 11:12:13
7007454180,ชม.70-4219,2022-03-12 11:19:05
7007452225,กท.79-2717,2022-03-12 11:26:59
7007452198,กท.79-0643,2022-03-12 11:35:13
7007454182,ชม.70-5301,2022-03-12 11:47:40
7007454198,กท.77-7979,2022-03-12 11:55:11
7007454212,ชม.70-4355,2022-03-12 12:11:13
7007454214,กท.75-3041,2022-03-12 12:28:44
7007452861,กท.74-9070,2022-03-12 12:35:14
7007452200,ฉช.82-7443,2022-03-12 12:39:49
7007454268,ชบ.84-7139,2022-03-12 12:49:31
7007454295,กท.79-5840,2022-03-12 13:09:34
7007452248,กท.79-5578,2022-03-12 13:18:10
7007452194,กท.79-5843,2022-03-12 13:27:03
7007452274,กท.79-0643,2022-03-12 13:44:33
7007454400,กท.79-7691,2022-03-12 13:54:10
7007452205,กท.75-1033,2022-03-12 14:08:01
7007452731,กท.78-7993,2022-03-12 14:16:55
7007453408,กท.79-2716,2022-03-12 14:18:40
7007454411,กท.79-3259,2022-03-12 14:21:03
7007454444,ชม.70-5300,2022-03-12 14:33:32
7007454449,กท.79-6705,2022-03-12 14:49:19
7007454466,กท.79-3257,2022-03-12 14:53:30
7007454474,สค.70-4074,2022-03-12 15:18:50
7007454478,ชบ.82-4190,2022-03-12 15:23:43
7007454490,กท.79-5841,2022-03-12 15:29:11
7007454531,กท.75-3041,2022-03-12 15:40:17
7007454520,กท.79-3258,2022-03-12 16:00:01
7007454537,กท.79-8993,2022-03-12 16:06:54
7007454552,ชม.70-4355,2022-03-12 16:13:37
7007452232,กท.78-6739,2022-03-12 16:38:21
7007454602,สค.70-6123,2022-03-12 16:58:33
7007454625,ชม.70-5122,2022-03-12 16:59:34
7007452305,กท.78-6744,2022-03-12 17:05:58
7007454624,ชม.70-5123,2022-03-12 17:15:26
7007454615,กท.61-8797,2022-03-12 17:31:49
7007454641,ชม.70-5421,2022-03-12 17:35:36
7007454889,สค.70-6119,2022-03-13 01:43:25
7007454891,ชม.70-5299,2022-03-13 01:50:52
7007454888,สค.70-4386,2022-03-13 01:59:10
7007454890,สค.70-3937,2022-03-13 03:33:40
7007454898,สค.70-4397,2022-03-13 03:37:59
7007454894,ลพ.70-0785,2022-03-13 03:39:15
7007454910,ชม.70-5261,2022-03-13 04:16:56
7007454915,ฉช.81-3257,2022-03-13 04:41:58
7007454918,ลพ.70-0786,2022-03-13 05:05:09
7007452326,ฉช.82-8528,2022-03-13 05:13:23
7007452292,กท.75-1033,2022-03-13 05:17:07
7007452329,ฉช.82-8346,2022-03-13 05:52:07
7007454938,ชม.70-5301,2022-03-13 05:56:07
7007452234,กท.79-5584,2022-03-13 07:36:32
7007452299,กท.78-6742,2022-03-13 07:57:56
7007452293,กท.79-5843,2022-03-13 08:05:38
7007452271,กท.78-1149,2022-03-13 08:09:01
7007455016,สค.70-6123,2022-03-13 08:18:17
7007452253,กท.74-9067,2022-03-13 08:44:43
7007452269,กท.79-0841,2022-03-13 08:45:31
7007455010,สค.70-6125,2022-03-13 08:54:34
7007455043,สค.70-4335,2022-03-13 09:11:59
7007452238,กท.77-8133,2022-03-13 09:12:36
7007452301,กท.76-4825,2022-03-13 09:31:24
7007452277,กท.79-1830,2022-03-13 09:33:37
7007452294,กท.79-0642,2022-03-13 09:46:41
7007452233,กท.77-9738,2022-03-13 09:51:41
7007452310,กท.79-5579,2022-03-13 09:54:45
7007452281,กท.79-0144,2022-03-13 10:07:15
7007452300,กท.79-0644,2022-03-13 10:20:49
7007455187,ชม.70-5302,2022-03-13 10:35:01
7007452243,กท.79-0641,2022-03-13 10:47:21
7007452303,กท.79-2717,2022-03-13 10:57:44
7007452245,กท.77-8134,2022-03-13 11:03:41
7007456293,กท.78-4646,2022-03-13 11:31:37
7007452250,กท.79-1961,2022-03-13 11:33:02
7007455503,กท.79-3257,2022-03-13 11:41:24
7007452240,ฉช.82-7443,2022-03-13 11:58:11
7007455489,กท.79-5842,2022-03-13 12:00:30
7007456461,สค.70-5407,2022-03-13 12:03:12
7007455510,ชบ.83-3599,2022-03-13 12:13:40
7007452296,กท.60-4207,2022-03-13 12:19:45
7007453412,กท.78-7993,2022-03-13 12:24:20
7007455802,ชบ.84-7139,2022-03-13 12:39:51
7007455856,ชบ.84-7237,2022-03-13 12:44:55
7007457021,ชบ.71-8902,2022-03-13 12:53:28
7007455998,กท.75-6899,2022-03-13 13:01:34
7007456981,ชม.70-5997,2022-03-13 13:05:11
7007456141,กท.78-5932,2022-03-13 13:10:07
7007455993,กท.77-6494,2022-03-13 13:16:42
7007456183,ชม.70-4219,2022-03-13 13:24:58
7007452275,กท.79-0144,2022-03-13 13:33:44
7007456974,ชม.70-6755,2022-03-13 13:44:05
7007456709,กท.61-4383,2022-03-13 14:03:09
7007457053,ชบ.71-4792,2022-03-13 14:13:04
7007452297,กท.79-0841,2022-03-13 14:19:19
7007457253,ชม.70-5123,2022-03-13 14:21:00
7007456769,ชม.70-5420,2022-03-13 14:36:26
7007457694,นม.70-7498,2022-03-13 14:37:50
7007452322,กท.79-2717,2022-03-13 14:41:45
7007455803,กท.79-5584,2022-03-13 15:00:18
7007455797,กท.79-0642,2022-03-13 15:01:38
7007457696,นม.70-7497,2022-03-13 15:02:13
7007452272,กท.79-5579,2022-03-13 15:12:01
7007457692,นม.70-6721,2022-03-13 15:20:25
7007452280,กท.79-0641,2022-03-13 15:28:13
7007452247,ฉช.82-7443,2022-03-13 15:36:06
7007457620,กท.79-3257,2022-03-13 15:44:53
7007452262,กท.78-1149,2022-03-13 15:50:48
7007457685,กท.75-6899,2022-03-13 16:08:28
7007452236,กท.78-6742,2022-03-13 16:15:10
7007453423,กท.74-9067,2022-03-13 16:26:03
7007457717,ชบ.82-4190,2022-03-13 16:36:45
7007452304,กท.79-5843,2022-03-13 17:04:56
7007457729,ชบ.84-7975,2022-03-13 17:13:48
7007457734,ชบ.85-3878,2022-03-13 17:20:51
7007453418,กท.79-0643,2022-03-13 17:22:43
7007457819,จบ.80-8222,2022-03-13 17:52:27
7007452276,กท.77-9738,2022-03-13 17:57:34
7007452244,กท.79-5578,2022-03-13 18:05:04
7007452267,กท.77-8134,2022-03-13 18:10:04
7007458212,กท.77-7979,2022-03-13 18:30:10
7007457580,กท.78-6744,2022-03-13 18:41:35
7007458616,สค.70-4074,2022-03-13 18:44:47
7007458412,ตร.80-5209,2022-03-13 18:53:00
7007456176,กท.78-6739,2022-03-13 19:05:47
7007458603,นม.70-6589,2022-03-13 19:11:48
7007452263,กท.79-1830,2022-03-13 19:16:05
7007452286,กท.79-0644,2022-03-13 19:28:24
7007459909,ลพ.70-0786,2022-03-13 19:56:32
7007457825,กท.79-2716,2022-03-13 20:09:40
7007460310,ชม.70-5125,2022-03-13 20:17:09
7007456616,ฉช.81-4230,2022-03-13 20:27:38
7007460395,กท.61-4383,2022-03-13 20:38:32
7007456470,กท.79-1961,2022-03-13 21:06:45
7007462032,ชม.70-5299,2022-03-13 21:12:15
7007452287,กท.78-7993,2022-03-13 21:13:27
7007458280,กท.78-6742,2022-03-13 21:17:49
7007456602,กท.79-5579,2022-03-13 21:31:47
7007456725,กท.77-8134,2022-03-13 21:45:21
7007456589,กท.79-5843,2022-03-13 21:57:56
7007462140,กท.79-0644,2022-03-13 22:18:01
7007462602,ชม.70-5301,2022-03-13 22:21:01
7007463214,ชม.70-4355,2022-03-14 01:39:17
7007463213,ชม.70-5300,2022-03-14 01:43:45
7007463216,ลพ.70-0785,2022-03-14 01:52:11
7007463215,สค.70-6119,2022-03-14 01:56:52
7007463217,สค.70-2919,2022-03-14 02:05:00
7007463218,ชม.70-4219,2022-03-14 02:28:34
7007463243,สค.70-4397,2022-03-14 02:47:49
7007463251,ชม.70-5302,2022-03-14 02:56:09
7007463263,ฉช.82-4812,2022-03-14 03:17:52
7007460186,ฉช.82-3201,2022-03-14 03:38:22
7007460153,ฉช.82-8528,2022-03-14 03:42:50
7007463273,ชม.70-5261,2022-03-14 04:04:27
7007456633,ฉช.82-7170,2022-03-14 04:15:26
7007463296,สค.70-3935,2022-03-14 04:36:33
7007456632,กท.75-1033,2022-03-14 06:07:49
7007456612,กท.78-1149,2022-03-14 07:43:30
7007463369,สค.70-6125,2022-03-14 07:50:21
7007456743,กท.79-5584,2022-03-14 07:56:19
7007456599,กท.79-0643,2022-03-14 08:01:58
7007462146,กท.79-2716,2022-03-14 08:35:54
7007456617,กท.79-1830,2022-03-14 08:36:03
7007456630,กท.79-5578,2022-03-14 08:46:32
7007458014,กท.78-6742,2022-03-14 08:48:43
7007456619,กท.74-9067,2022-03-14 09:13:36
7007456718,กท.78-7993,2022-03-14 09:17:41
7007463446,สค.70-4335,2022-03-14 09:23:25
7007456724,กท.77-8133,2022-03-14 09:42:30
7007456592,กท.79-0841,2022-03-14 09:52:31
7007456605,กท.77-9738,2022-03-14 10:00:19
7007456722,กท.79-0144,2022-03-14 10:17:30
7007456618,กท.79-2717,2022-03-14 10:18:49
7007462130,กท.60-4205,2022-03-14 10:29:50
7007456628,กท.79-1961,2022-03-14 10:38:00
7007462109,กท.79-0642,2022-03-14 10:47:24
7007456609,กท.60-4207,2022-03-14 11:08:48
7007456595,กท.78-6739,2022-03-14 11:09:13
7007456622,กท.60-4208,2022-03-14 11:17:37
7007463727,กท.75-0640,2022-03-14 11:21:11
7007456623,ฉช.82-7443,2022-03-14 11:21:20
7007456744,กท.74-9070,2022-03-14 11:39:22
7007464390,นม.70-5434,2022-03-14 11:42:22
7007463495,ลพ.70-0786,2022-03-14 11:46:42
7007456727,กท.78-6744,2022-03-14 11:54:34
7007463826,กท.79-5842,2022-03-14 12:06:20
7007463832,กท.79-5841,2022-03-14 12:18:41
7007456627,ฉช.82-2839,2022-03-14 12:30:42
7007464310,กท.75-3041,2022-03-14 12:37:48
7007464395,กท.61-4720,2022-03-14 12:53:15
7007464464,กท.79-7691,2022-03-14 13:02:44
7007465204,สค.70-5407,2022-03-14 13:14:52
7007464440,กท.72-3498,2022-03-14 13:20:41
7007464513,ฉช.82-4812,2022-03-14 13:36:05
7007462116,กท.78-7993,2022-03-14 13:49:47
7007464575,รย.71-2637,2022-03-14 13:50:49
7007464545,จบ.80-8222,2022-03-14 13:58:16
7007456721,กท.79-0841,2022-03-14 14:06:27
7007465752,กท.79-7440,2022-03-14 14:12:51
7007456601,กท.79-0642,2022-03-14 14:24:05
7007456740,กท.78-1149,2022-03-14 14:35:38
7007465044,ชบ.85-5327,2022-03-14 14:42:26
7007456731,กท.78-6742,2022-03-14 14:57:35
7007465108,ชม.70-5122,2022-03-14 15:12:56
7007465118,ชม.70-4355,2022-03-14 15:24:17
7007465278,ชม.70-5125,2022-03-14 15:29:08
7007465103,ชม.70-5123,2022-03-14 15:42:03
7007464506,กท.79-1961,2022-03-14 15:58:09
7007465347,ฉช.81-3257,2022-03-14 16:04:50
7007465627,กท.79-3259,2022-03-14 16:18:44
7007456726,กท.79-0643,2022-03-14 16:33:01
7007467122,กท.79-7786,2022-03-14 16:38:48
7007465733,นม.70-6730,2022-03-14 16:45:43
7007456746,กท.78-6744,2022-03-14 17:05:29
7007456723,กท.79-5584,2022-03-14 17:06:58
7007467139,กท.60-2724,2022-03-14 17:21:48
7007456598,กท.74-9067,2022-03-14 17:26:23
7007465828,ชบ.85-3878,2022-03-14 17:42:20
7007464509,ฉช.82-7443,2022-03-14 17:48:47
7007465861,จบ.80-3645,2022-03-14 17:53:33
7007465870,กท.75-2786,2022-03-14 18:13:12
7007465897,ชม.70-5299,2022-03-14 18:22:23
7007464991,กท.79-1830,2022-03-14 18:28:28
7007464969,กท.78-6739,2022-03-14 18:34:38
7007464982,กท.79-2716,2022-03-14 18:59:27
7007466223,ชม.70-5301,2022-03-14 19:09:32
7007466195,รย.82-4012,2022-03-14 19:13:17
7007466190,กท.79-6706,2022-03-14 19:30:52
7007466349,กท.78-5932,2022-03-14 19:44:11
7007456742,กท.79-2717,2022-03-14 19:50:29
7007466230,ชม.70-5300,2022-03-14 20:02:43
7007458018,กท.77-9738,2022-03-14 20:07:19
7007456729,กท.79-5843,2022-03-14 20:24:32
7007465768,ฉช.81-4230,2022-03-14 20:47:19
7007456606,กท.79-5578,2022-03-14 20:59:57
7007467309,กท.79-3258,2022-03-14 21:02:02
7007467225,กท.79-3257,2022-03-14 21:11:43
7007467714,สค.70-4074,2022-03-14 21:36:31
7007467774,นม.70-6589,2022-03-14 21:44:00
7007466012,กท.78-6739,2022-03-14 21:51:47
7007465832,กท.79-0643,2022-03-14 21:56:53
7007467925,ชม.70-5122,2022-03-14 22:13:08
7007465804,ฉช.82-4812,2022-03-14 22:21:24
7007465784,กท.74-9070,2022-03-14 22:24:45
7007468281,นม.70-6730,2022-03-14 22:48:25
7007465791,กท.79-2716,2022-03-14 23:07:01
7007465827,กท.79-1961,2022-03-14 23:12:09
7007468319,ชบ.84-7975,2022-03-14 23:20:48
7007469538,สค.70-6119,2022-03-15 01:26:20
7007469540,ชม.70-4219,2022-03-15 01:43:46
7007469537,ชม.70-4355,2022-03-15 01:55:28
7007469542,สค.70-2507,2022-03-15 02:03:41
7007469541,ชม.70-5302,2022-03-15 02:27:39
7007469553,รย.71-2638,2022-03-15 02:37:01
7007469539,สค.70-5407,2022-03-15 02:42:33
7007469564,สค.70-4397,2022-03-15 02:50:19
7007469563,สค.70-6125,2022-03-15 02:52:06
7007465797,ฉช.82-3201,2022-03-15 04:03:32
7007465802,ฉช.82-8528,2022-03-15 04:23:01
7007465811,ฉช.82-8346,2022-03-15 04:37:30
7007467955,กท.76-4825,2022-03-15 05:29:01
7007469644,กท.61-8383,2022-03-15 06:20:01
7007469656,ชบ.82-4190,2022-03-15 07:28:13
7007465833,กท.79-1830,2022-03-15 07:47:29
7007465780,กท.78-6742,2022-03-15 07:54:22
7007465800,กท.79-5584,2022-03-15 08:22:59
7007465813,กท.78-7993,2022-03-15 08:29:14
7007469679,กท.61-7782,2022-03-15 08:42:46
7007465836,กท.79-5843,2022-03-15 08:46:13
7007469676,กท.79-7440,2022-03-15 09:04:34
7007465817,ฉช.82-7443,2022-03-15 09:12:41
7007469667,สค.70-6123,2022-03-15 09:18:46
7007465807,กท.60-4205,2022-03-15 09:25:08
7007467950,กท.77-9738,2022-03-15 09:30:51
7007466364,กท.79-5578,2022-03-15 09:53:07
7007465798,กท.79-0841,2022-03-15 10:04:56
7007468382,กท.77-8133,2022-03-15 10:10:19
7007465810,กท.75-1033,2022-03-15 10:19:52
7007469762,จบ.81-2529,2022-03-15 10:32:40
7007467483,กท.74-9067,2022-03-15 10:50:49
7007468433,กท.79-5579,2022-03-15 10:51:19
7007470032,ชบ.71-4793,2022-03-15 11:07:12
7007465814,กท.79-2717,2022-03-15 11:19:38
7007468388,กท.79-0144,2022-03-15 11:23:11
7007465781,กท.77-8134,2022-03-15 11:45:01
7007465809,กท.79-0642,2022-03-15 11:50:06
7007470114,กท.61-6471,2022-03-15 12:00:14
7007465795,กท.60-4208,2022-03-15 12:04:21
7007465774,กท.78-6739,2022-03-15 12:10:03
7007465837,กท.79-0641,2022-03-15 12:15:41
7007469993,กท.75-7868,2022-03-15 12:30:09
7007469913,ชม.70-5261,2022-03-15 12:36:08
7007465820,กท.78-6744,2022-03-15 12:52:48
7007469967,กท.79-5841,2022-03-15 13:06:23
7007470023,กท.78-1149,2022-03-15 13:11:03
7007465771,ฉช.82-7170,2022-03-15 13:24:50
7007465770,ฉช.82-2839,2022-03-15 13:32:39
7007470526,ชม.70-5299,2022-03-15 13:55:53
7007470569,ชบ.84-7139,2022-03-15 14:06:27
7007470535,ตร.80-2192,2022-03-15 14:07:10
7007472041,นม.70-5380,2022-03-15 14:12:44
7007470719,กท.79-3259,2022-03-15 14:24:22
7007472036,นม.70-6719,2022-03-15 14:27:07
7007468395,กท.78-7993,2022-03-15 14:32:09
7007468375,กท.79-2717,2022-03-15 14:48:01
7007472030,กท.60-2723,2022-03-15 14:58:50
7007470974,ชม.70-5124,2022-03-15 15:05:15
7007471203,ชบ.85-3878,2022-03-15 15:21:27
7007465816,กท.77-9738,2022-03-15 15:21:29
7007471395,ลพ.70-0785,2022-03-15 15:30:16
7007471301,กท.75-7868,2022-03-15 15:46:57
7007470875,กท.77-8133,2022-03-15 16:02:07
7007471288,ฉช.82-8346,2022-03-15 16:13:20
7007471283,ชม.70-5192,2022-03-15 16:17:19
7007468188,กท.78-6742,2022-03-15 16:25:09
7007465796,กท.79-1830,2022-03-15 16:37:38
7007468398,กท.79-1961,2022-03-15 16:57:34
7007472013,กท.61-8383,2022-03-15 17:03:05
7007465777,กท.79-0641,2022-03-15 17:09:59
7007465778,กท.74-9067,2022-03-15 17:40:11
7007472057,กท.79-3258,2022-03-15 17:40:54
7007465773,กท.79-0841,2022-03-15 17:50:33
7007465767,กท.79-0144,2022-03-15 17:57:12
7007472184,กท.79-0642,2022-03-15 18:22:16
7007465793,กท.79-5584,2022-03-15 18:23:27
7007467706,กท.78-1149,2022-03-15 18:31:33
7007472347,ชบ.84-7156,2022-03-15 18:47:58
7007472407,กท.79-5842,2022-03-15 18:52:17
7007470924,กท.79-5579,2022-03-15 19:01:13
7007471455,ฉช.81-4230,2022-03-15 19:11:08
7007465830,กท.79-2716,2022-03-15 19:30:17
7007472779,กท.79-8993,2022-03-15 19:33:36
7007465834,กท.74-9070,2022-03-15 19:50:09
7007465775,ฉช.82-7443,2022-03-15 19:59:03
7007473086,กท.79-5841,2022-03-15 20:03:33
7007473397,ลพ.70-0786,2022-03-15 20:26:52
7007465835,กท.79-0643,2022-03-15 20:42:07
7007473799,ชม.70-5300,2022-03-15 20:49:41
7007473808,กท.79-3259,2022-03-15 20:51:17
7007471982,กท.78-6739,2022-03-15 21:03:41
7007473999,ชม.70-5122,2022-03-15 21:39:30
7007465766,กท.79-0642,2022-03-15 21:39:52
7007470716,กท.78-6742,2022-03-15 21:48:44
7007465826,กท.79-5579,2022-03-15 22:08:00
7007465824,กท.77-8134,2022-03-15 22:24:20
7007465819,กท.79-0144,2022-03-15 22:29:12
7007471944,กท.74-9067,2022-03-15 22:36:07
7007465883,กท.79-0841,2022-03-15 22:40:38
7007471927,กท.78-6739,2022-03-15 22:51:49
7007471972,ฉช.82-7443,2022-03-15 23:08:32
7007472149,กท.79-5584,2022-03-15 23:13:32
7007471967,กท.78-7993,2022-03-15 23:32:46
7007471969,กท.77-8133,2022-03-15 23:33:33
7007474620,ชม.70-4355,2022-03-16 01:36:39
7007474619,สค.70-6119,2022-03-16 01:39:48
7007474618,สค.70-4386,2022-03-16 01:53:06
7007474621,ชม.70-4219,2022-03-16 01:55:33
7007474629,สค.70-6125,2022-03-16 02:01:56
7007474625,สค.70-4335,2022-03-16 02:22:40
7007471945,ฉช.82-3201,2022-03-16 03:01:26
7007474678,ลพ.70-0785,2022-03-16 04:06:30
7007474680,ชม.70-5299,2022-03-16 04:07:47
7007471956,ฉช.82-2839,2022-03-16 04:19:08
7007474718,กท.79-6703,2022-03-16 05:29:30
7007474728,สค.70-4333,2022-03-16 05:34:03
7007471939,กท.79-0644,2022-03-16 05:46:32
7007474729,กท.79-7691,2022-03-16 06:06:45
7007471963,กท.79-0144,2022-03-16 07:49:57
7007474779,สค.70-6123,2022-03-16 07:50:44
7007471959,กท.79-0841,2022-03-16 07:51:40
7007471952,กท.78-6742,2022-03-16 08:00:29
7007471936,กท.75-1033,2022-03-16 08:19:33
7007473631,กท.78-1149,2022-03-16 08:31:24
7007471923,กท.79-2716,2022-03-16 08:43:19
7007471948,กท.77-8134,2022-03-16 08:43:34
7007474815,ชม.70-5261,2022-03-16 08:56:05
7007473609,กท.79-5578,2022-03-16 09:04:04
7007471931,กท.77-9738,2022-03-16 09:14:03
7007471951,กท.76-4825,2022-03-16 09:27:00
7007471975,กท.79-0642,2022-03-16 09:34:47
7007471943,กท.79-5843,2022-03-16 09:40:22
7007471929,กท.74-9070,2022-03-16 10:02:12
7007471935,กท.79-5579,2022-03-16 10:10:45
7007471957,กท.79-2717,2022-03-16 10:23:52
7007471953,กท.79-0643,2022-03-16 10:31:56
7007474964,ชม.70-5301,2022-03-16 10:36:04
7007471933,กท.78-6744,2022-03-16 10:47:42
7007471949,กท.79-0641,2022-03-16 10:56:31
7007475200,กท.75-7868,2022-03-16 11:12:59
7007475216,กท.61-4720,2022-03-16 11:22:19
7007471954,กท.60-4207,2022-03-16 11:31:01
7007475610,ชบ.82-4190,2022-03-16 11:41:06
7007476268,นม.70-5434,2022-03-16 11:51:25
7007475379,กท.79-5842,2022-03-16 11:52:26
7007476117,สบ.71-0828,2022-03-16 12:01:11
7007471950,กท.79-0841,2022-03-16 12:08:22
7007475621,ชม.70-5302,2022-03-16 12:12:43
7007476106,สบ.71-0408,2022-03-16 12:23:10
7007471918,กท.78-6742,2022-03-16 12:24:10
7007476426,ฉช.81-3257,2022-03-16 12:43:35
7007476610,ชบ.71-8902,2022-03-16 12:53:01
7007471966,กท.78-1149,2022-03-16 12:55:53
7007476471,ชบ.84-7975,2022-03-16 13:02:11
7007477042,ชบ.71-4792,2022-03-16 13:12:31
7007471922,กท.79-2717,2022-03-16 13:16:58
7007471932,กท.78-6744,2022-03-16 13:22:59
7007471974,กท.77-8134,2022-03-16 13:40:24
7007476986,นม.70-7496,2022-03-16 13:40:40
7007477035,ชบ.85-3878,2022-03-16 13:43:00
7007476996,นม.70-6737,2022-03-16 13:56:51
7007476929,กท.79-6705,2022-03-16 14:09:35
7007477007,นม.70-6891,2022-03-16 14:17:37
7007471962,กท.79-5578,2022-03-16 14:25:08
7007477251,รย.82-0448,2022-03-16 14:42:21
7007471965,กท.79-2716,2022-03-16 14:45:23
7007477257,จบ.70-0722,2022-03-16 14:49:53
7007477347,สค.70-4074,2022-03-16 14:59:29
7007477380,ลพ.70-0786,2022-03-16 15:08:59
7007473584,กท.74-9070,2022-03-16 15:16:50
7007477246,กท.79-5841,2022-03-16 15:21:59
7007477407,ชม.70-5122,2022-03-16 15:35:16
7007471942,กท.77-9738,2022-03-16 15:50:27
7007477408,จบ.80-3645,2022-03-16 15:56:05
7007471971,กท.79-0641,2022-03-16 16:15:44
7007471926,กท.79-0644,2022-03-16 16:25:26
7007471970,กท.79-0144,2022-03-16 16:34:38
7007477676,กท.78-5932,2022-03-16 16:35:14
7007471925,กท.79-5843,2022-03-16 16:46:58
7007476398,กท.79-0643,2022-03-16 17:15:17
7007477397,กท.79-5584,2022-03-16 17:24:02
7007471941,กท.78-6739,2022-03-16 17:24:59
7007477829,นม.70-6730,2022-03-16 17:49:02
7007476389,กท.77-8133,2022-03-16 18:05:11
7007477235,กท.79-0642,2022-03-16 18:14:06
7007477878,ชม.70-5300,2022-03-16 18:16:15
7007471938,กท.79-5579,2022-03-16 18:37:35
7007473618,กท.74-9067,2022-03-16 18:39:22
7007478086,กท.79-3257,2022-03-16 18:50:22
7007476848,กท.79-2717,2022-03-16 19:09:32
7007476861,กท.78-7993,2022-03-16 19:17:17
7007480941,ชม.70-5420,2022-03-16 19:36:34
7007476866,กท.79-5584,2022-03-16 19:41:05
7007480898,ชม.70-5125,2022-03-16 19:46:51
7007476748,ฉช.81-4230,2022-03-16 19:54:32
7007487613,สค.70-6119,2022-03-17 01:39:35
7007487614,ชม.70-4219,2022-03-17 01:56:49
7007487628,ชม.70-5299,2022-03-17 02:01:30
7007487615,ลพ.70-0785,2022-03-17 02:03:52
7007478790,ฉช.82-8346,2022-03-17 02:13:23
7007487612,ชม.70-4355,2022-03-17 02:29:31
7007487631,ลพ.70-0786,2022-03-17 02:42:11
7007487634,สค.70-6123,2022-03-17 02:52:37
7007487632,สค.70-4397,2022-03-17 03:04:22
7007487652,สค.70-4333,2022-03-17 03:31:01
7007487653,ฉช.82-4812,2022-03-17 03:46:44
7007476833,ฉช.82-8528,2022-03-17 03:47:17
7007487647,ชม.70-5302,2022-03-17 03:56:05
7007487660,ชม.70-5301,2022-03-17 04:12:48
7007476669,ฉช.82-7170,2022-03-17 04:30:47
7007487678,ชม.70-5193,2022-03-17 04:41:39
7007476832,กท.76-4825,2022-03-17 04:52:40
7007487685,สค.70-4335,2022-03-17 04:58:32
7007476836,กท.79-0641,2022-03-17 05:30:58
7007487692,กท.79-1818,2022-03-17 05:40:48
7007476744,กท.60-4205,2022-03-17 07:31:17
7007476764,กท.79-1961,2022-03-17 07:38:55
7007487731,ชม.70-5261,2022-03-17 07:55:15
7007487725,สค.70-6125,2022-03-17 07:56:10
7007476828,กท.78-1149,2022-03-17 08:15:12
7007476827,กท.79-0643,2022-03-17 08:28:18
7007476675,กท.74-9070,2022-03-17 08:34:17
7007487806,สค.70-3935,2022-03-17 08:43:35
7007476768,กท.79-1830,2022-03-17 08:56:13
7007476741,กท.79-0644,2022-03-17 09:00:07
7007476683,กท.77-9738,2022-03-17 09:05:06
7007476688,กท.77-8133,2022-03-17 09:35:27
7007476749,กท.79-0841,2022-03-17 09:35:54
7007476819,กท.74-9067,2022-03-17 09:40:54
7007476777,กท.79-5843,2022-03-17 09:56:45
7007487825,ชม.70-5122,2022-03-17 10:13:08
7007476831,กท.79-0642,2022-03-17 10:24:52
7007487928,นม.70-6589,2022-03-17 10:26:54
7007476869,กท.78-6739,2022-03-17 10:41:26
7007476822,กท.79-2716,2022-03-17 10:42:25
7007487893,กท.78-5932,2022-03-17 10:58:19
7007476743,กท.79-0144,2022-03-17 10:59:36
7007478762,กท.79-5579,2022-03-17 11:03:49
7007476745,กท.77-8134,2022-03-17 11:32:42
7007490267,กท.79-7440,2022-03-17 11:33:45
7007476834,กท.78-6742,2022-03-17 11:48:18
7007476826,กท.78-6744,2022-03-17 11:52:01
7007476765,ฉช.82-7443,2022-03-17 11:55:34
7007476841,กท.60-4208,2022-03-17 12:05:19
7007476758,กท.60-4207,2022-03-17 12:12:06
7007488124,กท.79-8997,2022-03-17 12:34:45
7007489037,กท.79-3258,2022-03-17 12:37:17
7007476846,กท.79-0641,2022-03-17 12:43:53
7007488571,กท.79-3259,2022-03-17 12:54:24
7007492338,ชม.70-5991,2022-03-17 12:55:33
7007489245,ชบ.83-3599,2022-03-17 12:58:15
7007489189,กท.75-0640,2022-03-17 13:13:53
7007490332,ชบ.84-7237,2022-03-17 13:20:24
7007476825,ฉช.82-7170,2022-03-17 13:32:01
7007490371,ชบ.85-5327,2022-03-17 13:53:03
7007490661,ชบ.84-7139,2022-03-17 14:00:28
7007491248,จบ.81-3588,2022-03-17 14:04:47
7007476830,กท.75-1033,2022-03-17 14:14:49
7007492734,กท.78-6739,2022-03-17 14:20:15
7007476837,กท.79-0643,2022-03-17 14:33:20
7007493715,กท.75-3041,2022-03-17 14:48:24
7007493413,จบ.81-3588,2022-03-17 14:58:43
7007494713,ชบ.85-3878,2022-03-17 15:23:48
7007476754,ฉช.82-7443,2022-03-17 15:30:58
7007476679,ฉช.82-8528,2022-03-17 15:33:03
7007494865,สค.70-4074,2022-03-17 15:34:37
7007476829,กท.79-1830,2022-03-17 15:47:17
7007495683,กท.75-0640,2022-03-17 16:13:06
7007495426,ชม.70-5420,2022-03-17 16:19:05
7007476874,กท.77-8133,2022-03-17 16:32:24
7007490456,กท.78-6742,2022-03-17 16:38:08
7007496206,ตร.80-2192,2022-03-17 16:49:45
7007496073,ชบ.82-4190,2022-03-17 17:12:48
7007496016,จบ.80-3645,2022-03-17 17:24:39
7007494452,กท.74-9067,2022-03-17 17:34:31
7007497256,ชม.70-4219,2022-03-17 17:36:11
7007502514,กท.79-7791,2022-03-17 17:47:04
7007502435,นม.70-7501,2022-03-17 17:58:28
7007497124,รย.81-6767,2022-03-17 17:59:42
7007476856,กท.78-1149,2022-03-17 18:05:13
7007476761,กท.79-5843,2022-03-17 18:14:11
7007476747,กท.79-1961,2022-03-17 18:23:18
7007490427,กท.79-0144,2022-03-17 18:41:10
7007502484,นม.70-7144,2022-03-17 18:43:25
7007498809,ชม.70-5122,2022-03-17 18:50:29
7007476823,กท.79-0841,2022-03-17 18:54:00
7007476853,กท.78-7993,2022-03-17 19:20:54
7007498888,กท.75-2786,2022-03-17 19:23:19
7007476751,กท.79-0642,2022-03-17 19:33:23
7007476696,กท.79-5584,2022-03-17 19:41:13
7007476791,กท.79-0644,2022-03-17 19:54:34
7007498392,ชม.70-5302,2022-03-17 20:15:11
7007498939,กท.79-8998,2022-03-17 20:24:29
7007494478,กท.78-6744,2022-03-17 20:32:25
7007476843,กท.79-2716,2022-03-17 20:52:55
7007490515,กท.79-2717,2022-03-17 21:08:04
7007476850,กท.77-9738,2022-03-17 21:09:35
7007502442,ชม.70-5300,2022-03-17 21:13:41
7007502422,ชม.70-4355,2022-03-17 21:40:20
7007476674,กท.79-5579,2022-03-17 21:51:03
7007503466,กท.79-5842,2022-03-17 22:02:43
7007503847,ชม.70-5299,2022-03-17 22:18:03
7007497686,กท.78-6739,2022-03-17 22:21:40
7007503679,ชบ.84-7975,2022-03-17 22:32:23
7007498234,ฉช.81-4230,2022-03-17 22:47:37
7007504152,ลพ.70-0785,2022-03-17 22:48:46
7007497574,กท.79-0644,2022-03-17 23:15:03
7007504654,กท.79-3257,2022-03-17 23:15:54
7007501379,กท.77-9738,2022-03-17 23:26:45
7007497664,กท.78-1149,2022-03-17 23:46:11
7007509968,สค.70-4386,2022-03-18 01:43:54
7007509966,สค.70-6119,2022-03-18 02:00:04
7007509967,นม.70-6589,2022-03-18 02:25:12
7007509992,สค.70-4397,2022-03-18 02:43:21
7007510011,สค.70-3937,2022-03-18 02:51:04
7007510019,ชม.70-5301,2022-03-18 03:08:13
7007498240,ฉช.82-4812,2022-03-18 03:35:17
7007510040,นม.70-6730,2022-03-18 04:09:48
7007510056,กท.79-6706,2022-03-18 05:22:11
7007497645,กท.60-4208,2022-03-18 06:21:56
7007500322,กท.79-0643,2022-03-18 07:17:45
7007510129,สค.70-6123,2022-03-18 07:31:11
7007497635,กท.79-5584,2022-03-18 07:59:25
7007502845,กท.74-9067,2022-03-18 08:13:41
7007497642,กท.79-5578,2022-03-18 08:14:12
7007497694,กท.77-8133,2022-03-18 08:34:49
7007510148,สค.70-4335,2022-03-18 08:35:20
7007497613,กท.79-1830,2022-03-18 08:53:01
7007510229,กท.79-2899,2022-03-18 08:55:08
7007497609,กท.79-0642,2022-03-18 09:06:15
7007501889,กท.77-8134,2022-03-18 09:18:22
7007498229,กท.79-5843,2022-03-18 09:23:03
7007497678,กท.79-0641,2022-03-18 09:29:21
7007497625,กท.79-0841,2022-03-18 09:39:46
7007497700,กท.60-4205,2022-03-18 09:45:13
7007497669,กท.79-1961,2022-03-18 09:53:37
7007497715,กท.78-7993,2022-03-18 09:58:51
7007510507,กท.79-7691,2022-03-18 10:17:01
7007510511,สค.70-4333,2022-03-18 10:22:53
7007497710,กท.78-6742,2022-03-18 10:35:35
7007497649,กท.79-5579,2022-03-18 10:39:56
7007497629,กท.79-0144,2022-03-18 10:49:13
7007497691,กท.78-6744,2022-03-18 10:56:24
7007497682,กท.79-2717,2022-03-18 11:10:18
7007497697,ฉช.82-7443,2022-03-18 11:27:47
7007510774,กท.75-7868,2022-03-18 11:42:23
7007510649,กท.79-3259,2022-03-18 11:52:36
7007510710,กท.79-5841,2022-03-18 12:05:15
7007510882,รย.82-0448,2022-03-18 12:12:55
7007511187,ฉช.82-2839,2022-03-18 12:38:34
7007511211,นม.70-6589,2022-03-18 12:41:17
7007497606,กท.79-0642,2022-03-18 12:48:12
7007511530,ชม.70-5299,2022-03-18 12:59:29
7007497675,กท.79-5584,2022-03-18 13:06:26
7007497621,กท.77-8134,2022-03-18 13:20:58
7007511562,จบ.80-8222,2022-03-18 13:25:04
7007497719,กท.79-5843,2022-03-18 13:43:27
7007497616,กท.79-0643,2022-03-18 14:07:37
7007511571,ชม.70-5302,2022-03-18 14:08:21
7007511708,กท.78-7993,2022-03-18 14:14:24
7007511956,ฉช.81-3257,2022-03-18 14:24:07
7007511023,ฉช.82-7443,2022-03-18 14:37:55
7007511961,ชม.70-5124,2022-03-18 14:41:58
7007497659,กท.79-0641,2022-03-18 15:15:36
7007497672,กท.79-1961,2022-03-18 15:18:49
7007511548,กท.78-6739,2022-03-18 15:24:10
7007512123,ชม.70-5125,2022-03-18 15:27:03
7007512128,ลพ.70-0786,2022-03-18 15:31:43
7007512199,ชบ.85-3878,2022-03-18 16:17:23
7007512173,รย.82-0448,2022-03-18 16:35:55
7007497632,กท.79-1830,2022-03-18 16:36:47
7007512175,ชบ.82-4190,2022-03-18 16:38:50
7007512240,ชม.70-4219,2022-03-18 16:45:20
7007512220,กท.79-3258,2022-03-18 16:52:46
7007511557,กท.79-0144,2022-03-18 17:08:11
7007497570,กท.78-6742,2022-03-18 17:13:33
7007512346,ชบ.84-7139,2022-03-18 17:30:34
7007497723,กท.79-2717,2022-03-18 17:41:47
7007512429,กท.79-5842,2022-03-18 17:56:02
7007512453,สค.70-6125,2022-03-18 18:01:44
7007512494,ชม.70-4355,2022-03-18 18:21:56
7007511553,กท.78-1149,2022-03-18 18:23:08
7007512557,กท.79-8994,2022-03-18 18:38:07
7007512371,ชม.70-5261,2022-03-18 18:43:09
7007512506,ชม.70-5122,2022-03-18 18:57:52
7007511019,กท.78-6744,2022-03-18 19:22:01
7007511672,ฉช.81-4230,2022-03-18 19:33:28
7007511836,กท.77-8134,2022-03-18 19:45:03
7007513031,กท.79-3258,2022-03-18 19:59:35
7007511814,กท.78-6742,2022-03-18 19:59:51
7007513109,กท.79-3257,2022-03-18 20:09:47
7007513083,รย.71-2637,2022-03-18 20:19:26
7007513394,สค.70-6125,2022-03-19 01:31:32
7007513395,ชม.70-5300,2022-03-19 01:40:31
7007513396,สค.70-6119,2022-03-19 01:57:21
7007513397,สค.70-2507,2022-03-19 01:59:27
7007513400,สค.70-3665,2022-03-19 02:16:55
7007513399,ลพ.70-0785,2022-03-19 02:19:52
7007513412,สค.70-4397,2022-03-19 02:42:43
7007513417,ชม.70-4355,2022-03-19 02:56:16
7007513424,ชม.70-5301,2022-03-19 03:10:45
7007513427,สค.70-4074,2022-03-19 03:21:09
7007513432,ชม.70-5261,2022-03-19 03:48:51
7007513435,รย.71-2638,2022-03-19 04:07:04
7007513453,ชม.70-5420,2022-03-19 05:35:06
7007513459,กท.79-8993,2022-03-19 05:59:13
7007513460,กท.79-7691,2022-03-19 06:00:55
7007513503,สค.70-6123,2022-03-19 07:43:47
7007513501,สค.70-4335,2022-03-19 07:46:32
7007511822,กท.76-4825,2022-03-19 07:56:31
7007512366,กท.79-5843,2022-03-19 08:13:15
7007513494,ชม.70-5302,2022-03-19 08:15:58
7007511818,กท.79-0144,2022-03-19 08:36:00
7007511825,กท.77-8133,2022-03-19 08:40:59
7007511824,กท.79-0642,2022-03-19 08:49:23
7007513551,สค.70-5407,2022-03-19 08:56:14
7007511830,กท.79-1961,2022-03-19 09:10:38
7007511823,กท.78-7993,2022-03-19 09:12:48
7007513549,ชม.70-5299,2022-03-19 09:33:52
7007513569,สค.70-2306,2022-03-19 09:38:27
7007511834,กท.77-9738,2022-03-19 09:39:56
7007511826,กท.74-9070,2022-03-19 09:51:45
7007511828,กท.78-6739,2022-03-19 09:55:41
7007513566,รย.81-6767,2022-03-19 10:03:13
7007513586,กท.75-0640,2022-03-19 10:24:12
7007513584,กท.79-5842,2022-03-19 10:30:43
7007513587,กท.72-3498,2022-03-19 10:37:19
7007513594,ชม.70-5123,2022-03-19 11:03:39
7007513595,กท.79-3258,2022-03-19 11:08:33
7007511820,กท.78-6744,2022-03-19 11:14:46
7007511815,กท.79-0644,2022-03-19 11:28:10
7007513597,กท.79-8997,2022-03-19 11:35:36
7007513600,กท.79-5841,2022-03-19 11:48:30
7007511831,กท.79-0144,2022-03-19 12:09:49
7007513782,ชบ.84-7139,2022-03-19 12:18:44
7007511821,ฉช.82-7443,2022-03-19 12:25:45
7007513997,สค.70-3890,2022-03-19 12:40:12
7007513967,ชม.70-5300,2022-03-19 12:47:45
7007511829,กท.79-5843,2022-03-19 12:47:54
7007513157,กท.79-0644,2022-03-19 12:58:21
7007513958,ลพ.70-0786,2022-03-19 13:08:36
7007513991,ชบ.84-7975,2022-03-19 13:31:32
7007513977,กท.79-3257,2022-03-19 13:35:06
7007513994,ชม.70-5124,2022-03-19 13:44:51
7007513012,กท.79-0642,2022-03-19 14:09:46
7007511857,กท.79-1961,2022-03-19 14:21:49
7007511812,กท.78-6744,2022-03-19 14:39:21
7007514028,กท.61-8797,2022-03-19 14:43:17
7007514042,กท.79-7691,2022-03-19 14:51:10
7007514046,ชบ.82-4190,2022-03-19 15:07:45
7007514051,ชม.70-5421,2022-03-19 15:23:29
7007514061,จบ.80-3645,2022-03-19 15:29:30
7007514092,ชม.70-5301,2022-03-19 15:38:10
7007511927,กท.77-9738,2022-03-19 15:56:56
7007514076,กท.79-3259,2022-03-19 15:57:56
7007514111,กท.75-6899,2022-03-19 16:16:21
7007514140,ลพ.70-0785,2022-03-19 16:30:57
7007511856,กท.78-6742,2022-03-19 16:33:37
7007511859,กท.74-9070,2022-03-19 16:52:17
7007514222,กท.79-6703,2022-03-19 17:52:27
7007512489,ฉช.82-8528,2022-03-20 01:28:02
7007514401,ชม.70-4355,2022-03-20 01:31:34
7007514398,สค.70-6119,2022-03-20 01:40:23
7007514403,ชม.70-4219,2022-03-20 01:51:47
7007514402,สค.70-4073,2022-03-20 02:05:58
7007514418,ฉช.82-8346,2022-03-20 02:13:42
7007514419,สค.70-4397,2022-03-20 02:30:09
7007514417,ชม.70-5302,2022-03-20 02:36:36
7007514428,สค.70-5407,2022-03-20 02:40:38
7007514420,ชม.70-5261,2022-03-20 02:49:41
7007512051,ฉช.82-2839,2022-03-20 03:55:15
7007512049,ฉช.82-7170,2022-03-20 04:17:00
7007514454,ชม.70-5300,2022-03-20 04:53:38
7007511865,กท.79-0841,2022-03-20 05:49:59
7007511842,กท.78-1149,2022-03-20 07:27:31
7007511931,กท.60-4208,2022-03-20 07:44:11
7007511863,กท.75-1033,2022-03-20 07:50:37
7007511884,กท.79-5843,2022-03-20 08:01:40
7007514525,สค.70-6123,2022-03-20 08:09:30
7007513026,กท.74-9067,2022-03-20 08:17:04
7007511944,กท.60-4207,2022-03-20 08:56:43
7007513119,กท.79-1830,2022-03-20 08:59:27
7007511885,กท.79-5578,2022-03-20 09:05:48
7007511951,กท.79-0144,2022-03-20 09:09:34
7007511970,กท.79-0643,2022-03-20 09:24:34
7007511845,กท.79-0642,2022-03-20 09:36:24
7007511876,กท.60-4205,2022-03-20 09:51:06
7007513053,กท.76-4825,2022-03-20 10:00:24
7007514554,ชม.70-5299,2022-03-20 10:01:39
7007511878,กท.78-7993,2022-03-20 10:09:02
7007511976,กท.78-6739,2022-03-20 10:18:14
7007511860,กท.79-0841,2022-03-20 10:31:22
7007511934,กท.79-5584,2022-03-20 10:39:13
7007514802,สค.70-2918,2022-03-20 10:43:06
7007511964,กท.79-0641,2022-03-20 11:01:39
7007511933,กท.79-2716,2022-03-20 11:05:07
7007511953,กท.77-8134,2022-03-20 11:08:46
7007511892,กท.79-0644,2022-03-20 11:23:58
7007511973,กท.79-2717,2022-03-20 11:42:29
7007516092,ฉช.82-8346,2022-03-20 11:45:59
7007515014,ชม.70-5123,2022-03-20 11:52:37
7007511925,ฉช.82-7443,2022-03-20 12:07:29
7007514946,นม.70-6730,2022-03-20 12:09:18
7007516282,นม.70-6721,2022-03-20 12:32:03
7007515112,กท.79-5842,2022-03-20 12:41:57
7007515176,กท.79-5841,2022-03-20 12:42:46
7007516453,สบ.71-0408,2022-03-20 12:58:14
7007515744,รย.71-2637,2022-03-20 13:13:04
7007515051,กท.77-7979,2022-03-20 13:13:28
7007517364,กท.62-1291,2022-03-20 13:21:00
7007516028,ชบ.85-3878,2022-03-20 13:25:59
7007516365,ลพ.70-0785,2022-03-20 13:40:03
7007516222,ชบ.84-7139,2022-03-20 13:41:41
7007516533,กท.77-6494,2022-03-20 13:55:50
7007518342,นม.70-7498,2022-03-20 13:56:21
7007515850,ชบ.84-7156,2022-03-20 14:13:16
7007516536,จบ.80-8222,2022-03-20 14:15:43
7007511850,กท.78-7993,2022-03-20 14:21:46
7007518539,กท.61-6634,2022-03-20 14:37:01
7007511864,กท.74-9067,2022-03-20 14:37:12
7007518988,กท.78-4646,2022-03-20 14:46:01
7007515136,กท.79-0643,2022-03-20 14:54:05
7007511958,กท.79-0644,2022-03-20 15:05:41
7007518150,กท.61-4380,2022-03-20 15:10:56
7007518131,รย.71-2638,2022-03-20 15:19:58
7007511941,กท.79-5578,2022-03-20 15:28:24
7007518913,สค.70-4074,2022-03-20 15:38:48
7007515784,กท.60-4208,2022-03-20 15:40:37
7007511854,กท.78-6739,2022-03-20 15:46:48
7007518334,ฉช.81-3257,2022-03-20 15:55:08
7007518950,ชม.70-5301,2022-03-20 16:20:17
7007518939,ชบ.83-3599,2022-03-20 16:26:59
7007511886,กท.77-8134,2022-03-20 16:37:46
7007515751,กท.79-0642,2022-03-20 16:49:28
7007520472,ชบ.71-8902,2022-03-20 16:50:19
7007520781,ชบ.71-4793,2022-03-20 16:57:17
7007518548,กท.79-0641,2022-03-20 17:14:45
7007519046,ชม.70-5300,2022-03-20 17:16:26
7007519160,กท.61-4720,2022-03-20 17:26:29
7007511947,กท.79-1830,2022-03-20 17:27:08
7007519802,กท.79-2159,2022-03-20 17:35:42
7007520679,ชบ.71-4792,2022-03-20 17:48:38
7007519185,ชม.70-5261,2022-03-20 17:58:32
7007517939,ฉช.81-4230,2022-03-20 18:07:30
7007511975,ฉช.82-7443,2022-03-20 18:14:12
7007511929,กท.79-0144,2022-03-20 18:15:24
7007519187,ชบ.82-4190,2022-03-20 18:20:01
7007515761,กท.77-9738,2022-03-20 18:40:21
7007511883,กท.78-6742,2022-03-20 18:56:04
7007519299,กท.79-3259,2022-03-20 19:01:53
7007520430,กท.75-9797,2022-03-20 19:06:05
7007511942,กท.78-1149,2022-03-20 19:27:30
7007511949,กท.79-0643,2022-03-20 19:34:38
7007519386,กท.79-1961,2022-03-20 19:39:49
7007511963,กท.79-5843,2022-03-20 20:04:11
7007521718,ชม.70-5421,2022-03-20 20:15:12
7007522669,ชบ.85-0496,2022-03-20 20:41:11
7007523538,ชม.70-4355,2022-03-20 20:41:38
7007511935,กท.79-5584,2022-03-20 20:45:12
7007523570,รย.81-6767,2022-03-20 20:55:23
7007519026,กท.77-8133,2022-03-20 21:10:58
7007523454,กท.77-6494,2022-03-20 21:14:21
7007515772,กท.79-0644,2022-03-20 21:26:48
7007511962,กท.78-6739,2022-03-20 21:51:50
7007523761,ตร.80-2192,2022-03-20 22:03:30
7007511974,กท.74-9070,2022-03-20 22:10:54
7007511867,กท.77-9738,2022-03-20 22:13:54
7007518034,กท.78-6742,2022-03-20 22:37:44
7007511858,ฉช.82-7443,2022-03-20 22:44:13
7007511861,กท.79-1961,2022-03-20 22:46:45
7007518070,กท.78-7993,2022-03-20 22:56:52
7007517997,กท.79-1830,2022-03-20 23:08:07
7007521035,กท.79-5843,2022-03-20 23:27:09
7007518075,กท.79-0841,2022-03-20 23:44:34
7007517962,กท.74-9067,2022-03-20 23:58:02
7007517778,กท.79-0643,2022-03-21 00:04:13
7007525449,สค.70-6119,2022-03-21 01:36:52
7007525448,สค.70-4073,2022-03-21 01:43:00
7007525450,ชม.70-4219,2022-03-21 01:51:02
7007525493,สค.70-6125,2022-03-21 02:21:20
7007525494,ชม.70-5301,2022-03-21 02:36:12
7007525510,สค.70-5407,2022-03-21 03:15:36
7007525534,กท.79-3257,2022-03-21 03:47:18
7007525537,กท.61-7782,2022-03-21 04:09:23
7007521059,ฉช.82-0002,2022-03-21 04:44:41
7007525561,สค.70-4335,2022-03-21 04:53:51
7007525564,ชม.70-5194,2022-03-21 05:01:42
7007525563,กท.79-2899,2022-03-21 05:08:38
7007517965,ฉช.82-4812,2022-03-21 05:21:55
7007525576,ลพ.70-0785,2022-03-21 05:26:36
7007518022,กท.75-1033,2022-03-21 06:06:14
7007525643,ลพ.70-0786,2022-03-21 06:06:39
7007517867,กท.79-0644,2022-03-21 06:17:15
7007518046,กท.79-5584,2022-03-21 07:32:34
7007517813,กท.78-1149,2022-03-21 07:39:49
7007517981,กท.74-9070,2022-03-21 07:41:36
7007525692,สค.70-6123,2022-03-21 08:16:18
7007525728,กท.78-4646,2022-03-21 08:19:35
7007521065,ฉช.82-3201,2022-03-21 08:20:09
7007518051,กท.77-8133,2022-03-21 08:22:48
7007517853,กท.79-5578,2022-03-21 08:40:12
7007517886,ฉช.82-7443,2022-03-21 08:54:31
7007517890,กท.79-0642,2022-03-21 08:56:31
7007525751,กท.79-3156,2022-03-21 09:03:57
7007525734,ชม.70-5299,2022-03-21 09:20:25
7007525740,สค.70-3935,2022-03-21 09:21:18
7007517908,กท.77-9738,2022-03-21 09:24:30
7007525746,กท.79-7691,2022-03-21 09:33:52
7007518038,กท.79-5579,2022-03-21 09:37:46
7007518011,กท.79-1961,2022-03-21 09:50:15
7007517749,กท.79-0144,2022-03-21 10:01:48
7007517945,กท.78-6739,2022-03-21 10:18:43
7007517759,กท.79-0641,2022-03-21 10:31:28
7007521026,กท.78-6744,2022-03-21 10:44:24
7007518005,กท.79-2717,2022-03-21 10:59:16
7007517862,กท.77-8134,2022-03-21 11:04:35
7007517791,กท.60-4205,2022-03-21 11:06:32
7007526114,กท.75-6899,2022-03-21 11:12:32
7007517955,กท.79-0644,2022-03-21 11:33:23
7007527539,นม.70-5434,2022-03-21 11:37:28
7007526018,รย.82-0448,2022-03-21 11:50:22
7007526144,กท.79-5842,2022-03-21 11:58:44
7007527360,ชร.70-6493,2022-03-21 12:01:56
7007526151,กท.79-3258,2022-03-21 12:05:21
7007527332,ชม.70-6753,2022-03-21 12:22:11
7007517989,กท.79-0642,2022-03-21 12:29:44
7007526946,ชบ.85-3878,2022-03-21 12:32:17
7007526595,กท.75-2786,2022-03-21 12:39:17
7007527377,จบ.80-8222,2022-03-21 12:47:11
7007517804,กท.75-1033,2022-03-21 12:52:48
7007517968,กท.79-0641,2022-03-21 13:00:38
7007529907,นม.70-8646,2022-03-21 13:16:50
7007517878,กท.77-8134,2022-03-21 13:17:55
7007528373,นม.70-6589,2022-03-21 13:26:28
7007528726,ชม.70-5302,2022-03-21 13:39:15
7007529145,ชม.70-5122,2022-03-21 13:51:24
7007529848,นม.70-6736,2022-03-21 13:52:45
7007529215,กท.75-6899,2022-03-21 14:01:55
7007517985,กท.77-9738,2022-03-21 14:22:22
7007517899,กท.74-9070,2022-03-21 14:23:57
7007529299,กท.79-6697,2022-03-21 14:42:55
7007522560,กท.78-6742,2022-03-21 14:59:28
7007530277,กท.79-3259,2022-03-21 15:00:31
7007530283,กท.77-6494,2022-03-21 15:12:35
7007530394,ชม.70-5261,2022-03-21 15:22:21
7007531141,นม.70-6892,2022-03-21 15:27:38
7007517993,กท.79-5584,2022-03-21 15:47:51
7007529536,ฉช.82-4812,2022-03-21 15:54:46
7007517827,กท.78-6744,2022-03-21 16:05:22
7007531032,จบ.80-3645,2022-03-21 16:09:46
7007531181,กท.79-8994,2022-03-21 16:29:17
7007524231,กท.78-1149,2022-03-21 16:29:50
7007517766,กท.79-1830,2022-03-21 16:45:57
7007517820,กท.77-8133,2022-03-21 17:04:09
7007531511,ชบ.84-7975,2022-03-21 17:12:35
7007522064,กท.79-0643,2022-03-21 17:20:19
7007528305,กท.78-6739,2022-03-21 17:39:06
7007531649,กท.79-7691,2022-03-21 17:43:13
7007531636,ชม.70-5300,2022-03-21 17:58:53
7007531681,ชม.70-4219,2022-03-21 18:07:10
7007517841,กท.79-2717,2022-03-21 18:12:31
7007531605,กท.79-5841,2022-03-21 18:43:27
7007531376,กท.79-0642,2022-03-21 18:49:41
7007518041,กท.79-1961,2022-03-21 18:56:54
7007517833,กท.79-5579,2022-03-21 19:03:30
7007532371,ชม.70-5301,2022-03-21 19:20:51
7007532749,ชบ.85-3878,2022-03-21 19:26:31
7007532685,นม.70-6730,2022-03-21 19:45:27
7007518084,กท.79-5843,2022-03-21 19:51:10
7007523002,กท.78-7993,2022-03-21 20:09:13
7007528313,ฉช.82-7443,2022-03-21 20:17:43
7007531565,กท.60-4208,2022-03-21 20:34:24
7007533025,ฉช.81-3257,2022-03-21 20:39:35
7007533252,ชม.70-4355,2022-03-21 21:01:33
7007531670,ฉช.81-4230,2022-03-21 21:09:05
7007528322,กท.79-0144,2022-03-21 21:15:43
7007517951,กท.79-0841,2022-03-21 21:21:49
7007534088,นม.70-6589,2022-03-21 21:49:49
7007518056,กท.78-6742,2022-03-21 21:56:01
7007534306,ชม.70-5299,2022-03-21 22:01:44
7007533946,กท.78-4444,2022-03-21 22:04:30
7007531579,กท.79-5584,2022-03-21 22:35:50
7007534715,กท.78-5932,2022-03-21 22:40:35
7007534684,ชม.70-5421,2022-03-21 22:42:09
7007518062,กท.79-5578,2022-03-21 23:13:21
7007531571,กท.79-5843,2022-03-21 23:18:06
7007531567,กท.79-5579,2022-03-21 23:22:21
7007518026,กท.79-0643,2022-03-21 23:35:07
7007531524,กท.79-1830,2022-03-21 23:57:50
7007531509,กท.78-1149,2022-03-21 23:58:55
7007535399,สค.70-6119,2022-03-22 01:20:22
7007535398,ชม.70-5300,2022-03-22 01:36:36
7007535401,ลพ.70-0785,2022-03-22 01:52:14
7007535403,สค.70-2507,2022-03-22 02:07:15
7007535402,ลพ.70-0786,2022-03-22 02:18:04
7007535404,ชม.70-5261,2022-03-22 02:31:38
7007535428,รย.71-2638,2022-03-22 02:41:49
7007535431,สค.70-3665,2022-03-22 02:48:53
7007535454,ชม.70-5302,2022-03-22 03:25:01
7007531677,ฉช.82-2839,2022-03-22 03:40:51
7007531673,ฉช.82-8528,2022-03-22 04:22:57
7007531672,ฉช.82-7170,2022-03-22 04:29:56
7007535476,สค.70-4074,2022-03-22 04:30:37
7007535486,ชบ.82-4190,2022-03-22 05:00:05
7007535481,กท.61-7782,2022-03-22 05:07:00
7007535488,กท.79-7440,2022-03-22 05:28:53
7007531534,กท.78-6742,2022-03-22 05:38:18
7007535492,สค.70-5407,2022-03-22 05:50:23
7007535531,กท.61-8383,2022-03-22 07:24:48
7007531539,กท.79-0144,2022-03-22 07:32:10
7007535529,สค.70-6125,2022-03-22 07:56:48
7007531526,กท.78-6742,2022-03-22 08:06:45
7007531959,กท.79-5578,2022-03-22 08:22:50
7007535554,สค.70-4335,2022-03-22 08:32:23
7007531514,กท.74-9070,2022-03-22 08:35:26
7007531541,กท.79-0642,2022-03-22 08:43:34
7007531554,ฉช.82-7443,2022-03-22 08:48:25
7007531542,กท.79-2717,2022-03-22 09:05:34
7007531515,กท.74-9067,2022-03-22 09:13:15
7007535574,ชม.70-6510,2022-03-22 09:23:07
7007531512,กท.79-0841,2022-03-22 09:32:23
7007534752,กท.79-2716,2022-03-22 09:52:31
7007531506,กท.78-7993,2022-03-22 10:03:41
7007531530,กท.77-8133,2022-03-22 10:09:58
7007531562,กท.76-4825,2022-03-22 10:25:49
7007531508,กท.79-0643,2022-03-22 10:29:00
7007531503,กท.79-0641,2022-03-22 10:51:14
7007531558,กท.77-9738,2022-03-22 10:56:11
7007531505,กท.77-8134,2022-03-22 11:05:35
7007531548,กท.79-1961,2022-03-22 11:15:51
7007531536,กท.79-0644,2022-03-22 11:16:16
7007536246,สค.70-6124,2022-03-22 11:25:16
7007535844,กท.79-3259,2022-03-22 11:34:03
7007535839,กท.79-5842,2022-03-22 11:51:16
7007531519,กท.78-6744,2022-03-22 11:55:20
7007535819,กท.79-3257,2022-03-22 12:26:27
7007536141,กท.79-8995,2022-03-22 12:33:27
7007535941,กท.79-5841,2022-03-22 12:33:33
7007531674,ฉช.82-2839,2022-03-22 12:53:53
7007531537,กท.74-9070,2022-03-22 12:54:37
7007536367,ชบ.84-7139,2022-03-22 12:57:49
7007538521,ชม.70-5991,2022-03-22 13:22:54
7007538511,ชม.70-6755,2022-03-22 13:28:31
7007536605,กท.75-6899,2022-03-22 13:32:39
7007536479,ชบ.84-7237,2022-03-22 13:43:47
7007536700,กท.75-9797,2022-03-22 13:45:54
7007537062,กท.79-6697,2022-03-22 13:59:14
7007533183,กท.79-5578,2022-03-22 14:03:59
7007531556,กท.60-4207,2022-03-22 14:11:07
7007531533,กท.79-2717,2022-03-22 14:18:18
7007531553,กท.79-0841,2022-03-22 14:25:57
7007531518,กท.79-0642,2022-03-22 14:29:18
7007531583,กท.79-2716,2022-03-22 14:40:16
7007538526,ฉช.82-8528,2022-03-22 14:53:13
7007538704,ชม.70-5421,2022-03-22 15:18:16
7007537019,กท.78-7993,2022-03-22 15:33:47
7007534281,กท.78-1149,2022-03-22 15:34:31
7007537043,กท.79-0641,2022-03-22 15:48:41
7007538713,ชม.70-5124,2022-03-22 15:56:37
7007531574,กท.79-0644,2022-03-22 16:07:40
7007531510,กท.78-6744,2022-03-22 16:15:36
7007539038,จบ.80-8222,2022-03-22 16:30:40
7007539721,กท.78-4646,2022-03-22 16:39:00
7007531504,ฉช.82-7443,2022-03-22 16:47:33
7007539028,ชม.70-4219,2022-03-22 16:54:41
7007531522,กท.79-0841,2022-03-22 17:03:33
7007539079,ชม.70-4355,2022-03-22 17:09:09
7007538978,กท.74-9067,2022-03-22 17:37:06
7007539185,กท.61-8383,2022-03-22 17:41:48
7007539347,ชม.70-5299,2022-03-22 18:02:26
7007534750,กท.79-5579,2022-03-22 18:11:36
7007537048,กท.79-5584,2022-03-22 18:18:36
7007537035,กท.79-0643,2022-03-22 18:32:04
7007539443,ชม.70-5300,2022-03-22 18:32:12
7007539534,รย.81-1375,2022-03-22 18:46:48
7007539640,รย.81-6767,2022-03-22 18:53:30
7007539666,กท.79-3258,2022-03-22 19:18:20
7007539904,กท.72-3498,2022-03-22 19:33:41
7007531580,กท.79-5843,2022-03-22 19:45:39
7007538833,ฉช.81-4230,2022-03-22 19:46:52
7007540035,สค.70-6123,2022-03-22 20:10:04
7007538334,กท.79-1830,2022-03-22 20:20:01
7007540421,นม.70-6589,2022-03-22 20:22:24
7007531528,กท.77-8134,2022-03-22 20:30:25
7007537041,กท.77-8133,2022-03-22 20:48:29
7007541285,ชม.70-5122,2022-03-22 21:07:47
7007537039,กท.79-0144,2022-03-22 21:09:18
7007541592,กท.61-4380,2022-03-22 21:15:31
7007539409,กท.79-5579,2022-03-22 21:38:20
7007539381,กท.79-0644,2022-03-22 21:44:05
7007538314,กท.79-1961,2022-03-22 22:02:44
7007539406,กท.79-0641,2022-03-22 22:12:29
7007539418,กท.79-5584,2022-03-22 22:29:24
7007539597,กท.79-0642,2022-03-22 22:49:35
7007542992,สค.70-4073,2022-03-23 01:38:18
7007542995,ลพ.70-0785,2022-03-23 01:51:09
7007542996,ชม.70-5301,2022-03-23 01:51:42
7007542993,สค.70-6119,2022-03-23 01:59:15
7007542994,ลพ.70-0786,2022-03-23 02:09:08
7007543033,สค.70-3937,2022-03-23 02:27:58
7007539656,ฉช.82-8346,2022-03-23 02:52:35
7007539498,กท.79-0644,2022-03-23 03:23:25
7007543048,กท.79-3257,2022-03-23 03:42:10
7007543058,ชม.70-5261,2022-03-23 03:57:18
7007539653,ฉช.82-7170,2022-03-23 04:02:19
7007539654,ฉช.82-2839,2022-03-23 04:10:16
7007539486,กท.78-1149,2022-03-23 07:32:37
7007539417,กท.79-1830,2022-03-23 07:40:42
7007543140,กท.79-5842,2022-03-23 07:56:46
7007543167,สค.70-4335,2022-03-23 08:06:54
7007543149,ฉช.82-3201,2022-03-23 08:19:23
7007539604,กท.79-5843,2022-03-23 08:20:47
7007543168,สค.70-6123,2022-03-23 08:25:40
7007539502,กท.78-7993,2022-03-23 08:34:24
7007539410,กท.79-0643,2022-03-23 08:47:48
7007539484,กท.79-5578,2022-03-23 09:12:47
7007539423,กท.79-1961,2022-03-23 09:13:59
7007543177,กท.79-8994,2022-03-23 09:27:05
7007539485,กท.77-8133,2022-03-23 09:33:31
7007539487,กท.77-8134,2022-03-23 09:53:26
7007539601,กท.79-2716,2022-03-23 10:01:40
7007539610,กท.79-0144,2022-03-23 10:20:30
7007539615,กท.74-9067,2022-03-23 10:25:56
7007543203,จบ.81-2529,2022-03-23 10:38:17
7007539428,กท.74-9070,2022-03-23 10:47:37
7007539482,กท.60-4205,2022-03-23 10:53:30
7007539650,กท.79-0841,2022-03-23 11:00:21
7007539477,กท.78-6742,2022-03-23 11:13:25
7007539425,กท.60-4207,2022-03-23 11:19:44
7007539494,กท.78-6744,2022-03-23 11:27:20
7007539427,กท.78-6739,2022-03-23 11:31:00
7007539609,กท.79-2717,2022-03-23 11:49:44
7007543315,ชม.70-5299,2022-03-23 11:52:15
7007544252,ชบ.82-4190,2022-03-23 12:15:22
7007543834,ชม.70-5302,2022-03-23 12:34:26
7007539607,กท.79-5578,2022-03-23 12:41:19
7007543557,กท.79-6706,2022-03-23 12:41:48
7007545880,จบ.80-8222,2022-03-23 12:56:59
7007545797,ชบ.85-3878,2022-03-23 13:03:00
7007544058,กท.79-1961,2022-03-23 13:15:06
7007545943,กท.75-2786,2022-03-23 13:33:26
7007545803,กท.79-2159,2022-03-23 13:35:27
7007539478,กท.75-1033,2022-03-23 13:39:59
7007539603,กท.79-2717,2022-03-23 13:51:07
7007545426,ชม.70-4355,2022-03-23 14:01:29
7007539466,กท.79-1830,2022-03-23 14:17:18
7007546071,ชม.70-5421,2022-03-23 14:18:35
7007545704,ชม.70-5995,2022-03-23 14:35:12
7007539424,กท.79-0144,2022-03-23 14:43:08
7007539599,กท.77-8133,2022-03-23 14:58:40
7007545660,ชม.70-5993,2022-03-23 15:03:22
7007539455,กท.79-5584,2022-03-23 15:04:30
7007541924,กท.78-7993,2022-03-23 15:15:39
7007546456,กท.75-6899,2022-03-23 15:27:54
7007545671,ฉช.82-8346,2022-03-23 15:31:47
7007546493,ชบ.84-7975,2022-03-23 15:50:02
7007546454,กท.61-8797,2022-03-23 16:00:25
7007539416,กท.78-1149,2022-03-23 16:11:35
7007539506,กท.74-9070,2022-03-23 16:28:02
7007546519,กท.79-5841,2022-03-23 16:31:59
7007539501,กท.79-0643,2022-03-23 16:37:13
7007539489,กท.79-5579,2022-03-23 16:44:19
7007546661,สค.70-4074,2022-03-23 17:08:21
7007539480,กท.78-6739,2022-03-23 17:30:51
7007541921,กท.79-0841,2022-03-23 17:45:08
7007539436,กท.78-6742,2022-03-23 17:53:09
7007539419,กท.77-8134,2022-03-23 17:57:40
7007546901,ลพ.70-0786,2022-03-23 18:05:55
7007546386,กท.79-5843,2022-03-23 18:13:31
7007546945,ตร.80-2192,2022-03-23 18:18:28
7007545574,กท.60-4207,2022-03-23 18:46:20
7007546958,กท.79-6154,2022-03-23 18:48:09
7007539490,กท.79-0641,2022-03-23 19:02:38
7007547074,กท.79-3259,2022-03-23 19:12:39
7007539602,กท.79-2716,2022-03-23 19:25:26
7007547127,สค.70-6125,2022-03-23 19:39:53
7007547136,กท.78-4444,2022-03-23 19:52:21
7007547122,ชบ.85-5327,2022-03-23 19:57:46
7007547179,ลพ.70-0674,2022-03-23 19:58:42
7007545489,ฉช.81-4230,2022-03-23 20:23:26
7007540428,กท.79-0643,2022-03-23 20:33:27
7007544494,กท.79-0642,2022-03-23 20:36:12
7007547650,ลพ.70-0785,2022-03-23 20:47:57
7007539429,กท.74-9067,2022-03-23 21:00:13
7007539464,กท.78-1149,2022-03-23 21:20:42
7007547321,กท.79-5584,2022-03-23 21:25:27
7007539430,กท.78-7993,2022-03-23 21:30:19
7007539431,กท.78-6742,2022-03-23 21:53:24
7007539600,กท.79-0644,2022-03-23 22:01:52
7007547106,กท.79-5843,2022-03-23 22:08:11
7007539434,กท.79-1830,2022-03-23 22:13:57
7007547999,กท.79-3257,2022-03-23 22:38:27
7007545676,กท.79-2717,2022-03-23 22:47:13
7007545661,กท.79-1961,2022-03-23 22:51:03
7007545566,กท.78-1149,2022-03-23 22:58:09
7007545688,กท.78-6739,2022-03-23 23:23:17
7007548319,สค.70-4073,2022-03-24 01:41:45
7007548322,ชม.70-5301,2022-03-24 01:47:40
7007548348,ชม.70-5300,2022-03-24 02:04:23
7007548347,ชม.70-4355,2022-03-24 02:13:44
7007548320,สค.70-6119,2022-03-24 02:17:50
7007548378,ชม.70-5302,2022-03-24 03:30:30
7007548380,สค.70-5407,2022-03-24 03:50:49
7007548377,ฉช.82-8528,2022-03-24 03:55:13
7007545665,ฉช.82-4812,2022-03-24 04:04:19
7007548398,ชม.70-5261,2022-03-24 04:32:58
7007545648,ฉช.82-7170,2022-03-24 04:38:17
7007545712,ฉช.82-2839,2022-03-24 05:26:33
7007545634,กท.77-8133,2022-03-24 05:53:02
7007545719,กท.76-4825,2022-03-24 06:30:34
7007545640,กท.75-1033,2022-03-24 07:23:00
7007545480,ฉช.82-3201,2022-03-24 07:50:56
7007548459,สค.70-6124,2022-03-24 08:06:00
7007545537,กท.79-5584,2022-03-24 08:09:02
7007548452,นม.70-6589,2022-03-24 08:11:01
7007548456,สค.70-6125,2022-03-24 08:22:59
7007545607,กท.79-5578,2022-03-24 08:41:06
7007546982,กท.79-2716,2022-03-24 08:48:48
7007545708,กท.79-1830,2022-03-24 09:03:30
7007545468,กท.79-5579,2022-03-24 09:06:56
7007545650,กท.79-0144,2022-03-24 09:24:26
7007545457,กท.79-0643,2022-03-24 09:26:36
7007545548,กท.79-0644,2022-03-24 09:45:12
7007545531,กท.78-7993,2022-03-24 09:52:50
7007548493,สค.70-3935,2022-03-24 09:53:23
7007545449,กท.79-0642,2022-03-24 10:02:37
7007548509,นม.70-6730,2022-03-24 10:06:57
7007545518,กท.79-0841,2022-03-24 10:16:31
7007545622,ฉช.82-7443,2022-03-24 10:21:03
7007545599,กท.60-4205,2022-03-24 10:35:47
7007545729,กท.78-6742,2022-03-24 10:43:18
7007548533,กท.75-9389,2022-03-24 10:59:38
7007545693,กท.74-9070,2022-03-24 11:09:55
7007545595,กท.79-0641,2022-03-24 11:16:37
7007545576,กท.60-4208,2022-03-24 11:33:42
7007549013,ชบ.71-8902,2022-03-24 11:37:34
7007545654,กท.77-8133,2022-03-24 11:47:05
7007548680,ชม.70-5299,2022-03-24 11:56:31
7007548883,กท.79-6154,2022-03-24 11:59:53
7007549172,กท.74-8931,2022-03-24 12:10:05
7007545768,กท.78-6744,2022-03-24 12:10:51
7007549261,กท.76-4900,2022-03-24 12:18:07
7007548906,กท.79-6705,2022-03-24 12:30:11
7007545649,ฉช.82-8528,2022-03-24 12:31:34
7007545445,กท.79-5579,2022-03-24 12:53:08
7007549684,ชบ.85-3878,2022-03-24 12:54:30
7007549208,กท.74-8933,2022-03-24 12:55:17
7007549765,กท.79-9002,2022-03-24 13:06:31
7007549282,กท.60-1462,2022-03-24 13:07:35
7007549892,จบ.80-8222,2022-03-24 13:26:50
7007545646,กท.79-0644,2022-03-24 13:31:05
7007549601,กท.78-4646,2022-03-24 13:40:22
7007549306,กท.60-1463,2022-03-24 13:43:34
7007545525,กท.79-0642,2022-03-24 13:57:08
7007550891,ชบ.84-7156,2022-03-24 14:05:58
7007545636,กท.79-0641,2022-03-24 14:17:26
7007551244,กท.74-8933,2022-03-24 14:19:30
7007550634,ลพ.70-0785,2022-03-24 14:22:30
7007551254,กท.76-4900,2022-03-24 14:35:49
7007550509,ชม.70-4219,2022-03-24 14:36:42
7007551259,กท.60-1462,2022-03-24 14:48:09
7007551095,ฉช.81-3257,2022-03-24 14:49:47
7007551149,กท.79-6148,2022-03-24 15:08:08
7007551170,กท.79-3259,2022-03-24 15:13:00
7007551208,กท.74-8931,2022-03-24 15:14:49
7007551015,รย.81-6767,2022-03-24 15:22:28
7007545543,กท.78-1149,2022-03-24 15:29:14
7007551267,กท.60-1463,2022-03-24 15:39:49
7007551076,ฉช.82-4812,2022-03-24 15:46:49
7007549886,กท.79-2716,2022-03-24 15:59:17
7007551271,กท.61-6471,2022-03-24 16:08:48
7007545561,กท.78-7993,2022-03-24 16:16:23
7007545745,กท.79-0643,2022-03-24 16:16:31
7007551268,กท.61-6634,2022-03-24 16:36:58
7007551363,ชบ.82-4190,2022-03-24 16:40:03
7007551428,กท.75-9389,2022-03-24 16:46:01
7007551379,ลพ.70-0674,2022-03-24 16:51:15
7007551445,รย.81-6316,2022-03-24 16:56:25
7007551283,นม.70-6920,2022-03-24 17:03:26
7007545699,กท.79-5578,2022-03-24 17:25:08
7007545631,กท.78-6744,2022-03-24 17:31:39
7007545556,กท.78-6739,2022-03-24 17:38:17
7007551464,ชบ.84-7139,2022-03-24 17:46:56
7007551517,จบ.80-8540,2022-03-24 17:56:28
7007545681,กท.79-2716,2022-03-24 18:13:09
7007545552,กท.79-1830,2022-03-24 18:17:45
7007545506,กท.79-0144,2022-03-24 18:32:39
7007545652,กท.78-6742,2022-03-24 18:34:54
7007551723,กท.79-6154,2022-03-24 18:47:49
7007551854,ลพ.70-0786,2022-03-24 19:01:09
7007545497,กท.79-2717,2022-03-24 19:04:50
7007549895,กท.79-5843,2022-03-24 19:28:36
7007552038,ฉช.81-4230,2022-03-24 20:00:57
7007545740,ฉช.82-7443,2022-03-24 20:01:47
7007552141,กท.74-9070,2022-03-24 20:04:52
7007552139,กท.79-5584,2022-03-24 20:13:06
7007552603,ชม.70-5122,2022-03-24 20:24:27
7007552586,กท.77-7979,2022-03-24 20:36:44
7007552799,ชบ.85-3878,2022-03-24 20:53:42
7007551947,กท.79-0841,2022-03-24 20:54:17
7007551888,กท.78-6742,2022-03-24 21:11:39
7007553238,ชม.70-5421,2022-03-24 21:20:59
7007553241,นม.70-6730,2022-03-24 21:32:50
7007551758,กท.79-2716,2022-03-24 21:35:49
7007551740,กท.79-0643,2022-03-24 22:00:05
7007554652,สค.70-5407,2022-03-25 01:33:31
7007554651,ชม.70-5302,2022-03-25 01:33:54
7007554653,ชม.70-5301,2022-03-25 01:45:17
7007551966,กท.79-0644,2022-03-25 01:52:51
7007554650,สค.70-6119,2022-03-25 02:00:03
7007554674,สค.70-6123,2022-03-25 02:52:31
7007554669,กท.79-6154,2022-03-25 02:57:10
7007554681,กท.79-3257,2022-03-25 02:58:46
7007552017,ฉช.82-3201,2022-03-25 03:18:13
7007554692,ชม.70-5261,2022-03-25 03:30:55
7007554689,รย.71-2637,2022-03-25 03:43:08
7007554697,ชม.70-4355,2022-03-25 03:49:11
7007554703,สค.70-4074,2022-03-25 04:05:22
7007554711,กท.79-3259,2022-03-25 04:32:58
7007554722,กท.79-8994,2022-03-25 04:57:16
7007551941,ฉช.82-7443,2022-03-25 06:23:32
7007551901,กท.79-5843,2022-03-25 07:32:37
7007551750,กท.78-7993,2022-03-25 07:50:16
7007551877,กท.60-4205,2022-03-25 07:57:06
7007551747,กท.60-4207,2022-03-25 08:07:38
7007551873,กท.79-1961,2022-03-25 08:12:33
7007551874,กท.79-5584,2022-03-25 08:26:44
7007551909,กท.79-0144,2022-03-25 08:28:14
7007554989,กท.60-9333,2022-03-25 08:33:03
7007551921,กท.77-8134,2022-03-25 08:47:56
7007554836,สค.70-4335,2022-03-25 09:00:30
7007554810,สค.70-6125,2022-03-25 09:06:40
7007551746,กท.79-0641,2022-03-25 09:14:23
7007551880,กท.79-0642,2022-03-25 09:21:21
7007551751,กท.74-9067,2022-03-25 09:45:03
7007551870,กท.77-8133,2022-03-25 09:49:36
7007551948,กท.79-5579,2022-03-25 09:55:16
7007551756,กท.78-1149,2022-03-25 10:06:24
7007551904,กท.78-6739,2022-03-25 10:28:31
7007555230,สค.70-6124,2022-03-25 10:32:23
7007551937,กท.79-2717,2022-03-25 10:38:29
7007555042,กท.79-7691,2022-03-25 10:48:19
7007551915,กท.79-1830,2022-03-25 10:52:05
7007551963,กท.75-1033,2022-03-25 11:07:32
7007555207,ชม.70-5124,2022-03-25 11:18:09
7007553298,กท.78-6744,2022-03-25 11:26:02
7007555295,กท.79-5841,2022-03-25 11:32:24
7007555339,สค.70-4073,2022-03-25 11:51:27
7007555614,ชบ.83-3599,2022-03-25 12:03:31
7007552018,ฉช.82-8528,2022-03-25 12:11:54
7007555728,ชบ.84-7139,2022-03-25 12:18:48
7007555857,ลพ.70-0674,2022-03-25 12:26:06
7007555964,กท.61-6077,2022-03-25 12:45:04
7007555878,กท.77-7979,2022-03-25 12:48:38
7007556065,ชม.70-5299,2022-03-25 13:11:24
7007556087,ชม.70-4219,2022-03-25 13:17:07
7007551761,กท.79-5579,2022-03-25 13:25:47
7007556196,ชบ.84-7975,2022-03-25 13:44:34
7007553208,กท.79-0644,2022-03-25 13:56:00
7007556735,กท.78-4646,2022-03-25 13:56:40
7007552962,กท.78-6742,2022-03-25 14:18:37
7007556339,กท.75-6899,2022-03-25 14:19:08
7007551876,กท.60-4207,2022-03-25 14:24:25
7007555697,ฉช.82-3201,2022-03-25 14:41:42
7007555446,กท.78-1149,2022-03-25 14:56:13
7007551918,กท.79-0641,2022-03-25 15:00:27
7007551872,กท.77-8134,2022-03-25 15:01:01
7007551890,กท.79-5843,2022-03-25 15:12:57
7007552964,กท.79-5584,2022-03-25 15:28:18
7007556658,ชบ.82-4190,2022-03-25 15:36:52
7007555885,กท.79-0642,2022-03-25 15:40:51
7007556729,ชบ.85-3878,2022-03-25 15:49:17
7007556761,จบ.80-8222,2022-03-25 16:09:52
7007556771,กท.79-6697,2022-03-25 16:21:52
7007551763,กท.78-7993,2022-03-25 16:25:41
7007551957,กท.78-6739,2022-03-25 16:40:44
7007552958,กท.79-0144,2022-03-25 17:10:49
7007551906,กท.79-2717,2022-03-25 17:16:38
7007556261,กท.79-1830,2022-03-25 17:30:28
7007556812,ชม.70-5420,2022-03-25 17:32:24
7007551926,กท.74-9070,2022-03-25 18:02:37
7007556971,ชบ.85-0496,2022-03-25 18:06:20
7007551898,กท.78-6744,2022-03-25 18:09:37
7007551933,กท.79-0643,2022-03-25 18:22:32
7007556279,กท.74-9067,2022-03-25 18:33:25
7007557732,ชม.70-5993,2022-03-25 18:40:29
7007557298,กท.79-6154,2022-03-25 18:53:09
7007557318,ชม.70-5301,2022-03-25 18:58:28
7007556444,ฉช.81-4230,2022-03-25 19:13:31
7007551755,กท.79-0841,2022-03-25 19:18:45
7007557423,นม.70-6730,2022-03-25 19:35:16
7007557492,ลพ.70-0785,2022-03-25 19:58:11
7007557543,นม.70-6589,2022-03-25 20:00:39
7007557496,สค.70-2507,2022-03-25 20:05:46
7007557011,กท.77-8133,2022-03-25 20:24:00
7007557664,ลพ.70-0786,2022-03-25 20:34:21
7007556400,กท.79-2716,2022-03-25 20:46:44
7007557798,กท.61-8797,2022-03-25 20:48:33
7007558085,ชม.70-5300,2022-03-26 01:44:46
7007558087,สค.70-6119,2022-03-26 01:58:30
7007558090,ชม.70-4355,2022-03-26 02:03:04
7007558084,สค.70-3936,2022-03-26 02:08:29
7007558091,สค.70-3665,2022-03-26 02:22:00
7007558092,ชม.70-5301,2022-03-26 02:25:18
7007558109,ชม.70-5302,2022-03-26 02:34:23
7007558105,ชม.70-5261,2022-03-26 02:40:53
7007558112,รย.71-2637,2022-03-26 02:58:34
7007558121,สค.70-5407,2022-03-26 03:25:56
7007556410,กท.79-5843,2022-03-26 05:11:05
7007556396,กท.79-5584,2022-03-26 07:26:01
7007556418,กท.76-4825,2022-03-26 07:34:42
7007556406,กท.79-5579,2022-03-26 07:41:59
7007558229,สค.70-6123,2022-03-26 07:46:17
7007556413,กท.77-8134,2022-03-26 08:12:39
7007558251,ลพ.70-1223,2022-03-26 08:21:56
7007558242,สค.70-3480,2022-03-26 08:25:11
7007556435,กท.78-1149,2022-03-26 08:31:13
7007556428,กท.74-9067,2022-03-26 08:42:10
7007557697,กท.78-6742,2022-03-26 08:57:43
7007556399,กท.79-1830,2022-03-26 09:01:14
7007558275,รย.81-6767,2022-03-26 09:17:19
7007558262,สค.70-4335,2022-03-26 09:18:05
7007558293,กท.75-6688,2022-03-26 09:32:18
7007558284,สค.70-3890,2022-03-26 09:38:47
7007558292,กท.75-7868,2022-03-26 09:49:45
7007556407,กท.79-2717,2022-03-26 09:51:44
7007558301,กท.79-5842,2022-03-26 10:02:34
7007558308,กท.79-3259,2022-03-26 10:08:06
7007558374,ชบ.84-7139,2022-03-26 10:33:51
7007557010,กท.79-2717,2022-03-26 10:40:46
7007558373,ชม.70-4219,2022-03-26 10:44:00
7007558386,กท.79-9002,2022-03-26 10:56:32
7007556437,กท.78-1149,2022-03-26 11:00:00
7007558404,กท.79-6154,2022-03-26 11:16:09
7007558407,กท.75-2786,2022-03-26 11:19:03
7007558445,สค.70-6124,2022-03-26 11:34:56
7007556426,กท.79-5579,2022-03-26 11:36:35
7007558447,ลพ.70-0785,2022-03-26 11:53:52
7007558467,กท.75-3041,2022-03-26 12:15:50
7007558469,ลพ.70-0674,2022-03-26 12:20:01
7007556432,กท.79-5584,2022-03-26 12:22:32
7007556482,กท.79-5843,2022-03-26 12:34:21
7007558556,กท.79-3258,2022-03-26 12:56:21
7007558566,กท.75-7868,2022-03-26 13:00:04
7007558577,จบ.80-8540,2022-03-26 13:08:47
7007556440,กท.77-8134,2022-03-26 13:21:01
7007558592,ชม.70-5300,2022-03-26 13:30:27
7007558612,สค.70-6125,2022-03-26 13:39:29
7007558627,ชม.70-5261,2022-03-26 14:09:25
7007558630,ชบ.82-4190,2022-03-26 14:16:26
7007557444,กท.74-9067,2022-03-26 14:18:04
7007558641,ชม.70-5123,2022-03-26 14:33:47
7007556685,กท.79-1830,2022-03-26 14:44:50
7007558664,กท.79-8998,2022-03-26 14:55:42
7007558637,กท.78-4444,2022-03-26 15:04:16
7007558671,ชม.70-5125,2022-03-26 15:19:33
7007558691,กท.79-3258,2022-03-26 15:42:21
7007556475,กท.76-4825,2022-03-26 15:43:18
7007558696,กท.79-3259,2022-03-26 15:55:06
7007556453,กท.78-6742,2022-03-26 16:03:19
7007558713,ชม.70-5302,2022-03-26 16:09:42
7007558736,สค.70-4386,2022-03-26 17:04:29
7007558959,ชม.70-4219,2022-03-27 01:42:35
7007558955,สค.70-6119,2022-03-27 01:43:05
7007558956,ชม.70-4355,2022-03-27 01:51:02
7007558957,ลพ.70-0785,2022-03-27 01:56:39
7007558961,สค.70-6125,2022-03-27 02:06:29
7007558974,สค.70-3937,2022-03-27 02:25:11
7007558975,ลพ.70-0786,2022-03-27 02:30:53
7007559012,ลพ.70-0674,2022-03-27 03:34:58
7007557008,ฉช.82-8528,2022-03-27 03:48:28
7007557459,ฉช.82-2839,2022-03-27 03:53:04
7007559018,สค.70-4335,2022-03-27 03:58:19
7007559024,นม.70-6730,2022-03-27 04:14:27
7007559022,สค.70-5407,2022-03-27 04:21:33
7007559016,ฉช.82-3201,2022-03-27 04:33:14
7007559027,สค.70-4074,2022-03-27 04:41:05
7007559032,กท.79-1812,2022-03-27 05:01:23
7007559042,นม.70-6589,2022-03-27 05:54:58
7007556470,กท.78-1149,2022-03-27 07:29:22
7007556549,กท.60-4205,2022-03-27 07:46:11
7007559101,สค.70-6124,2022-03-27 07:52:00
7007559138,สค.70-6123,2022-03-27 08:05:59
7007559093,กท.78-4646,2022-03-27 08:18:02
7007556518,กท.77-8133,2022-03-27 08:25:11
7007556455,ฉช.82-7443,2022-03-27 08:37:12
7007556504,กท.79-0643,2022-03-27 08:59:03
7007556496,กท.79-2716,2022-03-27 09:01:45
7007559169,สค.70-3935,2022-03-27 09:04:35
7007556529,กท.79-1961,2022-03-27 09:09:25
7007556458,กท.74-9067,2022-03-27 09:20:19
7007556684,กท.79-0644,2022-03-27 09:22:51
7007556500,กท.60-4207,2022-03-27 09:36:01
7007556553,กท.78-7993,2022-03-27 09:38:20
7007556515,กท.79-5584,2022-03-27 09:59:51
7007556511,กท.74-9070,2022-03-27 10:01:09
7007556510,กท.79-5579,2022-03-27 10:03:15
7007556550,กท.79-0642,2022-03-27 10:31:01
7007556528,กท.77-8134,2022-03-27 10:35:10
7007556683,กท.79-0841,2022-03-27 10:43:17
7007556690,กท.79-2717,2022-03-27 10:54:28
7007556526,กท.79-0641,2022-03-27 11:21:58
7007559378,กท.79-8997,2022-03-27 11:25:11
7007556462,กท.79-0144,2022-03-27 11:38:25
7007556477,กท.78-6744,2022-03-27 11:40:52
7007557486,กท.60-4208,2022-03-27 11:56:13
7007561294,กท.76-4829,2022-03-27 12:02:12
7007559552,ชม.70-5301,2022-03-27 12:17:32
7007559487,กท.79-5841,2022-03-27 12:18:44
7007559648,กท.79-5842,2022-03-27 12:29:34
7007559564,กท.79-7691,2022-03-27 12:35:58
7007561330,กท.60-1460,2022-03-27 12:39:57
7007559668,ชม.70-5300,2022-03-27 12:53:27
7007561229,กท.74-8932,2022-03-27 12:59:04
7007557693,กท.79-0644,2022-03-27 13:01:41
7007556487,กท.79-0643,2022-03-27 13:19:47
7007560108,ชม.70-5124,2022-03-27 13:23:17
7007561367,กท.74-2888,2022-03-27 13:33:06
7007560708,ชบ.85-3878,2022-03-27 13:35:04
7007563408,สบ.71-0408,2022-03-27 13:44:47
7007561588,ชบ.84-7139,2022-03-27 13:53:33
7007557007,ฉช.82-3201,2022-03-27 14:03:02
7007562076,ชม.70-4355,2022-03-27 14:08:22
7007565243,ชบ.71-4793,2022-03-27 14:23:48
7007556501,กท.78-6744,2022-03-27 14:26:47
7007556459,กท.79-0841,2022-03-27 14:27:33
7007563627,ชบ.84-7237,2022-03-27 14:34:19
7007564256,กท.79-5841,2022-03-27 14:53:10
7007565176,ชบ.71-4792,2022-03-27 14:57:06
7007564599,ชม.70-5420,2022-03-27 15:11:58
7007557005,กท.78-7993,2022-03-27 15:15:19
7007564728,ฉช.82-2839,2022-03-27 15:24:59
7007556472,กท.79-0641,2022-03-27 15:35:52
7007564916,ฉช.82-8528,2022-03-27 15:44:28
7007565914,ชบ.82-4190,2022-03-27 15:58:23
7007562415,กท.79-1961,2022-03-27 16:02:34
7007566045,ตร.80-2192,2022-03-27 16:19:05
7007565881,ฉช.81-3257,2022-03-27 16:30:03
7007556461,กท.74-9067,2022-03-27 16:55:00
7007566053,จบ.80-8222,2022-03-27 16:58:52
7007566123,กท.79-6148,2022-03-27 17:01:53
7007568937,นม.70-6920,2022-03-27 17:11:37
7007566189,กท.75-6899,2022-03-27 17:21:33
7007562347,กท.78-1149,2022-03-27 17:36:02
7007563515,กท.74-9070,2022-03-27 17:51:43
7007557003,กท.79-1830,2022-03-27 17:55:59
7007556473,กท.77-8133,2022-03-27 18:01:28
7007568979,กท.79-7787,2022-03-27 18:07:01
7007569005,กท.79-7784,2022-03-27 18:16:30
7007562375,กท.79-0144,2022-03-27 18:25:36
7007556463,กท.79-2717,2022-03-27 18:39:51
7007556520,ฉช.82-7443,2022-03-27 18:51:31
7007556506,กท.79-5579,2022-03-27 19:03:38
7007556468,กท.79-0641,2022-03-27 19:05:54
7007568422,กท.72-3498,2022-03-27 19:10:48
7007556519,กท.79-0642,2022-03-27 19:14:29
7007557001,กท.79-1961,2022-03-27 19:40:12
7007568106,ลพ.70-0786,2022-03-27 19:45:27
7007556465,กท.79-2716,2022-03-27 19:52:54
7007556495,กท.77-8133,2022-03-27 19:58:46
7007568999,ชม.70-5261,2022-03-27 20:08:35
7007566994,กท.78-6742,2022-03-27 20:21:07
7007564991,ฉช.81-4230,2022-03-27 20:45:13
7007557705,กท.77-8134,2022-03-27 20:56:45
7007569844,ชบ.85-3878,2022-03-27 20:59:31
7007569604,ชม.70-5124,2022-03-27 21:08:43
7007570426,ชม.70-5302,2022-03-27 21:14:14
7007556687,กท.79-2717,2022-03-27 21:27:48
7007556530,กท.79-5843,2022-03-27 21:42:03
7007562530,กท.79-5579,2022-03-27 21:54:25
7007573360,กท.79-1816,2022-03-27 22:02:45
7007562400,กท.79-0644,2022-03-27 22:20:17
7007562364,กท.79-0144,2022-03-27 22:30:03
7007564964,กท.77-8133,2022-03-27 22:42:32
7007565658,กท.79-5578,2022-03-27 22:55:04
7007565673,กท.79-2716,2022-03-27 23:15:53
7007565628,กท.78-1149,2022-03-27 23:25:06
7007574371,สค.70-4386,2022-03-28 01:44:27
7007574370,สค.70-6119,2022-03-28 01:56:58
7007574374,ลพ.70-0785,2022-03-28 02:10:30
7007574372,ชม.70-4219,2022-03-28 02:13:51
7007574399,ชม.70-5300,2022-03-28 02:15:44
7007574405,สค.70-6124,2022-03-28 02:23:38
7007574430,สค.70-5407,2022-03-28 02:56:24
7007574439,ชม.70-5299,2022-03-28 03:33:34
7007574442,รย.71-2635,2022-03-28 03:52:44
7007564990,ฉช.82-4812,2022-03-28 03:58:09
7007565624,ฉช.82-7170,2022-03-28 04:15:02
7007574452,ชม.70-5301,2022-03-28 04:39:08
7007574456,ฉช.82-3201,2022-03-28 04:49:00
7007574469,สค.70-4074,2022-03-28 04:49:08
7007565639,กท.76-4825,2022-03-28 05:18:13
7007565643,กท.79-5584,2022-03-28 06:16:23
7007565648,กท.78-6739,2022-03-28 06:38:36
7007565198,กท.77-8134,2022-03-28 07:37:43
7007565644,กท.79-5843,2022-03-28 07:51:33
7007574606,สค.70-6123,2022-03-28 07:53:50
7007574601,กท.78-4646,2022-03-28 08:07:59
7007565631,กท.79-1830,2022-03-28 08:12:39
7007565661,กท.79-0144,2022-03-28 08:22:21
7007565636,กท.74-9070,2022-03-28 08:29:09
7007565652,กท.79-0841,2022-03-28 08:35:01
7007565269,กท.79-0643,2022-03-28 08:43:04
7007570587,กท.60-4207,2022-03-28 08:49:43
7007565647,กท.78-7993,2022-03-28 08:58:04
7007565664,กท.79-0644,2022-03-28 09:07:46
7007565235,กท.79-0642,2022-03-28 09:16:25
7007565655,กท.78-6742,2022-03-28 09:25:13
7007565216,กท.74-9067,2022-03-28 09:40:57
7007574949,นม.70-6730,2022-03-28 09:50:00
7007564979,กท.79-1961,2022-03-28 10:00:19
7007565621,กท.79-0641,2022-03-28 10:14:35
7007565660,กท.78-6739,2022-03-28 10:31:30
7007575482,นม.70-6720,2022-03-28 10:36:34
7007564985,กท.75-1033,2022-03-28 10:40:03
7007565668,กท.78-6744,2022-03-28 10:51:18
7007565641,ฉช.82-7443,2022-03-28 10:56:03
7007575249,ชม.70-5123,2022-03-28 11:09:43
7007565247,กท.60-4208,2022-03-28 11:10:37
7007575622,กท.79-3258,2022-03-28 11:15:28
7007575823,กท.79-5842,2022-03-28 11:20:02
7007577419,กท.74-1615,2022-03-28 11:28:51
7007576391,นม.70-6589,2022-03-28 11:38:23
7007576618,กท.75-7868,2022-03-28 11:48:25
7007577438,กท.75-9797,2022-03-28 11:55:07
7007577390,กท.75-4314,2022-03-28 12:06:00
7007564968,ฉช.82-4812,2022-03-28 12:14:44
7007577360,กท.75-1034,2022-03-28 12:21:42
7007577845,ชบ.83-3599,2022-03-28 12:32:21
7007578162,กท.79-6148,2022-03-28 12:46:34
7007578196,จบ.80-8222,2022-03-28 12:48:26
7007577807,ชบ.85-3878,2022-03-28 12:49:59
7007578301,ชม.70-5261,2022-03-28 13:02:37
7007578344,ชบ.84-7975,2022-03-28 13:09:23
7007578880,กท.62-1291,2022-03-28 13:14:17
7007577454,กท.76-2788,2022-03-28 13:22:52
7007578194,ชบ.84-6354,2022-03-28 13:27:28
7007565626,กท.78-7993,2022-03-28 13:34:10
7007579067,นม.70-7502,2022-03-28 13:47:46
7007565256,กท.79-0642,2022-03-28 13:52:27
7007578766,ชม.70-5122,2022-03-28 14:04:59
7007579134,ชม.70-6755,2022-03-28 14:14:53
7007577043,กท.79-1830,2022-03-28 14:23:23
7007578895,ชม.70-4355,2022-03-28 14:29:15
7007565650,กท.74-9070,2022-03-28 14:33:39
7007579046,นม.70-5975,2022-03-28 14:45:56
7007578877,ลพ.70-0674,2022-03-28 14:48:56
7007567102,กท.78-1149,2022-03-28 14:58:09
7007579254,กท.79-3259,2022-03-28 15:25:26
7007579566,กท.79-0144,2022-03-28 15:27:58
7007579563,ชบ.71-8902,2022-03-28 15:42:10
7007564983,กท.79-5579,2022-03-28 15:44:18
7007579390,รย.82-4012,2022-03-28 16:01:38
7007579463,ชบ.82-4190,2022-03-28 16:08:59
7007578869,ฉช.82-2839,2022-03-28 16:12:27
7007579426,ชม.70-5124,2022-03-28 16:17:53
7007565226,กท.79-0643,2022-03-28 16:22:31
7007579558,จบ.80-8540,2022-03-28 16:40:10
7007577051,กท.79-0644,2022-03-28 16:48:27
7007579587,ชม.70-5302,2022-03-28 16:56:53
7007579696,ฉช.82-4812,2022-03-28 17:02:13
7007565642,กท.79-5843,2022-03-28 17:10:52
7007564988,กท.79-0841,2022-03-28 17:29:19
7007564973,กท.79-1961,2022-03-28 17:36:39
7007567109,กท.77-8134,2022-03-28 17:42:52
7007579868,รย.71-2637,2022-03-28 18:08:39
7007580528,ลพ.70-0786,2022-03-28 18:12:28
7007564982,ฉช.82-7443,2022-03-28 18:32:05
7007580322,ชม.70-4219,2022-03-28 18:36:02
7007565630,กท.79-5584,2022-03-28 18:52:24
7007579522,กท.60-4208,2022-03-28 18:55:07
7007565208,กท.79-0641,2022-03-28 19:04:34
7007577030,กท.78-6742,2022-03-28 19:11:30
7007581795,ชบ.85-3878,2022-03-28 19:19:19
7007581736,กท.78-4444,2022-03-28 19:33:47
7007580574,กท.79-2716,2022-03-28 19:44:04
7007565622,กท.78-6744,2022-03-28 20:01:16
7007579036,กท.77-8133,2022-03-28 20:06:50
7007579041,กท.79-0643,2022-03-28 20:27:16
7007582748,กท.79-5841,2022-03-28 20:37:36
7007582423,กท.79-5840,2022-03-28 20:42:27
7007565656,กท.79-5578,2022-03-28 20:50:19
7007582837,กท.79-8992,2022-03-28 21:09:21
7007579052,กท.77-8134,2022-03-28 21:22:36
7007583008,กท.79-3259,2022-03-28 21:28:56
7007583079,ลพ.70-0785,2022-03-28 21:37:40
7007583293,กท.79-6704,2022-03-28 22:02:26
7007583283,ลพ.70-0674,2022-03-28 22:05:14
7007579492,กท.79-0841,2022-03-28 22:13:07
7007579524,กท.78-7993,2022-03-28 22:19:22
7007579452,กท.79-1961,2022-03-28 22:48:09
7007583033,กท.79-0144,2022-03-28 22:50:32
7007583023,กท.78-6744,2022-03-28 22:55:57
7007582290,กท.79-5843,2022-03-28 23:13:46
7007583609,ชม.70-5301,2022-03-29 01:26:37
7007583614,สค.70-6124,2022-03-29 02:00:48
7007583610,สค.70-6119,2022-03-29 02:13:13
7007583613,สค.70-2507,2022-03-29 02:15:13
7007583635,สค.70-6125,2022-03-29 02:37:16
7007583636,สค.70-3665,2022-03-29 03:01:30
7007583663,ชม.70-5299,2022-03-29 03:09:54
7007583694,สค.70-5407,2022-03-29 05:00:05
7007583699,สค.70-4335,2022-03-29 05:12:14
7007583698,สค.70-4074,2022-03-29 05:24:52
7007583708,กท.61-6634,2022-03-29 05:36:36
7007579487,กท.75-1033,2022-03-29 06:02:10
7007579485,กท.78-1149,2022-03-29 07:31:41
7007579444,กท.79-1830,2022-03-29 07:46:59
7007579471,กท.79-0641,2022-03-29 07:52:50
7007579482,กท.77-8134,2022-03-29 08:02:08
7007583795,สค.70-6123,2022-03-29 08:26:19
7007579460,กท.79-5584,2022-03-29 08:34:18
7007579475,ฉช.82-7443,2022-03-29 08:34:22
7007579483,กท.79-5578,2022-03-29 09:05:26
7007579536,กท.79-0644,2022-03-29 09:11:09
7007579446,กท.74-9067,2022-03-29 09:17:23
7007579538,กท.74-9070,2022-03-29 09:39:23
7007579448,กท.79-2716,2022-03-29 09:48:23
7007579498,กท.77-8133,2022-03-29 09:51:24
7007579490,กท.79-0642,2022-03-29 09:58:37
7007579495,กท.79-5579,2022-03-29 10:09:50
7007579508,กท.60-4207,2022-03-29 10:12:14
7007579523,กท.76-4825,2022-03-29 10:20:04
7007583900,ชม.70-5122,2022-03-29 10:25:14
7007579449,กท.79-2717,2022-03-29 10:30:37
7007579447,กท.79-0643,2022-03-29 10:40:20
7007584466,นม.70-6730,2022-03-29 10:47:16
7007582840,กท.78-6742,2022-03-29 10:55:14
7007579516,กท.79-5843,2022-03-29 11:18:07
7007579520,กท.78-6739,2022-03-29 11:22:47
7007584720,ชบ.84-7139,2022-03-29 11:28:06
7007585176,นม.70-6589,2022-03-29 11:45:57
7007585892,ชม.70-5300,2022-03-29 12:14:27
7007585829,จบ.80-8222,2022-03-29 12:16:45
7007585280,กท.77-7979,2022-03-29 12:24:07
7007579455,กท.77-8134,2022-03-29 12:29:29
7007579527,กท.79-1830,2022-03-29 12:38:39
7007586360,กท.75-3041,2022-03-29 12:50:13
7007586316,ชม.70-4355,2022-03-29 12:54:47
7007586977,ชม.70-5997,2022-03-29 13:00:57
7007586676,ชม.70-5420,2022-03-29 13:18:23
7007586580,กท.79-6704,2022-03-29 13:28:13
7007586958,ชม.70-6753,2022-03-29 13:41:39
7007584407,กท.78-6742,2022-03-29 13:43:58
7007587181,รย.81-6316,2022-03-29 13:51:12
7007586753,ฉช.81-3257,2022-03-29 14:00:35
7007586923,ชม.70-5421,2022-03-29 14:28:18
7007587346,ชบ.82-4190,2022-03-29 14:29:56
7007579517,กท.79-0641,2022-03-29 14:38:06
7007587268,ชบ.85-3878,2022-03-29 14:48:34
7007587625,นม.70-8647,2022-03-29 14:54:51
7007579494,กท.79-5579,2022-03-29 15:01:40
7007579481,กท.79-0841,2022-03-29 15:14:58
7007587248,ลพ.70-0786,2022-03-29 15:18:08
7007579456,กท.79-0643,2022-03-29 15:34:42
7007587951,กท.60-2722,2022-03-29 15:40:44
7007587467,กท.78-4444,2022-03-29 15:49:50
7007587887,นม.70-7497,2022-03-29 16:01:49
7007587235,ชบ.84-7156,2022-03-29 16:04:51
7007579479,กท.74-9067,2022-03-29 16:11:47
7007579502,กท.79-0642,2022-03-29 16:21:41
7007587926,นม.70-6720,2022-03-29 16:43:36
7007587936,กท.79-7786,2022-03-29 16:47:53
7007586475,กท.74-9070,2022-03-29 16:53:54
7007579513,กท.79-2717,2022-03-29 17:02:09
7007579521,กท.78-7993,2022-03-29 17:07:36
7007587117,ฉช.82-3201,2022-03-29 17:17:48
7007587928,กท.75-0640,2022-03-29 17:36:33
7007587915,นม.70-7501,2022-03-29 17:37:29
7007579459,กท.79-2716,2022-03-29 17:49:32
7007579531,กท.78-6739,2022-03-29 17:53:41
7007589276,นม.70-6719,2022-03-29 17:57:38
7007588258,กท.79-5840,2022-03-29 18:09:28
7007579518,กท.77-8133,2022-03-29 18:21:28
7007589862,นม.70-7498,2022-03-29 18:22:51
7007588433,ชม.70-5301,2022-03-29 18:28:50
7007579451,กท.79-0644,2022-03-29 18:40:06
7007589133,กท.79-7691,2022-03-29 18:44:04
7007579450,กท.78-1149,2022-03-29 19:02:21
7007589129,กท.79-8998,2022-03-29 19:17:42
7007589249,กท.79-3258,2022-03-29 19:23:11
7007586375,กท.79-0841,2022-03-29 19:49:35
7007590223,กท.79-6148,2022-03-29 19:54:00
7007579509,ฉช.82-7443,2022-03-29 19:54:13
7007589024,กท.78-6744,2022-03-29 20:18:21
7007589036,กท.79-1961,2022-03-29 20:32:26
7007584415,กท.79-5578,2022-03-29 20:36:25
7007591881,กท.79-3259,2022-03-29 20:50:45
7007592081,กท.78-5932,2022-03-29 20:59:30
7007582721,กท.79-2717,2022-03-29 21:00:06
7007589043,กท.79-0643,2022-03-29 21:08:38
7007579462,กท.78-7993,2022-03-29 21:22:15
7007592382,กท.79-3258,2022-03-29 21:48:09
7007586397,กท.79-0144,2022-03-29 22:01:28
7007592472,กท.60-9334,2022-03-29 22:03:23
7007582866,กท.79-1830,2022-03-29 22:19:01
7007579472,กท.77-8134,2022-03-29 22:38:50
7007579537,กท.79-5579,2022-03-29 22:41:04
7007584427,ฉช.82-7443,2022-03-29 22:46:43
7007590113,กท.77-8133,2022-03-29 22:51:55
7007586383,กท.78-1149,2022-03-29 23:24:59
7007584458,กท.79-5843,2022-03-29 23:29:01
7007593377,ชม.70-5300,2022-03-30 01:40:28
7007593382,ลพ.70-0674,2022-03-30 01:51:32
7007593378,สค.70-6119,2022-03-30 01:57:46
7007593381,ชม.70-4219,2022-03-30 02:05:16
7007593387,ชม.70-5261,2022-03-30 02:09:23
7007593383,นม.70-7496,2022-03-30 02:13:34
7007593388,ลพ.70-0785,2022-03-30 02:48:50
7007593525,กท.79-7691,2022-03-30 05:30:41
7007593516,ชม.70-5302,2022-03-30 05:39:47
7007587136,กท.79-0644,2022-03-30 06:44:21
7007587077,กท.75-1033,2022-03-30 07:20:19
7007587093,กท.77-8134,2022-03-30 07:34:07
7007593561,สค.70-6123,2022-03-30 07:45:59
7007587114,กท.79-1830,2022-03-30 07:58:52
7007591934,กท.78-1149,2022-03-30 08:15:47
7007593577,ชม.70-5993,2022-03-30 08:26:51
7007593584,สค.70-4335,2022-03-30 08:28:55
7007587088,กท.79-0642,2022-03-30 08:52:16
7007587147,กท.74-9070,2022-03-30 09:03:21
7007587099,กท.78-6742,2022-03-30 09:10:27
7007587096,กท.74-9067,2022-03-30 09:16:06
7007593576,ชม.70-5995,2022-03-30 09:23:43
7007587083,กท.79-2717,2022-03-30 09:30:42
7007587133,กท.79-5578,2022-03-30 09:42:04
7007587111,กท.79-0841,2022-03-30 09:55:13
7007587144,กท.78-6739,2022-03-30 09:59:12
7007587130,กท.60-4205,2022-03-30 10:01:17
7007587188,กท.78-7993,2022-03-30 10:18:02
7007587151,กท.79-5579,2022-03-30 10:21:30
7007593699,นม.70-6589,2022-03-30 10:32:46
7007592711,ฉช.82-7443,2022-03-30 10:37:40
7007593785,กท.75-0640,2022-03-30 11:08:57
7007590026,กท.78-6744,2022-03-30 11:18:28
7007587103,กท.79-5843,2022-03-30 11:28:15
7007587138,กท.79-0641,2022-03-30 11:33:06
7007587183,กท.79-0643,2022-03-30 11:51:06
7007594162,กท.78-4646,2022-03-30 11:53:57
7007594001,ชม.70-4355,2022-03-30 12:00:15
7007593867,กท.79-5842,2022-03-30 12:14:15
7007588981,กท.79-2716,2022-03-30 12:22:24
7007594210,สค.70-5407,2022-03-30 12:25:36
7007593984,ลพ.70-0786,2022-03-30 12:42:05
7007594087,กท.79-5840,2022-03-30 12:46:29
7007594099,จบ.80-8222,2022-03-30 12:52:13
7007594204,รย.81-6767,2022-03-30 13:14:51
7007587150,กท.78-6739,2022-03-30 13:20:38
7007587091,กท.79-5584,2022-03-30 13:35:21
7007594228,กท.79-7691,2022-03-30 13:49:51
7007594518,นม.70-6721,2022-03-30 13:50:57
7007594420,ชม.70-5301,2022-03-30 13:59:06
7007594171,กท.78-6742,2022-03-30 14:12:08
7007594510,ชบ.85-0496,2022-03-30 14:20:37
7007592296,กท.79-1961,2022-03-30 14:30:53
7007594538,กท.75-7868,2022-03-30 14:45:04
7007594577,ชม.70-5125,2022-03-30 15:09:16
7007594547,ลพ.70-0785,2022-03-30 15:20:47
7007594642,กท.75-0640,2022-03-30 15:21:59
7007594600,จบ.80-8540,2022-03-30 15:27:54
7007594727,ชม.70-5991,2022-03-30 15:38:00
7007594693,กท.79-3259,2022-03-30 15:45:34
7007594301,กท.77-8133,2022-03-30 15:59:31
7007594685,นม.70-6730,2022-03-30 16:04:37
7007594324,กท.75-1033,2022-03-30 16:11:03
7007594717,กท.79-3258,2022-03-30 16:24:07
7007594795,สค.70-6125,2022-03-30 16:36:24
7007594777,ชม.70-4219,2022-03-30 16:38:11
7007594771,ตร.80-5209,2022-03-30 16:47:20
7007595252,ชม.70-6751,2022-03-30 16:54:39
7007595234,กท.72-3498,2022-03-30 17:02:45
7007595248,ชม.70-5420,2022-03-30 17:19:23
7007595323,สค.70-4074,2022-03-30 17:42:53
7007595299,กท.79-1819,2022-03-30 17:44:52
7007595336,กท.79-6148,2022-03-30 17:55:22
7007596162,สค.70-6119,2022-03-31 01:14:32
7007596166,สค.70-4333,2022-03-31 01:36:03
7007596171,ชม.70-4219,2022-03-31 01:52:44
7007596165,ชม.70-5300,2022-03-31 01:55:59
7007596168,ลพ.70-0785,2022-03-31 02:05:49
7007596169,สค.70-6124,2022-03-31 02:25:30
7007596167,ชม.70-5299,2022-03-31 02:29:50
7007596164,สค.70-4386,2022-03-31 02:30:52
7007596188,ลพ.70-0674,2022-03-31 02:43:20
7007596170,นม.70-5975,2022-03-31 02:45:49
7007596219,ฉช.81-3257,2022-03-31 03:18:23
7007596174,นม.70-7498,2022-03-31 03:22:49
7007596218,รย.71-2637,2022-03-31 03:45:40
7007596222,ชม.70-5302,2022-03-31 03:45:41
7007596183,นม.70-7502,2022-03-31 03:52:44
7007594328,กท.76-4825,2022-03-31 03:54:10
7007596237,ชม.70-4355,2022-03-31 04:10:47
7007596249,นม.70-6719,2022-03-31 04:34:20
7007596250,ชบ.82-4190,2022-03-31 04:51:39
7007596255,ชม.70-5261,2022-03-31 04:58:57
7007594302,กท.77-8134,2022-03-31 05:23:32
7007594294,กท.79-5584,2022-03-31 05:34:13
7007594304,กท.60-4207,2022-03-31 07:27:55
7007594316,กท.79-5843,2022-03-31 07:44:01
7007595327,กท.79-1830,2022-03-31 07:53:53
7007594293,กท.78-1149,2022-03-31 07:59:10
7007596363,สค.70-4335,2022-03-31 08:02:32
7007594311,กท.79-1961,2022-03-31 08:11:47
7007594318,กท.79-0643,2022-03-31 08:26:54
7007596387,สค.70-3935,2022-03-31 08:27:39
7007594330,กท.79-5578,2022-03-31 08:36:27
7007594308,กท.79-0144,2022-03-31 08:47:25
7007594291,กท.74-9070,2022-03-31 08:56:49
7007596441,ชร.70-6493,2022-03-31 08:59:43
7007596527,กท.79-5842,2022-03-31 09:08:39
7007594290,กท.79-5579,2022-03-31 09:14:08
7007594312,ฉช.82-7443,2022-03-31 09:33:05
7007594793,กท.79-2716,2022-03-31 09:39:22
7007596631,กท.61-6634,2022-03-31 09:57:58
7007596611,สค.70-6123,2022-03-31 10:02:36
7007594336,กท.79-0641,2022-03-31 10:13:07
7007596542,กท.79-7691,2022-03-31 10:13:44
7007594296,กท.79-0644,2022-03-31 10:22:50
7007594314,กท.79-5584,2022-03-31 10:47:59
7007594315,กท.79-2717,2022-03-31 10:55:05
7007594326,กท.76-4825,2022-03-31 10:56:15
7007596977,สค.70-3893,2022-03-31 11:03:40
7007594292,กท.78-6742,2022-03-31 11:15:20
7007594306,กท.79-0642,2022-03-31 11:21:37
7007597166,จบ.80-8222,2022-03-31 11:39:38
7007597044,นม.70-6589,2022-03-31 11:48:17
7007594371,กท.79-0643,2022-03-31 11:51:25
7007594335,กท.78-6744,2022-03-31 11:54:06
7007597262,ชบ.84-7139,2022-03-31 12:05:44
7007597444,ชม.70-5125,2022-03-31 12:25:35
7007597510,ชบ.85-0496,2022-03-31 12:29:25
7007597526,กท.75-7868,2022-03-31 12:41:12
7007597519,กท.60-9333,2022-03-31 12:52:21
7007597781,สค.70-5407,2022-03-31 13:05:42
7007594334,กท.78-7993,2022-03-31 13:15:35
7007597595,นม.70-6730,2022-03-31 13:24:43
7007594303,กท.79-0642,2022-03-31 13:34:38
7007595203,กท.78-6739,2022-03-31 13:44:01
7007597979,กท.79-3259,2022-03-31 13:54:49
7007594327,กท.79-0841,2022-03-31 14:02:02
7007594329,กท.79-2717,2022-03-31 14:14:56
7007598434,ชบ.83-3599,2022-03-31 14:21:46
7007598351,กท.78-4444,2022-03-31 14:45:33
7007598684,ชบ.84-7237,2022-03-31 14:54:36
7007598703,ชม.70-6755,2022-03-31 15:00:23
7007598806,ชม.70-5299,2022-03-31 15:40:50
7007594313,กท.75-1033,2022-03-31 15:54:38
7007599226,ลพ.70-0674,2022-03-31 16:15:37
7007599224,ชม.70-5421,2022-03-31 16:23:25
7007599214,รย.71-2635,2022-03-31 16:33:37
7007598917,กท.79-6148,2022-03-31 16:46:32
7007599285,ชบ.84-7975,2022-03-31 16:57:20
7007599332,ชม.70-5302,2022-03-31 17:21:10
7007599435,รย.81-6767,2022-03-31 17:26:44
7007599402,กท.78-5932,2022-03-31 17:35:35
7007599659,ชม.70-5300,2022-03-31 18:38:14
