po number,vehicle number,arrival time,start time,end time,departure time
7007392288,สค.70-6119,2022-03-01 00:04:17,2022-03-01 00:04:17,2022-03-01 00:17:50,2022-03-01 00:17:50
7007392290,ชม.70-5299,2022-03-01 00:05:04,2022-03-01 00:05:04,2022-03-01 00:18:35,2022-03-01 00:18:35
7007384547,ฉช.81-4230,2022-03-01 00:11:41,2022-03-01 00:18:35,2022-03-01 00:28:04,2022-03-01 00:28:04
7007392291,ชม.70-6507,2022-03-01 00:10:05,2022-03-01 00:17:50,2022-03-01 00:30:00,2022-03-01 00:30:00
7007392293,สค.70-4386,2022-03-01 00:11:53,2022-03-01 00:28:04,2022-03-01 00:40:27,2022-03-01 00:40:27
7007392292,ชม.70-5301,2022-03-01 00:13:21,2022-03-01 00:30:00,2022-03-01 00:42:00,2022-03-01 00:42:00
7007392331,สค.70-3937,2022-03-01 01:02:52,2022-03-01 01:02:52,2022-03-01 01:12:43,2022-03-01 01:12:43
7007392350,สค.70-6124,2022-03-01 01:15:56,2022-03-01 01:15:56,2022-03-01 01:28:58,2022-03-01 01:28:58
7007392354,ลพ.70-1223,2022-03-01 01:41:05,2022-03-01 01:41:05,2022-03-01 01:55:53,2022-03-01 01:55:53
7007384302,ฉช.82-3201,2022-03-01 02:05:10,2022-03-01 02:05:10,2022-03-01 02:16:55,2022-03-01 02:16:55
7007384406,ฉช.82-8528,2022-03-01 02:10:31,2022-03-01 02:10:31,2022-03-01 02:20:13,2022-03-01 02:20:13
7007392358,ชม.70-5300,2022-03-01 02:14:22,2022-03-01 02:16:55,2022-03-01 02:31:09,2022-03-01 02:31:09
7007392365,ชม.70-5302,2022-03-01 02:52:34,2022-03-01 02:52:34,2022-03-01 03:01:53,2022-03-01 03:01:53
7007392369,ชม.70-5261,2022-03-01 02:55:46,2022-03-01 02:55:46,2022-03-01 03:04:57,2022-03-01 03:04:57
7007392371,ชม.70-5193,2022-03-01 02:59:31,2022-03-01 03:01:53,2022-03-01 03:10:53,2022-03-01 03:10:53
7007392373,สค.70-4335,2022-03-01 03:19:04,2022-03-01 03:19:04,2022-03-01 03:31:59,2022-03-01 03:31:59
7007384153,ฉช.82-7170,2022-03-01 03:41:45,2022-03-01 03:41:45,2022-03-01 03:50:41,2022-03-01 03:50:41
7007392379,ชม.70-6510,2022-03-01 03:44:32,2022-03-01 03:44:32,2022-03-01 03:53:28,2022-03-01 03:53:28
7007384627,กท.79-1830,2022-03-01 03:47:48,2022-03-01 03:50:41,2022-03-01 04:02:29,2022-03-01 04:02:29
7007392381,กท.79-8993,2022-03-01 03:49:00,2022-03-01 03:53:28,2022-03-01 04:04:46,2022-03-01 04:04:46
7007392380,ลพ.70-0785,2022-03-01 03:50:19,2022-03-01 04:02:29,2022-03-01 04:12:03,2022-03-01 04:12:03
7007384283,กท.79-5584,2022-03-01 04:06:14,2022-03-01 04:06:14,2022-03-01 04:17:27,2022-03-01 04:17:27
7007390699,กท.78-6739,2022-03-01 04:12:05,2022-03-01 04:12:05,2022-03-01 04:23:29,2022-03-01 04:23:29
7007384124,กท.79-0644,2022-03-01 04:25:04,2022-03-01 04:25:04,2022-03-01 04:33:43,2022-03-01 04:33:43
7007386567,กท.78-6742,2022-03-01 06:10:15,2022-03-01 06:10:15,2022-03-01 06:20:19,2022-03-01 06:20:19
7007384617,กท.78-1149,2022-03-01 06:12:07,2022-03-01 06:12:07,2022-03-01 06:22:25,2022-03-01 06:22:25
7007386555,กท.79-5843,2022-03-01 06:14:43,2022-03-01 06:20:19,2022-03-01 06:31:55,2022-03-01 06:31:55
7007389550,กท.79-0643,2022-03-01 06:19:13,2022-03-01 06:22:25,2022-03-01 06:33:44,2022-03-01 06:33:44
7007392442,กท.61-8383,2022-03-01 06:23:47,2022-03-01 06:31:55,2022-03-01 06:41:11,2022-03-01 06:41:11
7007391507,กท.74-9067,2022-03-01 06:26:47,2022-03-01 06:33:44,2022-03-01 06:43:57,2022-03-01 06:43:57
7007384426,กท.77-8133,2022-03-01 06:30:57,2022-03-01 06:41:11,2022-03-01 06:52:04,2022-03-01 06:52:04
7007389538,กท.78-7993,2022-03-01 06:33:06,2022-03-01 06:43:57,2022-03-01 06:55:37,2022-03-01 06:55:37
7007384522,กท.77-9738,2022-03-01 06:42:51,2022-03-01 06:52:04,2022-03-01 07:03:37,2022-03-01 07:03:37
7007386516,กท.79-5578,2022-03-01 06:45:52,2022-03-01 06:55:37,2022-03-01 07:05:44,2022-03-01 07:05:44
7007389485,กท.77-8134,2022-03-01 06:46:34,2022-03-01 07:05:44,2022-03-01 07:14:19,2022-03-01 07:14:19
7007392492,กท.61-7782,2022-03-01 06:45:57,2022-03-01 07:03:37,2022-03-01 07:17:25,2022-03-01 07:17:25
7007384144,กท.79-0642,2022-03-01 06:46:47,2022-03-01 07:14:19,2022-03-01 07:24:32,2022-03-01 07:24:32
7007384434,กท.79-0841,2022-03-01 06:50:09,2022-03-01 07:17:25,2022-03-01 07:25:48,2022-03-01 07:25:48
7007384301,กท.79-2716,2022-03-01 06:52:39,2022-03-01 07:25:48,2022-03-01 07:34:26,2022-03-01 07:34:26
7007384574,กท.79-0641,2022-03-01 06:51:21,2022-03-01 07:24:32,2022-03-01 07:36:41,2022-03-01 07:36:41
7007384315,กท.79-5579,2022-03-01 07:03:13,2022-03-01 07:36:41,2022-03-01 07:46:34,2022-03-01 07:46:34
7007392575,สค.70-3935,2022-03-01 07:01:21,2022-03-01 07:34:26,2022-03-01 07:46:54,2022-03-01 07:46:54
7007392647,กท.79-8107,2022-03-01 07:12:02,2022-03-01 07:46:54,2022-03-01 07:55:50,2022-03-01 07:55:50
7007384565,กท.79-1961,2022-03-01 07:03:51,2022-03-01 07:46:34,2022-03-01 07:59:32,2022-03-01 07:59:32
7007390481,ฉช.82-7443,2022-03-01 07:18:21,2022-03-01 07:55:50,2022-03-01 08:06:50,2022-03-01 08:06:50
7007384363,กท.78-6744,2022-03-01 07:21:10,2022-03-01 07:59:32,2022-03-01 08:08:17,2022-03-01 08:08:17
7007392832,กท.79-3258,2022-03-01 07:47:23,2022-03-01 08:08:17,2022-03-01 08:19:01,2022-03-01 08:19:01
7007384300,กท.79-2717,2022-03-01 07:33:07,2022-03-01 08:06:50,2022-03-01 08:19:13,2022-03-01 08:19:13
7007392852,ฉช.81-3257,2022-03-01 07:48:27,2022-03-01 08:19:01,2022-03-01 08:28:22,2022-03-01 08:28:22
7007393167,กท.79-5840,2022-03-01 08:14:50,2022-03-01 08:19:13,2022-03-01 08:28:34,2022-03-01 08:28:34
7007386534,กท.79-0144,2022-03-01 08:15:05,2022-03-01 08:28:22,2022-03-01 08:37:44,2022-03-01 08:37:44
7007393176,กท.79-5841,2022-03-01 08:26:10,2022-03-01 08:28:34,2022-03-01 08:41:28,2022-03-01 08:41:28
7007393529,กท.79-3259,2022-03-01 08:48:45,2022-03-01 08:48:45,2022-03-01 08:59:03,2022-03-01 08:59:03
7007394427,ชบ.84-7156,2022-03-01 09:16:42,2022-03-01 09:16:42,2022-03-01 09:27:52,2022-03-01 09:27:52
7007384272,ฉช.82-4812,2022-03-01 09:21:34,2022-03-01 09:21:34,2022-03-01 09:31:40,2022-03-01 09:31:40
7007394732,นม.70-6730,2022-03-01 09:31:20,2022-03-01 09:31:40,2022-03-01 09:40:37,2022-03-01 09:40:37
7007394516,กท.79-3156,2022-03-01 09:24:00,2022-03-01 09:27:52,2022-03-01 09:41:48,2022-03-01 09:41:48
7007394867,กท.75-9797,2022-03-01 09:40:18,2022-03-01 09:40:37,2022-03-01 09:50:53,2022-03-01 09:50:53
7007384120,กท.60-4208,2022-03-01 09:42:04,2022-03-01 09:42:04,2022-03-01 09:51:59,2022-03-01 09:51:59
7007395520,กท.61-7783,2022-03-01 10:07:36,2022-03-01 10:07:36,2022-03-01 10:18:18,2022-03-01 10:18:18
7007386582,กท.79-0841,2022-03-01 10:13:11,2022-03-01 10:13:11,2022-03-01 10:22:20,2022-03-01 10:22:20
7007395780,ชม.70-5420,2022-03-01 10:21:40,2022-03-01 10:21:40,2022-03-01 10:32:34,2022-03-01 10:32:34
7007396153,กท.61-4383,2022-03-01 10:25:43,2022-03-01 10:25:43,2022-03-01 10:37:55,2022-03-01 10:37:55
7007396573,ฉช.82-7170,2022-03-01 10:36:13,2022-03-01 10:36:13,2022-03-01 10:48:43,2022-03-01 10:48:43
7007384279,กท.79-5843,2022-03-01 10:54:05,2022-03-01 10:54:05,2022-03-01 11:04:05,2022-03-01 11:04:05
7007396804,ชบ.82-4190,2022-03-01 11:00:03,2022-03-01 11:00:03,2022-03-01 11:12:41,2022-03-01 11:12:41
7007397298,นม.70-7501,2022-03-01 11:13:24,2022-03-01 11:13:24,2022-03-01 11:23:34,2022-03-01 11:23:34
7007384500,กท.77-8134,2022-03-01 11:20:28,2022-03-01 11:20:28,2022-03-01 11:32:34,2022-03-01 11:32:34
7007397726,กท.61-6471,2022-03-01 11:21:44,2022-03-01 11:23:34,2022-03-01 11:35:01,2022-03-01 11:35:01
7007384311,กท.79-0643,2022-03-01 11:24:11,2022-03-01 11:32:34,2022-03-01 11:44:51,2022-03-01 11:44:51
7007384369,กท.60-4205,2022-03-01 11:25:02,2022-03-01 11:35:01,2022-03-01 11:47:19,2022-03-01 11:47:19
7007384355,กท.79-5579,2022-03-01 11:29:01,2022-03-01 11:47:19,2022-03-01 11:56:48,2022-03-01 11:56:48
7007384307,กท.78-1149,2022-03-01 11:27:53,2022-03-01 11:44:51,2022-03-01 11:57:03,2022-03-01 11:57:03
7007397813,กท.79-3257,2022-03-01 11:31:01,2022-03-01 11:56:48,2022-03-01 12:07:32,2022-03-01 12:07:32
7007398357,จบ.80-8222,2022-03-01 11:57:42,2022-03-01 11:57:42,2022-03-01 12:07:48,2022-03-01 12:07:48
7007384319,กท.79-0641,2022-03-01 12:15:53,2022-03-01 12:15:53,2022-03-01 12:25:49,2022-03-01 12:25:49
7007384606,กท.78-6742,2022-03-01 12:16:36,2022-03-01 12:16:36,2022-03-01 12:26:56,2022-03-01 12:26:56
7007389499,กท.79-5578,2022-03-01 12:18:26,2022-03-01 12:25:49,2022-03-01 12:35:53,2022-03-01 12:35:53
7007398489,จบ.80-3645,2022-03-01 12:27:43,2022-03-01 12:27:43,2022-03-01 12:37:19,2022-03-01 12:37:19
7007398517,กท.75-6899,2022-03-01 12:37:03,2022-03-01 12:37:03,2022-03-01 12:47:01,2022-03-01 12:47:01
7007384461,กท.74-9067,2022-03-01 13:04:31,2022-03-01 13:04:31,2022-03-01 13:13:22,2022-03-01 13:13:22
7007398752,กท.79-8105,2022-03-01 13:06:46,2022-03-01 13:06:46,2022-03-01 13:17:23,2022-03-01 13:17:23
7007386510,กท.78-7993,2022-03-01 13:07:56,2022-03-01 13:13:22,2022-03-01 13:24:12,2022-03-01 13:24:12
7007398824,กท.61-4782,2022-03-01 13:25:06,2022-03-01 13:25:06,2022-03-01 13:34:23,2022-03-01 13:34:23
7007399095,ชม.70-4355,2022-03-01 13:26:09,2022-03-01 13:26:09,2022-03-01 13:35:16,2022-03-01 13:35:16
7007399099,ลพ.70-0785,2022-03-01 13:30:08,2022-03-01 13:35:16,2022-03-01 13:45:18,2022-03-01 13:45:18
7007399155,กท.61-8383,2022-03-01 13:29:54,2022-03-01 13:34:23,2022-03-01 13:45:48,2022-03-01 13:45:48
7007384552,กท.77-9738,2022-03-01 13:32:05,2022-03-01 13:45:18,2022-03-01 13:56:48,2022-03-01 13:56:48
7007384473,กท.79-2717,2022-03-01 13:41:19,2022-03-01 13:45:48,2022-03-01 13:58:39,2022-03-01 13:58:39
7007384313,กท.79-1830,2022-03-01 13:49:51,2022-03-01 13:56:48,2022-03-01 14:08:17,2022-03-01 14:08:17
7007386573,กท.78-6742,2022-03-01 13:50:15,2022-03-01 13:58:39,2022-03-01 14:12:20,2022-03-01 14:12:20
7007384360,กท.79-0642,2022-03-01 13:52:52,2022-03-01 14:08:17,2022-03-01 14:18:10,2022-03-01 14:18:10
7007391687,กท.79-1961,2022-03-01 13:54:30,2022-03-01 14:12:20,2022-03-01 14:23:54,2022-03-01 14:23:54
7007384324,กท.78-6744,2022-03-01 13:58:50,2022-03-01 14:18:10,2022-03-01 14:29:40,2022-03-01 14:29:40
7007384135,กท.78-6739,2022-03-01 14:03:54,2022-03-01 14:23:54,2022-03-01 14:38:06,2022-03-01 14:38:06
7007399692,กท.79-3258,2022-03-01 14:21:39,2022-03-01 14:29:40,2022-03-01 14:38:07,2022-03-01 14:38:07
7007394057,ฉช.82-7443,2022-03-01 14:41:40,2022-03-01 14:41:40,2022-03-01 14:51:24,2022-03-01 14:51:24
7007384139,กท.79-5584,2022-03-01 14:44:02,2022-03-01 14:44:02,2022-03-01 14:55:29,2022-03-01 14:55:29
7007386578,กท.79-0644,2022-03-01 14:44:13,2022-03-01 14:51:24,2022-03-01 15:03:05,2022-03-01 15:03:05
7007399829,กท.79-1819,2022-03-01 14:44:52,2022-03-01 14:55:29,2022-03-01 15:05:54,2022-03-01 15:05:54
7007384557,กท.79-0641,2022-03-01 14:58:04,2022-03-01 15:03:05,2022-03-01 15:15:43,2022-03-01 15:15:43
7007399951,ชม.70-5421,2022-03-01 14:58:10,2022-03-01 15:05:54,2022-03-01 15:19:18,2022-03-01 15:19:18
7007398216,กท.79-0643,2022-03-01 15:03:12,2022-03-01 15:15:43,2022-03-01 15:27:18,2022-03-01 15:27:18
7007386530,กท.78-1149,2022-03-01 15:13:20,2022-03-01 15:19:18,2022-03-01 15:28:28,2022-03-01 15:28:28
7007386562,กท.79-0144,2022-03-01 15:33:05,2022-03-01 15:33:05,2022-03-01 15:42:02,2022-03-01 15:42:02
7007399979,ชม.70-5123,2022-03-01 15:33:48,2022-03-01 15:33:48,2022-03-01 15:42:14,2022-03-01 15:42:14
7007400044,สค.70-6125,2022-03-01 15:43:42,2022-03-01 15:43:42,2022-03-01 15:54:25,2022-03-01 15:54:25
7007396253,กท.77-8133,2022-03-01 15:47:51,2022-03-01 15:47:51,2022-03-01 16:00:43,2022-03-01 16:00:43
7007400256,ชม.70-5125,2022-03-01 16:14:23,2022-03-01 16:14:23,2022-03-01 16:22:52,2022-03-01 16:22:52
7007400466,ชม.70-5299,2022-03-01 16:16:43,2022-03-01 16:16:43,2022-03-01 16:28:06,2022-03-01 16:28:06
7007384293,กท.79-5579,2022-03-01 16:28:54,2022-03-01 16:28:54,2022-03-01 16:40:48,2022-03-01 16:40:48
7007400587,กท.78-4646,2022-03-01 16:33:37,2022-03-01 16:33:37,2022-03-01 16:45:28,2022-03-01 16:45:28
7007400472,ชม.70-5301,2022-03-01 16:35:02,2022-03-01 16:40:48,2022-03-01 16:51:13,2022-03-01 16:51:13
7007396237,กท.77-9738,2022-03-01 16:41:31,2022-03-01 16:45:28,2022-03-01 16:55:01,2022-03-01 16:55:01
7007400632,กท.79-8107,2022-03-01 16:41:32,2022-03-01 16:51:13,2022-03-01 17:01:28,2022-03-01 17:01:28
7007400590,สค.70-4074,2022-03-01 16:41:35,2022-03-01 16:55:01,2022-03-01 17:04:55,2022-03-01 17:04:55
7007400617,กท.61-7782,2022-03-01 16:43:58,2022-03-01 17:01:28,2022-03-01 17:13:13,2022-03-01 17:13:13
7007400742,กท.79-6148,2022-03-01 16:50:47,2022-03-01 17:04:55,2022-03-01 17:13:50,2022-03-01 17:13:50
7007400755,นม.70-6589,2022-03-01 16:55:33,2022-03-01 17:13:13,2022-03-01 17:22:54,2022-03-01 17:22:54
7007398716,ฉช.81-4230,2022-03-01 17:15:24,2022-03-01 17:15:24,2022-03-01 17:25:29,2022-03-01 17:25:29
7007399498,กท.79-2717,2022-03-01 17:22:42,2022-03-01 17:22:54,2022-03-01 17:32:08,2022-03-01 17:32:08
7007396934,กท.79-5579,2022-03-01 18:31:17,2022-03-01 18:31:17,2022-03-01 18:42:51,2022-03-01 18:42:51
7007400210,กท.79-1830,2022-03-01 18:54:36,2022-03-01 18:54:36,2022-03-01 19:07:03,2022-03-01 19:07:03
7007396745,กท.79-5843,2022-03-01 19:02:49,2022-03-01 19:02:49,2022-03-01 19:12:32,2022-03-01 19:12:32
7007396973,กท.79-0144,2022-03-01 19:55:00,2022-03-01 19:55:00,2022-03-01 20:05:54,2022-03-01 20:05:54
7007401317,สค.70-4333,2022-03-02 00:06:16,2022-03-02 00:06:16,2022-03-02 00:18:00,2022-03-02 00:18:00
7007401319,สค.70-2917,2022-03-02 00:09:51,2022-03-02 00:09:51,2022-03-02 00:23:37,2022-03-02 00:23:37
7007401322,สค.70-2919,2022-03-02 00:10:48,2022-03-02 00:18:00,2022-03-02 00:28:36,2022-03-02 00:28:36
7007401320,สค.70-2507,2022-03-02 00:11:23,2022-03-02 00:23:37,2022-03-02 00:33:17,2022-03-02 00:33:17
7007401324,ชม.70-5302,2022-03-02 00:15:54,2022-03-02 00:28:36,2022-03-02 00:40:53,2022-03-02 00:40:53
7007401318,สค.70-6119,2022-03-02 00:18:26,2022-03-02 00:33:17,2022-03-02 00:42:22,2022-03-02 00:42:22
7007401328,ชม.70-4355,2022-03-02 00:21:04,2022-03-02 00:40:53,2022-03-02 00:50:27,2022-03-02 00:50:27
7007396901,ฉช.82-8346,2022-03-02 01:06:01,2022-03-02 01:06:01,2022-03-02 01:19:24,2022-03-02 01:19:24
7007401375,ฉช.82-3201,2022-03-02 02:08:16,2022-03-02 02:08:16,2022-03-02 02:18:14,2022-03-02 02:18:14
7007399517,ฉช.82-8528,2022-03-02 02:06:43,2022-03-02 02:06:43,2022-03-02 02:19:05,2022-03-02 02:19:05
7007401376,ชม.70-5261,2022-03-02 02:09:27,2022-03-02 02:18:14,2022-03-02 02:32:10,2022-03-02 02:32:10
7007399512,ฉช.82-7170,2022-03-02 02:28:04,2022-03-02 02:28:04,2022-03-02 02:39:45,2022-03-02 02:39:45
7007396906,ฉช.82-4812,2022-03-02 02:41:19,2022-03-02 02:41:19,2022-03-02 02:51:01,2022-03-02 02:51:01
7007401387,ลพ.70-0785,2022-03-02 02:56:49,2022-03-02 02:56:49,2022-03-02 03:06:09,2022-03-02 03:06:09
7007401405,กท.79-8993,2022-03-02 03:49:57,2022-03-02 03:49:57,2022-03-02 04:03:24,2022-03-02 04:03:24
7007401411,ชม.70-5192,2022-03-02 03:56:21,2022-03-02 03:56:21,2022-03-02 04:09:11,2022-03-02 04:09:11
7007401415,ลพ.70-1223,2022-03-02 04:07:18,2022-03-02 04:07:18,2022-03-02 04:19:36,2022-03-02 04:19:36
7007401449,ตร.80-5209,2022-03-02 06:03:20,2022-03-02 06:03:20,2022-03-02 06:14:42,2022-03-02 06:14:42
7007396593,กท.78-6742,2022-03-02 06:04:13,2022-03-02 06:04:13,2022-03-02 06:15:54,2022-03-02 06:15:54
7007396948,กท.79-1830,2022-03-02 06:07:12,2022-03-02 06:14:42,2022-03-02 06:24:25,2022-03-02 06:24:25
7007401453,สค.70-4335,2022-03-02 06:08:26,2022-03-02 06:15:54,2022-03-02 06:25:33,2022-03-02 06:25:33
7007396713,กท.79-0643,2022-03-02 06:12:07,2022-03-02 06:24:25,2022-03-02 06:33:46,2022-03-02 06:33:46
7007396724,กท.79-5584,2022-03-02 06:13:22,2022-03-02 06:25:33,2022-03-02 06:35:57,2022-03-02 06:35:57
7007401464,สค.70-6123,2022-03-02 06:17:17,2022-03-02 06:33:46,2022-03-02 06:44:53,2022-03-02 06:44:53
7007396660,กท.79-0642,2022-03-02 06:20:53,2022-03-02 06:35:57,2022-03-02 06:45:11,2022-03-02 06:45:11
7007396576,กท.79-1961,2022-03-02 06:21:47,2022-03-02 06:45:11,2022-03-02 06:56:47,2022-03-02 06:56:47
7007396920,กท.79-0641,2022-03-02 06:21:05,2022-03-02 06:44:53,2022-03-02 06:57:43,2022-03-02 06:57:43
7007401474,ชม.70-5194,2022-03-02 06:27:54,2022-03-02 06:56:47,2022-03-02 07:07:06,2022-03-02 07:07:06
7007396911,กท.79-5578,2022-03-02 06:31:25,2022-03-02 06:57:43,2022-03-02 07:09:18,2022-03-02 07:09:18
7007401491,กท.61-7782,2022-03-02 06:34:56,2022-03-02 07:07:06,2022-03-02 07:18:45,2022-03-02 07:18:45
7007396984,กท.77-8133,2022-03-02 06:35:38,2022-03-02 07:09:18,2022-03-02 07:19:33,2022-03-02 07:19:33
7007396854,กท.74-9067,2022-03-02 06:42:26,2022-03-02 07:18:45,2022-03-02 07:28:05,2022-03-02 07:28:05
7007400793,กท.78-1149,2022-03-02 06:50:46,2022-03-02 07:19:33,2022-03-02 07:29:01,2022-03-02 07:29:01
7007400800,กท.78-7993,2022-03-02 06:57:41,2022-03-02 07:29:01,2022-03-02 07:38:54,2022-03-02 07:38:54
7007396915,กท.79-0841,2022-03-02 06:51:46,2022-03-02 07:28:05,2022-03-02 07:40:50,2022-03-02 07:40:50
7007396841,กท.74-9070,2022-03-02 06:58:02,2022-03-02 07:38:54,2022-03-02 07:52:29,2022-03-02 07:52:29
7007396929,กท.79-2716,2022-03-02 07:03:26,2022-03-02 07:40:50,2022-03-02 07:53:35,2022-03-02 07:53:35
7007396872,กท.77-8134,2022-03-02 07:08:42,2022-03-02 07:52:29,2022-03-02 08:01:05,2022-03-02 08:01:05
7007396567,กท.77-9738,2022-03-02 07:15:09,2022-03-02 07:53:35,2022-03-02 08:03:14,2022-03-02 08:03:14
7007401649,ชม.70-5300,2022-03-02 07:18:24,2022-03-02 08:01:05,2022-03-02 08:10:27,2022-03-02 08:10:27
7007396883,กท.79-2717,2022-03-02 07:23:31,2022-03-02 08:03:14,2022-03-02 08:13:57,2022-03-02 08:13:57
7007401671,กท.79-8107,2022-03-02 07:26:48,2022-03-02 08:10:27,2022-03-02 08:22:38,2022-03-02 08:22:38
7007396848,กท.78-6744,2022-03-02 07:35:38,2022-03-02 08:13:57,2022-03-02 08:25:41,2022-03-02 08:25:41
7007396582,กท.79-0644,2022-03-02 07:36:27,2022-03-02 08:22:38,2022-03-02 08:35:59,2022-03-02 08:35:59
7007401746,ชม.70-5122,2022-03-02 07:45:08,2022-03-02 08:25:41,2022-03-02 08:38:03,2022-03-02 08:38:03
7007396735,ฉช.82-7443,2022-03-02 08:04:34,2022-03-02 08:38:03,2022-03-02 08:47:23,2022-03-02 08:47:23
7007401736,กท.77-6494,2022-03-02 07:45:41,2022-03-02 08:35:59,2022-03-02 08:48:15,2022-03-02 08:48:15
7007401870,ชบ.83-3599,2022-03-02 08:30:42,2022-03-02 08:48:15,2022-03-02 08:57:48,2022-03-02 08:57:48
7007401933,ชม.70-5124,2022-03-02 08:30:02,2022-03-02 08:47:23,2022-03-02 08:59:44,2022-03-02 08:59:44
7007402041,กท.75-2786,2022-03-02 08:40:46,2022-03-02 08:57:48,2022-03-02 09:09:27,2022-03-02 09:09:27
7007402096,ชม.70-5299,2022-03-02 08:50:06,2022-03-02 08:59:44,2022-03-02 09:09:33,2022-03-02 09:09:33
7007396684,กท.60-4207,2022-03-02 09:07:40,2022-03-02 09:09:33,2022-03-02 09:20:18,2022-03-02 09:20:18
7007402146,ชบ.84-7139,2022-03-02 09:01:45,2022-03-02 09:09:27,2022-03-02 09:21:19,2022-03-02 09:21:19
7007396895,กท.60-4208,2022-03-02 09:14:08,2022-03-02 09:20:18,2022-03-02 09:32:56,2022-03-02 09:32:56
7007402297,กท.79-5840,2022-03-02 09:22:04,2022-03-02 09:22:04,2022-03-02 09:33:37,2022-03-02 09:33:37
7007402340,กท.79-8105,2022-03-02 09:28:14,2022-03-02 09:32:56,2022-03-02 09:42:43,2022-03-02 09:42:43
7007396922,กท.79-0641,2022-03-02 09:38:57,2022-03-02 09:38:57,2022-03-02 09:49:21,2022-03-02 09:49:21
7007402397,กท.79-5841,2022-03-02 09:42:31,2022-03-02 09:42:43,2022-03-02 09:55:41,2022-03-02 09:55:41
7007402394,กท.79-1812,2022-03-02 09:46:26,2022-03-02 09:49:21,2022-03-02 10:00:42,2022-03-02 10:00:42
7007396557,กท.79-0841,2022-03-02 10:01:23,2022-03-02 10:01:23,2022-03-02 10:11:17,2022-03-02 10:11:17
7007402506,กท.61-7783,2022-03-02 10:02:41,2022-03-02 10:02:41,2022-03-02 10:13:51,2022-03-02 10:13:51
7007402510,กท.79-2898,2022-03-02 10:05:00,2022-03-02 10:11:17,2022-03-02 10:23:22,2022-03-02 10:23:22
7007402629,กท.75-3041,2022-03-02 10:15:14,2022-03-02 10:15:14,2022-03-02 10:25:11,2022-03-02 10:25:11
7007402515,กท.79-8993,2022-03-02 10:15:25,2022-03-02 10:23:22,2022-03-02 10:32:53,2022-03-02 10:32:53
7007402603,นม.70-5434,2022-03-02 10:16:07,2022-03-02 10:25:11,2022-03-02 10:36:52,2022-03-02 10:36:52
7007402768,กท.79-3156,2022-03-02 10:31:29,2022-03-02 10:32:53,2022-03-02 10:43:56,2022-03-02 10:43:56
7007399520,ฉช.82-3201,2022-03-02 10:35:46,2022-03-02 10:36:52,2022-03-02 10:48:58,2022-03-02 10:48:58
7007396995,กท.75-1033,2022-03-02 10:42:51,2022-03-02 10:43:56,2022-03-02 10:56:23,2022-03-02 10:56:23
7007396940,กท.78-1149,2022-03-02 10:48:52,2022-03-02 10:48:58,2022-03-02 10:59:38,2022-03-02 10:59:38
7007402981,ชบ.71-4792,2022-03-02 11:18:54,2022-03-02 11:18:54,2022-03-02 11:28:42,2022-03-02 11:28:42
7007403015,ฉช.81-3257,2022-03-02 11:25:50,2022-03-02 11:25:50,2022-03-02 11:36:22,2022-03-02 11:36:22
7007396741,กท.79-1830,2022-03-02 11:38:27,2022-03-02 11:38:27,2022-03-02 11:48:11,2022-03-02 11:48:11
7007402064,กท.77-8134,2022-03-02 11:45:09,2022-03-02 11:45:09,2022-03-02 11:54:30,2022-03-02 11:54:30
7007403070,กท.61-6634,2022-03-02 11:45:10,2022-03-02 11:48:11,2022-03-02 12:00:34,2022-03-02 12:00:34
7007396719,ฉช.82-8346,2022-03-02 11:51:11,2022-03-02 11:54:30,2022-03-02 12:04:04,2022-03-02 12:04:04
7007403186,ชม.70-5421,2022-03-02 11:58:52,2022-03-02 12:00:34,2022-03-02 12:12:13,2022-03-02 12:12:13
7007403150,นม.70-6737,2022-03-02 12:08:26,2022-03-02 12:08:26,2022-03-02 12:17:58,2022-03-02 12:17:58
7007403135,นม.70-7144,2022-03-02 12:14:29,2022-03-02 12:14:29,2022-03-02 12:24:35,2022-03-02 12:24:35
7007403227,ชบ.82-4190,2022-03-02 12:23:03,2022-03-02 12:23:03,2022-03-02 12:33:35,2022-03-02 12:33:35
7007396926,กท.79-0644,2022-03-02 12:25:43,2022-03-02 12:25:43,2022-03-02 12:36:20,2022-03-02 12:36:20
7007400192,กท.79-0643,2022-03-02 12:26:27,2022-03-02 12:33:35,2022-03-02 12:46:01,2022-03-02 12:46:01
7007402867,กท.77-9738,2022-03-02 12:43:43,2022-03-02 12:43:43,2022-03-02 12:53:18,2022-03-02 12:53:18
7007396700,กท.79-0144,2022-03-02 12:52:54,2022-03-02 12:52:54,2022-03-02 13:06:00,2022-03-02 13:06:00
7007403142,นม.70-6721,2022-03-02 12:57:09,2022-03-02 12:57:09,2022-03-02 13:07:32,2022-03-02 13:07:32
7007396729,กท.60-4205,2022-03-02 13:21:26,2022-03-02 13:21:26,2022-03-02 13:35:49,2022-03-02 13:35:49
7007403473,รย.71-2638,2022-03-02 13:34:27,2022-03-02 13:34:27,2022-03-02 13:44:52,2022-03-02 13:44:52
7007397004,กท.79-5578,2022-03-02 13:37:47,2022-03-02 13:37:47,2022-03-02 13:46:43,2022-03-02 13:46:43
7007402804,ฉช.82-7443,2022-03-02 13:42:28,2022-03-02 13:44:52,2022-03-02 13:55:32,2022-03-02 13:55:32
7007396963,กท.77-8133,2022-03-02 13:47:31,2022-03-02 13:47:31,2022-03-02 13:58:02,2022-03-02 13:58:02
7007402133,กท.79-1961,2022-03-02 13:51:05,2022-03-02 13:55:32,2022-03-02 14:06:31,2022-03-02 14:06:31
7007403630,กท.79-3259,2022-03-02 14:00:01,2022-03-02 14:00:01,2022-03-02 14:13:31,2022-03-02 14:13:31
7007402798,กท.79-2717,2022-03-02 14:25:39,2022-03-02 14:25:39,2022-03-02 14:39:53,2022-03-02 14:39:53
7007403042,ฉช.81-4230,2022-03-02 14:35:55,2022-03-02 14:35:55,2022-03-02 14:49:06,2022-03-02 14:49:06
7007403283,กท.78-7993,2022-03-02 14:38:14,2022-03-02 14:39:53,2022-03-02 14:50:34,2022-03-02 14:50:34
7007404095,กท.79-3258,2022-03-02 15:26:44,2022-03-02 15:26:44,2022-03-02 15:37:40,2022-03-02 15:37:40
7007404153,รย.81-6767,2022-03-02 15:34:29,2022-03-02 15:34:29,2022-03-02 15:47:18,2022-03-02 15:47:18
7007404214,กท.79-5843,2022-03-02 15:37:52,2022-03-02 15:37:52,2022-03-02 15:50:39,2022-03-02 15:50:39
7007403111,กท.79-0642,2022-03-02 15:42:31,2022-03-02 15:47:18,2022-03-02 15:58:16,2022-03-02 15:58:16
7007403045,กท.79-0644,2022-03-02 15:42:31,2022-03-02 15:50:39,2022-03-02 16:01:28,2022-03-02 16:01:28
7007403077,กท.79-5579,2022-03-02 15:45:53,2022-03-02 16:01:28,2022-03-02 16:10:50,2022-03-02 16:10:50
7007404286,ชม.70-5122,2022-03-02 15:44:53,2022-03-02 15:58:16,2022-03-02 16:11:21,2022-03-02 16:11:21
7007403100,กท.74-9067,2022-03-02 15:50:53,2022-03-02 16:10:50,2022-03-02 16:21:43,2022-03-02 16:21:43
7007404391,กท.77-7979,2022-03-02 16:15:23,2022-03-02 16:15:23,2022-03-02 16:24:52,2022-03-02 16:24:52
7007404475,ลพ.70-0785,2022-03-02 16:16:59,2022-03-02 16:21:43,2022-03-02 16:31:43,2022-03-02 16:31:43
7007404584,กท.61-7782,2022-03-02 16:46:21,2022-03-02 16:46:21,2022-03-02 16:55:18,2022-03-02 16:55:18
7007404594,กท.79-8107,2022-03-02 16:44:58,2022-03-02 16:44:58,2022-03-02 16:56:54,2022-03-02 16:56:54
7007403063,กท.74-9070,2022-03-02 17:42:55,2022-03-02 17:42:55,2022-03-02 17:53:48,2022-03-02 17:53:48
7007405707,สค.70-4333,2022-03-03 00:06:41,2022-03-03 00:06:41,2022-03-03 00:15:43,2022-03-03 00:15:43
7007405706,สค.70-6119,2022-03-03 00:05:43,2022-03-03 00:05:43,2022-03-03 00:16:11,2022-03-03 00:16:11
7007405711,ชม.70-4355,2022-03-03 00:21:29,2022-03-03 00:21:29,2022-03-03 00:34:19,2022-03-03 00:34:19
7007405712,ชม.70-5300,2022-03-03 00:24:40,2022-03-03 00:24:40,2022-03-03 00:35:12,2022-03-03 00:35:12
7007405714,ชม.70-5301,2022-03-03 00:33:50,2022-03-03 00:34:19,2022-03-03 00:45:59,2022-03-03 00:45:59
7007405738,สค.70-6124,2022-03-03 01:01:28,2022-03-03 01:01:28,2022-03-03 01:14:34,2022-03-03 01:14:34
7007405751,รย.71-2635,2022-03-03 01:17:01,2022-03-03 01:17:01,2022-03-03 01:26:49,2022-03-03 01:26:49
7007403104,ฉช.82-3201,2022-03-03 02:03:02,2022-03-03 02:03:02,2022-03-03 02:14:28,2022-03-03 02:14:28
7007403091,ฉช.82-4812,2022-03-03 02:24:05,2022-03-03 02:24:05,2022-03-03 02:33:50,2022-03-03 02:33:50
7007403136,ฉช.82-7170,2022-03-03 02:22:09,2022-03-03 02:22:09,2022-03-03 02:35:00,2022-03-03 02:35:00
7007403106,ฉช.82-0002,2022-03-03 02:25:08,2022-03-03 02:33:50,2022-03-03 02:44:55,2022-03-03 02:44:55
7007405783,ชม.70-5261,2022-03-03 02:51:01,2022-03-03 02:51:01,2022-03-03 03:00:18,2022-03-03 03:00:18
7007403089,ฉช.82-8346,2022-03-03 03:07:01,2022-03-03 03:07:01,2022-03-03 03:19:45,2022-03-03 03:19:45
7007405811,กท.79-7691,2022-03-03 04:04:03,2022-03-03 04:04:03,2022-03-03 04:13:41,2022-03-03 04:13:41
7007405832,กท.79-8104,2022-03-03 06:05:33,2022-03-03 06:05:33,2022-03-03 06:15:37,2022-03-03 06:15:37
7007403066,กท.79-0643,2022-03-03 06:06:13,2022-03-03 06:06:13,2022-03-03 06:18:58,2022-03-03 06:18:58
7007405834,สค.70-6125,2022-03-03 06:06:13,2022-03-03 06:15:37,2022-03-03 06:28:43,2022-03-03 06:28:43
7007403052,กท.78-1149,2022-03-03 06:06:40,2022-03-03 06:18:58,2022-03-03 06:30:37,2022-03-03 06:30:37
7007403102,กท.79-1830,2022-03-03 06:11:00,2022-03-03 06:30:37,2022-03-03 06:38:57,2022-03-03 06:38:57
7007405843,ชม.70-6507,2022-03-03 06:09:19,2022-03-03 06:28:43,2022-03-03 06:41:29,2022-03-03 06:41:29
7007403108,กท.76-4825,2022-03-03 06:13:54,2022-03-03 06:41:29,2022-03-03 06:50:27,2022-03-03 06:50:27
7007403083,กท.79-5584,2022-03-03 06:12:51,2022-03-03 06:38:57,2022-03-03 06:52:08,2022-03-03 06:52:08
7007403098,กท.78-6744,2022-03-03 06:14:26,2022-03-03 06:50:27,2022-03-03 06:59:54,2022-03-03 06:59:54
7007403513,กท.79-5578,2022-03-03 06:24:01,2022-03-03 06:52:08,2022-03-03 07:04:46,2022-03-03 07:04:46
7007405859,ลพ.70-1223,2022-03-03 06:32:02,2022-03-03 06:59:54,2022-03-03 07:12:23,2022-03-03 07:12:23
7007403092,กท.77-9738,2022-03-03 06:32:39,2022-03-03 07:04:46,2022-03-03 07:13:10,2022-03-03 07:13:10
7007403078,กท.77-8133,2022-03-03 06:33:31,2022-03-03 07:12:23,2022-03-03 07:23:27,2022-03-03 07:23:27
7007405872,สค.70-4335,2022-03-03 06:34:03,2022-03-03 07:13:10,2022-03-03 07:24:28,2022-03-03 07:24:28
7007403048,กท.79-2716,2022-03-03 06:35:46,2022-03-03 07:23:27,2022-03-03 07:35:28,2022-03-03 07:35:28
7007405903,ชม.70-5299,2022-03-03 06:44:52,2022-03-03 07:24:28,2022-03-03 07:36:46,2022-03-03 07:36:46
7007403034,กท.78-6739,2022-03-03 06:51:20,2022-03-03 07:35:28,2022-03-03 07:47:42,2022-03-03 07:47:42
7007403036,กท.79-0641,2022-03-03 06:51:57,2022-03-03 07:36:46,2022-03-03 07:47:59,2022-03-03 07:47:59
7007403512,กท.79-0144,2022-03-03 06:56:24,2022-03-03 07:47:42,2022-03-03 07:56:31,2022-03-03 07:56:31
7007404797,กท.79-0841,2022-03-03 07:02:52,2022-03-03 07:47:59,2022-03-03 07:58:32,2022-03-03 07:58:32
7007403041,กท.79-2717,2022-03-03 07:13:47,2022-03-03 07:56:31,2022-03-03 08:07:30,2022-03-03 08:07:30
7007406006,กท.61-4383,2022-03-03 07:25:22,2022-03-03 07:58:32,2022-03-03 08:09:06,2022-03-03 08:09:06
7007403109,ฉช.82-7443,2022-03-03 07:32:35,2022-03-03 08:09:06,2022-03-03 08:19:21,2022-03-03 08:19:21
7007403049,กท.60-4208,2022-03-03 07:27:27,2022-03-03 08:07:30,2022-03-03 08:20:36,2022-03-03 08:20:36
7007406352,กท.79-5840,2022-03-03 08:33:14,2022-03-03 08:33:14,2022-03-03 08:43:43,2022-03-03 08:43:43
7007403038,ฉช.82-7170,2022-03-03 08:33:29,2022-03-03 08:33:29,2022-03-03 08:44:42,2022-03-03 08:44:42
7007406402,กท.79-3259,2022-03-03 08:40:07,2022-03-03 08:43:43,2022-03-03 08:52:08,2022-03-03 08:52:08
7007403068,กท.78-7993,2022-03-03 08:59:07,2022-03-03 08:59:07,2022-03-03 09:11:27,2022-03-03 09:11:27
7007406568,ชม.70-5302,2022-03-03 09:02:04,2022-03-03 09:02:04,2022-03-03 09:13:14,2022-03-03 09:13:14
7007403046,กท.77-8134,2022-03-03 09:02:21,2022-03-03 09:11:27,2022-03-03 09:25:15,2022-03-03 09:25:15
7007406592,ชบ.84-7139,2022-03-03 09:08:32,2022-03-03 09:13:14,2022-03-03 09:25:51,2022-03-03 09:25:51
7007406612,ชบ.84-7237,2022-03-03 09:09:08,2022-03-03 09:25:15,2022-03-03 09:35:54,2022-03-03 09:35:54
7007403084,กท.75-1033,2022-03-03 09:15:10,2022-03-03 09:25:51,2022-03-03 09:36:14,2022-03-03 09:36:14
7007403058,กท.60-4205,2022-03-03 09:17:28,2022-03-03 09:35:54,2022-03-03 09:48:37,2022-03-03 09:48:37
7007406632,กท.79-8105,2022-03-03 09:22:48,2022-03-03 09:36:14,2022-03-03 09:49:24,2022-03-03 09:49:24
7007406629,กท.79-2898,2022-03-03 09:27:33,2022-03-03 09:49:24,2022-03-03 09:58:47,2022-03-03 09:58:47
7007406639,กท.60-4207,2022-03-03 09:25:33,2022-03-03 09:48:37,2022-03-03 09:59:35,2022-03-03 09:59:35
7007406750,นม.70-6589,2022-03-03 09:36:54,2022-03-03 09:59:35,2022-03-03 10:10:50,2022-03-03 10:10:50
7007406718,ชบ.85-3878,2022-03-03 09:31:46,2022-03-03 09:58:47,2022-03-03 10:11:44,2022-03-03 10:11:44
7007406786,จบ.80-8222,2022-03-03 09:43:10,2022-03-03 10:10:50,2022-03-03 10:22:06,2022-03-03 10:22:06
7007406838,กท.78-4646,2022-03-03 09:48:16,2022-03-03 10:11:44,2022-03-03 10:22:32,2022-03-03 10:22:32
7007406790,ชบ.82-3097,2022-03-03 09:50:26,2022-03-03 10:22:06,2022-03-03 10:31:06,2022-03-03 10:31:06
7007406966,ชม.70-6510,2022-03-03 10:09:26,2022-03-03 10:22:32,2022-03-03 10:35:37,2022-03-03 10:35:37
7007407002,ชม.70-5194,2022-03-03 10:17:23,2022-03-03 10:31:06,2022-03-03 10:41:03,2022-03-03 10:41:03
7007407083,กท.79-3156,2022-03-03 10:23:44,2022-03-03 10:35:37,2022-03-03 10:46:28,2022-03-03 10:46:28
7007403087,กท.79-0643,2022-03-03 10:24:53,2022-03-03 10:41:03,2022-03-03 10:52:03,2022-03-03 10:52:03
7007407115,นม.70-6719,2022-03-03 10:43:06,2022-03-03 10:46:28,2022-03-03 10:56:01,2022-03-03 10:56:01
7007407291,กท.61-7782,2022-03-03 10:44:16,2022-03-03 10:52:03,2022-03-03 11:04:20,2022-03-03 11:04:20
7007407274,รย.82-0448,2022-03-03 10:44:57,2022-03-03 10:56:01,2022-03-03 11:07:44,2022-03-03 11:07:44
7007403094,กท.77-9738,2022-03-03 10:47:03,2022-03-03 11:04:20,2022-03-03 11:16:00,2022-03-03 11:16:00
7007407368,กท.75-6899,2022-03-03 10:47:55,2022-03-03 11:07:44,2022-03-03 11:20:58,2022-03-03 11:20:58
7007407399,กท.79-7691,2022-03-03 10:49:56,2022-03-03 11:16:00,2022-03-03 11:29:07,2022-03-03 11:29:07
7007403055,กท.79-2716,2022-03-03 10:50:49,2022-03-03 11:20:58,2022-03-03 11:34:05,2022-03-03 11:34:05
7007407130,นม.70-6718,2022-03-03 10:51:07,2022-03-03 11:29:07,2022-03-03 11:42:39,2022-03-03 11:42:39
7007403105,กท.79-1830,2022-03-03 10:53:29,2022-03-03 11:34:05,2022-03-03 11:44:14,2022-03-03 11:44:14
7007403097,กท.79-0144,2022-03-03 11:10:16,2022-03-03 11:44:14,2022-03-03 11:53:28,2022-03-03 11:53:28
7007406416,กท.77-8133,2022-03-03 10:59:49,2022-03-03 11:42:39,2022-03-03 11:54:10,2022-03-03 11:54:10
7007406761,กท.77-8134,2022-03-03 11:11:41,2022-03-03 11:53:28,2022-03-03 12:03:53,2022-03-03 12:03:53
7007407238,นม.70-5975,2022-03-03 11:14:40,2022-03-03 11:54:10,2022-03-03 12:07:00,2022-03-03 12:07:00
7007407561,ชม.70-5301,2022-03-03 11:25:31,2022-03-03 12:03:53,2022-03-03 12:16:17,2022-03-03 12:16:17
7007403107,กท.79-5578,2022-03-03 11:30:30,2022-03-03 12:07:00,2022-03-03 12:16:52,2022-03-03 12:16:52
7007407927,ชม.70-5420,2022-03-03 11:51:02,2022-03-03 12:16:17,2022-03-03 12:25:12,2022-03-03 12:25:12
7007406840,กท.79-0841,2022-03-03 12:15:36,2022-03-03 12:16:52,2022-03-03 12:27:43,2022-03-03 12:27:43
7007408047,กท.75-7868,2022-03-03 12:25:34,2022-03-03 12:25:34,2022-03-03 12:34:06,2022-03-03 12:34:06
7007408050,ชบ.82-4190,2022-03-03 12:27:34,2022-03-03 12:27:43,2022-03-03 12:40:44,2022-03-03 12:40:44
7007408040,ชม.70-5193,2022-03-03 12:31:38,2022-03-03 12:34:06,2022-03-03 12:46:16,2022-03-03 12:46:16
7007403062,กท.76-4825,2022-03-03 12:38:04,2022-03-03 12:40:44,2022-03-03 12:50:44,2022-03-03 12:50:44
7007408069,ชม.70-5124,2022-03-03 12:40:13,2022-03-03 12:46:16,2022-03-03 12:57:45,2022-03-03 12:57:45
7007407963,ฉช.82-7443,2022-03-03 12:41:29,2022-03-03 12:50:44,2022-03-03 13:00:52,2022-03-03 13:00:52
7007403064,กท.78-6739,2022-03-03 12:57:51,2022-03-03 13:00:52,2022-03-03 13:10:19,2022-03-03 13:10:19
7007403065,กท.79-5584,2022-03-03 12:47:58,2022-03-03 12:57:45,2022-03-03 13:10:21,2022-03-03 13:10:21
7007403110,กท.79-2717,2022-03-03 13:01:10,2022-03-03 13:10:21,2022-03-03 13:21:41,2022-03-03 13:21:41
7007408108,ชบ.84-7975,2022-03-03 12:58:39,2022-03-03 13:10:19,2022-03-03 13:23:08,2022-03-03 13:23:08
7007408138,กท.79-3258,2022-03-03 13:06:10,2022-03-03 13:21:41,2022-03-03 13:32:50,2022-03-03 13:32:50
7007403050,กท.79-0641,2022-03-03 13:36:36,2022-03-03 13:36:36,2022-03-03 13:50:46,2022-03-03 13:50:46
7007408454,กท.72-3498,2022-03-03 13:50:30,2022-03-03 13:50:30,2022-03-03 14:01:31,2022-03-03 14:01:31
7007408480,ชม.70-5194,2022-03-03 13:51:07,2022-03-03 13:51:07,2022-03-03 14:04:46,2022-03-03 14:04:46
7007406980,กท.79-0644,2022-03-03 13:51:36,2022-03-03 14:01:31,2022-03-03 14:09:40,2022-03-03 14:09:40
7007408439,กท.79-5841,2022-03-03 13:55:01,2022-03-03 14:04:46,2022-03-03 14:16:47,2022-03-03 14:16:47
7007408664,กท.79-8995,2022-03-03 14:15:49,2022-03-03 14:15:49,2022-03-03 14:25:21,2022-03-03 14:25:21
7007408749,กท.61-4783,2022-03-03 14:26:46,2022-03-03 14:26:46,2022-03-03 14:36:07,2022-03-03 14:36:07
7007408840,ชม.70-4355,2022-03-03 14:38:12,2022-03-03 14:38:12,2022-03-03 14:49:25,2022-03-03 14:49:25
7007406762,กท.78-1149,2022-03-03 14:47:00,2022-03-03 14:47:00,2022-03-03 14:57:48,2022-03-03 14:57:48
7007408956,กท.75-7868,2022-03-03 14:50:49,2022-03-03 14:50:49,2022-03-03 15:01:54,2022-03-03 15:01:54
7007409051,กท.79-6704,2022-03-03 15:01:30,2022-03-03 15:01:30,2022-03-03 15:10:22,2022-03-03 15:10:22
7007406413,กท.79-5843,2022-03-03 15:12:09,2022-03-03 15:12:09,2022-03-03 15:21:44,2022-03-03 15:21:44
7007409297,สค.70-6123,2022-03-03 15:37:18,2022-03-03 15:37:18,2022-03-03 15:49:46,2022-03-03 15:49:46
7007406810,ฉช.81-4230,2022-03-03 15:38:32,2022-03-03 15:38:32,2022-03-03 15:50:19,2022-03-03 15:50:19
7007406805,กท.74-9067,2022-03-03 15:57:47,2022-03-03 15:57:47,2022-03-03 16:07:55,2022-03-03 16:07:55
7007406767,กท.78-7993,2022-03-03 15:57:40,2022-03-03 15:57:40,2022-03-03 16:07:58,2022-03-03 16:07:58
7007406881,กท.79-5578,2022-03-03 16:00:44,2022-03-03 16:07:55,2022-03-03 16:21:02,2022-03-03 16:21:02
7007409271,กท.79-5579,2022-03-03 16:09:33,2022-03-03 16:09:33,2022-03-03 16:21:49,2022-03-03 16:21:49
7007408083,กท.79-1830,2022-03-03 16:14:47,2022-03-03 16:21:02,2022-03-03 16:33:42,2022-03-03 16:33:42
7007409967,สค.70-4074,2022-03-03 16:29:15,2022-03-03 16:29:15,2022-03-03 16:38:35,2022-03-03 16:38:35
7007410622,กท.74-9070,2022-03-03 17:52:45,2022-03-03 17:52:45,2022-03-03 18:01:21,2022-03-03 18:01:21
7007410671,ชม.70-5300,2022-03-03 17:56:33,2022-03-03 17:56:33,2022-03-03 18:07:02,2022-03-03 18:07:02
7007411271,สค.70-2917,2022-03-04 00:04:26,2022-03-04 00:04:26,2022-03-04 00:13:49,2022-03-04 00:13:49
7007411274,สค.70-6119,2022-03-04 00:04:32,2022-03-04 00:04:32,2022-03-04 00:15:15,2022-03-04 00:15:15
7007411275,ชม.70-5302,2022-03-04 00:15:30,2022-03-04 00:15:30,2022-03-04 00:25:09,2022-03-04 00:25:09
7007411273,สค.70-4333,2022-03-04 00:05:37,2022-03-04 00:13:49,2022-03-04 00:26:21,2022-03-04 00:26:21
7007411272,สค.70-4386,2022-03-04 00:19:54,2022-03-04 00:25:09,2022-03-04 00:35:44,2022-03-04 00:35:44
7007411290,สค.70-3937,2022-03-04 00:31:01,2022-03-04 00:31:01,2022-03-04 00:41:26,2022-03-04 00:41:26
7007411301,ลพ.70-0785,2022-03-04 00:47:33,2022-03-04 00:47:33,2022-03-04 00:58:02,2022-03-04 00:58:02
7007411325,ชม.70-5299,2022-03-04 01:23:18,2022-03-04 01:23:18,2022-03-04 01:35:55,2022-03-04 01:35:55
7007411350,ชม.70-5195,2022-03-04 02:09:58,2022-03-04 02:09:58,2022-03-04 02:19:28,2022-03-04 02:19:28
7007411351,ชม.70-5261,2022-03-04 02:11:47,2022-03-04 02:11:47,2022-03-04 02:20:52,2022-03-04 02:20:52
7007411372,นม.70-6730,2022-03-04 03:19:08,2022-03-04 03:19:08,2022-03-04 03:31:03,2022-03-04 03:31:03
7007411394,ชม.70-5301,2022-03-04 04:30:39,2022-03-04 04:30:39,2022-03-04 04:40:23,2022-03-04 04:40:23
7007406846,กท.78-1149,2022-03-04 06:07:15,2022-03-04 06:07:15,2022-03-04 06:19:06,2022-03-04 06:19:06
7007406861,กท.78-6742,2022-03-04 06:09:32,2022-03-04 06:09:32,2022-03-04 06:21:24,2022-03-04 06:21:24
7007406828,กท.79-5843,2022-03-04 06:12:50,2022-03-04 06:19:06,2022-03-04 06:28:40,2022-03-04 06:28:40
7007406873,กท.79-2717,2022-03-04 06:14:04,2022-03-04 06:21:24,2022-03-04 06:30:33,2022-03-04 06:30:33
7007409522,กท.79-5584,2022-03-04 06:21:51,2022-03-04 06:28:40,2022-03-04 06:39:12,2022-03-04 06:39:12
7007410120,กท.77-8133,2022-03-04 06:23:13,2022-03-04 06:30:33,2022-03-04 06:39:33,2022-03-04 06:39:33
7007411461,สค.70-6125,2022-03-04 06:24:43,2022-03-04 06:39:12,2022-03-04 06:48:51,2022-03-04 06:48:51
7007406765,กท.77-9738,2022-03-04 06:31:59,2022-03-04 06:39:33,2022-03-04 06:49:12,2022-03-04 06:49:12
7007411495,สค.70-4335,2022-03-04 06:33:28,2022-03-04 06:48:51,2022-03-04 07:00:13,2022-03-04 07:00:13
7007406825,กท.79-0642,2022-03-04 06:38:29,2022-03-04 06:49:12,2022-03-04 07:00:20,2022-03-04 07:00:20
7007406787,กท.79-0643,2022-03-04 06:42:19,2022-03-04 07:00:20,2022-03-04 07:10:11,2022-03-04 07:10:11
7007411520,สค.70-3935,2022-03-04 06:39:51,2022-03-04 07:00:13,2022-03-04 07:10:54,2022-03-04 07:10:54
7007408211,กท.79-2716,2022-03-04 06:45:22,2022-03-04 07:10:11,2022-03-04 07:20:56,2022-03-04 07:20:56
7007409277,กท.79-0144,2022-03-04 06:47:24,2022-03-04 07:10:54,2022-03-04 07:21:15,2022-03-04 07:21:15
7007406833,กท.79-0841,2022-03-04 06:53:28,2022-03-04 07:21:15,2022-03-04 07:30:07,2022-03-04 07:30:07
7007409265,กท.79-1961,2022-03-04 06:51:50,2022-03-04 07:20:56,2022-03-04 07:31:15,2022-03-04 07:31:15
7007406884,กท.60-4205,2022-03-04 06:57:00,2022-03-04 07:30:07,2022-03-04 07:40:39,2022-03-04 07:40:39
7007406818,กท.77-8134,2022-03-04 06:59:30,2022-03-04 07:31:15,2022-03-04 07:41:23,2022-03-04 07:41:23
7007411649,ชม.70-5122,2022-03-04 07:13:28,2022-03-04 07:40:39,2022-03-04 07:50:41,2022-03-04 07:50:41
7007406839,กท.76-4825,2022-03-04 07:41:05,2022-03-04 07:41:23,2022-03-04 07:51:45,2022-03-04 07:51:45
7007408104,กท.78-6739,2022-03-04 07:41:09,2022-03-04 07:50:41,2022-03-04 08:01:36,2022-03-04 08:01:36
7007411806,กท.79-3257,2022-03-04 07:52:03,2022-03-04 07:52:03,2022-03-04 08:02:40,2022-03-04 08:02:40
7007411828,นม.70-6730,2022-03-04 07:56:45,2022-03-04 08:01:36,2022-03-04 08:13:52,2022-03-04 08:13:52
7007406820,กท.79-0644,2022-03-04 07:57:12,2022-03-04 08:02:40,2022-03-04 08:14:53,2022-03-04 08:14:53
7007406879,กท.74-9070,2022-03-04 07:59:35,2022-03-04 08:13:52,2022-03-04 08:23:55,2022-03-04 08:23:55
7007411850,ชม.70-5125,2022-03-04 08:02:18,2022-03-04 08:14:53,2022-03-04 08:27:45,2022-03-04 08:27:45
7007408954,กท.78-6744,2022-03-04 08:24:34,2022-03-04 08:24:34,2022-03-04 08:35:52,2022-03-04 08:35:52
7007412025,นม.70-5434,2022-03-04 08:27:29,2022-03-04 08:27:45,2022-03-04 08:38:02,2022-03-04 08:38:02
7007412212,ชม.70-4355,2022-03-04 08:50:28,2022-03-04 08:50:28,2022-03-04 09:00:18,2022-03-04 09:00:18
7007412265,กท.61-7783,2022-03-04 08:59:58,2022-03-04 08:59:58,2022-03-04 09:08:56,2022-03-04 09:08:56
7007412262,กท.79-8105,2022-03-04 09:00:25,2022-03-04 09:00:25,2022-03-04 09:09:56,2022-03-04 09:09:56
7007408084,ฉช.82-7443,2022-03-04 09:00:35,2022-03-04 09:08:56,2022-03-04 09:18:16,2022-03-04 09:18:16
7007412280,ชบ.84-7139,2022-03-04 09:04:08,2022-03-04 09:09:56,2022-03-04 09:21:17,2022-03-04 09:21:17
7007412274,กท.79-8104,2022-03-04 09:09:16,2022-03-04 09:18:16,2022-03-04 09:28:23,2022-03-04 09:28:23
7007412236,กท.79-2717,2022-03-04 09:27:36,2022-03-04 09:28:23,2022-03-04 09:36:53,2022-03-04 09:36:53
7007406791,กท.77-8134,2022-03-04 09:23:04,2022-03-04 09:23:04,2022-03-04 09:37:12,2022-03-04 09:37:12
7007412523,กท.79-3156,2022-03-04 09:43:50,2022-03-04 09:43:50,2022-03-04 09:52:39,2022-03-04 09:52:39
7007412529,กท.77-6494,2022-03-04 09:45:27,2022-03-04 09:45:27,2022-03-04 09:57:48,2022-03-04 09:57:48
7007412534,กท.75-9797,2022-03-04 09:53:24,2022-03-04 09:53:24,2022-03-04 10:06:18,2022-03-04 10:06:18
7007412576,จบ.80-8222,2022-03-04 09:55:02,2022-03-04 09:57:48,2022-03-04 10:08:02,2022-03-04 10:08:02
7007412625,ชม.70-5420,2022-03-04 10:06:39,2022-03-04 10:06:39,2022-03-04 10:15:06,2022-03-04 10:15:06
7007406883,กท.77-8133,2022-03-04 10:32:13,2022-03-04 10:32:13,2022-03-04 10:40:47,2022-03-04 10:40:47
7007406836,กท.79-0841,2022-03-04 10:44:52,2022-03-04 10:44:52,2022-03-04 10:54:53,2022-03-04 10:54:53
7007406814,กท.77-9738,2022-03-04 10:50:16,2022-03-04 10:50:16,2022-03-04 11:03:22,2022-03-04 11:03:22
7007406876,กท.79-1961,2022-03-04 10:55:45,2022-03-04 10:55:45,2022-03-04 11:05:21,2022-03-04 11:05:21
7007412846,กท.79-2898,2022-03-04 10:55:56,2022-03-04 11:03:22,2022-03-04 11:15:22,2022-03-04 11:15:22
7007412991,จบ.80-3645,2022-03-04 11:16:06,2022-03-04 11:16:06,2022-03-04 11:26:23,2022-03-04 11:26:23
7007406877,กท.78-6739,2022-03-04 11:18:50,2022-03-04 11:18:50,2022-03-04 11:30:02,2022-03-04 11:30:02
7007409260,กท.79-0144,2022-03-04 11:27:59,2022-03-04 11:27:59,2022-03-04 11:38:42,2022-03-04 11:38:42
7007413044,กท.79-3257,2022-03-04 11:28:18,2022-03-04 11:30:02,2022-03-04 11:41:02,2022-03-04 11:41:02
7007413053,ลพ.70-0785,2022-03-04 11:29:19,2022-03-04 11:38:42,2022-03-04 11:47:33,2022-03-04 11:47:33
7007413123,ฉช.81-3257,2022-03-04 11:43:54,2022-03-04 11:43:54,2022-03-04 11:53:52,2022-03-04 11:53:52
7007413171,รย.82-0448,2022-03-04 11:54:33,2022-03-04 11:54:33,2022-03-04 12:05:09,2022-03-04 12:05:09
7007406831,กท.78-1149,2022-03-04 12:23:05,2022-03-04 12:23:05,2022-03-04 12:32:35,2022-03-04 12:32:35
7007412435,กท.78-7993,2022-03-04 12:25:33,2022-03-04 12:25:33,2022-03-04 12:34:19,2022-03-04 12:34:19
7007413322,ชบ.85-3878,2022-03-04 12:32:32,2022-03-04 12:32:35,2022-03-04 12:43:13,2022-03-04 12:43:13
7007413359,รย.81-1375,2022-03-04 12:51:44,2022-03-04 12:51:44,2022-03-04 13:04:06,2022-03-04 13:04:06
7007413366,กท.78-5932,2022-03-04 12:55:19,2022-03-04 12:55:19,2022-03-04 13:05:32,2022-03-04 13:05:32
7007412431,กท.79-1830,2022-03-04 13:05:21,2022-03-04 13:05:21,2022-03-04 13:19:06,2022-03-04 13:19:06
7007413309,กท.79-5584,2022-03-04 13:33:37,2022-03-04 13:33:37,2022-03-04 13:43:55,2022-03-04 13:43:55
7007413524,ชม.70-5300,2022-03-04 13:34:46,2022-03-04 13:34:46,2022-03-04 13:48:43,2022-03-04 13:48:43
7007413454,กท.79-2716,2022-03-04 13:37:40,2022-03-04 13:43:55,2022-03-04 13:53:53,2022-03-04 13:53:53
7007413515,กท.79-5840,2022-03-04 13:44:18,2022-03-04 13:48:43,2022-03-04 13:57:34,2022-03-04 13:57:34
7007413561,กท.79-8993,2022-03-04 13:47:05,2022-03-04 13:53:53,2022-03-04 14:05:03,2022-03-04 14:05:03
7007413595,สค.70-4074,2022-03-04 13:52:44,2022-03-04 13:57:34,2022-03-04 14:07:23,2022-03-04 14:07:23
7007413657,กท.78-4646,2022-03-04 14:01:30,2022-03-04 14:05:03,2022-03-04 14:13:38,2022-03-04 14:13:38
7007413737,ชม.70-5421,2022-03-04 14:11:38,2022-03-04 14:11:38,2022-03-04 14:22:25,2022-03-04 14:22:25
7007413736,ชม.70-5123,2022-03-04 14:11:56,2022-03-04 14:13:38,2022-03-04 14:22:52,2022-03-04 14:22:52
7007413698,กท.79-3259,2022-03-04 14:16:35,2022-03-04 14:22:25,2022-03-04 14:35:15,2022-03-04 14:35:15
7007413834,รย.71-2637,2022-03-04 14:26:36,2022-03-04 14:26:36,2022-03-04 14:40:02,2022-03-04 14:40:02
7007413417,ฉช.81-4230,2022-03-04 14:28:10,2022-03-04 14:35:15,2022-03-04 14:45:24,2022-03-04 14:45:24
7007413968,กท.79-1818,2022-03-04 15:06:26,2022-03-04 15:06:26,2022-03-04 15:16:56,2022-03-04 15:16:56
7007413697,กท.77-9738,2022-03-04 15:08:59,2022-03-04 15:08:59,2022-03-04 15:21:10,2022-03-04 15:21:10
7007413605,กท.78-6739,2022-03-04 15:09:22,2022-03-04 15:16:56,2022-03-04 15:26:40,2022-03-04 15:26:40
7007413969,กท.79-3258,2022-03-04 15:11:06,2022-03-04 15:21:10,2022-03-04 15:32:03,2022-03-04 15:32:03
7007414056,รย.81-6767,2022-03-04 15:32:28,2022-03-04 15:32:28,2022-03-04 15:43:55,2022-03-04 15:43:55
7007414106,ชม.70-5302,2022-03-04 15:41:32,2022-03-04 15:41:32,2022-03-04 15:53:12,2022-03-04 15:53:12
7007413687,กท.79-0644,2022-03-04 15:49:26,2022-03-04 15:49:26,2022-03-04 16:02:56,2022-03-04 16:02:56
7007414149,กท.79-3257,2022-03-04 15:53:24,2022-03-04 15:53:24,2022-03-04 16:05:13,2022-03-04 16:05:13
7007414219,ชม.70-5299,2022-03-04 16:23:27,2022-03-04 16:23:27,2022-03-04 16:36:30,2022-03-04 16:36:30
7007414601,ลพ.70-0785,2022-03-05 00:04:53,2022-03-05 00:04:53,2022-03-05 00:16:32,2022-03-05 00:16:32
7007414600,สค.70-4333,2022-03-05 00:04:45,2022-03-05 00:04:45,2022-03-05 00:16:46,2022-03-05 00:16:46
7007414605,สค.70-2507,2022-03-05 00:06:29,2022-03-05 00:16:32,2022-03-05 00:26:21,2022-03-05 00:26:21
7007414610,ชม.70-4355,2022-03-05 00:07:09,2022-03-05 00:16:46,2022-03-05 00:29:07,2022-03-05 00:29:07
7007414602,สค.70-6119,2022-03-05 00:07:57,2022-03-05 00:26:21,2022-03-05 00:36:50,2022-03-05 00:36:50
7007414612,กท.79-3257,2022-03-05 00:12:19,2022-03-05 00:29:07,2022-03-05 00:39:55,2022-03-05 00:39:55
7007414613,สค.70-6124,2022-03-05 00:17:35,2022-03-05 00:36:50,2022-03-05 00:45:54,2022-03-05 00:45:54
7007414606,ชม.70-5301,2022-03-05 00:32:53,2022-03-05 00:39:55,2022-03-05 00:50:18,2022-03-05 00:50:18
7007414637,สค.70-4397,2022-03-05 01:11:41,2022-03-05 01:11:41,2022-03-05 01:25:36,2022-03-05 01:25:36
7007414680,กท.79-8995,2022-03-05 03:06:50,2022-03-05 03:06:50,2022-03-05 03:14:59,2022-03-05 03:14:59
7007414682,กท.78-4646,2022-03-05 03:12:53,2022-03-05 03:12:53,2022-03-05 03:26:40,2022-03-05 03:26:40
7007414691,ชม.70-5261,2022-03-05 04:48:51,2022-03-05 04:48:51,2022-03-05 05:02:14,2022-03-05 05:02:14
7007413775,กท.78-6742,2022-03-05 06:06:50,2022-03-05 06:06:50,2022-03-05 06:16:20,2022-03-05 06:16:20
7007414731,ชบ.85-3878,2022-03-05 06:06:12,2022-03-05 06:06:12,2022-03-05 06:20:40,2022-03-05 06:20:40
7007414735,สค.70-4335,2022-03-05 06:09:25,2022-03-05 06:16:20,2022-03-05 06:27:06,2022-03-05 06:27:06
7007414736,สค.70-6123,2022-03-05 06:10:42,2022-03-05 06:20:40,2022-03-05 06:30:57,2022-03-05 06:30:57
7007414728,ชบ.82-4190,2022-03-05 06:11:20,2022-03-05 06:27:06,2022-03-05 06:38:45,2022-03-05 06:38:45
7007414740,กท.61-6634,2022-03-05 06:14:28,2022-03-05 06:30:57,2022-03-05 06:41:42,2022-03-05 06:41:42
7007413670,กท.78-1149,2022-03-05 06:21:30,2022-03-05 06:38:45,2022-03-05 06:49:09,2022-03-05 06:49:09
7007414743,สค.70-3893,2022-03-05 06:23:51,2022-03-05 06:41:42,2022-03-05 06:54:28,2022-03-05 06:54:28
7007413602,กท.79-0642,2022-03-05 06:28:16,2022-03-05 06:49:09,2022-03-05 07:01:01,2022-03-05 07:01:01
7007413665,กท.79-0641,2022-03-05 06:29:26,2022-03-05 06:54:28,2022-03-05 07:05:12,2022-03-05 07:05:12
7007413608,กท.79-0841,2022-03-05 06:31:10,2022-03-05 07:01:01,2022-03-05 07:12:45,2022-03-05 07:12:45
7007414756,ชบ.84-7975,2022-03-05 06:33:01,2022-03-05 07:05:12,2022-03-05 07:15:13,2022-03-05 07:15:13
7007413695,กท.78-6744,2022-03-05 06:43:01,2022-03-05 07:12:45,2022-03-05 07:23:48,2022-03-05 07:23:48
7007413604,กท.77-8134,2022-03-05 06:48:50,2022-03-05 07:15:13,2022-03-05 07:26:35,2022-03-05 07:26:35
7007413692,กท.79-0144,2022-03-05 06:57:09,2022-03-05 07:23:48,2022-03-05 07:34:16,2022-03-05 07:34:16
7007413689,กท.78-7993,2022-03-05 07:09:01,2022-03-05 07:26:35,2022-03-05 07:37:23,2022-03-05 07:37:23
7007414777,กท.79-5841,2022-03-05 07:25:51,2022-03-05 07:34:16,2022-03-05 07:45:21,2022-03-05 07:45:21
7007414840,สค.70-2918,2022-03-05 08:26:27,2022-03-05 08:26:27,2022-03-05 08:37:25,2022-03-05 08:37:25
7007414843,กท.79-7691,2022-03-05 08:30:33,2022-03-05 08:30:33,2022-03-05 08:40:36,2022-03-05 08:40:36
7007414850,นม.70-6589,2022-03-05 08:39:41,2022-03-05 08:39:41,2022-03-05 08:50:43,2022-03-05 08:50:43
7007414846,กท.79-3259,2022-03-05 08:40:19,2022-03-05 08:40:36,2022-03-05 08:51:58,2022-03-05 08:51:58
7007413610,กท.78-7993,2022-03-05 08:47:02,2022-03-05 08:50:43,2022-03-05 09:01:05,2022-03-05 09:01:05
7007413693,กท.74-9070,2022-03-05 08:51:17,2022-03-05 08:51:58,2022-03-05 09:01:12,2022-03-05 09:01:12
7007414883,กท.79-8105,2022-03-05 09:02:41,2022-03-05 09:02:41,2022-03-05 09:15:07,2022-03-05 09:15:07
7007414886,ชบ.85-5327,2022-03-05 09:03:57,2022-03-05 09:03:57,2022-03-05 09:15:43,2022-03-05 09:15:43
7007414888,กท.61-7783,2022-03-05 09:04:11,2022-03-05 09:15:07,2022-03-05 09:25:42,2022-03-05 09:25:42
7007414892,กท.79-8104,2022-03-05 09:05:06,2022-03-05 09:15:43,2022-03-05 09:28:31,2022-03-05 09:28:31
7007414937,กท.79-8993,2022-03-05 09:40:55,2022-03-05 09:40:55,2022-03-05 09:51:53,2022-03-05 09:51:53
7007414944,กท.79-3156,2022-03-05 09:44:12,2022-03-05 09:44:12,2022-03-05 09:54:15,2022-03-05 09:54:15
7007414952,กท.79-2898,2022-03-05 09:53:29,2022-03-05 09:53:29,2022-03-05 10:01:36,2022-03-05 10:01:36
7007414962,ชม.70-5193,2022-03-05 09:57:11,2022-03-05 09:57:11,2022-03-05 10:07:13,2022-03-05 10:07:13
7007414972,กท.79-5840,2022-03-05 10:09:24,2022-03-05 10:09:24,2022-03-05 10:19:08,2022-03-05 10:19:08
7007414975,กท.61-7782,2022-03-05 10:15:37,2022-03-05 10:15:37,2022-03-05 10:26:01,2022-03-05 10:26:01
7007413686,กท.60-4207,2022-03-05 10:31:24,2022-03-05 10:31:24,2022-03-05 10:42:35,2022-03-05 10:42:35
7007413601,กท.77-8134,2022-03-05 10:54:52,2022-03-05 10:54:52,2022-03-05 11:04:12,2022-03-05 11:04:12
7007415061,กท.75-7868,2022-03-05 11:10:08,2022-03-05 11:10:08,2022-03-05 11:20:37,2022-03-05 11:20:37
7007415062,กท.77-7979,2022-03-05 11:13:00,2022-03-05 11:13:00,2022-03-05 11:22:49,2022-03-05 11:22:49
7007415051,นม.70-7497,2022-03-05 11:15:19,2022-03-05 11:20:37,2022-03-05 11:29:52,2022-03-05 11:29:52
7007415071,กท.79-3257,2022-03-05 11:21:39,2022-03-05 11:22:49,2022-03-05 11:31:46,2022-03-05 11:31:46
7007413606,กท.79-0641,2022-03-05 11:28:11,2022-03-05 11:29:52,2022-03-05 11:39:19,2022-03-05 11:39:19
7007413777,กท.78-6742,2022-03-05 11:35:14,2022-03-05 11:35:14,2022-03-05 11:45:27,2022-03-05 11:45:27
7007413767,กท.79-0841,2022-03-05 11:37:30,2022-03-05 11:39:19,2022-03-05 11:52:53,2022-03-05 11:52:53
7007415085,ชม.70-5301,2022-03-05 11:41:03,2022-03-05 11:45:27,2022-03-05 11:57:03,2022-03-05 11:57:03
7007415084,ชม.70-5300,2022-03-05 11:41:04,2022-03-05 11:52:53,2022-03-05 12:03:17,2022-03-05 12:03:17
7007415089,ชบ.83-3599,2022-03-05 11:43:46,2022-03-05 11:57:03,2022-03-05 12:08:58,2022-03-05 12:08:58
7007413899,กท.79-0144,2022-03-05 11:47:36,2022-03-05 12:03:17,2022-03-05 12:16:21,2022-03-05 12:16:21
7007413690,กท.79-0642,2022-03-05 11:52:52,2022-03-05 12:08:58,2022-03-05 12:20:59,2022-03-05 12:20:59
7007415110,กท.79-3258,2022-03-05 12:06:30,2022-03-05 12:16:21,2022-03-05 12:25:19,2022-03-05 12:25:19
7007415112,กท.75-6688,2022-03-05 12:10:34,2022-03-05 12:20:59,2022-03-05 12:32:06,2022-03-05 12:32:06
7007413715,กท.78-1149,2022-03-05 12:21:03,2022-03-05 12:25:19,2022-03-05 12:36:18,2022-03-05 12:36:18
7007413801,กท.78-6744,2022-03-05 12:36:16,2022-03-05 12:36:16,2022-03-05 12:49:19,2022-03-05 12:49:19
7007415147,ชบ.84-7139,2022-03-05 12:53:09,2022-03-05 12:53:09,2022-03-05 13:03:45,2022-03-05 13:03:45
7007415180,กท.79-1812,2022-03-05 13:43:29,2022-03-05 13:43:29,2022-03-05 13:53:39,2022-03-05 13:53:39
7007415184,กท.61-6634,2022-03-05 13:47:44,2022-03-05 13:47:44,2022-03-05 13:59:53,2022-03-05 13:59:53
7007415183,ชม.70-5302,2022-03-05 13:48:00,2022-03-05 13:53:39,2022-03-05 14:03:10,2022-03-05 14:03:10
7007415200,นม.70-6730,2022-03-05 14:05:37,2022-03-05 14:05:37,2022-03-05 14:14:59,2022-03-05 14:14:59
7007413681,กท.79-5578,2022-03-05 14:14:25,2022-03-05 14:14:25,2022-03-05 14:27:10,2022-03-05 14:27:10
7007415225,ชม.70-5122,2022-03-05 14:22:54,2022-03-05 14:22:54,2022-03-05 14:33:15,2022-03-05 14:33:15
7007415230,ชม.70-5299,2022-03-05 14:41:57,2022-03-05 14:41:57,2022-03-05 14:53:17,2022-03-05 14:53:17
7007415242,กท.79-8993,2022-03-05 14:49:03,2022-03-05 14:49:03,2022-03-05 15:00:19,2022-03-05 15:00:19
7007415245,กท.79-3259,2022-03-05 14:52:16,2022-03-05 14:53:17,2022-03-05 15:03:40,2022-03-05 15:03:40
7007415253,ชม.70-5125,2022-03-05 15:10:04,2022-03-05 15:10:04,2022-03-05 15:18:56,2022-03-05 15:18:56
7007415254,กท.75-6688,2022-03-05 15:14:38,2022-03-05 15:14:38,2022-03-05 15:25:24,2022-03-05 15:25:24
7007415528,สค.70-4386,2022-03-06 00:05:12,2022-03-06 00:05:12,2022-03-06 00:13:48,2022-03-06 00:13:48
7007415532,สค.70-2917,2022-03-06 00:08:44,2022-03-06 00:08:44,2022-03-06 00:21:24,2022-03-06 00:21:24
7007415529,สค.70-4333,2022-03-06 00:11:42,2022-03-06 00:13:48,2022-03-06 00:24:19,2022-03-06 00:24:19
7007415533,ลพ.70-0785,2022-03-06 00:13:55,2022-03-06 00:21:24,2022-03-06 00:32:24,2022-03-06 00:32:24
7007415531,ชม.70-4355,2022-03-06 00:19:31,2022-03-06 00:24:19,2022-03-06 00:36:24,2022-03-06 00:36:24
7007415534,สค.70-3665,2022-03-06 00:22:12,2022-03-06 00:32:24,2022-03-06 00:41:35,2022-03-06 00:41:35
7007415530,สค.70-6119,2022-03-06 00:24:58,2022-03-06 00:36:24,2022-03-06 00:44:47,2022-03-06 00:44:47
7007415544,ชม.70-5302,2022-03-06 00:50:02,2022-03-06 00:50:02,2022-03-06 00:59:19,2022-03-06 00:59:19
7007415545,รย.71-2638,2022-03-06 00:51:55,2022-03-06 00:51:55,2022-03-06 01:01:42,2022-03-06 01:01:42
7007413861,ฉช.82-8528,2022-03-06 02:13:09,2022-03-06 02:13:09,2022-03-06 02:24:20,2022-03-06 02:24:20
7007413865,ฉช.82-7170,2022-03-06 02:55:01,2022-03-06 02:55:01,2022-03-06 03:08:11,2022-03-06 03:08:11
7007415587,ชม.70-5301,2022-03-06 03:26:28,2022-03-06 03:26:28,2022-03-06 03:34:41,2022-03-06 03:34:41
7007413867,ฉช.82-8346,2022-03-06 03:31:11,2022-03-06 03:31:11,2022-03-06 03:44:18,2022-03-06 03:44:18
7007415598,ชม.70-5300,2022-03-06 04:05:15,2022-03-06 04:05:15,2022-03-06 04:18:04,2022-03-06 04:18:04
7007413859,ฉช.82-0002,2022-03-06 04:36:55,2022-03-06 04:36:55,2022-03-06 04:47:03,2022-03-06 04:47:03
7007413802,กท.75-1033,2022-03-06 06:03:04,2022-03-06 06:03:04,2022-03-06 06:12:41,2022-03-06 06:12:41
7007413705,กท.78-6742,2022-03-06 06:04:59,2022-03-06 06:04:59,2022-03-06 06:14:41,2022-03-06 06:14:41
7007415639,ชม.70-5261,2022-03-06 06:05:02,2022-03-06 06:12:41,2022-03-06 06:24:39,2022-03-06 06:24:39
7007415637,สค.70-6125,2022-03-06 06:11:04,2022-03-06 06:14:41,2022-03-06 06:26:08,2022-03-06 06:26:08
7007413837,กท.79-5584,2022-03-06 06:14:19,2022-03-06 06:24:39,2022-03-06 06:37:39,2022-03-06 06:37:39
7007413786,กท.79-0144,2022-03-06 06:16:03,2022-03-06 06:26:08,2022-03-06 06:38:38,2022-03-06 06:38:38
7007413765,กท.79-2716,2022-03-06 06:28:25,2022-03-06 06:37:39,2022-03-06 06:48:52,2022-03-06 06:48:52
7007413805,กท.79-5843,2022-03-06 06:29:21,2022-03-06 06:38:38,2022-03-06 06:50:34,2022-03-06 06:50:34
7007413814,กท.74-9067,2022-03-06 06:30:18,2022-03-06 06:50:34,2022-03-06 07:01:35,2022-03-06 07:01:35
7007413795,กท.77-9738,2022-03-06 06:29:42,2022-03-06 06:48:52,2022-03-06 07:02:34,2022-03-06 07:02:34
7007413728,กท.79-0642,2022-03-06 06:34:25,2022-03-06 07:01:35,2022-03-06 07:10:42,2022-03-06 07:10:42
7007413852,กท.77-8133,2022-03-06 06:38:34,2022-03-06 07:02:34,2022-03-06 07:15:00,2022-03-06 07:15:00
7007413836,กท.76-4825,2022-03-06 06:41:39,2022-03-06 07:10:42,2022-03-06 07:21:11,2022-03-06 07:21:11
7007415747,กท.60-9333,2022-03-06 06:43:45,2022-03-06 07:15:00,2022-03-06 07:26:05,2022-03-06 07:26:05
7007413769,กท.74-9070,2022-03-06 06:43:46,2022-03-06 07:21:11,2022-03-06 07:31:41,2022-03-06 07:31:41
7007413730,กท.78-6739,2022-03-06 06:45:05,2022-03-06 07:26:05,2022-03-06 07:37:37,2022-03-06 07:37:37
7007413823,กท.79-5578,2022-03-06 06:47:39,2022-03-06 07:31:41,2022-03-06 07:44:42,2022-03-06 07:44:42
7007413843,กท.79-1830,2022-03-06 06:50:50,2022-03-06 07:37:37,2022-03-06 07:48:43,2022-03-06 07:48:43
7007413762,กท.79-1961,2022-03-06 06:56:17,2022-03-06 07:44:42,2022-03-06 07:55:51,2022-03-06 07:55:51
7007413716,กท.79-0641,2022-03-06 07:05:15,2022-03-06 07:48:43,2022-03-06 07:57:37,2022-03-06 07:57:37
7007413804,กท.78-7993,2022-03-06 07:10:31,2022-03-06 07:55:51,2022-03-06 08:06:34,2022-03-06 08:06:34
7007413703,กท.79-5579,2022-03-06 07:11:53,2022-03-06 07:57:37,2022-03-06 08:11:40,2022-03-06 08:11:40
7007415874,นม.70-6589,2022-03-06 07:20:39,2022-03-06 08:06:34,2022-03-06 08:19:33,2022-03-06 08:19:33
7007413825,กท.77-8134,2022-03-06 07:23:19,2022-03-06 08:11:40,2022-03-06 08:23:15,2022-03-06 08:23:15
7007413832,กท.79-2717,2022-03-06 07:30:07,2022-03-06 08:19:33,2022-03-06 08:30:07,2022-03-06 08:30:07
7007415929,กท.75-3041,2022-03-06 07:38:43,2022-03-06 08:23:15,2022-03-06 08:32:10,2022-03-06 08:32:10
7007413833,กท.60-4205,2022-03-06 07:41:49,2022-03-06 08:32:10,2022-03-06 08:44:01,2022-03-06 08:44:01
7007415925,ชบ.82-4190,2022-03-06 07:40:16,2022-03-06 08:30:07,2022-03-06 08:44:15,2022-03-06 08:44:15
7007413818,ฉช.82-7443,2022-03-06 07:56:06,2022-03-06 08:44:01,2022-03-06 08:54:57,2022-03-06 08:54:57
7007416087,ฉช.81-3257,2022-03-06 08:10:58,2022-03-06 08:44:15,2022-03-06 08:57:34,2022-03-06 08:57:34
7007416125,กท.79-5841,2022-03-06 08:21:19,2022-03-06 08:54:57,2022-03-06 09:03:39,2022-03-06 09:03:39
7007416198,กท.75-2786,2022-03-06 08:36:40,2022-03-06 08:57:34,2022-03-06 09:07:26,2022-03-06 09:07:26
7007413851,กท.60-4207,2022-03-06 09:18:05,2022-03-06 09:18:05,2022-03-06 09:30:08,2022-03-06 09:30:08
7007416542,กท.61-7783,2022-03-06 09:19:46,2022-03-06 09:19:46,2022-03-06 09:31:52,2022-03-06 09:31:52
7007416534,กท.79-3156,2022-03-06 09:20:43,2022-03-06 09:31:52,2022-03-06 09:41:05,2022-03-06 09:41:05
7007416538,กท.79-2898,2022-03-06 09:19:47,2022-03-06 09:30:08,2022-03-06 09:42:38,2022-03-06 09:42:38
7007416637,รย.81-6767,2022-03-06 09:20:49,2022-03-06 09:41:05,2022-03-06 09:52:44,2022-03-06 09:52:44
7007416556,สค.70-4074,2022-03-06 09:21:28,2022-03-06 09:42:38,2022-03-06 09:53:28,2022-03-06 09:53:28
7007416844,ชบ.85-3878,2022-03-06 09:37:25,2022-03-06 09:52:44,2022-03-06 10:03:29,2022-03-06 10:03:29
7007416891,กท.79-8107,2022-03-06 09:43:13,2022-03-06 09:53:28,2022-03-06 10:03:52,2022-03-06 10:03:52
7007416931,กท.75-0640,2022-03-06 09:44:35,2022-03-06 10:03:29,2022-03-06 10:13:52,2022-03-06 10:13:52
7007413808,กท.77-8133,2022-03-06 10:00:42,2022-03-06 10:03:52,2022-03-06 10:16:06,2022-03-06 10:16:06
7007413812,กท.79-5584,2022-03-06 10:03:23,2022-03-06 10:13:52,2022-03-06 10:25:38,2022-03-06 10:25:38
7007413806,กท.78-6739,2022-03-06 10:12:09,2022-03-06 10:16:06,2022-03-06 10:29:33,2022-03-06 10:29:33
7007417273,จบ.80-8222,2022-03-06 10:21:54,2022-03-06 10:25:38,2022-03-06 10:33:52,2022-03-06 10:33:52
7007416756,กท.79-0642,2022-03-06 10:53:26,2022-03-06 10:53:26,2022-03-06 11:05:14,2022-03-06 11:05:14
7007413722,กท.79-5578,2022-03-06 10:56:40,2022-03-06 10:56:40,2022-03-06 11:08:45,2022-03-06 11:08:45
7007417646,กท.79-3259,2022-03-06 11:01:23,2022-03-06 11:05:14,2022-03-06 11:17:44,2022-03-06 11:17:44
7007416980,ฉช.82-7170,2022-03-06 11:10:33,2022-03-06 11:10:33,2022-03-06 11:21:05,2022-03-06 11:21:05
7007413710,กท.79-0841,2022-03-06 11:36:43,2022-03-06 11:36:43,2022-03-06 11:48:10,2022-03-06 11:48:10
7007417979,ชม.70-5124,2022-03-06 11:44:10,2022-03-06 11:44:10,2022-03-06 11:57:06,2022-03-06 11:57:06
7007418029,ชม.70-5420,2022-03-06 11:54:31,2022-03-06 11:54:31,2022-03-06 12:04:11,2022-03-06 12:04:11
7007413830,กท.77-9738,2022-03-06 12:17:55,2022-03-06 12:17:55,2022-03-06 12:28:24,2022-03-06 12:28:24
7007416477,กท.79-1961,2022-03-06 12:15:08,2022-03-06 12:15:08,2022-03-06 12:28:39,2022-03-06 12:28:39
7007418153,ชม.70-5302,2022-03-06 12:27:30,2022-03-06 12:28:24,2022-03-06 12:38:21,2022-03-06 12:38:21
7007413724,กท.79-2716,2022-03-06 12:37:41,2022-03-06 12:37:41,2022-03-06 12:48:58,2022-03-06 12:48:58
7007413821,กท.79-0144,2022-03-06 12:40:17,2022-03-06 12:40:17,2022-03-06 12:53:24,2022-03-06 12:53:24
7007418190,กท.61-6876,2022-03-06 12:42:25,2022-03-06 12:48:58,2022-03-06 12:58:14,2022-03-06 12:58:14
7007413803,กท.78-7993,2022-03-06 12:44:42,2022-03-06 12:53:24,2022-03-06 13:03:35,2022-03-06 13:03:35
7007418265,จบ.80-3645,2022-03-06 12:47:57,2022-03-06 12:58:14,2022-03-06 13:08:04,2022-03-06 13:08:04
7007418358,กท.78-4646,2022-03-06 12:53:37,2022-03-06 13:03:35,2022-03-06 13:15:08,2022-03-06 13:15:08
7007418406,ชบ.84-7156,2022-03-06 12:57:46,2022-03-06 13:08:04,2022-03-06 13:17:53,2022-03-06 13:17:53
7007413763,กท.79-2717,2022-03-06 13:08:12,2022-03-06 13:15:08,2022-03-06 13:27:13,2022-03-06 13:27:13
7007413770,กท.75-1033,2022-03-06 13:11:07,2022-03-06 13:17:53,2022-03-06 13:29:58,2022-03-06 13:29:58
7007418471,กท.79-5841,2022-03-06 13:12:51,2022-03-06 13:27:13,2022-03-06 13:37:01,2022-03-06 13:37:01
7007413820,กท.77-8134,2022-03-06 13:18:46,2022-03-06 13:29:58,2022-03-06 13:39:55,2022-03-06 13:39:55
7007416471,กท.74-9070,2022-03-06 13:20:20,2022-03-06 13:37:01,2022-03-06 13:49:14,2022-03-06 13:49:14
7007418501,นม.70-7502,2022-03-06 13:20:53,2022-03-06 13:39:55,2022-03-06 13:50:37,2022-03-06 13:50:37
7007418466,นม.70-7497,2022-03-06 13:22:34,2022-03-06 13:49:14,2022-03-06 14:02:11,2022-03-06 14:02:11
7007418542,ชม.70-5123,2022-03-06 13:23:21,2022-03-06 13:50:37,2022-03-06 14:03:36,2022-03-06 14:03:36
7007418490,นม.70-6720,2022-03-06 13:23:39,2022-03-06 14:02:11,2022-03-06 14:16:43,2022-03-06 14:16:43
7007413766,กท.74-9067,2022-03-06 13:28:49,2022-03-06 14:03:36,2022-03-06 14:18:20,2022-03-06 14:18:20
7007418714,กท.79-5840,2022-03-06 13:38:19,2022-03-06 14:16:43,2022-03-06 14:26:04,2022-03-06 14:26:04
7007418753,กท.61-8797,2022-03-06 13:46:30,2022-03-06 14:18:20,2022-03-06 14:29:20,2022-03-06 14:29:20
7007418806,นม.70-7144,2022-03-06 13:58:51,2022-03-06 14:26:04,2022-03-06 14:39:38,2022-03-06 14:39:38
7007413761,กท.79-1830,2022-03-06 14:11:25,2022-03-06 14:29:20,2022-03-06 14:40:35,2022-03-06 14:40:35
7007418763,กท.61-6634,2022-03-06 14:12:23,2022-03-06 14:39:38,2022-03-06 14:47:58,2022-03-06 14:47:58
7007413727,กท.79-5579,2022-03-06 14:17:21,2022-03-06 14:40:35,2022-03-06 14:51:35,2022-03-06 14:51:35
7007417073,ฉช.81-4230,2022-03-06 14:22:28,2022-03-06 14:47:58,2022-03-06 15:00:48,2022-03-06 15:00:48
7007413788,กท.79-5843,2022-03-06 14:26:03,2022-03-06 14:51:35,2022-03-06 15:05:50,2022-03-06 15:05:50
7007419253,สค.70-6123,2022-03-06 14:28:32,2022-03-06 15:00:48,2022-03-06 15:11:53,2022-03-06 15:11:53
7007419998,ตร.80-5684,2022-03-06 14:46:57,2022-03-06 15:05:50,2022-03-06 15:17:37,2022-03-06 15:17:37
7007413718,กท.78-6744,2022-03-06 14:54:57,2022-03-06 15:11:53,2022-03-06 15:21:32,2022-03-06 15:21:32
7007414187,กท.78-6739,2022-03-06 14:58:04,2022-03-06 15:17:37,2022-03-06 15:29:08,2022-03-06 15:29:08
7007419653,ชม.70-5122,2022-03-06 15:03:48,2022-03-06 15:21:32,2022-03-06 15:31:23,2022-03-06 15:31:23
7007413700,กท.78-1149,2022-03-06 15:09:30,2022-03-06 15:29:08,2022-03-06 15:38:14,2022-03-06 15:38:14
7007413791,กท.79-0841,2022-03-06 15:16:48,2022-03-06 15:31:23,2022-03-06 15:42:10,2022-03-06 15:42:10
7007419915,ชม.70-5421,2022-03-06 15:28:11,2022-03-06 15:38:14,2022-03-06 15:48:32,2022-03-06 15:48:32
7007413817,กท.79-2716,2022-03-06 15:29:49,2022-03-06 15:42:10,2022-03-06 15:52:35,2022-03-06 15:52:35
7007419742,ลพ.70-0785,2022-03-06 15:32:37,2022-03-06 15:48:32,2022-03-06 15:57:23,2022-03-06 15:57:23
7007420102,ชม.70-5299,2022-03-06 15:38:54,2022-03-06 15:52:35,2022-03-06 16:03:43,2022-03-06 16:03:43
7007420607,กท.79-3257,2022-03-06 16:27:35,2022-03-06 16:27:35,2022-03-06 16:36:36,2022-03-06 16:36:36
7007418628,กท.78-7993,2022-03-06 17:29:44,2022-03-06 17:29:44,2022-03-06 17:39:45,2022-03-06 17:39:45
7007416947,กท.79-2717,2022-03-06 17:30:02,2022-03-06 17:30:02,2022-03-06 17:39:53,2022-03-06 17:39:53
7007413810,กท.77-8134,2022-03-06 17:33:36,2022-03-06 17:39:45,2022-03-06 17:50:27,2022-03-06 17:50:27
7007413840,กท.79-5579,2022-03-06 17:47:03,2022-03-06 17:47:03,2022-03-06 17:56:23,2022-03-06 17:56:23
7007416964,กท.78-1149,2022-03-06 17:50:06,2022-03-06 17:50:27,2022-03-06 17:59:29,2022-03-06 17:59:29
7007417152,กท.78-6742,2022-03-06 17:54:08,2022-03-06 17:56:23,2022-03-06 18:05:51,2022-03-06 18:05:51
7007417084,กท.74-9070,2022-03-06 18:06:19,2022-03-06 18:06:19,2022-03-06 18:16:26,2022-03-06 18:16:26
7007419093,กท.79-1830,2022-03-06 18:34:49,2022-03-06 18:34:49,2022-03-06 18:45:55,2022-03-06 18:45:55
7007416465,กท.78-6744,2022-03-06 18:37:48,2022-03-06 18:37:48,2022-03-06 18:48:32,2022-03-06 18:48:32
7007416938,กท.79-0144,2022-03-06 18:45:45,2022-03-06 18:45:55,2022-03-06 18:56:53,2022-03-06 18:56:53
7007421563,กท.79-0642,2022-03-06 19:04:01,2022-03-06 19:04:01,2022-03-06 19:15:52,2022-03-06 19:15:52
7007417159,กท.79-5584,2022-03-06 19:56:37,2022-03-06 19:56:37,2022-03-06 20:06:22,2022-03-06 20:06:22
7007425032,ชม.70-5192,2022-03-06 23:16:29,2022-03-06 23:16:29,2022-03-06 23:26:44,2022-03-06 23:26:44
7007425042,สค.70-6119,2022-03-07 00:07:00,2022-03-07 00:07:00,2022-03-07 00:19:41,2022-03-07 00:19:41
7007425043,ชม.70-4355,2022-03-07 00:22:42,2022-03-07 00:22:42,2022-03-07 00:32:07,2022-03-07 00:32:07
7007425067,สค.70-6124,2022-03-07 00:39:03,2022-03-07 00:39:03,2022-03-07 00:48:34,2022-03-07 00:48:34
7007425072,ชม.70-5301,2022-03-07 00:53:32,2022-03-07 00:53:32,2022-03-07 01:05:33,2022-03-07 01:05:33
7007417134,ฉช.82-8346,2022-03-07 02:19:30,2022-03-07 02:19:30,2022-03-07 02:30:36,2022-03-07 02:30:36
7007425107,สค.70-4335,2022-03-07 02:57:23,2022-03-07 02:57:23,2022-03-07 03:06:57,2022-03-07 03:06:57
7007425137,กท.61-6077,2022-03-07 03:41:37,2022-03-07 03:41:37,2022-03-07 03:53:47,2022-03-07 03:53:47
7007425138,สค.70-4333,2022-03-07 03:46:02,2022-03-07 03:46:02,2022-03-07 03:55:48,2022-03-07 03:55:48
7007417085,กท.75-1033,2022-03-07 04:16:58,2022-03-07 04:16:58,2022-03-07 04:25:58,2022-03-07 04:25:58
7007417069,กท.79-2716,2022-03-07 06:09:50,2022-03-07 06:09:50,2022-03-07 06:21:22,2022-03-07 06:21:22
7007417089,กท.78-1149,2022-03-07 06:11:06,2022-03-07 06:11:06,2022-03-07 06:23:48,2022-03-07 06:23:48
7007417099,กท.79-1830,2022-03-07 06:13:24,2022-03-07 06:21:22,2022-03-07 06:31:35,2022-03-07 06:31:35
7007417142,กท.79-5843,2022-03-07 06:14:01,2022-03-07 06:23:48,2022-03-07 06:37:29,2022-03-07 06:37:29
7007425191,กท.79-1816,2022-03-07 06:18:25,2022-03-07 06:31:35,2022-03-07 06:41:27,2022-03-07 06:41:27
7007417081,กท.78-6739,2022-03-07 06:20:36,2022-03-07 06:37:29,2022-03-07 06:50:00,2022-03-07 06:50:00
7007417123,กท.79-1961,2022-03-07 06:20:55,2022-03-07 06:41:27,2022-03-07 06:50:48,2022-03-07 06:50:48
7007421531,กท.77-8134,2022-03-07 06:36:09,2022-03-07 06:50:48,2022-03-07 07:00:03,2022-03-07 07:00:03
7007417129,กท.77-9738,2022-03-07 06:35:14,2022-03-07 06:50:00,2022-03-07 07:02:39,2022-03-07 07:02:39
7007417061,กท.79-5578,2022-03-07 06:36:40,2022-03-07 07:02:39,2022-03-07 07:11:43,2022-03-07 07:11:43
7007425223,สค.70-3935,2022-03-07 06:36:39,2022-03-07 07:00:03,2022-03-07 07:12:11,2022-03-07 07:12:11
7007417080,กท.79-2717,2022-03-07 06:45:05,2022-03-07 07:11:43,2022-03-07 07:22:16,2022-03-07 07:22:16
7007418597,กท.77-8133,2022-03-07 06:45:53,2022-03-07 07:12:11,2022-03-07 07:22:50,2022-03-07 07:22:50
7007417112,กท.74-9067,2022-03-07 06:46:34,2022-03-07 07:22:16,2022-03-07 07:32:27,2022-03-07 07:32:27
7007425230,จบ.81-2529,2022-03-07 06:47:02,2022-03-07 07:22:50,2022-03-07 07:35:52,2022-03-07 07:35:52
7007417133,กท.79-5579,2022-03-07 06:51:07,2022-03-07 07:32:27,2022-03-07 07:42:06,2022-03-07 07:42:06
7007425323,สค.70-6125,2022-03-07 07:02:00,2022-03-07 07:35:52,2022-03-07 07:45:03,2022-03-07 07:45:03
7007417131,กท.79-0841,2022-03-07 07:02:28,2022-03-07 07:42:06,2022-03-07 07:52:44,2022-03-07 07:52:44
7007417120,กท.79-0641,2022-03-07 07:12:07,2022-03-07 07:45:03,2022-03-07 07:55:20,2022-03-07 07:55:20
7007421567,กท.60-4208,2022-03-07 07:13:36,2022-03-07 07:52:44,2022-03-07 08:02:38,2022-03-07 08:02:38
7007425399,นม.70-6730,2022-03-07 07:19:37,2022-03-07 07:55:20,2022-03-07 08:08:16,2022-03-07 08:08:16
7007417064,กท.78-7993,2022-03-07 07:21:04,2022-03-07 08:02:38,2022-03-07 08:15:08,2022-03-07 08:15:08
7007417140,กท.79-0144,2022-03-07 07:23:48,2022-03-07 08:08:16,2022-03-07 08:19:56,2022-03-07 08:19:56
7007417055,กท.60-4205,2022-03-07 07:39:50,2022-03-07 08:15:08,2022-03-07 08:26:39,2022-03-07 08:26:39
7007425507,กท.79-3257,2022-03-07 07:45:39,2022-03-07 08:19:56,2022-03-07 08:32:52,2022-03-07 08:32:52
7007417118,กท.78-6744,2022-03-07 07:47:37,2022-03-07 08:26:39,2022-03-07 08:39:34,2022-03-07 08:39:34
7007425539,กท.79-5840,2022-03-07 07:52:47,2022-03-07 08:32:52,2022-03-07 08:42:37,2022-03-07 08:42:37
7007425659,ชม.70-5261,2022-03-07 08:36:57,2022-03-07 08:39:34,2022-03-07 08:51:53,2022-03-07 08:51:53
7007425838,ชม.70-5299,2022-03-07 09:01:13,2022-03-07 09:01:13,2022-03-07 09:15:13,2022-03-07 09:15:13
7007426011,ชบ.84-7139,2022-03-07 09:07:16,2022-03-07 09:07:16,2022-03-07 09:16:46,2022-03-07 09:16:46
7007418599,กท.79-5843,2022-03-07 09:11:09,2022-03-07 09:15:13,2022-03-07 09:24:59,2022-03-07 09:24:59
7007426057,กท.79-2898,2022-03-07 09:11:58,2022-03-07 09:16:46,2022-03-07 09:28:53,2022-03-07 09:28:53
7007426072,กท.72-3498,2022-03-07 09:13:17,2022-03-07 09:24:59,2022-03-07 09:35:57,2022-03-07 09:35:57
7007426154,ชบ.82-4190,2022-03-07 09:25:04,2022-03-07 09:28:53,2022-03-07 09:39:50,2022-03-07 09:39:50
7007426175,กท.79-1690,2022-03-07 09:27:53,2022-03-07 09:35:57,2022-03-07 09:48:01,2022-03-07 09:48:01
7007417115,กท.60-4207,2022-03-07 09:41:01,2022-03-07 09:41:01,2022-03-07 09:51:03,2022-03-07 09:51:03
7007426647,รย.82-0448,2022-03-07 09:42:25,2022-03-07 09:48:01,2022-03-07 10:00:47,2022-03-07 10:00:47
7007426656,ลพ.70-0785,2022-03-07 09:45:20,2022-03-07 09:51:03,2022-03-07 10:02:52,2022-03-07 10:02:52
7007426671,ชม.70-4355,2022-03-07 09:49:31,2022-03-07 10:02:52,2022-03-07 10:11:26,2022-03-07 10:11:26
7007426650,ชบ.84-7975,2022-03-07 09:49:07,2022-03-07 10:00:47,2022-03-07 10:12:07,2022-03-07 10:12:07
7007417087,กท.79-2716,2022-03-07 10:10:47,2022-03-07 10:12:07,2022-03-07 10:21:13,2022-03-07 10:21:13
7007426874,กท.77-6494,2022-03-07 10:09:52,2022-03-07 10:11:26,2022-03-07 10:25:23,2022-03-07 10:25:23
7007426870,กท.61-8383,2022-03-07 10:18:28,2022-03-07 10:21:13,2022-03-07 10:32:14,2022-03-07 10:32:14
7007426906,ชม.70-5421,2022-03-07 10:19:08,2022-03-07 10:25:23,2022-03-07 10:34:06,2022-03-07 10:34:06
7007426864,ชบ.85-3878,2022-03-07 10:21:27,2022-03-07 10:32:14,2022-03-07 10:45:52,2022-03-07 10:45:52
7007426919,กท.61-6876,2022-03-07 10:22:29,2022-03-07 10:34:06,2022-03-07 10:46:12,2022-03-07 10:46:12
7007426929,ชม.70-6507,2022-03-07 10:26:10,2022-03-07 10:46:12,2022-03-07 10:54:52,2022-03-07 10:54:52
7007417157,กท.77-8133,2022-03-07 10:23:09,2022-03-07 10:45:52,2022-03-07 10:58:59,2022-03-07 10:58:59
7007426947,กท.75-9389,2022-03-07 10:33:46,2022-03-07 10:54:52,2022-03-07 11:05:59,2022-03-07 11:05:59
7007417126,กท.79-1961,2022-03-07 10:36:55,2022-03-07 10:58:59,2022-03-07 11:07:27,2022-03-07 11:07:27
7007427040,จบ.80-8222,2022-03-07 10:48:30,2022-03-07 11:05:59,2022-03-07 11:15:26,2022-03-07 11:15:26
7007426925,ฉช.81-3257,2022-03-07 10:50:59,2022-03-07 11:07:27,2022-03-07 11:20:52,2022-03-07 11:20:52
7007421554,กท.79-0144,2022-03-07 10:51:24,2022-03-07 11:15:26,2022-03-07 11:25:57,2022-03-07 11:25:57
7007417063,กท.77-9738,2022-03-07 11:00:50,2022-03-07 11:20:52,2022-03-07 11:31:48,2022-03-07 11:31:48
7007427176,กท.79-8995,2022-03-07 11:07:32,2022-03-07 11:25:57,2022-03-07 11:37:18,2022-03-07 11:37:18
7007427199,กท.61-4720,2022-03-07 11:08:24,2022-03-07 11:31:48,2022-03-07 11:42:59,2022-03-07 11:42:59
7007427277,กท.79-7440,2022-03-07 11:20:28,2022-03-07 11:37:18,2022-03-07 11:47:10,2022-03-07 11:47:10
7007427443,กท.61-7783,2022-03-07 11:34:39,2022-03-07 11:42:59,2022-03-07 11:52:56,2022-03-07 11:52:56
7007417145,กท.74-9067,2022-03-07 11:37:56,2022-03-07 11:47:10,2022-03-07 11:57:05,2022-03-07 11:57:05
7007427729,ชบ.71-4793,2022-03-07 11:58:05,2022-03-07 11:58:05,2022-03-07 12:07:12,2022-03-07 12:07:12
7007427827,ชม.70-4219,2022-03-07 12:03:44,2022-03-07 12:03:44,2022-03-07 12:12:54,2022-03-07 12:12:54
7007427814,ลพ.70-0786,2022-03-07 12:04:18,2022-03-07 12:07:12,2022-03-07 12:17:02,2022-03-07 12:17:02
7007425883,ฉช.82-8346,2022-03-07 12:11:21,2022-03-07 12:12:54,2022-03-07 12:25:45,2022-03-07 12:25:45
7007427847,กท.79-8107,2022-03-07 12:20:11,2022-03-07 12:20:11,2022-03-07 12:30:08,2022-03-07 12:30:08
7007427744,กท.79-0641,2022-03-07 12:31:26,2022-03-07 12:31:26,2022-03-07 12:40:42,2022-03-07 12:40:42
7007427911,กท.61-6077,2022-03-07 12:32:05,2022-03-07 12:32:05,2022-03-07 12:43:40,2022-03-07 12:43:40
7007427917,ชม.70-6755,2022-03-07 12:50:40,2022-03-07 12:50:40,2022-03-07 12:59:58,2022-03-07 12:59:58
7007427950,ชม.70-5420,2022-03-07 12:53:35,2022-03-07 12:53:35,2022-03-07 13:02:36,2022-03-07 13:02:36
7007427926,ชม.70-5997,2022-03-07 12:56:07,2022-03-07 12:59:58,2022-03-07 13:11:16,2022-03-07 13:11:16
7007418595,กท.79-2717,2022-03-07 13:04:18,2022-03-07 13:04:18,2022-03-07 13:15:55,2022-03-07 13:15:55
7007428054,ชม.70-5302,2022-03-07 13:12:27,2022-03-07 13:12:27,2022-03-07 13:23:12,2022-03-07 13:23:12
7007417128,กท.78-6739,2022-03-07 13:15:28,2022-03-07 13:15:55,2022-03-07 13:27:32,2022-03-07 13:27:32
7007417147,กท.79-1830,2022-03-07 13:24:09,2022-03-07 13:24:09,2022-03-07 13:38:16,2022-03-07 13:38:16
7007426645,กท.79-0841,2022-03-07 13:34:14,2022-03-07 13:34:14,2022-03-07 13:47:06,2022-03-07 13:47:06
7007417075,กท.79-5584,2022-03-07 13:38:42,2022-03-07 13:38:42,2022-03-07 13:47:37,2022-03-07 13:47:37
7007421575,กท.79-0642,2022-03-07 13:45:46,2022-03-07 13:47:06,2022-03-07 13:58:58,2022-03-07 13:58:58
7007417077,กท.79-5578,2022-03-07 14:13:28,2022-03-07 14:13:28,2022-03-07 14:23:03,2022-03-07 14:23:03
7007429081,ชม.70-5122,2022-03-07 14:20:19,2022-03-07 14:20:19,2022-03-07 14:30:57,2022-03-07 14:30:57
7007417160,กท.78-6742,2022-03-07 14:26:22,2022-03-07 14:26:22,2022-03-07 14:36:07,2022-03-07 14:36:07
7007417093,กท.79-5579,2022-03-07 14:36:00,2022-03-07 14:36:00,2022-03-07 14:45:42,2022-03-07 14:45:42
7007425879,ฉช.81-4230,2022-03-07 14:44:50,2022-03-07 14:44:50,2022-03-07 14:54:05,2022-03-07 14:54:05
7007417104,กท.78-1149,2022-03-07 15:26:08,2022-03-07 15:26:08,2022-03-07 15:35:12,2022-03-07 15:35:12
7007426053,กท.79-5843,2022-03-07 15:41:35,2022-03-07 15:41:35,2022-03-07 15:55:36,2022-03-07 15:55:36
7007425803,กท.78-6744,2022-03-07 15:48:05,2022-03-07 15:48:05,2022-03-07 15:59:12,2022-03-07 15:59:12
7007430695,กท.79-5841,2022-03-07 15:54:45,2022-03-07 15:55:36,2022-03-07 16:05:35,2022-03-07 16:05:35
7007431151,ชม.70-5123,2022-03-07 16:06:43,2022-03-07 16:06:43,2022-03-07 16:16:42,2022-03-07 16:16:42
7007425966,กท.79-0644,2022-03-07 16:23:03,2022-03-07 16:23:03,2022-03-07 16:34:19,2022-03-07 16:34:19
7007427381,กท.79-1961,2022-03-07 16:30:25,2022-03-07 16:30:25,2022-03-07 16:41:03,2022-03-07 16:41:03
7007427389,กท.77-8133,2022-03-07 16:39:51,2022-03-07 16:39:51,2022-03-07 16:50:20,2022-03-07 16:50:20
7007425891,กท.77-9738,2022-03-07 16:42:07,2022-03-07 16:42:07,2022-03-07 16:51:31,2022-03-07 16:51:31
7007431467,สค.70-4074,2022-03-07 16:51:01,2022-03-07 16:51:01,2022-03-07 17:00:49,2022-03-07 17:00:49
7007432073,ชม.70-5299,2022-03-08 00:07:12,2022-03-08 00:07:12,2022-03-08 00:16:43,2022-03-08 00:16:43
7007432071,สค.70-4333,2022-03-08 00:06:49,2022-03-08 00:06:49,2022-03-08 00:17:28,2022-03-08 00:17:28
7007432074,ชม.70-4355,2022-03-08 00:07:29,2022-03-08 00:16:43,2022-03-08 00:26:34,2022-03-08 00:26:34
7007432072,สค.70-2917,2022-03-08 00:09:48,2022-03-08 00:17:28,2022-03-08 00:28:29,2022-03-08 00:28:29
7007432076,สค.70-4386,2022-03-08 00:10:27,2022-03-08 00:26:34,2022-03-08 00:36:53,2022-03-08 00:36:53
7007432070,สค.70-6119,2022-03-08 00:14:25,2022-03-08 00:28:29,2022-03-08 00:42:40,2022-03-08 00:42:40
7007432075,สค.70-2507,2022-03-08 00:22:52,2022-03-08 00:36:53,2022-03-08 00:49:09,2022-03-08 00:49:09
7007425953,ฉช.82-4812,2022-03-08 00:25:32,2022-03-08 00:42:40,2022-03-08 00:51:53,2022-03-08 00:51:53
7007432078,ชม.70-5301,2022-03-08 00:25:56,2022-03-08 00:49:09,2022-03-08 00:57:56,2022-03-08 00:57:56
7007432099,ชม.70-5261,2022-03-08 00:50:24,2022-03-08 00:51:53,2022-03-08 01:00:46,2022-03-08 01:00:46
7007432103,สค.70-2919,2022-03-08 01:10:37,2022-03-08 01:10:37,2022-03-08 01:19:16,2022-03-08 01:19:16
7007425876,ฉช.82-8528,2022-03-08 02:06:11,2022-03-08 02:06:11,2022-03-08 02:20:24,2022-03-08 02:20:24
7007432141,ฉช.82-2839,2022-03-08 03:10:02,2022-03-08 03:10:02,2022-03-08 03:23:20,2022-03-08 03:23:20
7007432156,กท.79-7691,2022-03-08 03:56:06,2022-03-08 03:56:06,2022-03-08 04:06:18,2022-03-08 04:06:18
7007425869,กท.79-2716,2022-03-08 06:06:38,2022-03-08 06:06:38,2022-03-08 06:21:23,2022-03-08 06:21:23
7007425974,กท.78-6742,2022-03-08 06:07:13,2022-03-08 06:07:13,2022-03-08 06:21:37,2022-03-08 06:21:37
7007432212,ชบ.85-0496,2022-03-08 06:11:12,2022-03-08 06:21:37,2022-03-08 06:31:55,2022-03-08 06:31:55
7007425885,กท.78-1149,2022-03-08 06:08:40,2022-03-08 06:21:23,2022-03-08 06:34:00,2022-03-08 06:34:00
7007432202,สค.70-6123,2022-03-08 06:13:38,2022-03-08 06:31:55,2022-03-08 06:40:41,2022-03-08 06:40:41
7007425959,กท.79-0841,2022-03-08 06:15:08,2022-03-08 06:34:00,2022-03-08 06:47:35,2022-03-08 06:47:35
7007425895,กท.79-0144,2022-03-08 06:20:39,2022-03-08 06:40:41,2022-03-08 06:54:32,2022-03-08 06:54:32
7007432257,ชม.70-5300,2022-03-08 06:21:47,2022-03-08 06:47:35,2022-03-08 06:59:56,2022-03-08 06:59:56
7007427394,กท.79-1830,2022-03-08 06:22:19,2022-03-08 06:54:32,2022-03-08 07:05:17,2022-03-08 07:05:17
7007432207,กท.78-4646,2022-03-08 06:23:11,2022-03-08 06:59:56,2022-03-08 07:09:47,2022-03-08 07:09:47
7007432268,ชม.70-5122,2022-03-08 06:26:17,2022-03-08 07:05:17,2022-03-08 07:16:32,2022-03-08 07:16:32
7007432273,กท.61-6471,2022-03-08 06:27:18,2022-03-08 07:09:47,2022-03-08 07:20:55,2022-03-08 07:20:55
7007425968,กท.78-6739,2022-03-08 06:32:58,2022-03-08 07:16:32,2022-03-08 07:25:49,2022-03-08 07:25:49
7007431362,กท.79-5578,2022-03-08 06:33:26,2022-03-08 07:20:55,2022-03-08 07:29:28,2022-03-08 07:29:28
7007432277,สค.70-4335,2022-03-08 06:34:41,2022-03-08 07:25:49,2022-03-08 07:38:51,2022-03-08 07:38:51
7007425904,กท.79-0642,2022-03-08 06:36:26,2022-03-08 07:29:28,2022-03-08 07:39:04,2022-03-08 07:39:04
7007427403,กท.74-9070,2022-03-08 06:40:27,2022-03-08 07:39:04,2022-03-08 07:47:34,2022-03-08 07:47:34
7007425893,กท.79-5579,2022-03-08 06:39:38,2022-03-08 07:38:51,2022-03-08 07:51:13,2022-03-08 07:51:13
7007425955,กท.78-7993,2022-03-08 06:40:55,2022-03-08 07:47:34,2022-03-08 07:56:08,2022-03-08 07:56:08
7007426054,กท.79-2717,2022-03-08 06:56:02,2022-03-08 07:51:13,2022-03-08 08:03:05,2022-03-08 08:03:05
7007425909,กท.74-9067,2022-03-08 07:00:58,2022-03-08 07:56:08,2022-03-08 08:06:27,2022-03-08 08:06:27
7007425888,กท.79-0641,2022-03-08 07:09:57,2022-03-08 08:03:05,2022-03-08 08:13:56,2022-03-08 08:13:56
7007425877,กท.76-4825,2022-03-08 07:11:13,2022-03-08 08:06:27,2022-03-08 08:16:52,2022-03-08 08:16:52
7007425810,กท.77-8134,2022-03-08 07:13:01,2022-03-08 08:13:56,2022-03-08 08:24:14,2022-03-08 08:24:14
7007425822,กท.60-4207,2022-03-08 07:18:40,2022-03-08 08:16:52,2022-03-08 08:29:18,2022-03-08 08:29:18
7007425910,กท.79-5584,2022-03-08 07:38:16,2022-03-08 08:24:14,2022-03-08 08:34:19,2022-03-08 08:34:19
7007427404,ฉช.82-7443,2022-03-08 07:44:27,2022-03-08 08:29:18,2022-03-08 08:37:50,2022-03-08 08:37:50
7007432678,กท.79-3258,2022-03-08 07:49:57,2022-03-08 08:34:19,2022-03-08 08:44:47,2022-03-08 08:44:47
7007432789,ลพ.70-0786,2022-03-08 08:11:19,2022-03-08 08:37:50,2022-03-08 08:49:56,2022-03-08 08:49:56
7007432815,กท.79-3259,2022-03-08 08:22:15,2022-03-08 08:44:47,2022-03-08 08:54:35,2022-03-08 08:54:35
7007433007,กท.79-5841,2022-03-08 08:42:35,2022-03-08 08:49:56,2022-03-08 09:00:07,2022-03-08 09:00:07
7007432980,กท.79-3257,2022-03-08 08:43:13,2022-03-08 08:54:35,2022-03-08 09:05:51,2022-03-08 09:05:51
7007433203,ชบ.85-3878,2022-03-08 09:03:02,2022-03-08 09:03:02,2022-03-08 09:14:12,2022-03-08 09:14:12
7007433305,กท.75-3041,2022-03-08 09:10:33,2022-03-08 09:10:33,2022-03-08 09:20:07,2022-03-08 09:20:07
7007433317,ชบ.84-7237,2022-03-08 09:22:08,2022-03-08 09:22:08,2022-03-08 09:32:35,2022-03-08 09:32:35
7007433447,กท.75-6899,2022-03-08 09:31:51,2022-03-08 09:31:51,2022-03-08 09:42:18,2022-03-08 09:42:18
7007425964,กท.79-0841,2022-03-08 09:35:40,2022-03-08 09:35:40,2022-03-08 09:45:58,2022-03-08 09:45:58
7007433550,กท.79-8105,2022-03-08 09:51:23,2022-03-08 09:51:23,2022-03-08 10:05:53,2022-03-08 10:05:53
7007433607,นม.70-6589,2022-03-08 09:56:56,2022-03-08 09:56:56,2022-03-08 10:07:23,2022-03-08 10:07:23
7007433579,ชบ.84-7139,2022-03-08 09:57:15,2022-03-08 10:05:53,2022-03-08 10:16:34,2022-03-08 10:16:34
7007433779,จบ.80-8222,2022-03-08 10:30:15,2022-03-08 10:30:15,2022-03-08 10:41:25,2022-03-08 10:41:25
7007433856,ชม.70-5125,2022-03-08 10:34:22,2022-03-08 10:34:22,2022-03-08 10:46:42,2022-03-08 10:46:42
7007433882,นม.70-5434,2022-03-08 10:37:26,2022-03-08 10:41:25,2022-03-08 10:53:01,2022-03-08 10:53:01
7007425960,กท.78-7993,2022-03-08 10:47:30,2022-03-08 10:47:30,2022-03-08 10:57:41,2022-03-08 10:57:41
7007426056,กท.79-5578,2022-03-08 11:05:51,2022-03-08 11:05:51,2022-03-08 11:14:20,2022-03-08 11:14:20
7007426052,กท.78-6739,2022-03-08 11:09:25,2022-03-08 11:09:25,2022-03-08 11:19:28,2022-03-08 11:19:28
7007434022,กท.75-2786,2022-03-08 11:11:03,2022-03-08 11:14:20,2022-03-08 11:25:02,2022-03-08 11:25:02
7007427408,กท.79-2717,2022-03-08 11:15:56,2022-03-08 11:19:28,2022-03-08 11:29:05,2022-03-08 11:29:05
7007433927,ฉช.82-8528,2022-03-08 11:39:49,2022-03-08 11:39:49,2022-03-08 11:51:22,2022-03-08 11:51:22
7007433923,ฉช.82-4812,2022-03-08 11:46:32,2022-03-08 11:46:32,2022-03-08 11:56:19,2022-03-08 11:56:19
7007425806,ฉช.82-7443,2022-03-08 11:50:58,2022-03-08 11:51:22,2022-03-08 12:03:04,2022-03-08 12:03:04
7007434246,กท.79-2898,2022-03-08 12:14:08,2022-03-08 12:14:08,2022-03-08 12:24:16,2022-03-08 12:24:16
7007425873,กท.79-5579,2022-03-08 12:19:48,2022-03-08 12:19:48,2022-03-08 12:31:04,2022-03-08 12:31:04
7007433683,กท.78-6742,2022-03-08 12:27:32,2022-03-08 12:27:32,2022-03-08 12:39:13,2022-03-08 12:39:13
7007434338,ชบ.82-4190,2022-03-08 12:29:00,2022-03-08 12:31:04,2022-03-08 12:42:51,2022-03-08 12:42:51
7007425905,กท.75-1033,2022-03-08 12:30:41,2022-03-08 12:39:13,2022-03-08 12:49:37,2022-03-08 12:49:37
7007434297,กท.61-4783,2022-03-08 12:32:36,2022-03-08 12:42:51,2022-03-08 12:53:46,2022-03-08 12:53:46
7007434266,กท.78-1149,2022-03-08 12:36:12,2022-03-08 12:49:37,2022-03-08 12:58:52,2022-03-08 12:58:52
7007425815,กท.78-6744,2022-03-08 12:45:59,2022-03-08 12:53:46,2022-03-08 13:02:11,2022-03-08 13:02:11
7007434404,ชม.70-5421,2022-03-08 12:53:09,2022-03-08 12:58:52,2022-03-08 13:10:50,2022-03-08 13:10:50
7007434417,กท.79-1818,2022-03-08 12:55:22,2022-03-08 13:02:11,2022-03-08 13:14:46,2022-03-08 13:14:46
7007425880,กท.79-0642,2022-03-08 13:00:14,2022-03-08 13:14:46,2022-03-08 13:23:57,2022-03-08 13:23:57
7007434428,ตร.80-5684,2022-03-08 12:58:26,2022-03-08 13:10:50,2022-03-08 13:24:17,2022-03-08 13:24:17
7007430441,กท.77-8134,2022-03-08 13:26:34,2022-03-08 13:26:34,2022-03-08 13:37:20,2022-03-08 13:37:20
7007434300,กท.79-1830,2022-03-08 13:34:20,2022-03-08 13:34:20,2022-03-08 13:44:25,2022-03-08 13:44:25
7007425901,กท.79-0144,2022-03-08 13:39:03,2022-03-08 13:39:03,2022-03-08 13:47:45,2022-03-08 13:47:45
7007433659,กท.77-9738,2022-03-08 13:46:35,2022-03-08 13:46:35,2022-03-08 13:58:20,2022-03-08 13:58:20
7007434807,กท.61-6876,2022-03-08 14:06:35,2022-03-08 14:06:35,2022-03-08 14:16:06,2022-03-08 14:16:06
7007425947,กท.77-8133,2022-03-08 14:08:22,2022-03-08 14:08:22,2022-03-08 14:19:31,2022-03-08 14:19:31
7007435038,กท.79-7691,2022-03-08 14:21:03,2022-03-08 14:21:03,2022-03-08 14:34:08,2022-03-08 14:34:08
7007435166,กท.61-6471,2022-03-08 14:25:21,2022-03-08 14:25:21,2022-03-08 14:36:05,2022-03-08 14:36:05
7007426066,กท.79-5584,2022-03-08 14:27:58,2022-03-08 14:34:08,2022-03-08 14:44:49,2022-03-08 14:44:49
7007425984,กท.79-2716,2022-03-08 14:35:34,2022-03-08 14:36:05,2022-03-08 14:48:26,2022-03-08 14:48:26
7007435292,ชม.70-5302,2022-03-08 14:42:49,2022-03-08 14:44:49,2022-03-08 14:55:02,2022-03-08 14:55:02
7007425949,กท.79-0641,2022-03-08 14:48:28,2022-03-08 14:48:28,2022-03-08 15:01:31,2022-03-08 15:01:31
7007435310,ชบ.85-3878,2022-03-08 14:48:43,2022-03-08 14:55:02,2022-03-08 15:05:08,2022-03-08 15:05:08
7007435413,ชม.70-4219,2022-03-08 14:57:47,2022-03-08 15:01:31,2022-03-08 15:13:12,2022-03-08 15:13:12
7007425884,กท.79-5843,2022-03-08 15:06:15,2022-03-08 15:06:15,2022-03-08 15:16:27,2022-03-08 15:16:27
7007435479,กท.79-5841,2022-03-08 15:11:19,2022-03-08 15:13:12,2022-03-08 15:23:12,2022-03-08 15:23:12
7007425963,กท.79-1961,2022-03-08 15:24:08,2022-03-08 15:24:08,2022-03-08 15:35:01,2022-03-08 15:35:01
7007433680,กท.79-0644,2022-03-08 15:40:52,2022-03-08 15:40:52,2022-03-08 15:50:55,2022-03-08 15:50:55
7007435771,กท.79-5840,2022-03-08 15:45:46,2022-03-08 15:45:46,2022-03-08 15:57:07,2022-03-08 15:57:07
7007436379,รย.81-6767,2022-03-08 16:28:30,2022-03-08 16:28:30,2022-03-08 16:41:41,2022-03-08 16:41:41
7007434881,ฉช.81-4230,2022-03-08 16:33:19,2022-03-08 16:33:19,2022-03-08 16:43:43,2022-03-08 16:43:43
7007436320,กท.74-9067,2022-03-08 16:33:56,2022-03-08 16:41:41,2022-03-08 16:52:33,2022-03-08 16:52:33
7007425892,ฉช.82-7443,2022-03-08 16:38:43,2022-03-08 16:43:43,2022-03-08 16:53:00,2022-03-08 16:53:00
7007433666,กท.79-0642,2022-03-08 16:42:14,2022-03-08 16:52:33,2022-03-08 17:03:05,2022-03-08 17:03:05
7007435581,กท.79-5579,2022-03-08 17:29:56,2022-03-08 17:29:56,2022-03-08 17:40:05,2022-03-08 17:40:05
7007434631,กท.77-9738,2022-03-08 17:35:45,2022-03-08 17:35:45,2022-03-08 17:49:17,2022-03-08 17:49:17
7007434875,กท.77-8134,2022-03-08 18:13:49,2022-03-08 18:13:49,2022-03-08 18:25:11,2022-03-08 18:25:11
7007434629,กท.77-8133,2022-03-08 18:17:50,2022-03-08 18:17:50,2022-03-08 18:29:39,2022-03-08 18:29:39
7007434656,กท.78-1149,2022-03-08 18:19:03,2022-03-08 18:25:11,2022-03-08 18:36:03,2022-03-08 18:36:03
7007436768,กท.78-6742,2022-03-08 18:45:33,2022-03-08 18:45:33,2022-03-08 18:59:03,2022-03-08 18:59:03
7007437245,ชม.70-4355,2022-03-09 00:11:32,2022-03-09 00:11:32,2022-03-09 00:22:23,2022-03-09 00:22:23
7007437247,ชม.70-5301,2022-03-09 00:15:37,2022-03-09 00:15:37,2022-03-09 00:29:31,2022-03-09 00:29:31
7007437254,สค.70-4397,2022-03-09 00:19:30,2022-03-09 00:22:23,2022-03-09 00:31:32,2022-03-09 00:31:32
7007437244,สค.70-6119,2022-03-09 00:19:43,2022-03-09 00:29:31,2022-03-09 00:39:36,2022-03-09 00:39:36
7007437246,สค.70-5407,2022-03-09 00:20:44,2022-03-09 00:31:32,2022-03-09 00:40:08,2022-03-09 00:40:08
7007437255,สค.70-3937,2022-03-09 00:22:58,2022-03-09 00:39:36,2022-03-09 00:50:24,2022-03-09 00:50:24
7007437248,สค.70-6125,2022-03-09 00:23:39,2022-03-09 00:40:08,2022-03-09 00:51:19,2022-03-09 00:51:19
7007437256,รย.71-2638,2022-03-09 00:38:30,2022-03-09 00:51:19,2022-03-09 01:02:47,2022-03-09 01:02:47
7007437261,ลพ.70-0785,2022-03-09 00:37:52,2022-03-09 00:50:24,2022-03-09 01:02:56,2022-03-09 01:02:56
7007437284,ชม.70-5261,2022-03-09 01:11:26,2022-03-09 01:11:26,2022-03-09 01:21:10,2022-03-09 01:21:10
7007437299,ลพ.70-0786,2022-03-09 02:02:22,2022-03-09 02:02:22,2022-03-09 02:14:41,2022-03-09 02:14:41
7007437307,ชม.70-5300,2022-03-09 02:22:01,2022-03-09 02:22:01,2022-03-09 02:35:45,2022-03-09 02:35:45
7007434886,ฉช.82-3201,2022-03-09 02:42:19,2022-03-09 02:42:19,2022-03-09 02:54:22,2022-03-09 02:54:22
7007434638,กท.79-0644,2022-03-09 03:11:33,2022-03-09 03:11:33,2022-03-09 03:20:01,2022-03-09 03:20:01
7007434653,กท.79-5843,2022-03-09 06:06:54,2022-03-09 06:06:54,2022-03-09 06:15:40,2022-03-09 06:15:40
7007437394,ชม.70-5299,2022-03-09 06:09:45,2022-03-09 06:09:45,2022-03-09 06:18:33,2022-03-09 06:18:33
7007436699,กท.79-5584,2022-03-09 06:09:50,2022-03-09 06:15:40,2022-03-09 06:25:16,2022-03-09 06:25:16
7007437410,สค.70-6123,2022-03-09 06:10:27,2022-03-09 06:18:33,2022-03-09 06:29:33,2022-03-09 06:29:33
7007434639,กท.79-1830,2022-03-09 06:10:54,2022-03-09 06:25:16,2022-03-09 06:34:35,2022-03-09 06:34:35
7007434642,กท.76-4825,2022-03-09 06:11:08,2022-03-09 06:29:33,2022-03-09 06:39:08,2022-03-09 06:39:08
7007437427,สค.70-4335,2022-03-09 06:23:11,2022-03-09 06:34:35,2022-03-09 06:44:31,2022-03-09 06:44:31
7007434640,กท.74-9067,2022-03-09 06:26:03,2022-03-09 06:39:08,2022-03-09 06:48:30,2022-03-09 06:48:30
7007434786,กท.79-5579,2022-03-09 06:29:22,2022-03-09 06:44:31,2022-03-09 06:56:04,2022-03-09 06:56:04
7007437439,กท.61-6471,2022-03-09 06:30:39,2022-03-09 06:48:30,2022-03-09 07:00:46,2022-03-09 07:00:46
7007434658,กท.79-2716,2022-03-09 06:41:09,2022-03-09 06:56:04,2022-03-09 07:07:41,2022-03-09 07:07:41
7007434644,กท.79-5578,2022-03-09 06:42:06,2022-03-09 07:00:46,2022-03-09 07:11:11,2022-03-09 07:11:11
7007434659,กท.79-0144,2022-03-09 06:44:42,2022-03-09 07:11:11,2022-03-09 07:21:01,2022-03-09 07:21:01
7007434647,กท.79-1961,2022-03-09 06:43:30,2022-03-09 07:07:41,2022-03-09 07:21:17,2022-03-09 07:21:17
7007437465,กท.78-4646,2022-03-09 06:45:25,2022-03-09 07:21:01,2022-03-09 07:29:52,2022-03-09 07:29:52
7007436680,กท.78-6739,2022-03-09 06:46:16,2022-03-09 07:21:17,2022-03-09 07:32:44,2022-03-09 07:32:44
7007435385,กท.79-0642,2022-03-09 06:48:03,2022-03-09 07:29:52,2022-03-09 07:38:28,2022-03-09 07:38:28
7007434637,กท.79-0641,2022-03-09 06:59:20,2022-03-09 07:32:44,2022-03-09 07:43:07,2022-03-09 07:43:07
7007436829,กท.78-7993,2022-03-09 07:07:31,2022-03-09 07:38:28,2022-03-09 07:52:39,2022-03-09 07:52:39
7007434627,ฉช.82-7443,2022-03-09 07:07:37,2022-03-09 07:43:07,2022-03-09 07:53:55,2022-03-09 07:53:55
7007434630,กท.79-0841,2022-03-09 07:11:23,2022-03-09 07:52:39,2022-03-09 08:02:48,2022-03-09 08:02:48
7007434654,กท.60-4205,2022-03-09 07:25:59,2022-03-09 07:53:55,2022-03-09 08:07:38,2022-03-09 08:07:38
7007434635,กท.78-6744,2022-03-09 07:31:50,2022-03-09 08:02:48,2022-03-09 08:15:59,2022-03-09 08:15:59
7007434808,กท.79-2717,2022-03-09 07:37:52,2022-03-09 08:07:38,2022-03-09 08:18:24,2022-03-09 08:18:24
7007437703,กท.79-3259,2022-03-09 07:53:27,2022-03-09 08:18:24,2022-03-09 08:27:54,2022-03-09 08:27:54
7007437691,นม.70-6730,2022-03-09 07:47:17,2022-03-09 08:15:59,2022-03-09 08:29:06,2022-03-09 08:29:06
7007437725,กท.79-5842,2022-03-09 07:57:07,2022-03-09 08:27:54,2022-03-09 08:38:43,2022-03-09 08:38:43
7007437911,กท.79-3258,2022-03-09 08:36:26,2022-03-09 08:36:26,2022-03-09 08:49:11,2022-03-09 08:49:11
7007438020,ฉช.81-3257,2022-03-09 08:57:32,2022-03-09 08:57:32,2022-03-09 09:10:34,2022-03-09 09:10:34
7007434671,กท.75-1033,2022-03-09 09:01:59,2022-03-09 09:01:59,2022-03-09 09:11:57,2022-03-09 09:11:57
7007438119,กท.79-8105,2022-03-09 09:17:40,2022-03-09 09:17:40,2022-03-09 09:28:12,2022-03-09 09:28:12
7007438117,กท.79-2898,2022-03-09 09:17:31,2022-03-09 09:17:31,2022-03-09 09:29:17,2022-03-09 09:29:17
7007438122,กท.79-7440,2022-03-09 09:19:00,2022-03-09 09:28:12,2022-03-09 09:38:22,2022-03-09 09:38:22
7007438110,ชม.70-5420,2022-03-09 09:21:27,2022-03-09 09:29:17,2022-03-09 09:41:47,2022-03-09 09:41:47
7007438124,กท.79-5840,2022-03-09 09:21:30,2022-03-09 09:38:22,2022-03-09 09:48:58,2022-03-09 09:48:58
7007438196,ฉช.82-2839,2022-03-09 09:31:53,2022-03-09 09:41:47,2022-03-09 09:51:58,2022-03-09 09:51:58
7007438388,นม.70-6720,2022-03-09 09:46:00,2022-03-09 09:48:58,2022-03-09 09:58:33,2022-03-09 09:58:33
7007438156,ชม.70-5302,2022-03-09 09:46:01,2022-03-09 09:51:58,2022-03-09 10:02:40,2022-03-09 10:02:40
7007436689,กท.79-2717,2022-03-09 09:47:57,2022-03-09 09:58:33,2022-03-09 10:08:23,2022-03-09 10:08:23
7007438462,ชบ.83-3599,2022-03-09 09:57:09,2022-03-09 10:02:40,2022-03-09 10:12:05,2022-03-09 10:12:05
7007438109,ฉช.82-3201,2022-03-09 10:06:39,2022-03-09 10:08:23,2022-03-09 10:18:14,2022-03-09 10:18:14
7007438586,ชม.70-4219,2022-03-09 10:07:34,2022-03-09 10:12:05,2022-03-09 10:22:03,2022-03-09 10:22:03
7007434809,กท.79-0641,2022-03-09 10:27:14,2022-03-09 10:27:14,2022-03-09 10:37:27,2022-03-09 10:37:27
7007434634,กท.79-5579,2022-03-09 10:29:35,2022-03-09 10:29:35,2022-03-09 10:40:01,2022-03-09 10:40:01
7007438791,กท.61-6876,2022-03-09 10:38:03,2022-03-09 10:38:03,2022-03-09 10:49:52,2022-03-09 10:49:52
7007436401,กท.79-0841,2022-03-09 10:41:12,2022-03-09 10:41:12,2022-03-09 10:50:19,2022-03-09 10:50:19
7007438768,ชม.70-6751,2022-03-09 10:51:06,2022-03-09 10:51:06,2022-03-09 11:00:42,2022-03-09 11:00:42
7007434632,กท.79-5584,2022-03-09 10:44:39,2022-03-09 10:49:52,2022-03-09 11:02:57,2022-03-09 11:02:57
7007434670,กท.78-6744,2022-03-09 10:51:36,2022-03-09 11:00:42,2022-03-09 11:11:32,2022-03-09 11:11:32
7007438921,สค.70-4074,2022-03-09 10:52:09,2022-03-09 11:02:57,2022-03-09 11:11:33,2022-03-09 11:11:33
7007439057,ลพ.70-0785,2022-03-09 10:54:10,2022-03-09 11:11:32,2022-03-09 11:24:08,2022-03-09 11:24:08
7007439036,ชบ.71-8902,2022-03-09 10:59:45,2022-03-09 11:11:33,2022-03-09 11:25:37,2022-03-09 11:25:37
7007439104,ชม.70-5122,2022-03-09 11:01:47,2022-03-09 11:25:37,2022-03-09 11:34:07,2022-03-09 11:34:07
7007434646,กท.60-4208,2022-03-09 11:00:46,2022-03-09 11:24:08,2022-03-09 11:38:09,2022-03-09 11:38:09
7007439287,กท.75-9797,2022-03-09 11:33:54,2022-03-09 11:34:07,2022-03-09 11:47:16,2022-03-09 11:47:16
7007439267,กท.78-5932,2022-03-09 11:35:25,2022-03-09 11:38:09,2022-03-09 11:52:06,2022-03-09 11:52:06
7007439061,กท.79-1830,2022-03-09 11:41:01,2022-03-09 11:47:16,2022-03-09 11:58:15,2022-03-09 11:58:15
7007439502,ชม.70-5421,2022-03-09 12:09:41,2022-03-09 12:09:41,2022-03-09 12:21:17,2022-03-09 12:21:17
7007439467,จบ.80-3645,2022-03-09 12:11:09,2022-03-09 12:11:09,2022-03-09 12:22:46,2022-03-09 12:22:46
7007439616,ชบ.84-7975,2022-03-09 12:22:30,2022-03-09 12:22:30,2022-03-09 12:36:52,2022-03-09 12:36:52
7007434879,กท.79-0144,2022-03-09 12:29:30,2022-03-09 12:29:30,2022-03-09 12:42:11,2022-03-09 12:42:11
7007437946,กท.77-8133,2022-03-09 12:39:07,2022-03-09 12:39:07,2022-03-09 12:52:51,2022-03-09 12:52:51
7007439673,กท.75-7868,2022-03-09 12:52:43,2022-03-09 12:52:51,2022-03-09 13:03:07,2022-03-09 13:03:07
7007434802,กท.74-9067,2022-03-09 12:52:41,2022-03-09 12:52:41,2022-03-09 13:04:37,2022-03-09 13:04:37
7007434652,กท.79-0644,2022-03-09 13:12:30,2022-03-09 13:12:30,2022-03-09 13:26:03,2022-03-09 13:26:03
7007438063,กท.78-6739,2022-03-09 13:32:28,2022-03-09 13:32:28,2022-03-09 13:46:09,2022-03-09 13:46:09
7007435226,กท.79-5843,2022-03-09 13:40:13,2022-03-09 13:40:13,2022-03-09 13:50:23,2022-03-09 13:50:23
7007434663,กท.78-6742,2022-03-09 13:45:03,2022-03-09 13:46:09,2022-03-09 13:56:32,2022-03-09 13:56:32
7007440445,กท.61-8797,2022-03-09 13:45:29,2022-03-09 13:50:23,2022-03-09 14:02:50,2022-03-09 14:02:50
7007434636,กท.79-0642,2022-03-09 13:56:16,2022-03-09 13:56:32,2022-03-09 14:06:28,2022-03-09 14:06:28
7007434870,ฉช.82-7443,2022-03-09 13:56:57,2022-03-09 14:02:50,2022-03-09 14:13:38,2022-03-09 14:13:38
7007438473,กท.78-7993,2022-03-09 14:00:09,2022-03-09 14:06:28,2022-03-09 14:15:36,2022-03-09 14:15:36
7007434794,กท.79-2716,2022-03-09 14:01:28,2022-03-09 14:13:38,2022-03-09 14:22:29,2022-03-09 14:22:29
7007435382,กท.78-1149,2022-03-09 14:10:05,2022-03-09 14:15:36,2022-03-09 14:28:36,2022-03-09 14:28:36
7007434665,กท.77-8134,2022-03-09 14:28:15,2022-03-09 14:28:15,2022-03-09 14:38:29,2022-03-09 14:38:29
7007439451,กท.79-5578,2022-03-09 14:38:36,2022-03-09 14:38:36,2022-03-09 14:49:56,2022-03-09 14:49:56
7007434633,กท.77-9738,2022-03-09 14:50:10,2022-03-09 14:50:10,2022-03-09 15:01:39,2022-03-09 15:01:39
7007441378,กท.79-5840,2022-03-09 15:04:48,2022-03-09 15:04:48,2022-03-09 15:15:23,2022-03-09 15:15:23
7007434797,กท.79-1961,2022-03-09 15:09:58,2022-03-09 15:09:58,2022-03-09 15:19:02,2022-03-09 15:19:02
7007438210,ฉช.81-4230,2022-03-09 15:29:01,2022-03-09 15:29:01,2022-03-09 15:40:28,2022-03-09 15:40:28
7007438193,ฉช.82-2839,2022-03-09 15:40:17,2022-03-09 15:40:17,2022-03-09 15:50:58,2022-03-09 15:50:58
7007441625,ชม.70-5299,2022-03-09 15:43:43,2022-03-09 15:43:43,2022-03-09 15:53:17,2022-03-09 15:53:17
7007441386,กท.78-6742,2022-03-09 16:13:51,2022-03-09 16:13:51,2022-03-09 16:24:42,2022-03-09 16:24:42
7007442003,ลพ.70-0785,2022-03-09 16:51:57,2022-03-09 16:51:57,2022-03-09 17:03:14,2022-03-09 17:03:14
7007438201,กท.78-7993,2022-03-09 17:20:14,2022-03-09 17:20:14,2022-03-09 17:30:00,2022-03-09 17:30:00
7007438219,กท.77-8134,2022-03-09 17:22:26,2022-03-09 17:22:26,2022-03-09 17:34:22,2022-03-09 17:34:22
7007441609,กท.79-5843,2022-03-09 17:22:46,2022-03-09 17:30:00,2022-03-09 17:41:16,2022-03-09 17:41:16
7007438214,กท.78-6739,2022-03-09 17:29:23,2022-03-09 17:34:22,2022-03-09 17:42:59,2022-03-09 17:42:59
7007438291,กท.79-0642,2022-03-09 18:04:07,2022-03-09 18:04:07,2022-03-09 18:13:25,2022-03-09 18:13:25
7007442506,ชม.70-4355,2022-03-10 00:05:29,2022-03-10 00:05:29,2022-03-10 00:16:03,2022-03-10 00:16:03
7007442570,จบ.80-8222,2022-03-10 00:08:32,2022-03-10 00:08:32,2022-03-10 00:19:17,2022-03-10 00:19:17
7007442507,สค.70-6119,2022-03-10 00:12:05,2022-03-10 00:16:03,2022-03-10 00:24:41,2022-03-10 00:24:41
7007442508,ชม.70-5261,2022-03-10 00:12:24,2022-03-10 00:19:17,2022-03-10 00:29:39,2022-03-10 00:29:39
7007442512,ชม.70-5300,2022-03-10 00:16:11,2022-03-10 00:24:41,2022-03-10 00:37:21,2022-03-10 00:37:21
7007442513,สค.70-3665,2022-03-10 00:18:59,2022-03-10 00:29:39,2022-03-10 00:39:14,2022-03-10 00:39:14
7007442510,ชม.70-5301,2022-03-10 00:20:35,2022-03-10 00:37:21,2022-03-10 00:49:33,2022-03-10 00:49:33
7007442514,กท.79-5840,2022-03-10 01:06:30,2022-03-10 01:06:30,2022-03-10 01:19:39,2022-03-10 01:19:39
7007442553,สค.70-4397,2022-03-10 02:00:16,2022-03-10 02:00:16,2022-03-10 02:09:19,2022-03-10 02:09:19
7007439014,ฉช.82-4812,2022-03-10 02:07:08,2022-03-10 02:07:08,2022-03-10 02:17:30,2022-03-10 02:17:30
7007438271,ฉช.82-7170,2022-03-10 02:45:55,2022-03-10 02:45:55,2022-03-10 02:56:31,2022-03-10 02:56:31
7007439328,ฉช.82-8346,2022-03-10 03:23:29,2022-03-10 03:23:29,2022-03-10 03:36:06,2022-03-10 03:36:06
7007438194,ฉช.82-3201,2022-03-10 03:27:03,2022-03-10 03:27:03,2022-03-10 03:40:17,2022-03-10 03:40:17
7007438258,กท.75-1033,2022-03-10 04:04:10,2022-03-10 04:04:10,2022-03-10 04:13:43,2022-03-10 04:13:43
7007438205,กท.76-4825,2022-03-10 04:20:36,2022-03-10 04:20:36,2022-03-10 04:33:43,2022-03-10 04:33:43
7007442627,กท.79-6704,2022-03-10 04:40:16,2022-03-10 04:40:16,2022-03-10 04:54:30,2022-03-10 04:54:30
7007438182,กท.78-6742,2022-03-10 06:04:06,2022-03-10 06:04:06,2022-03-10 06:15:22,2022-03-10 06:15:22
7007438183,กท.79-5843,2022-03-10 06:04:29,2022-03-10 06:04:29,2022-03-10 06:16:09,2022-03-10 06:16:09
7007442164,กท.78-1149,2022-03-10 06:04:56,2022-03-10 06:15:22,2022-03-10 06:26:37,2022-03-10 06:26:37
7007442656,ชบ.82-4190,2022-03-10 06:08:12,2022-03-10 06:16:09,2022-03-10 06:30:03,2022-03-10 06:30:03
7007442105,กท.79-5584,2022-03-10 06:09:46,2022-03-10 06:30:03,2022-03-10 06:38:30,2022-03-10 06:38:30
7007442676,สค.70-6125,2022-03-10 06:08:36,2022-03-10 06:26:37,2022-03-10 06:39:46,2022-03-10 06:39:46
7007438275,กท.79-0144,2022-03-10 06:14:59,2022-03-10 06:38:30,2022-03-10 06:48:28,2022-03-10 06:48:28
7007442347,กท.79-5578,2022-03-10 06:15:14,2022-03-10 06:39:46,2022-03-10 06:49:45,2022-03-10 06:49:45
7007438264,กท.74-9070,2022-03-10 06:27:26,2022-03-10 06:49:45,2022-03-10 06:58:59,2022-03-10 06:58:59
7007438185,กท.79-2716,2022-03-10 06:15:40,2022-03-10 06:48:28,2022-03-10 06:59:24,2022-03-10 06:59:24
7007442735,สค.70-4335,2022-03-10 06:34:00,2022-03-10 06:58:59,2022-03-10 07:07:56,2022-03-10 07:07:56
7007438179,กท.79-1961,2022-03-10 06:36:19,2022-03-10 06:59:24,2022-03-10 07:09:17,2022-03-10 07:09:17
7007438226,กท.79-1830,2022-03-10 06:39:41,2022-03-10 07:07:56,2022-03-10 07:18:54,2022-03-10 07:18:54
7007438253,กท.74-9067,2022-03-10 06:44:05,2022-03-10 07:09:17,2022-03-10 07:21:15,2022-03-10 07:21:15
7007442761,สค.70-6123,2022-03-10 06:44:58,2022-03-10 07:18:54,2022-03-10 07:28:57,2022-03-10 07:28:57
7007438266,กท.77-8133,2022-03-10 06:48:33,2022-03-10 07:21:15,2022-03-10 07:31:24,2022-03-10 07:31:24
7007438191,กท.79-0841,2022-03-10 06:49:49,2022-03-10 07:28:57,2022-03-10 07:40:32,2022-03-10 07:40:32
7007438246,กท.79-0641,2022-03-10 06:59:00,2022-03-10 07:31:24,2022-03-10 07:44:41,2022-03-10 07:44:41
7007438180,กท.77-9738,2022-03-10 06:59:10,2022-03-10 07:40:32,2022-03-10 07:49:42,2022-03-10 07:49:42
7007438198,กท.79-5579,2022-03-10 07:05:25,2022-03-10 07:44:41,2022-03-10 07:54:58,2022-03-10 07:54:58
7007438229,กท.60-4205,2022-03-10 07:11:39,2022-03-10 07:49:42,2022-03-10 08:02:05,2022-03-10 08:02:05
7007438293,กท.79-2717,2022-03-10 07:17:47,2022-03-10 07:54:58,2022-03-10 08:07:13,2022-03-10 08:07:13
7007439013,กท.60-4208,2022-03-10 07:26:17,2022-03-10 08:02:05,2022-03-10 08:11:58,2022-03-10 08:11:58
7007438200,กท.79-0644,2022-03-10 07:34:37,2022-03-10 08:07:13,2022-03-10 08:20:09,2022-03-10 08:20:09
7007438255,ฉช.82-7443,2022-03-10 07:38:19,2022-03-10 08:11:58,2022-03-10 08:21:51,2022-03-10 08:21:51
7007441162,กท.78-6744,2022-03-10 07:55:42,2022-03-10 08:20:09,2022-03-10 08:30:29,2022-03-10 08:30:29
7007443056,กท.79-5842,2022-03-10 08:00:51,2022-03-10 08:21:51,2022-03-10 08:33:03,2022-03-10 08:33:03
7007443063,กท.79-3258,2022-03-10 08:06:11,2022-03-10 08:30:29,2022-03-10 08:39:58,2022-03-10 08:39:58
7007443062,กท.79-8104,2022-03-10 08:07:06,2022-03-10 08:33:03,2022-03-10 08:44:01,2022-03-10 08:44:01
7007443079,กท.79-3259,2022-03-10 08:11:36,2022-03-10 08:39:58,2022-03-10 08:50:05,2022-03-10 08:50:05
7007443128,ตร.80-2192,2022-03-10 08:13:05,2022-03-10 08:44:01,2022-03-10 08:54:50,2022-03-10 08:54:50
7007443162,กท.79-5841,2022-03-10 08:22:36,2022-03-10 08:50:05,2022-03-10 09:03:52,2022-03-10 09:03:52
7007443090,กท.79-2898,2022-03-10 08:25:56,2022-03-10 08:54:50,2022-03-10 09:04:16,2022-03-10 09:04:16
7007443266,ชบ.71-4793,2022-03-10 08:38:06,2022-03-10 09:04:16,2022-03-10 09:14:46,2022-03-10 09:14:46
7007443232,ลพ.70-0786,2022-03-10 08:26:03,2022-03-10 09:03:52,2022-03-10 09:15:14,2022-03-10 09:15:14
7007443519,กท.79-3257,2022-03-10 09:07:54,2022-03-10 09:14:46,2022-03-10 09:24:08,2022-03-10 09:24:08
7007443621,กท.79-7440,2022-03-10 09:14:55,2022-03-10 09:15:14,2022-03-10 09:26:24,2022-03-10 09:26:24
7007443563,กท.75-6899,2022-03-10 09:19:12,2022-03-10 09:24:08,2022-03-10 09:34:50,2022-03-10 09:34:50
7007443668,ชบ.84-7156,2022-03-10 09:21:44,2022-03-10 09:26:24,2022-03-10 09:35:47,2022-03-10 09:35:47
7007443664,นม.70-5434,2022-03-10 09:29:15,2022-03-10 09:34:50,2022-03-10 09:45:31,2022-03-10 09:45:31
7007441283,กท.78-6742,2022-03-10 09:42:21,2022-03-10 09:42:21,2022-03-10 09:52:48,2022-03-10 09:52:48
7007438189,กท.60-4207,2022-03-10 09:47:34,2022-03-10 09:47:34,2022-03-10 10:01:07,2022-03-10 10:01:07
7007443888,รย.82-4242,2022-03-10 09:53:04,2022-03-10 09:53:04,2022-03-10 10:01:27,2022-03-10 10:01:27
7007438262,กท.79-0144,2022-03-10 09:54:43,2022-03-10 10:01:07,2022-03-10 10:12:49,2022-03-10 10:12:49
7007443793,ชบ.85-3878,2022-03-10 10:00:00,2022-03-10 10:01:27,2022-03-10 10:14:03,2022-03-10 10:14:03
7007438181,กท.79-5584,2022-03-10 10:23:26,2022-03-10 10:23:26,2022-03-10 10:36:55,2022-03-10 10:36:55
7007442102,กท.79-5843,2022-03-10 10:35:18,2022-03-10 10:35:18,2022-03-10 10:45:37,2022-03-10 10:45:37
7007444357,ชม.70-5302,2022-03-10 10:50:53,2022-03-10 10:50:53,2022-03-10 11:01:17,2022-03-10 11:01:17
7007438286,กท.79-1961,2022-03-10 10:50:47,2022-03-10 10:50:47,2022-03-10 11:03:11,2022-03-10 11:03:11
7007442103,กท.79-1830,2022-03-10 10:53:40,2022-03-10 11:01:17,2022-03-10 11:09:51,2022-03-10 11:09:51
7007438190,กท.79-2716,2022-03-10 10:57:43,2022-03-10 11:03:11,2022-03-10 11:16:16,2022-03-10 11:16:16
7007444407,ชม.70-5420,2022-03-10 10:58:02,2022-03-10 11:09:51,2022-03-10 11:21:35,2022-03-10 11:21:35
7007438175,กท.77-8133,2022-03-10 11:04:18,2022-03-10 11:16:16,2022-03-10 11:24:40,2022-03-10 11:24:40
7007444259,ฉช.82-7170,2022-03-10 11:10:24,2022-03-10 11:24:40,2022-03-10 11:34:59,2022-03-10 11:34:59
7007438187,ฉช.82-8346,2022-03-10 11:04:54,2022-03-10 11:21:35,2022-03-10 11:35:50,2022-03-10 11:35:50
7007438278,กท.74-9067,2022-03-10 11:12:12,2022-03-10 11:34:59,2022-03-10 11:45:51,2022-03-10 11:45:51
7007438273,กท.79-2717,2022-03-10 11:21:56,2022-03-10 11:35:50,2022-03-10 11:46:53,2022-03-10 11:46:53
7007444817,กท.79-8993,2022-03-10 11:45:36,2022-03-10 11:45:51,2022-03-10 11:55:30,2022-03-10 11:55:30
7007444696,ชม.70-5991,2022-03-10 11:54:28,2022-03-10 11:54:28,2022-03-10 12:06:20,2022-03-10 12:06:20
7007444929,กท.61-7782,2022-03-10 12:02:30,2022-03-10 12:02:30,2022-03-10 12:14:57,2022-03-10 12:14:57
7007438269,กท.78-6744,2022-03-10 12:07:16,2022-03-10 12:07:16,2022-03-10 12:18:59,2022-03-10 12:18:59
7007444989,นม.70-6730,2022-03-10 12:17:32,2022-03-10 12:17:32,2022-03-10 12:30:15,2022-03-10 12:30:15
7007444962,กท.79-7791,2022-03-10 12:23:09,2022-03-10 12:23:09,2022-03-10 12:35:38,2022-03-10 12:35:38
7007444963,กท.60-2722,2022-03-10 12:23:15,2022-03-10 12:30:15,2022-03-10 12:41:12,2022-03-10 12:41:12
7007445039,ชม.70-5193,2022-03-10 12:23:36,2022-03-10 12:35:38,2022-03-10 12:45:04,2022-03-10 12:45:04
7007438240,กท.78-1149,2022-03-10 12:26:45,2022-03-10 12:41:12,2022-03-10 12:50:27,2022-03-10 12:50:27
7007445066,กท.78-4646,2022-03-10 12:32:31,2022-03-10 12:45:04,2022-03-10 12:54:22,2022-03-10 12:54:22
7007444964,กท.79-7787,2022-03-10 12:39:32,2022-03-10 12:50:27,2022-03-10 13:00:42,2022-03-10 13:00:42
7007438283,กท.79-0641,2022-03-10 12:39:58,2022-03-10 12:54:22,2022-03-10 13:05:43,2022-03-10 13:05:43
7007445160,ชม.70-5299,2022-03-10 12:49:24,2022-03-10 13:00:42,2022-03-10 13:13:22,2022-03-10 13:13:22
7007445210,ชบ.84-7139,2022-03-10 12:52:08,2022-03-10 13:05:43,2022-03-10 13:15:59,2022-03-10 13:15:59
7007439330,ฉช.82-7443,2022-03-10 12:54:48,2022-03-10 13:13:22,2022-03-10 13:25:23,2022-03-10 13:25:23
7007444125,กท.77-8134,2022-03-10 13:01:58,2022-03-10 13:15:59,2022-03-10 13:26:11,2022-03-10 13:26:11
7007445251,จบ.80-3645,2022-03-10 13:13:28,2022-03-10 13:25:23,2022-03-10 13:35:21,2022-03-10 13:35:21
7007438249,กท.74-9070,2022-03-10 13:23:17,2022-03-10 13:26:11,2022-03-10 13:37:23,2022-03-10 13:37:23
7007438197,กท.77-9738,2022-03-10 13:25:37,2022-03-10 13:35:21,2022-03-10 13:46:07,2022-03-10 13:46:07
7007445376,รย.82-4012,2022-03-10 13:34:20,2022-03-10 13:37:23,2022-03-10 13:46:42,2022-03-10 13:46:42
7007445475,ชบ.85-5327,2022-03-10 13:47:57,2022-03-10 13:47:57,2022-03-10 13:56:59,2022-03-10 13:56:59
7007438188,กท.79-0644,2022-03-10 13:48:44,2022-03-10 13:48:44,2022-03-10 13:59:01,2022-03-10 13:59:01
7007444128,กท.79-5579,2022-03-10 14:02:34,2022-03-10 14:02:34,2022-03-10 14:14:40,2022-03-10 14:14:40
7007444762,ชม.70-6755,2022-03-10 14:11:29,2022-03-10 14:11:29,2022-03-10 14:20:51,2022-03-10 14:20:51
7007445590,นม.70-5975,2022-03-10 14:15:51,2022-03-10 14:15:51,2022-03-10 14:25:25,2022-03-10 14:25:25
7007444877,นม.70-6718,2022-03-10 14:21:02,2022-03-10 14:21:02,2022-03-10 14:30:23,2022-03-10 14:30:23
7007445795,กท.79-5841,2022-03-10 14:22:28,2022-03-10 14:25:25,2022-03-10 14:36:59,2022-03-10 14:36:59
7007445841,กท.78-5932,2022-03-10 14:23:01,2022-03-10 14:30:23,2022-03-10 14:39:48,2022-03-10 14:39:48
7007445818,ชม.70-5122,2022-03-10 14:24:31,2022-03-10 14:36:59,2022-03-10 14:49:09,2022-03-10 14:49:09
7007444746,ชม.70-5997,2022-03-10 14:48:26,2022-03-10 14:48:26,2022-03-10 14:58:26,2022-03-10 14:58:26
7007446143,กท.72-3498,2022-03-10 14:51:57,2022-03-10 14:51:57,2022-03-10 15:02:50,2022-03-10 15:02:50
7007446449,ชม.70-4219,2022-03-10 15:12:21,2022-03-10 15:12:21,2022-03-10 15:22:16,2022-03-10 15:22:16
7007446830,กท.79-3259,2022-03-10 15:29:31,2022-03-10 15:29:31,2022-03-10 15:39:32,2022-03-10 15:39:32
7007446558,นม.70-6720,2022-03-10 15:29:12,2022-03-10 15:29:12,2022-03-10 15:41:45,2022-03-10 15:41:45
7007446535,กท.60-2723,2022-03-10 15:29:35,2022-03-10 15:39:32,2022-03-10 15:50:40,2022-03-10 15:50:40
7007446113,ฉช.81-4230,2022-03-10 15:51:12,2022-03-10 15:51:12,2022-03-10 16:01:26,2022-03-10 16:01:26
7007447154,กท.79-0643,2022-03-10 16:08:30,2022-03-10 16:08:30,2022-03-10 16:19:14,2022-03-10 16:19:14
7007447180,กท.79-3257,2022-03-10 16:09:28,2022-03-10 16:09:28,2022-03-10 16:22:27,2022-03-10 16:22:27
7007446377,กท.79-0841,2022-03-10 16:11:28,2022-03-10 16:19:14,2022-03-10 16:30:06,2022-03-10 16:30:06
7007446059,กท.79-0642,2022-03-10 16:14:43,2022-03-10 16:22:27,2022-03-10 16:35:22,2022-03-10 16:35:22
7007447260,สค.70-4074,2022-03-10 16:17:39,2022-03-10 16:30:06,2022-03-10 16:39:34,2022-03-10 16:39:34
7007445940,กท.79-5843,2022-03-10 16:17:55,2022-03-10 16:35:22,2022-03-10 16:44:28,2022-03-10 16:44:28
7007447173,กท.79-2716,2022-03-10 16:43:45,2022-03-10 16:44:28,2022-03-10 16:54:11,2022-03-10 16:54:11
7007447468,ชม.70-5124,2022-03-10 16:41:29,2022-03-10 16:41:29,2022-03-10 16:54:39,2022-03-10 16:54:39
7007447490,ชม.70-5123,2022-03-10 16:45:36,2022-03-10 16:54:11,2022-03-10 17:04:50,2022-03-10 17:04:50
7007447732,กท.79-5842,2022-03-10 16:53:20,2022-03-10 16:54:39,2022-03-10 17:06:52,2022-03-10 17:06:52
7007448155,กท.79-1816,2022-03-10 17:10:35,2022-03-10 17:10:35,2022-03-10 17:23:05,2022-03-10 17:23:05
7007445914,กท.79-0144,2022-03-10 17:36:17,2022-03-10 17:36:17,2022-03-10 17:47:23,2022-03-10 17:47:23
7007450398,สค.70-5407,2022-03-11 00:03:49,2022-03-11 00:03:49,2022-03-11 00:14:07,2022-03-11 00:14:07
7007450397,สค.70-6119,2022-03-11 00:05:02,2022-03-11 00:05:02,2022-03-11 00:15:34,2022-03-11 00:15:34
7007450400,ชม.70-5301,2022-03-11 00:09:13,2022-03-11 00:15:34,2022-03-11 00:26:44,2022-03-11 00:26:44
7007450401,ลพ.70-0785,2022-03-11 00:05:38,2022-03-11 00:14:07,2022-03-11 00:27:01,2022-03-11 00:27:01
7007450402,สค.70-4397,2022-03-11 00:14:49,2022-03-11 00:27:01,2022-03-11 00:38:46,2022-03-11 00:38:46
7007450399,สค.70-4386,2022-03-11 00:11:29,2022-03-11 00:26:44,2022-03-11 00:40:19,2022-03-11 00:40:19
7007450427,ชม.70-5300,2022-03-11 00:36:07,2022-03-11 00:38:46,2022-03-11 00:53:16,2022-03-11 00:53:16
7007450438,สค.70-6125,2022-03-11 00:49:51,2022-03-11 00:49:51,2022-03-11 00:59:33,2022-03-11 00:59:33
7007450445,กท.79-8993,2022-03-11 01:00:18,2022-03-11 01:00:18,2022-03-11 01:10:25,2022-03-11 01:10:25
7007446082,กท.75-1033,2022-03-11 03:08:28,2022-03-11 03:08:28,2022-03-11 03:17:37,2022-03-11 03:17:37
7007450547,กท.79-7691,2022-03-11 04:29:19,2022-03-11 04:29:19,2022-03-11 04:38:27,2022-03-11 04:38:27
7007445938,ฉช.82-7443,2022-03-11 04:35:22,2022-03-11 04:35:22,2022-03-11 04:44:11,2022-03-11 04:44:11
7007450552,ชม.70-5261,2022-03-11 04:37:07,2022-03-11 04:38:27,2022-03-11 04:49:22,2022-03-11 04:49:22
7007445921,กท.78-1149,2022-03-11 06:03:26,2022-03-11 06:03:26,2022-03-11 06:15:13,2022-03-11 06:15:13
7007446084,กท.76-4825,2022-03-11 06:06:50,2022-03-11 06:06:50,2022-03-11 06:16:59,2022-03-11 06:16:59
7007445904,กท.79-0643,2022-03-11 06:08:45,2022-03-11 06:15:13,2022-03-11 06:25:54,2022-03-11 06:25:54
7007446110,กท.78-6742,2022-03-11 06:09:26,2022-03-11 06:16:59,2022-03-11 06:29:03,2022-03-11 06:29:03
7007445929,กท.79-1830,2022-03-11 06:14:41,2022-03-11 06:25:54,2022-03-11 06:37:52,2022-03-11 06:37:52
7007450620,สค.70-6123,2022-03-11 06:17:54,2022-03-11 06:29:03,2022-03-11 06:40:22,2022-03-11 06:40:22
7007446056,กท.79-5584,2022-03-11 06:21:08,2022-03-11 06:37:52,2022-03-11 06:47:54,2022-03-11 06:47:54
7007446051,กท.74-9067,2022-03-11 06:26:37,2022-03-11 06:40:22,2022-03-11 06:49:05,2022-03-11 06:49:05
7007450638,สค.70-3935,2022-03-11 06:26:55,2022-03-11 06:47:54,2022-03-11 06:57:10,2022-03-11 06:57:10
7007446053,กท.74-9070,2022-03-11 06:30:25,2022-03-11 06:49:05,2022-03-11 07:00:31,2022-03-11 07:00:31
7007446061,กท.79-0644,2022-03-11 06:30:39,2022-03-11 06:57:10,2022-03-11 07:07:44,2022-03-11 07:07:44
7007445924,กท.78-7993,2022-03-11 06:31:15,2022-03-11 07:00:31,2022-03-11 07:10:33,2022-03-11 07:10:33
7007445910,กท.78-6744,2022-03-11 06:31:57,2022-03-11 07:07:44,2022-03-11 07:20:00,2022-03-11 07:20:00
7007446076,กท.77-8133,2022-03-11 06:35:45,2022-03-11 07:10:33,2022-03-11 07:22:20,2022-03-11 07:22:20
7007450673,ชม.70-5124,2022-03-11 06:38:21,2022-03-11 07:20:00,2022-03-11 07:34:14,2022-03-11 07:34:14
7007446055,กท.79-2717,2022-03-11 06:43:39,2022-03-11 07:22:20,2022-03-11 07:34:33,2022-03-11 07:34:33
7007450694,ฉช.81-3257,2022-03-11 06:57:24,2022-03-11 07:34:33,2022-03-11 07:44:13,2022-03-11 07:44:13
7007445905,กท.79-5578,2022-03-11 06:46:10,2022-03-11 07:34:14,2022-03-11 07:45:06,2022-03-11 07:45:06
7007445901,กท.79-0641,2022-03-11 06:59:41,2022-03-11 07:44:13,2022-03-11 07:52:26,2022-03-11 07:52:26
7007446067,กท.78-6739,2022-03-11 07:14:36,2022-03-11 07:45:06,2022-03-11 07:56:48,2022-03-11 07:56:48
7007445927,กท.77-9738,2022-03-11 07:15:01,2022-03-11 07:52:26,2022-03-11 08:04:09,2022-03-11 08:04:09
7007445917,กท.60-4205,2022-03-11 07:19:05,2022-03-11 07:56:48,2022-03-11 08:08:07,2022-03-11 08:08:07
7007450855,กท.79-5840,2022-03-11 07:24:19,2022-03-11 08:04:09,2022-03-11 08:13:32,2022-03-11 08:13:32
7007450925,ชม.70-5125,2022-03-11 07:51:56,2022-03-11 08:08:07,2022-03-11 08:21:25,2022-03-11 08:21:25
7007446091,กท.79-1961,2022-03-11 07:54:38,2022-03-11 08:13:32,2022-03-11 08:23:37,2022-03-11 08:23:37
7007450984,ชม.70-5299,2022-03-11 07:57:23,2022-03-11 08:21:25,2022-03-11 08:29:43,2022-03-11 08:29:43
7007451038,กท.79-5841,2022-03-11 08:18:10,2022-03-11 08:23:37,2022-03-11 08:34:32,2022-03-11 08:34:32
7007451079,นม.70-6589,2022-03-11 08:23:11,2022-03-11 08:29:43,2022-03-11 08:38:38,2022-03-11 08:38:38
7007451209,กท.77-8134,2022-03-11 08:46:08,2022-03-11 08:46:08,2022-03-11 08:57:09,2022-03-11 08:57:09
7007451359,กท.79-3258,2022-03-11 08:57:52,2022-03-11 08:57:52,2022-03-11 09:07:50,2022-03-11 09:07:50
7007451473,กท.75-2786,2022-03-11 09:25:11,2022-03-11 09:25:11,2022-03-11 09:35:51,2022-03-11 09:35:51
7007451549,ชบ.85-3878,2022-03-11 09:30:53,2022-03-11 09:30:53,2022-03-11 09:40:42,2022-03-11 09:40:42
7007451443,กท.79-0643,2022-03-11 09:47:25,2022-03-11 09:47:25,2022-03-11 09:59:31,2022-03-11 09:59:31
7007446058,กท.78-6742,2022-03-11 09:49:23,2022-03-11 09:49:23,2022-03-11 10:00:05,2022-03-11 10:00:05
7007451677,ชม.70-4355,2022-03-11 09:55:05,2022-03-11 09:59:31,2022-03-11 10:09:54,2022-03-11 10:09:54
7007446052,กท.78-1149,2022-03-11 10:21:43,2022-03-11 10:21:43,2022-03-11 10:32:25,2022-03-11 10:32:25
7007446046,กท.79-1830,2022-03-11 10:19:55,2022-03-11 10:19:55,2022-03-11 10:33:05,2022-03-11 10:33:05
7007451865,กท.77-6494,2022-03-11 10:22:20,2022-03-11 10:32:25,2022-03-11 10:45:10,2022-03-11 10:45:10
7007451858,ชบ.82-4190,2022-03-11 10:24:47,2022-03-11 10:33:05,2022-03-11 10:45:47,2022-03-11 10:45:47
7007446065,กท.60-4207,2022-03-11 10:40:36,2022-03-11 10:45:10,2022-03-11 10:55:14,2022-03-11 10:55:14
7007451979,กท.75-9797,2022-03-11 10:46:20,2022-03-11 10:46:20,2022-03-11 10:55:41,2022-03-11 10:55:41
7007451932,จบ.80-8222,2022-03-11 10:57:23,2022-03-11 10:57:23,2022-03-11 11:07:18,2022-03-11 11:07:18
7007452041,จบ.80-3645,2022-03-11 11:05:55,2022-03-11 11:05:55,2022-03-11 11:16:51,2022-03-11 11:16:51
7007446079,กท.79-2717,2022-03-11 11:19:57,2022-03-11 11:19:57,2022-03-11 11:33:45,2022-03-11 11:33:45
7007452103,กท.61-8797,2022-03-11 11:30:46,2022-03-11 11:30:46,2022-03-11 11:43:48,2022-03-11 11:43:48
7007452153,กท.79-3257,2022-03-11 11:38:22,2022-03-11 11:38:22,2022-03-11 11:48:41,2022-03-11 11:48:41
7007452178,รย.71-2637,2022-03-11 11:41:16,2022-03-11 11:43:48,2022-03-11 11:54:10,2022-03-11 11:54:10
7007446086,กท.78-6739,2022-03-11 11:52:27,2022-03-11 11:52:27,2022-03-11 12:01:28,2022-03-11 12:01:28
7007452246,ชม.70-5300,2022-03-11 12:02:52,2022-03-11 12:02:52,2022-03-11 12:15:45,2022-03-11 12:15:45
7007446063,กท.74-9070,2022-03-11 12:07:31,2022-03-11 12:07:31,2022-03-11 12:20:38,2022-03-11 12:20:38
7007452349,ลพ.70-0786,2022-03-11 12:08:29,2022-03-11 12:15:45,2022-03-11 12:25:27,2022-03-11 12:25:27
7007452375,ชม.70-4219,2022-03-11 12:08:34,2022-03-11 12:20:38,2022-03-11 12:31:11,2022-03-11 12:31:11
7007452376,กท.77-7979,2022-03-11 12:21:47,2022-03-11 12:25:27,2022-03-11 12:34:36,2022-03-11 12:34:36
7007452405,กท.79-3259,2022-03-11 12:25:08,2022-03-11 12:31:11,2022-03-11 12:40:31,2022-03-11 12:40:31
7007445912,กท.77-8134,2022-03-11 12:27:19,2022-03-11 12:34:36,2022-03-11 12:45:50,2022-03-11 12:45:50
7007452423,กท.61-6077,2022-03-11 12:35:52,2022-03-11 12:40:31,2022-03-11 12:52:10,2022-03-11 12:52:10
7007446048,กท.77-8133,2022-03-11 12:44:04,2022-03-11 12:45:50,2022-03-11 12:53:59,2022-03-11 12:53:59
7007451446,กท.77-9738,2022-03-11 12:50:43,2022-03-11 12:52:10,2022-03-11 13:03:03,2022-03-11 13:03:03
7007446074,กท.78-6744,2022-03-11 12:51:23,2022-03-11 12:53:59,2022-03-11 13:05:51,2022-03-11 13:05:51
7007452488,ชบ.84-7139,2022-03-11 12:52:55,2022-03-11 13:03:03,2022-03-11 13:13:50,2022-03-11 13:13:50
7007445918,กท.78-7993,2022-03-11 12:58:43,2022-03-11 13:05:51,2022-03-11 13:18:10,2022-03-11 13:18:10
7007452494,กท.77-6494,2022-03-11 13:08:08,2022-03-11 13:13:50,2022-03-11 13:24:47,2022-03-11 13:24:47
7007446080,กท.79-2716,2022-03-11 13:15:58,2022-03-11 13:18:10,2022-03-11 13:31:08,2022-03-11 13:31:08
7007452696,ชม.70-5302,2022-03-11 13:29:33,2022-03-11 13:29:33,2022-03-11 13:38:19,2022-03-11 13:38:19
7007452699,กท.79-7691,2022-03-11 13:32:26,2022-03-11 13:32:26,2022-03-11 13:44:55,2022-03-11 13:44:55
7007452792,ชม.70-4355,2022-03-11 13:36:45,2022-03-11 13:38:19,2022-03-11 13:48:29,2022-03-11 13:48:29
7007452807,รย.82-0448,2022-03-11 13:38:23,2022-03-11 13:44:55,2022-03-11 13:57:24,2022-03-11 13:57:24
7007452835,ชบ.84-7975,2022-03-11 13:43:23,2022-03-11 13:48:29,2022-03-11 14:01:01,2022-03-11 14:01:01
7007452845,กท.79-5841,2022-03-11 13:46:51,2022-03-11 13:57:24,2022-03-11 14:08:11,2022-03-11 14:08:11
7007452851,กท.79-8995,2022-03-11 13:54:57,2022-03-11 14:01:01,2022-03-11 14:11:30,2022-03-11 14:11:30
7007452035,กท.79-5578,2022-03-11 13:57:03,2022-03-11 14:08:11,2022-03-11 14:17:00,2022-03-11 14:17:00
7007446072,กท.79-0641,2022-03-11 14:04:59,2022-03-11 14:11:30,2022-03-11 14:20:45,2022-03-11 14:20:45
7007451445,กท.79-0642,2022-03-11 14:06:39,2022-03-11 14:17:00,2022-03-11 14:28:30,2022-03-11 14:28:30
7007452962,กท.78-4646,2022-03-11 14:14:38,2022-03-11 14:20:45,2022-03-11 14:30:49,2022-03-11 14:30:49
7007453009,ชม.70-5261,2022-03-11 14:25:22,2022-03-11 14:28:30,2022-03-11 14:37:18,2022-03-11 14:37:18
7007452227,ฉช.81-4230,2022-03-11 14:42:50,2022-03-11 14:42:50,2022-03-11 14:51:57,2022-03-11 14:51:57
7007453091,ชบ.85-3878,2022-03-11 14:42:22,2022-03-11 14:42:22,2022-03-11 14:52:05,2022-03-11 14:52:05
7007453105,ชม.70-5123,2022-03-11 14:43:10,2022-03-11 14:51:57,2022-03-11 15:03:04,2022-03-11 15:03:04
7007453162,นม.70-6730,2022-03-11 14:52:47,2022-03-11 14:52:47,2022-03-11 15:06:01,2022-03-11 15:06:01
7007453236,ชม.70-5420,2022-03-11 15:08:17,2022-03-11 15:08:17,2022-03-11 15:20:52,2022-03-11 15:20:52
7007453277,ชบ.85-5327,2022-03-11 15:11:27,2022-03-11 15:11:27,2022-03-11 15:23:23,2022-03-11 15:23:23
7007453561,กท.79-5842,2022-03-11 16:05:21,2022-03-11 16:05:21,2022-03-11 16:15:47,2022-03-11 16:15:47
7007454041,จบ.80-8222,2022-03-12 05:54:10,2022-03-12 05:54:10,2022-03-12 06:03:50,2022-03-12 06:03:50
7007454061,สค.70-4397,2022-03-12 06:05:13,2022-03-12 06:05:13,2022-03-12 06:17:05,2022-03-12 06:17:05
7007454060,สค.70-5407,2022-03-12 06:05:20,2022-03-12 06:05:20,2022-03-12 06:17:26,2022-03-12 06:17:26
7007454069,สค.70-6119,2022-03-12 06:07:31,2022-03-12 06:17:26,2022-03-12 06:26:02,2022-03-12 06:26:02
7007454063,ชม.70-5299,2022-03-12 06:06:55,2022-03-12 06:17:05,2022-03-12 06:27:24,2022-03-12 06:27:24
7007454070,รย.71-2638,2022-03-12 06:08:44,2022-03-12 06:27:24,2022-03-12 06:37:35,2022-03-12 06:37:35
7007452207,กท.79-5843,2022-03-12 06:08:13,2022-03-12 06:26:02,2022-03-12 06:39:09,2022-03-12 06:39:09
7007454076,กท.79-8993,2022-03-12 06:08:45,2022-03-12 06:37:35,2022-03-12 06:47:47,2022-03-12 06:47:47
7007454065,สค.70-2507,2022-03-12 06:15:06,2022-03-12 06:39:09,2022-03-12 06:50:23,2022-03-12 06:50:23
7007454093,ลพ.70-0785,2022-03-12 06:16:20,2022-03-12 06:47:47,2022-03-12 06:57:52,2022-03-12 06:57:52
7007452202,กท.79-1830,2022-03-12 06:17:52,2022-03-12 06:50:23,2022-03-12 07:03:55,2022-03-12 07:03:55
7007453695,กท.79-5584,2022-03-12 06:17:55,2022-03-12 06:57:52,2022-03-12 07:11:27,2022-03-12 07:11:27
7007452204,กท.74-9067,2022-03-12 06:22:50,2022-03-12 07:03:55,2022-03-12 07:18:19,2022-03-12 07:18:19
7007454107,สค.70-6125,2022-03-12 06:24:35,2022-03-12 07:11:27,2022-03-12 07:23:16,2022-03-12 07:23:16
7007454105,รย.81-6767,2022-03-12 06:26:42,2022-03-12 07:18:19,2022-03-12 07:28:38,2022-03-12 07:28:38
7007454072,สค.70-3480,2022-03-12 06:27:16,2022-03-12 07:23:16,2022-03-12 07:34:30,2022-03-12 07:34:30
7007454108,สค.70-4335,2022-03-12 06:27:51,2022-03-12 07:28:38,2022-03-12 07:37:30,2022-03-12 07:37:30
7007452206,กท.79-5578,2022-03-12 06:34:33,2022-03-12 07:34:30,2022-03-12 07:44:13,2022-03-12 07:44:13
7007454135,ลพ.70-1223,2022-03-12 06:38:03,2022-03-12 07:37:30,2022-03-12 07:49:04,2022-03-12 07:49:04
7007452195,กท.79-2716,2022-03-12 06:39:17,2022-03-12 07:44:13,2022-03-12 07:55:40,2022-03-12 07:55:40
7007452196,กท.78-6744,2022-03-12 06:46:53,2022-03-12 07:49:04,2022-03-12 07:58:29,2022-03-12 07:58:29
7007452199,กท.77-9738,2022-03-12 06:53:13,2022-03-12 07:55:40,2022-03-12 08:05:35,2022-03-12 08:05:35
7007454147,นม.70-6589,2022-03-12 06:57:50,2022-03-12 07:58:29,2022-03-12 08:09:37,2022-03-12 08:09:37
7007452198,กท.79-0643,2022-03-12 07:00:56,2022-03-12 08:05:35,2022-03-12 08:19:29,2022-03-12 08:19:29
7007452225,กท.79-2717,2022-03-12 07:40:47,2022-03-12 08:09:37,2022-03-12 08:21:17,2022-03-12 08:21:17
7007454180,ชม.70-4219,2022-03-12 07:46:16,2022-03-12 08:19:29,2022-03-12 08:30:43,2022-03-12 08:30:43
7007452208,กท.79-5579,2022-03-12 07:53:32,2022-03-12 08:21:17,2022-03-12 08:31:15,2022-03-12 08:31:15
7007454182,ชม.70-5301,2022-03-12 08:05:15,2022-03-12 08:30:43,2022-03-12 08:39:04,2022-03-12 08:39:04
7007454198,กท.77-7979,2022-03-12 08:16:35,2022-03-12 08:31:15,2022-03-12 08:39:49,2022-03-12 08:39:49
7007454190,กท.79-7440,2022-03-12 08:22:23,2022-03-12 08:39:04,2022-03-12 08:50:50,2022-03-12 08:50:50
7007454212,ชม.70-4355,2022-03-12 08:30:21,2022-03-12 08:39:49,2022-03-12 08:52:03,2022-03-12 08:52:03
7007454214,กท.75-3041,2022-03-12 08:32:54,2022-03-12 08:50:50,2022-03-12 09:00:14,2022-03-12 09:00:14
7007452200,ฉช.82-7443,2022-03-12 08:59:21,2022-03-12 08:59:21,2022-03-12 09:11:36,2022-03-12 09:11:36
7007452861,กท.74-9070,2022-03-12 09:07:51,2022-03-12 09:07:51,2022-03-12 09:17:40,2022-03-12 09:17:40
7007454268,ชบ.84-7139,2022-03-12 09:07:57,2022-03-12 09:11:36,2022-03-12 09:24:53,2022-03-12 09:24:53
7007454295,กท.79-5840,2022-03-12 09:14:06,2022-03-12 09:17:40,2022-03-12 09:31:06,2022-03-12 09:31:06
7007452194,กท.79-5843,2022-03-12 09:25:51,2022-03-12 09:25:51,2022-03-12 09:36:30,2022-03-12 09:36:30
7007452248,กท.79-5578,2022-03-12 09:50:54,2022-03-12 09:50:54,2022-03-12 10:01:19,2022-03-12 10:01:19
7007454400,กท.79-7691,2022-03-12 10:33:37,2022-03-12 10:33:37,2022-03-12 10:43:08,2022-03-12 10:43:08
7007452274,กท.79-0643,2022-03-12 10:34:46,2022-03-12 10:34:46,2022-03-12 10:48:07,2022-03-12 10:48:07
7007453408,กท.79-2716,2022-03-12 10:40:13,2022-03-12 10:43:08,2022-03-12 10:52:04,2022-03-12 10:52:04
7007454411,กท.79-3259,2022-03-12 10:42:52,2022-03-12 10:48:07,2022-03-12 10:57:12,2022-03-12 10:57:12
7007452731,กท.78-7993,2022-03-12 11:00:41,2022-03-12 11:00:41,2022-03-12 11:13:44,2022-03-12 11:13:44
7007454449,กท.79-6705,2022-03-12 11:30:27,2022-03-12 11:30:27,2022-03-12 11:42:21,2022-03-12 11:42:21
7007454444,ชม.70-5300,2022-03-12 11:40:34,2022-03-12 11:40:34,2022-03-12 11:51:51,2022-03-12 11:51:51
7007454466,กท.79-3257,2022-03-12 11:51:00,2022-03-12 11:51:00,2022-03-12 12:04:15,2022-03-12 12:04:15
7007454474,สค.70-4074,2022-03-12 12:01:06,2022-03-12 12:01:06,2022-03-12 12:14:07,2022-03-12 12:14:07
7007454478,ชบ.82-4190,2022-03-12 12:06:34,2022-03-12 12:06:34,2022-03-12 12:15:56,2022-03-12 12:15:56
7007452205,กท.75-1033,2022-03-12 12:06:58,2022-03-12 12:14:07,2022-03-12 12:24:30,2022-03-12 12:24:30
7007454490,กท.79-5841,2022-03-12 12:15:10,2022-03-12 12:15:56,2022-03-12 12:25:45,2022-03-12 12:25:45
7007454531,กท.75-3041,2022-03-12 13:01:50,2022-03-12 13:01:50,2022-03-12 13:11:29,2022-03-12 13:11:29
7007454520,กท.79-3258,2022-03-12 13:05:41,2022-03-12 13:05:41,2022-03-12 13:15:53,2022-03-12 13:15:53
7007454537,กท.79-8993,2022-03-12 13:22:15,2022-03-12 13:22:15,2022-03-12 13:32:19,2022-03-12 13:32:19
7007454552,ชม.70-4355,2022-03-12 13:26:40,2022-03-12 13:26:40,2022-03-12 13:39:53,2022-03-12 13:39:53
7007452232,กท.78-6739,2022-03-12 13:28:16,2022-03-12 13:32:19,2022-03-12 13:45:37,2022-03-12 13:45:37
7007454602,สค.70-6123,2022-03-12 13:41:26,2022-03-12 13:41:26,2022-03-12 13:52:21,2022-03-12 13:52:21
7007452305,กท.78-6744,2022-03-12 14:06:30,2022-03-12 14:06:30,2022-03-12 14:18:17,2022-03-12 14:18:17
7007454615,กท.61-8797,2022-03-12 14:12:03,2022-03-12 14:12:03,2022-03-12 14:21:51,2022-03-12 14:21:51
7007454624,ชม.70-5123,2022-03-12 14:15:22,2022-03-12 14:21:51,2022-03-12 14:30:19,2022-03-12 14:30:19
7007454625,ชม.70-5122,2022-03-12 14:13:17,2022-03-12 14:18:17,2022-03-12 14:31:05,2022-03-12 14:31:05
7007454641,ชม.70-5421,2022-03-12 14:41:36,2022-03-12 14:41:36,2022-03-12 14:49:50,2022-03-12 14:49:50
7007454888,สค.70-4386,2022-03-13 00:07:03,2022-03-13 00:07:03,2022-03-13 00:17:30,2022-03-13 00:17:30
7007454889,สค.70-6119,2022-03-13 00:10:28,2022-03-13 00:10:28,2022-03-13 00:21:07,2022-03-13 00:21:07
7007454890,สค.70-3937,2022-03-13 00:25:15,2022-03-13 00:25:15,2022-03-13 00:35:14,2022-03-13 00:35:14
7007454891,ชม.70-5299,2022-03-13 00:30:18,2022-03-13 00:30:18,2022-03-13 00:43:14,2022-03-13 00:43:14
7007454894,ลพ.70-0785,2022-03-13 00:43:47,2022-03-13 00:43:47,2022-03-13 00:53:59,2022-03-13 00:53:59
7007454898,สค.70-4397,2022-03-13 01:06:17,2022-03-13 01:06:17,2022-03-13 01:16:18,2022-03-13 01:16:18
7007454910,ชม.70-5261,2022-03-13 01:55:28,2022-03-13 01:55:28,2022-03-13 03:05:08,2022-03-13 03:05:08
7007454915,ฉช.81-3257,2022-03-13 03:22:12,2022-03-13 03:22:12,2022-03-13 03:33:16,2022-03-13 03:33:16
7007452326,ฉช.82-8528,2022-03-13 03:24:33,2022-03-13 03:24:33,2022-03-13 03:38:16,2022-03-13 03:38:16
7007454918,ลพ.70-0786,2022-03-13 03:35:43,2022-03-13 03:35:43,2022-03-13 03:46:58,2022-03-13 03:46:58
7007452292,กท.75-1033,2022-03-13 03:53:55,2022-03-13 03:53:55,2022-03-13 04:04:31,2022-03-13 04:04:31
7007452329,ฉช.82-8346,2022-03-13 04:21:41,2022-03-13 04:21:41,2022-03-13 04:33:19,2022-03-13 04:33:19
7007454938,ชม.70-5301,2022-03-13 04:24:25,2022-03-13 04:24:25,2022-03-13 04:34:09,2022-03-13 04:34:09
7007452299,กท.78-6742,2022-03-13 06:07:27,2022-03-13 06:07:27,2022-03-13 06:18:15,2022-03-13 06:18:15
7007452234,กท.79-5584,2022-03-13 06:09:44,2022-03-13 06:09:44,2022-03-13 06:21:54,2022-03-13 06:21:54
7007452293,กท.79-5843,2022-03-13 06:09:45,2022-03-13 06:18:15,2022-03-13 06:29:02,2022-03-13 06:29:02
7007452271,กท.78-1149,2022-03-13 06:09:58,2022-03-13 06:21:54,2022-03-13 06:32:29,2022-03-13 06:32:29
7007455016,สค.70-6123,2022-03-13 06:14:43,2022-03-13 06:29:02,2022-03-13 06:38:38,2022-03-13 06:38:38
7007455010,สค.70-6125,2022-03-13 06:16:25,2022-03-13 06:32:29,2022-03-13 06:42:09,2022-03-13 06:42:09
7007452269,กท.79-0841,2022-03-13 06:16:53,2022-03-13 06:38:38,2022-03-13 06:48:20,2022-03-13 06:48:20
7007452253,กท.74-9067,2022-03-13 06:19:15,2022-03-13 06:42:09,2022-03-13 06:53:58,2022-03-13 06:53:58
7007452277,กท.79-1830,2022-03-13 06:21:36,2022-03-13 06:48:20,2022-03-13 06:59:44,2022-03-13 06:59:44
7007452238,กท.77-8133,2022-03-13 06:30:22,2022-03-13 06:53:58,2022-03-13 07:04:08,2022-03-13 07:04:08
7007455043,สค.70-4335,2022-03-13 06:34:00,2022-03-13 06:59:44,2022-03-13 07:10:17,2022-03-13 07:10:17
7007452294,กท.79-0642,2022-03-13 06:40:22,2022-03-13 07:04:08,2022-03-13 07:15:50,2022-03-13 07:15:50
7007452233,กท.77-9738,2022-03-13 06:54:00,2022-03-13 07:10:17,2022-03-13 07:20:26,2022-03-13 07:20:26
7007452300,กท.79-0644,2022-03-13 07:03:21,2022-03-13 07:15:50,2022-03-13 07:25:26,2022-03-13 07:25:26
7007452301,กท.76-4825,2022-03-13 07:07:16,2022-03-13 07:20:26,2022-03-13 07:34:41,2022-03-13 07:34:41
7007452310,กท.79-5579,2022-03-13 07:10:03,2022-03-13 07:25:26,2022-03-13 07:37:14,2022-03-13 07:37:14
7007452281,กท.79-0144,2022-03-13 07:10:05,2022-03-13 07:34:41,2022-03-13 07:46:50,2022-03-13 07:46:50
7007455187,ชม.70-5302,2022-03-13 07:13:03,2022-03-13 07:37:14,2022-03-13 07:50:47,2022-03-13 07:50:47
7007452243,กท.79-0641,2022-03-13 07:16:20,2022-03-13 07:46:50,2022-03-13 07:55:45,2022-03-13 07:55:45
7007452245,กท.77-8134,2022-03-13 07:26:33,2022-03-13 07:50:47,2022-03-13 08:04:55,2022-03-13 08:04:55
7007452303,กท.79-2717,2022-03-13 07:27:37,2022-03-13 07:55:45,2022-03-13 08:08:18,2022-03-13 08:08:18
7007452250,กท.79-1961,2022-03-13 07:49:26,2022-03-13 08:04:55,2022-03-13 08:16:51,2022-03-13 08:16:51
7007452240,ฉช.82-7443,2022-03-13 08:02:55,2022-03-13 08:08:18,2022-03-13 08:18:12,2022-03-13 08:18:12
7007455489,กท.79-5842,2022-03-13 08:12:56,2022-03-13 08:16:51,2022-03-13 08:27:35,2022-03-13 08:27:35
7007455503,กท.79-3257,2022-03-13 08:16:29,2022-03-13 08:18:12,2022-03-13 08:27:37,2022-03-13 08:27:37
7007455510,ชบ.83-3599,2022-03-13 08:26:04,2022-03-13 08:27:35,2022-03-13 08:37:04,2022-03-13 08:37:04
7007453412,กท.78-7993,2022-03-13 08:47:08,2022-03-13 08:47:08,2022-03-13 08:58:44,2022-03-13 08:58:44
7007455802,ชบ.84-7139,2022-03-13 08:58:27,2022-03-13 08:58:27,2022-03-13 09:12:10,2022-03-13 09:12:10
7007455856,ชบ.84-7237,2022-03-13 09:07:38,2022-03-13 09:07:38,2022-03-13 09:17:19,2022-03-13 09:17:19
7007455993,กท.77-6494,2022-03-13 09:26:09,2022-03-13 09:26:09,2022-03-13 09:39:08,2022-03-13 09:39:08
7007455998,กท.75-6899,2022-03-13 09:32:06,2022-03-13 09:32:06,2022-03-13 09:42:51,2022-03-13 09:42:51
7007456141,กท.78-5932,2022-03-13 09:40:11,2022-03-13 09:40:11,2022-03-13 09:52:23,2022-03-13 09:52:23
7007456293,กท.78-4646,2022-03-13 09:49:09,2022-03-13 09:49:09,2022-03-13 10:00:50,2022-03-13 10:00:50
7007456183,ชม.70-4219,2022-03-13 09:53:06,2022-03-13 09:53:06,2022-03-13 10:04:14,2022-03-13 10:04:14
7007452297,กท.79-0841,2022-03-13 09:53:16,2022-03-13 10:00:50,2022-03-13 10:12:15,2022-03-13 10:12:15
7007452275,กท.79-0144,2022-03-13 09:54:00,2022-03-13 10:04:14,2022-03-13 10:13:39,2022-03-13 10:13:39
7007456461,สค.70-5407,2022-03-13 09:57:47,2022-03-13 10:12:15,2022-03-13 10:23:21,2022-03-13 10:23:21
7007452296,กท.60-4207,2022-03-13 10:14:55,2022-03-13 10:14:55,2022-03-13 10:24:58,2022-03-13 10:24:58
7007456709,กท.61-4383,2022-03-13 10:32:20,2022-03-13 10:32:20,2022-03-13 10:42:58,2022-03-13 10:42:58
7007456769,ชม.70-5420,2022-03-13 10:42:10,2022-03-13 10:42:10,2022-03-13 10:51:30,2022-03-13 10:51:30
7007456981,ชม.70-5997,2022-03-13 10:52:51,2022-03-13 10:52:51,2022-03-13 11:02:05,2022-03-13 11:02:05
7007456974,ชม.70-6755,2022-03-13 10:55:07,2022-03-13 10:55:07,2022-03-13 11:04:48,2022-03-13 11:04:48
7007457021,ชบ.71-8902,2022-03-13 11:01:32,2022-03-13 11:02:05,2022-03-13 11:12:36,2022-03-13 11:12:36
7007455797,กท.79-0642,2022-03-13 11:08:04,2022-03-13 11:08:04,2022-03-13 11:21:21,2022-03-13 11:21:21
7007457053,ชบ.71-4792,2022-03-13 11:14:14,2022-03-13 11:14:14,2022-03-13 11:24:25,2022-03-13 11:24:25
7007452322,กท.79-2717,2022-03-13 11:19:28,2022-03-13 11:21:21,2022-03-13 11:32:55,2022-03-13 11:32:55
7007457253,ชม.70-5123,2022-03-13 11:21:06,2022-03-13 11:24:25,2022-03-13 11:37:57,2022-03-13 11:37:57
7007452280,กท.79-0641,2022-03-13 11:29:59,2022-03-13 11:32:55,2022-03-13 11:42:56,2022-03-13 11:42:56
7007452272,กท.79-5579,2022-03-13 11:52:31,2022-03-13 11:52:31,2022-03-13 12:01:19,2022-03-13 12:01:19
7007455803,กท.79-5584,2022-03-13 11:50:28,2022-03-13 11:50:28,2022-03-13 12:02:09,2022-03-13 12:02:09
7007452262,กท.78-1149,2022-03-13 11:55:12,2022-03-13 12:01:19,2022-03-13 12:15:37,2022-03-13 12:15:37
7007452247,ฉช.82-7443,2022-03-13 12:05:31,2022-03-13 12:05:31,2022-03-13 12:17:08,2022-03-13 12:17:08
7007457620,กท.79-3257,2022-03-13 12:13:41,2022-03-13 12:15:37,2022-03-13 12:27:25,2022-03-13 12:27:25
7007453423,กท.74-9067,2022-03-13 12:19:32,2022-03-13 12:19:32,2022-03-13 12:32:36,2022-03-13 12:32:36
7007452236,กท.78-6742,2022-03-13 12:20:27,2022-03-13 12:27:25,2022-03-13 12:37:22,2022-03-13 12:37:22
7007457685,กท.75-6899,2022-03-13 12:30:02,2022-03-13 12:32:36,2022-03-13 12:42:50,2022-03-13 12:42:50
7007457694,นม.70-7498,2022-03-13 12:39:17,2022-03-13 12:39:17,2022-03-13 12:52:58,2022-03-13 12:52:58
7007457717,ชบ.82-4190,2022-03-13 12:44:35,2022-03-13 12:44:35,2022-03-13 12:57:36,2022-03-13 12:57:36
7007457696,นม.70-7497,2022-03-13 12:47:51,2022-03-13 12:52:58,2022-03-13 13:05:43,2022-03-13 13:05:43
7007452304,กท.79-5843,2022-03-13 12:49:11,2022-03-13 12:57:36,2022-03-13 13:07:25,2022-03-13 13:07:25
7007457729,ชบ.84-7975,2022-03-13 12:49:26,2022-03-13 13:05:43,2022-03-13 13:16:32,2022-03-13 13:16:32
7007457734,ชบ.85-3878,2022-03-13 12:56:42,2022-03-13 13:07:25,2022-03-13 13:18:18,2022-03-13 13:18:18
7007453418,กท.79-0643,2022-03-13 13:11:22,2022-03-13 13:18:18,2022-03-13 13:28:16,2022-03-13 13:28:16
7007457692,นม.70-6721,2022-03-13 13:01:12,2022-03-13 13:16:32,2022-03-13 13:29:40,2022-03-13 13:29:40
7007457819,จบ.80-8222,2022-03-13 13:26:09,2022-03-13 13:28:16,2022-03-13 13:38:09,2022-03-13 13:38:09
7007452267,กท.77-8134,2022-03-13 13:39:46,2022-03-13 13:39:46,2022-03-13 13:48:52,2022-03-13 13:48:52
7007452244,กท.79-5578,2022-03-13 13:41:28,2022-03-13 13:41:28,2022-03-13 13:51:12,2022-03-13 13:51:12
7007452276,กท.77-9738,2022-03-13 13:56:38,2022-03-13 13:56:38,2022-03-13 14:09:49,2022-03-13 14:09:49
7007458212,กท.77-7979,2022-03-13 13:56:50,2022-03-13 13:56:50,2022-03-13 14:11:20,2022-03-13 14:11:20
7007458412,ตร.80-5209,2022-03-13 14:06:32,2022-03-13 14:09:49,2022-03-13 14:21:06,2022-03-13 14:21:06
7007452263,กท.79-1830,2022-03-13 14:14:10,2022-03-13 14:14:10,2022-03-13 14:25:19,2022-03-13 14:25:19
7007457580,กท.78-6744,2022-03-13 14:18:43,2022-03-13 14:21:06,2022-03-13 14:33:08,2022-03-13 14:33:08
7007458616,สค.70-4074,2022-03-13 14:25:34,2022-03-13 14:25:34,2022-03-13 14:35:53,2022-03-13 14:35:53
7007458603,นม.70-6589,2022-03-13 14:29:31,2022-03-13 14:33:08,2022-03-13 14:45:32,2022-03-13 14:45:32
7007456176,กท.78-6739,2022-03-13 14:32:49,2022-03-13 14:35:53,2022-03-13 14:48:18,2022-03-13 14:48:18
7007452286,กท.79-0644,2022-03-13 14:59:14,2022-03-13 14:59:14,2022-03-13 15:12:10,2022-03-13 15:12:10
7007457825,กท.79-2716,2022-03-13 15:00:39,2022-03-13 15:00:39,2022-03-13 15:12:34,2022-03-13 15:12:34
7007459909,ลพ.70-0786,2022-03-13 15:02:09,2022-03-13 15:12:10,2022-03-13 15:22:47,2022-03-13 15:22:47
7007452287,กท.78-7993,2022-03-13 15:06:30,2022-03-13 15:12:34,2022-03-13 15:24:09,2022-03-13 15:24:09
7007460395,กท.61-4383,2022-03-13 15:15:10,2022-03-13 15:24:09,2022-03-13 15:35:10,2022-03-13 15:35:10
7007460310,ชม.70-5125,2022-03-13 15:11:31,2022-03-13 15:22:47,2022-03-13 15:35:41,2022-03-13 15:35:41
7007456616,ฉช.81-4230,2022-03-13 15:32:53,2022-03-13 15:35:10,2022-03-13 15:45:06,2022-03-13 15:45:06
7007456470,กท.79-1961,2022-03-13 15:46:25,2022-03-13 15:46:25,2022-03-13 15:58:11,2022-03-13 15:58:11
7007458280,กท.78-6742,2022-03-13 15:50:31,2022-03-13 15:50:31,2022-03-13 16:03:31,2022-03-13 16:03:31
7007462032,ชม.70-5299,2022-03-13 16:12:49,2022-03-13 16:12:49,2022-03-13 16:25:50,2022-03-13 16:25:50
7007456602,กท.79-5579,2022-03-13 16:35:09,2022-03-13 16:35:09,2022-03-13 16:47:47,2022-03-13 16:47:47
7007462602,ชม.70-5301,2022-03-13 16:48:40,2022-03-13 16:48:40,2022-03-13 16:59:53,2022-03-13 16:59:53
7007456725,กท.77-8134,2022-03-13 16:48:14,2022-03-13 16:48:14,2022-03-13 17:00:03,2022-03-13 17:00:03
7007456589,กท.79-5843,2022-03-13 17:18:22,2022-03-13 17:18:22,2022-03-13 17:31:08,2022-03-13 17:31:08
7007462140,กท.79-0644,2022-03-13 17:33:25,2022-03-13 17:33:25,2022-03-13 17:44:17,2022-03-13 17:44:17
7007463216,ลพ.70-0785,2022-03-14 00:05:55,2022-03-14 00:05:55,2022-03-14 00:17:47,2022-03-14 00:17:47
7007463213,ชม.70-5300,2022-03-14 00:07:22,2022-03-14 00:07:22,2022-03-14 00:18:22,2022-03-14 00:18:22
7007463214,ชม.70-4355,2022-03-14 00:12:36,2022-03-14 00:18:22,2022-03-14 00:27:34,2022-03-14 00:27:34
7007463217,สค.70-2919,2022-03-14 00:09:23,2022-03-14 00:17:47,2022-03-14 00:29:33,2022-03-14 00:29:33
7007463218,ชม.70-4219,2022-03-14 00:13:49,2022-03-14 00:27:34,2022-03-14 00:37:15,2022-03-14 00:37:15
7007463215,สค.70-6119,2022-03-14 00:21:12,2022-03-14 00:29:33,2022-03-14 00:39:26,2022-03-14 00:39:26
7007463243,สค.70-4397,2022-03-14 00:46:04,2022-03-14 00:46:04,2022-03-14 00:56:20,2022-03-14 00:56:20
7007463251,ชม.70-5302,2022-03-14 01:18:09,2022-03-14 01:18:09,2022-03-14 01:29:05,2022-03-14 01:29:05
7007460186,ฉช.82-3201,2022-03-14 01:51:18,2022-03-14 01:51:18,2022-03-14 02:02:14,2022-03-14 02:02:14
7007463263,ฉช.82-4812,2022-03-14 01:56:58,2022-03-14 01:56:58,2022-03-14 02:05:25,2022-03-14 02:05:25
7007460153,ฉช.82-8528,2022-03-14 02:08:26,2022-03-14 02:08:26,2022-03-14 02:21:45,2022-03-14 02:21:45
7007463273,ชม.70-5261,2022-03-14 02:20:40,2022-03-14 02:20:40,2022-03-14 02:30:58,2022-03-14 02:30:58
7007456633,ฉช.82-7170,2022-03-14 02:58:07,2022-03-14 02:58:07,2022-03-14 03:11:59,2022-03-14 03:11:59
7007463296,สค.70-3935,2022-03-14 03:08:18,2022-03-14 03:08:18,2022-03-14 03:19:33,2022-03-14 03:19:33
7007456632,กท.75-1033,2022-03-14 04:48:10,2022-03-14 04:48:10,2022-03-14 04:58:06,2022-03-14 04:58:06
7007456612,กท.78-1149,2022-03-14 06:04:41,2022-03-14 06:04:41,2022-03-14 06:13:50,2022-03-14 06:13:50
7007456743,กท.79-5584,2022-03-14 06:09:01,2022-03-14 06:09:01,2022-03-14 06:21:53,2022-03-14 06:21:53
7007463369,สค.70-6125,2022-03-14 06:10:29,2022-03-14 06:13:50,2022-03-14 06:26:16,2022-03-14 06:26:16
7007456599,กท.79-0643,2022-03-14 06:11:25,2022-03-14 06:21:53,2022-03-14 06:31:01,2022-03-14 06:31:01
7007462146,กท.79-2716,2022-03-14 06:14:06,2022-03-14 06:26:16,2022-03-14 06:35:49,2022-03-14 06:35:49
7007456617,กท.79-1830,2022-03-14 06:14:39,2022-03-14 06:31:01,2022-03-14 06:40:19,2022-03-14 06:40:19
7007458014,กท.78-6742,2022-03-14 06:17:53,2022-03-14 06:35:49,2022-03-14 06:46:48,2022-03-14 06:46:48
7007456630,กท.79-5578,2022-03-14 06:25:52,2022-03-14 06:40:19,2022-03-14 06:52:15,2022-03-14 06:52:15
7007456619,กท.74-9067,2022-03-14 06:26:58,2022-03-14 06:46:48,2022-03-14 06:57:10,2022-03-14 06:57:10
7007456718,กท.78-7993,2022-03-14 06:29:59,2022-03-14 06:52:15,2022-03-14 07:02:37,2022-03-14 07:02:37
7007456592,กท.79-0841,2022-03-14 06:35:57,2022-03-14 06:57:10,2022-03-14 07:08:47,2022-03-14 07:08:47
7007456724,กท.77-8133,2022-03-14 06:38:03,2022-03-14 07:02:37,2022-03-14 07:11:26,2022-03-14 07:11:26
7007456605,กท.77-9738,2022-03-14 06:43:29,2022-03-14 07:08:47,2022-03-14 07:18:21,2022-03-14 07:18:21
7007456722,กท.79-0144,2022-03-14 06:49:27,2022-03-14 07:11:26,2022-03-14 07:22:09,2022-03-14 07:22:09
7007463446,สค.70-4335,2022-03-14 06:50:45,2022-03-14 07:18:21,2022-03-14 07:29:23,2022-03-14 07:29:23
7007456628,กท.79-1961,2022-03-14 06:54:56,2022-03-14 07:22:09,2022-03-14 07:34:40,2022-03-14 07:34:40
7007462109,กท.79-0642,2022-03-14 06:57:03,2022-03-14 07:29:23,2022-03-14 07:39:35,2022-03-14 07:39:35
7007456618,กท.79-2717,2022-03-14 07:04:53,2022-03-14 07:34:40,2022-03-14 07:44:46,2022-03-14 07:44:46
7007463495,ลพ.70-0786,2022-03-14 07:08:46,2022-03-14 07:39:35,2022-03-14 07:51:04,2022-03-14 07:51:04
7007462130,กท.60-4205,2022-03-14 07:09:18,2022-03-14 07:44:46,2022-03-14 07:53:48,2022-03-14 07:53:48
7007456623,ฉช.82-7443,2022-03-14 07:13:31,2022-03-14 07:51:04,2022-03-14 08:00:29,2022-03-14 08:00:29
7007456595,กท.78-6739,2022-03-14 07:14:11,2022-03-14 07:53:48,2022-03-14 08:06:50,2022-03-14 08:06:50
7007456744,กท.74-9070,2022-03-14 07:33:15,2022-03-14 08:00:29,2022-03-14 08:11:57,2022-03-14 08:11:57
7007456727,กท.78-6744,2022-03-14 07:54:43,2022-03-14 08:06:50,2022-03-14 08:16:56,2022-03-14 08:16:56
7007463727,กท.75-0640,2022-03-14 07:56:07,2022-03-14 08:11:57,2022-03-14 08:23:30,2022-03-14 08:23:30
7007463832,กท.79-5841,2022-03-14 08:17:54,2022-03-14 08:17:54,2022-03-14 08:29:04,2022-03-14 08:29:04
7007463826,กท.79-5842,2022-03-14 08:18:29,2022-03-14 08:23:30,2022-03-14 08:33:58,2022-03-14 08:33:58
7007456609,กท.60-4207,2022-03-14 09:05:16,2022-03-14 09:05:16,2022-03-14 09:14:59,2022-03-14 09:14:59
7007456622,กท.60-4208,2022-03-14 09:05:13,2022-03-14 09:05:13,2022-03-14 09:15:01,2022-03-14 09:15:01
7007464310,กท.75-3041,2022-03-14 09:22:50,2022-03-14 09:22:50,2022-03-14 09:33:23,2022-03-14 09:33:23
7007464390,นม.70-5434,2022-03-14 09:25:38,2022-03-14 09:25:38,2022-03-14 09:37:11,2022-03-14 09:37:11
7007464395,กท.61-4720,2022-03-14 09:29:56,2022-03-14 09:33:23,2022-03-14 09:43:22,2022-03-14 09:43:22
7007456627,ฉช.82-2839,2022-03-14 09:35:31,2022-03-14 09:37:11,2022-03-14 09:49:24,2022-03-14 09:49:24
7007464440,กท.72-3498,2022-03-14 09:38:58,2022-03-14 09:43:22,2022-03-14 09:52:42,2022-03-14 09:52:42
7007464464,กท.79-7691,2022-03-14 09:43:54,2022-03-14 09:49:24,2022-03-14 09:58:24,2022-03-14 09:58:24
7007464513,ฉช.82-4812,2022-03-14 09:50:16,2022-03-14 09:52:42,2022-03-14 10:02:22,2022-03-14 10:02:22
7007464575,รย.71-2637,2022-03-14 09:57:54,2022-03-14 09:58:24,2022-03-14 10:08:52,2022-03-14 10:08:52
7007462116,กท.78-7993,2022-03-14 09:58:07,2022-03-14 10:02:22,2022-03-14 10:11:50,2022-03-14 10:11:50
7007464545,จบ.80-8222,2022-03-14 09:59:46,2022-03-14 10:08:52,2022-03-14 10:20:09,2022-03-14 10:20:09
7007456721,กท.79-0841,2022-03-14 10:19:57,2022-03-14 10:19:57,2022-03-14 10:28:36,2022-03-14 10:28:36
7007456740,กท.78-1149,2022-03-14 10:33:44,2022-03-14 10:33:44,2022-03-14 10:46:53,2022-03-14 10:46:53
7007456601,กท.79-0642,2022-03-14 10:43:05,2022-03-14 10:43:05,2022-03-14 10:52:41,2022-03-14 10:52:41
7007456731,กท.78-6742,2022-03-14 10:47:09,2022-03-14 10:47:09,2022-03-14 10:57:39,2022-03-14 10:57:39
7007465044,ชบ.85-5327,2022-03-14 10:48:42,2022-03-14 10:52:41,2022-03-14 11:02:41,2022-03-14 11:02:41
7007465108,ชม.70-5122,2022-03-14 10:52:52,2022-03-14 10:57:39,2022-03-14 11:08:47,2022-03-14 11:08:47
7007465118,ชม.70-4355,2022-03-14 10:59:00,2022-03-14 11:02:41,2022-03-14 11:11:19,2022-03-14 11:11:19
7007465204,สค.70-5407,2022-03-14 11:06:51,2022-03-14 11:08:47,2022-03-14 11:20:14,2022-03-14 11:20:14
7007465103,ชม.70-5123,2022-03-14 11:09:37,2022-03-14 11:11:19,2022-03-14 11:22:19,2022-03-14 11:22:19
7007465278,ชม.70-5125,2022-03-14 11:12:20,2022-03-14 11:20:14,2022-03-14 11:29:32,2022-03-14 11:29:32
7007465347,ฉช.81-3257,2022-03-14 11:21:38,2022-03-14 11:22:19,2022-03-14 11:35:18,2022-03-14 11:35:18
7007464506,กท.79-1961,2022-03-14 11:22:07,2022-03-14 11:29:32,2022-03-14 11:40:20,2022-03-14 11:40:20
7007465627,กท.79-3259,2022-03-14 11:40:51,2022-03-14 11:40:51,2022-03-14 11:54:33,2022-03-14 11:54:33
7007456726,กท.79-0643,2022-03-14 11:51:50,2022-03-14 11:51:50,2022-03-14 12:02:06,2022-03-14 12:02:06
7007465733,นม.70-6730,2022-03-14 11:59:58,2022-03-14 11:59:58,2022-03-14 12:11:00,2022-03-14 12:11:00
7007456746,กท.78-6744,2022-03-14 12:05:29,2022-03-14 12:05:29,2022-03-14 12:14:02,2022-03-14 12:14:02
7007456723,กท.79-5584,2022-03-14 12:06:54,2022-03-14 12:11:00,2022-03-14 12:21:27,2022-03-14 12:21:27
7007465752,กท.79-7440,2022-03-14 12:12:18,2022-03-14 12:14:02,2022-03-14 12:25:57,2022-03-14 12:25:57
7007456598,กท.74-9067,2022-03-14 12:25:59,2022-03-14 12:25:59,2022-03-14 12:35:29,2022-03-14 12:35:29
7007464509,ฉช.82-7443,2022-03-14 12:31:05,2022-03-14 12:31:05,2022-03-14 12:41:55,2022-03-14 12:41:55
7007465828,ชบ.85-3878,2022-03-14 12:37:39,2022-03-14 12:37:39,2022-03-14 12:47:48,2022-03-14 12:47:48
7007465861,จบ.80-3645,2022-03-14 12:43:34,2022-03-14 12:43:34,2022-03-14 12:52:54,2022-03-14 12:52:54
7007465870,กท.75-2786,2022-03-14 12:43:53,2022-03-14 12:47:48,2022-03-14 12:57:02,2022-03-14 12:57:02
7007464991,กท.79-1830,2022-03-14 12:50:51,2022-03-14 12:52:54,2022-03-14 13:04:52,2022-03-14 13:04:52
7007465897,ชม.70-5299,2022-03-14 12:53:12,2022-03-14 12:57:02,2022-03-14 13:05:46,2022-03-14 13:05:46
7007464969,กท.78-6739,2022-03-14 13:30:16,2022-03-14 13:30:16,2022-03-14 13:42:02,2022-03-14 13:42:02
7007464982,กท.79-2716,2022-03-14 13:38:07,2022-03-14 13:38:07,2022-03-14 13:50:04,2022-03-14 13:50:04
7007466190,กท.79-6706,2022-03-14 13:38:35,2022-03-14 13:42:02,2022-03-14 13:51:49,2022-03-14 13:51:49
7007466195,รย.82-4012,2022-03-14 13:39:18,2022-03-14 13:50:04,2022-03-14 13:59:05,2022-03-14 13:59:05
7007466223,ชม.70-5301,2022-03-14 13:43:40,2022-03-14 13:51:49,2022-03-14 14:00:55,2022-03-14 14:00:55
7007466230,ชม.70-5300,2022-03-14 13:45:58,2022-03-14 13:59:05,2022-03-14 14:09:38,2022-03-14 14:09:38
7007466349,กท.78-5932,2022-03-14 13:56:25,2022-03-14 14:00:55,2022-03-14 14:09:43,2022-03-14 14:09:43
7007456742,กท.79-2717,2022-03-14 14:04:52,2022-03-14 14:09:38,2022-03-14 14:22:02,2022-03-14 14:22:02
7007458018,กท.77-9738,2022-03-14 14:15:26,2022-03-14 14:15:26,2022-03-14 14:26:40,2022-03-14 14:26:40
7007456729,กท.79-5843,2022-03-14 14:37:48,2022-03-14 14:37:48,2022-03-14 14:46:25,2022-03-14 14:46:25
7007465768,ฉช.81-4230,2022-03-14 14:35:22,2022-03-14 14:35:22,2022-03-14 14:46:29,2022-03-14 14:46:29
7007467122,กท.79-7786,2022-03-14 14:43:17,2022-03-14 14:46:25,2022-03-14 14:55:02,2022-03-14 14:55:02
7007467225,กท.79-3257,2022-03-14 14:46:44,2022-03-14 14:46:44,2022-03-14 15:00:08,2022-03-14 15:00:08
7007467309,กท.79-3258,2022-03-14 14:50:05,2022-03-14 14:55:02,2022-03-14 15:05:02,2022-03-14 15:05:02
7007456606,กท.79-5578,2022-03-14 14:50:15,2022-03-14 15:00:08,2022-03-14 15:11:09,2022-03-14 15:11:09
7007467139,กท.60-2724,2022-03-14 14:51:25,2022-03-14 15:05:02,2022-03-14 15:14:54,2022-03-14 15:14:54
7007466012,กท.78-6739,2022-03-14 15:35:06,2022-03-14 15:35:06,2022-03-14 15:45:42,2022-03-14 15:45:42
7007467714,สค.70-4074,2022-03-14 15:36:17,2022-03-14 15:36:17,2022-03-14 15:47:29,2022-03-14 15:47:29
7007467774,นม.70-6589,2022-03-14 15:50:31,2022-03-14 15:50:31,2022-03-14 16:00:39,2022-03-14 16:00:39
7007467925,ชม.70-5122,2022-03-14 16:00:31,2022-03-14 16:00:31,2022-03-14 16:11:23,2022-03-14 16:11:23
7007465832,กท.79-0643,2022-03-14 16:04:32,2022-03-14 16:04:32,2022-03-14 16:17:38,2022-03-14 16:17:38
7007465804,ฉช.82-4812,2022-03-14 16:15:24,2022-03-14 16:15:24,2022-03-14 16:25:10,2022-03-14 16:25:10
7007465784,กท.74-9070,2022-03-14 16:25:55,2022-03-14 16:25:55,2022-03-14 16:35:16,2022-03-14 16:35:16
7007468281,นม.70-6730,2022-03-14 16:36:39,2022-03-14 16:36:39,2022-03-14 16:51:21,2022-03-14 16:51:21
7007468319,ชบ.84-7975,2022-03-14 16:44:08,2022-03-14 16:44:08,2022-03-14 16:57:11,2022-03-14 16:57:11
7007465827,กท.79-1961,2022-03-14 17:09:01,2022-03-14 17:09:01,2022-03-14 17:18:31,2022-03-14 17:18:31
7007465791,กท.79-2716,2022-03-14 17:47:34,2022-03-14 17:47:34,2022-03-14 17:58:10,2022-03-14 17:58:10
7007469537,ชม.70-4355,2022-03-15 00:06:52,2022-03-15 00:06:52,2022-03-15 00:16:16,2022-03-15 00:16:16
7007469538,สค.70-6119,2022-03-15 00:07:17,2022-03-15 00:07:17,2022-03-15 00:18:01,2022-03-15 00:18:01
7007469539,สค.70-5407,2022-03-15 00:11:45,2022-03-15 00:18:01,2022-03-15 00:29:23,2022-03-15 00:29:23
7007469540,ชม.70-4219,2022-03-15 00:09:04,2022-03-15 00:16:16,2022-03-15 00:30:03,2022-03-15 00:30:03
7007469542,สค.70-2507,2022-03-15 00:15:42,2022-03-15 00:30:03,2022-03-15 00:38:08,2022-03-15 00:38:08
7007469541,ชม.70-5302,2022-03-15 00:15:14,2022-03-15 00:29:23,2022-03-15 00:42:13,2022-03-15 00:42:13
7007469553,รย.71-2638,2022-03-15 00:30:37,2022-03-15 00:38:08,2022-03-15 00:49:19,2022-03-15 00:49:19
7007469563,สค.70-6125,2022-03-15 01:03:19,2022-03-15 01:03:19,2022-03-15 01:13:24,2022-03-15 01:13:24
7007469564,สค.70-4397,2022-03-15 01:06:31,2022-03-15 01:06:31,2022-03-15 01:17:46,2022-03-15 01:17:46
7007465797,ฉช.82-3201,2022-03-15 02:25:08,2022-03-15 02:25:08,2022-03-15 02:35:51,2022-03-15 02:35:51
7007465802,ฉช.82-8528,2022-03-15 02:29:33,2022-03-15 02:29:33,2022-03-15 02:43:01,2022-03-15 02:43:01
7007465811,ฉช.82-8346,2022-03-15 02:53:40,2022-03-15 02:53:40,2022-03-15 03:02:40,2022-03-15 03:02:40
7007467955,กท.76-4825,2022-03-15 04:08:07,2022-03-15 04:08:07,2022-03-15 04:16:42,2022-03-15 04:16:42
7007469644,กท.61-8383,2022-03-15 04:33:35,2022-03-15 04:33:35,2022-03-15 04:44:15,2022-03-15 04:44:15
7007469656,ชบ.82-4190,2022-03-15 06:03:45,2022-03-15 06:03:45,2022-03-15 06:13:04,2022-03-15 06:13:04
7007465780,กท.78-6742,2022-03-15 06:05:19,2022-03-15 06:05:19,2022-03-15 06:19:39,2022-03-15 06:19:39
7007465833,กท.79-1830,2022-03-15 06:06:36,2022-03-15 06:13:04,2022-03-15 06:24:27,2022-03-15 06:24:27
7007465800,กท.79-5584,2022-03-15 06:10:27,2022-03-15 06:19:39,2022-03-15 06:32:27,2022-03-15 06:32:27
7007465813,กท.78-7993,2022-03-15 06:14:36,2022-03-15 06:24:27,2022-03-15 06:35:20,2022-03-15 06:35:20
7007465836,กท.79-5843,2022-03-15 06:16:10,2022-03-15 06:32:27,2022-03-15 06:43:45,2022-03-15 06:43:45
7007469679,กท.61-7782,2022-03-15 06:16:17,2022-03-15 06:35:20,2022-03-15 06:47:12,2022-03-15 06:47:12
7007465817,ฉช.82-7443,2022-03-15 06:19:53,2022-03-15 06:43:45,2022-03-15 06:54:43,2022-03-15 06:54:43
7007469667,สค.70-6123,2022-03-15 06:21:02,2022-03-15 06:47:12,2022-03-15 07:00:12,2022-03-15 07:00:12
7007466364,กท.79-5578,2022-03-15 06:23:22,2022-03-15 06:54:43,2022-03-15 07:05:13,2022-03-15 07:05:13
7007469676,กท.79-7440,2022-03-15 06:24:33,2022-03-15 07:00:12,2022-03-15 07:09:38,2022-03-15 07:09:38
7007467950,กท.77-9738,2022-03-15 06:37:08,2022-03-15 07:05:13,2022-03-15 07:16:34,2022-03-15 07:16:34
7007468382,กท.77-8133,2022-03-15 06:39:38,2022-03-15 07:09:38,2022-03-15 07:23:21,2022-03-15 07:23:21
7007465798,กท.79-0841,2022-03-15 06:51:34,2022-03-15 07:16:34,2022-03-15 07:30:33,2022-03-15 07:30:33
7007465807,กท.60-4205,2022-03-15 06:57:59,2022-03-15 07:23:21,2022-03-15 07:33:36,2022-03-15 07:33:36
7007469762,จบ.81-2529,2022-03-15 06:58:55,2022-03-15 07:30:33,2022-03-15 07:42:17,2022-03-15 07:42:17
7007467483,กท.74-9067,2022-03-15 07:00:16,2022-03-15 07:33:36,2022-03-15 07:47:22,2022-03-15 07:47:22
7007468433,กท.79-5579,2022-03-15 07:02:42,2022-03-15 07:42:17,2022-03-15 07:55:37,2022-03-15 07:55:37
7007465814,กท.79-2717,2022-03-15 07:09:02,2022-03-15 07:47:22,2022-03-15 07:58:12,2022-03-15 07:58:12
7007468388,กท.79-0144,2022-03-15 07:15:00,2022-03-15 07:55:37,2022-03-15 08:05:42,2022-03-15 08:05:42
7007465781,กท.77-8134,2022-03-15 07:20:39,2022-03-15 07:58:12,2022-03-15 08:07:46,2022-03-15 08:07:46
7007465810,กท.75-1033,2022-03-15 07:24:32,2022-03-15 08:05:42,2022-03-15 08:17:46,2022-03-15 08:17:46
7007465809,กท.79-0642,2022-03-15 07:25:08,2022-03-15 08:07:46,2022-03-15 08:18:45,2022-03-15 08:18:45
7007465774,กท.78-6739,2022-03-15 07:35:50,2022-03-15 08:17:46,2022-03-15 08:28:00,2022-03-15 08:28:00
7007469913,ชม.70-5261,2022-03-15 07:46:30,2022-03-15 08:18:45,2022-03-15 08:29:54,2022-03-15 08:29:54
7007465820,กท.78-6744,2022-03-15 07:49:40,2022-03-15 08:28:00,2022-03-15 08:38:43,2022-03-15 08:38:43
7007465837,กท.79-0641,2022-03-15 07:50:24,2022-03-15 08:29:54,2022-03-15 08:40:10,2022-03-15 08:40:10
7007469993,กท.75-7868,2022-03-15 08:01:00,2022-03-15 08:38:43,2022-03-15 08:49:32,2022-03-15 08:49:32
7007469967,กท.79-5841,2022-03-15 08:01:57,2022-03-15 08:40:10,2022-03-15 08:50:32,2022-03-15 08:50:32
7007470023,กท.78-1149,2022-03-15 08:12:12,2022-03-15 08:50:32,2022-03-15 08:59:42,2022-03-15 08:59:42
7007470032,ชบ.71-4793,2022-03-15 08:12:03,2022-03-15 08:49:32,2022-03-15 09:00:40,2022-03-15 09:00:40
7007470114,กท.61-6471,2022-03-15 08:32:07,2022-03-15 09:00:40,2022-03-15 09:11:07,2022-03-15 09:11:07
7007465771,ฉช.82-7170,2022-03-15 08:27:10,2022-03-15 08:59:42,2022-03-15 09:11:55,2022-03-15 09:11:55
7007465795,กท.60-4208,2022-03-15 09:00:02,2022-03-15 09:11:55,2022-03-15 09:21:04,2022-03-15 09:21:04
7007465770,ฉช.82-2839,2022-03-15 08:48:48,2022-03-15 09:11:07,2022-03-15 09:22:57,2022-03-15 09:22:57
7007470526,ชม.70-5299,2022-03-15 09:36:06,2022-03-15 09:36:06,2022-03-15 09:48:25,2022-03-15 09:48:25
7007470535,ตร.80-2192,2022-03-15 09:35:15,2022-03-15 09:35:15,2022-03-15 09:49:11,2022-03-15 09:49:11
7007470569,ชบ.84-7139,2022-03-15 09:46:04,2022-03-15 09:48:25,2022-03-15 10:01:22,2022-03-15 10:01:22
7007470719,กท.79-3259,2022-03-15 10:05:43,2022-03-15 10:05:43,2022-03-15 10:20:10,2022-03-15 10:20:10
7007468375,กท.79-2717,2022-03-15 10:13:22,2022-03-15 10:13:22,2022-03-15 10:24:00,2022-03-15 10:24:00
7007468395,กท.78-7993,2022-03-15 10:13:26,2022-03-15 10:20:10,2022-03-15 10:29:57,2022-03-15 10:29:57
7007470974,ชม.70-5124,2022-03-15 10:38:11,2022-03-15 10:38:11,2022-03-15 10:52:09,2022-03-15 10:52:09
7007465816,กท.77-9738,2022-03-15 11:05:05,2022-03-15 11:05:05,2022-03-15 11:14:10,2022-03-15 11:14:10
7007471203,ชบ.85-3878,2022-03-15 11:07:27,2022-03-15 11:07:27,2022-03-15 11:18:25,2022-03-15 11:18:25
7007471395,ลพ.70-0785,2022-03-15 11:21:38,2022-03-15 11:21:38,2022-03-15 11:31:04,2022-03-15 11:31:04
7007470875,กท.77-8133,2022-03-15 11:20:02,2022-03-15 11:20:02,2022-03-15 11:31:18,2022-03-15 11:31:18
7007471288,ฉช.82-8346,2022-03-15 11:25:17,2022-03-15 11:31:18,2022-03-15 11:40:54,2022-03-15 11:40:54
7007471301,กท.75-7868,2022-03-15 11:22:14,2022-03-15 11:31:04,2022-03-15 11:42:13,2022-03-15 11:42:13
7007471283,ชม.70-5192,2022-03-15 11:26:33,2022-03-15 11:40:54,2022-03-15 11:51:36,2022-03-15 11:51:36
7007468188,กท.78-6742,2022-03-15 11:51:04,2022-03-15 11:51:04,2022-03-15 12:01:38,2022-03-15 12:01:38
7007465796,กท.79-1830,2022-03-15 12:14:50,2022-03-15 12:14:50,2022-03-15 12:24:10,2022-03-15 12:24:10
7007472013,กท.61-8383,2022-03-15 12:25:05,2022-03-15 12:25:05,2022-03-15 12:34:48,2022-03-15 12:34:48
7007472036,นม.70-6719,2022-03-15 12:36:36,2022-03-15 12:36:36,2022-03-15 12:45:54,2022-03-15 12:45:54
7007468398,กท.79-1961,2022-03-15 12:36:30,2022-03-15 12:36:30,2022-03-15 12:48:28,2022-03-15 12:48:28
7007472041,นม.70-5380,2022-03-15 12:37:25,2022-03-15 12:45:54,2022-03-15 12:55:16,2022-03-15 12:55:16
7007465777,กท.79-0641,2022-03-15 12:37:43,2022-03-15 12:48:28,2022-03-15 12:59:16,2022-03-15 12:59:16
7007472057,กท.79-3258,2022-03-15 12:40:51,2022-03-15 12:55:16,2022-03-15 13:07:15,2022-03-15 13:07:15
7007472030,กท.60-2723,2022-03-15 12:58:18,2022-03-15 12:59:16,2022-03-15 13:10:29,2022-03-15 13:10:29
7007465778,กท.74-9067,2022-03-15 13:11:49,2022-03-15 13:11:49,2022-03-15 13:22:09,2022-03-15 13:22:09
7007465767,กท.79-0144,2022-03-15 13:09:04,2022-03-15 13:09:04,2022-03-15 13:23:15,2022-03-15 13:23:15
7007472184,กท.79-0642,2022-03-15 13:18:12,2022-03-15 13:22:09,2022-03-15 13:31:44,2022-03-15 13:31:44
7007465773,กท.79-0841,2022-03-15 13:19:01,2022-03-15 13:23:15,2022-03-15 13:33:47,2022-03-15 13:33:47
7007465793,กท.79-5584,2022-03-15 13:19:25,2022-03-15 13:31:44,2022-03-15 13:42:29,2022-03-15 13:42:29
7007470924,กท.79-5579,2022-03-15 13:21:18,2022-03-15 13:33:47,2022-03-15 13:45:30,2022-03-15 13:45:30
7007467706,กท.78-1149,2022-03-15 13:25:44,2022-03-15 13:42:29,2022-03-15 13:52:51,2022-03-15 13:52:51
7007472347,ชบ.84-7156,2022-03-15 13:45:21,2022-03-15 13:45:30,2022-03-15 13:55:54,2022-03-15 13:55:54
7007472407,กท.79-5842,2022-03-15 13:48:44,2022-03-15 13:52:51,2022-03-15 14:03:42,2022-03-15 14:03:42
7007465830,กท.79-2716,2022-03-15 13:49:54,2022-03-15 13:55:54,2022-03-15 14:07:33,2022-03-15 14:07:33
7007471455,ฉช.81-4230,2022-03-15 14:03:39,2022-03-15 14:03:42,2022-03-15 14:17:53,2022-03-15 14:17:53
7007472779,กท.79-8993,2022-03-15 14:19:24,2022-03-15 14:19:24,2022-03-15 14:29:04,2022-03-15 14:29:04
7007465834,กท.74-9070,2022-03-15 14:32:14,2022-03-15 14:32:14,2022-03-15 14:44:21,2022-03-15 14:44:21
7007465775,ฉช.82-7443,2022-03-15 14:35:10,2022-03-15 14:35:10,2022-03-15 14:49:05,2022-03-15 14:49:05
7007473086,กท.79-5841,2022-03-15 14:57:41,2022-03-15 14:57:41,2022-03-15 15:06:29,2022-03-15 15:06:29
7007473397,ลพ.70-0786,2022-03-15 15:23:26,2022-03-15 15:23:26,2022-03-15 15:34:39,2022-03-15 15:34:39
7007465835,กท.79-0643,2022-03-15 15:26:08,2022-03-15 15:26:08,2022-03-15 15:38:34,2022-03-15 15:38:34
7007473799,ชม.70-5300,2022-03-15 15:47:21,2022-03-15 15:47:21,2022-03-15 15:57:28,2022-03-15 15:57:28
7007473808,กท.79-3259,2022-03-15 16:02:14,2022-03-15 16:02:14,2022-03-15 16:11:41,2022-03-15 16:11:41
7007471982,กท.78-6739,2022-03-15 16:24:41,2022-03-15 16:24:41,2022-03-15 16:35:25,2022-03-15 16:35:25
7007473999,ชม.70-5122,2022-03-15 16:34:08,2022-03-15 16:34:08,2022-03-15 16:46:01,2022-03-15 16:46:01
7007465766,กท.79-0642,2022-03-15 16:34:16,2022-03-15 16:35:25,2022-03-15 16:48:25,2022-03-15 16:48:25
7007470716,กท.78-6742,2022-03-15 17:05:51,2022-03-15 17:05:51,2022-03-15 17:18:58,2022-03-15 17:18:58
7007471944,กท.74-9067,2022-03-15 17:29:46,2022-03-15 17:29:46,2022-03-15 17:41:52,2022-03-15 17:41:52
7007465826,กท.79-5579,2022-03-15 17:34:16,2022-03-15 17:34:16,2022-03-15 17:45:40,2022-03-15 17:45:40
7007465824,กท.77-8134,2022-03-15 17:41:22,2022-03-15 17:41:52,2022-03-15 17:55:48,2022-03-15 17:55:48
7007465819,กท.79-0144,2022-03-15 18:13:06,2022-03-15 18:13:06,2022-03-15 18:23:57,2022-03-15 18:23:57
7007471927,กท.78-6739,2022-03-15 18:15:56,2022-03-15 18:15:56,2022-03-15 18:26:25,2022-03-15 18:26:25
7007465883,กท.79-0841,2022-03-15 18:16:12,2022-03-15 18:23:57,2022-03-15 18:35:13,2022-03-15 18:35:13
7007471972,ฉช.82-7443,2022-03-15 18:42:11,2022-03-15 18:42:11,2022-03-15 18:53:58,2022-03-15 18:53:58
7007472149,กท.79-5584,2022-03-15 18:55:52,2022-03-15 18:55:52,2022-03-15 19:05:31,2022-03-15 19:05:31
7007471967,กท.78-7993,2022-03-15 18:55:48,2022-03-15 18:55:48,2022-03-15 19:06:04,2022-03-15 19:06:04
7007471969,กท.77-8133,2022-03-15 18:58:26,2022-03-15 19:05:31,2022-03-15 19:17:56,2022-03-15 19:17:56
7007474620,ชม.70-4355,2022-03-16 00:07:42,2022-03-16 00:07:42,2022-03-16 00:17:05,2022-03-16 00:17:05
7007474619,สค.70-6119,2022-03-16 00:07:50,2022-03-16 00:07:50,2022-03-16 00:21:26,2022-03-16 00:21:26
7007474621,ชม.70-4219,2022-03-16 00:09:41,2022-03-16 00:17:05,2022-03-16 00:27:17,2022-03-16 00:27:17
7007474625,สค.70-4335,2022-03-16 00:10:40,2022-03-16 00:21:26,2022-03-16 00:30:44,2022-03-16 00:30:44
7007474618,สค.70-4386,2022-03-16 00:13:45,2022-03-16 00:27:17,2022-03-16 00:38:43,2022-03-16 00:38:43
7007474629,สค.70-6125,2022-03-16 00:18:41,2022-03-16 00:30:44,2022-03-16 00:41:12,2022-03-16 00:41:12
7007471945,ฉช.82-3201,2022-03-16 01:46:18,2022-03-16 01:46:18,2022-03-16 01:57:03,2022-03-16 01:57:03
7007474680,ชม.70-5299,2022-03-16 02:27:05,2022-03-16 02:27:05,2022-03-16 02:36:04,2022-03-16 02:36:04
7007474678,ลพ.70-0785,2022-03-16 02:26:01,2022-03-16 02:26:01,2022-03-16 02:38:22,2022-03-16 02:38:22
7007471956,ฉช.82-2839,2022-03-16 02:49:37,2022-03-16 02:49:37,2022-03-16 03:02:35,2022-03-16 03:02:35
7007474718,กท.79-6703,2022-03-16 03:36:54,2022-03-16 03:36:54,2022-03-16 03:47:07,2022-03-16 03:47:07
7007474728,สค.70-4333,2022-03-16 04:13:09,2022-03-16 04:13:09,2022-03-16 04:22:10,2022-03-16 04:22:10
7007471939,กท.79-0644,2022-03-16 04:12:45,2022-03-16 04:12:45,2022-03-16 04:23:54,2022-03-16 04:23:54
7007474729,กท.79-7691,2022-03-16 04:14:05,2022-03-16 04:22:10,2022-03-16 04:31:52,2022-03-16 04:31:52
7007471963,กท.79-0144,2022-03-16 06:10:06,2022-03-16 06:10:06,2022-03-16 06:21:32,2022-03-16 06:21:32
7007471959,กท.79-0841,2022-03-16 06:09:34,2022-03-16 06:09:34,2022-03-16 06:23:27,2022-03-16 06:23:27
7007474779,สค.70-6123,2022-03-16 06:13:08,2022-03-16 06:23:27,2022-03-16 06:32:13,2022-03-16 06:32:13
7007471952,กท.78-6742,2022-03-16 06:11:16,2022-03-16 06:21:32,2022-03-16 06:34:31,2022-03-16 06:34:31
7007473631,กท.78-1149,2022-03-16 06:13:27,2022-03-16 06:32:13,2022-03-16 06:41:54,2022-03-16 06:41:54
7007471936,กท.75-1033,2022-03-16 06:14:24,2022-03-16 06:34:31,2022-03-16 06:46:24,2022-03-16 06:46:24
7007471923,กท.79-2716,2022-03-16 06:21:32,2022-03-16 06:41:54,2022-03-16 06:55:37,2022-03-16 06:55:37
7007471948,กท.77-8134,2022-03-16 06:25:53,2022-03-16 06:46:24,2022-03-16 06:59:13,2022-03-16 06:59:13
7007474815,ชม.70-5261,2022-03-16 06:32:44,2022-03-16 06:55:37,2022-03-16 07:06:32,2022-03-16 07:06:32
7007473609,กท.79-5578,2022-03-16 06:32:58,2022-03-16 06:59:13,2022-03-16 07:08:41,2022-03-16 07:08:41
7007471931,กท.77-9738,2022-03-16 06:39:35,2022-03-16 07:06:32,2022-03-16 07:17:34,2022-03-16 07:17:34
7007471943,กท.79-5843,2022-03-16 06:41:13,2022-03-16 07:08:41,2022-03-16 07:20:31,2022-03-16 07:20:31
7007471929,กท.74-9070,2022-03-16 06:45:31,2022-03-16 07:17:34,2022-03-16 07:27:41,2022-03-16 07:27:41
7007471975,กท.79-0642,2022-03-16 06:53:32,2022-03-16 07:20:31,2022-03-16 07:31:28,2022-03-16 07:31:28
7007471951,กท.76-4825,2022-03-16 06:58:00,2022-03-16 07:27:41,2022-03-16 07:38:36,2022-03-16 07:38:36
7007471953,กท.79-0643,2022-03-16 07:02:30,2022-03-16 07:31:28,2022-03-16 07:44:09,2022-03-16 07:44:09
7007471935,กท.79-5579,2022-03-16 07:02:33,2022-03-16 07:38:36,2022-03-16 07:47:50,2022-03-16 07:47:50
7007471949,กท.79-0641,2022-03-16 07:02:46,2022-03-16 07:44:09,2022-03-16 07:57:12,2022-03-16 07:57:12
7007471957,กท.79-2717,2022-03-16 07:17:28,2022-03-16 07:47:50,2022-03-16 07:59:10,2022-03-16 07:59:10
7007474964,ชม.70-5301,2022-03-16 07:19:12,2022-03-16 07:57:12,2022-03-16 08:07:00,2022-03-16 08:07:00
7007471933,กท.78-6744,2022-03-16 07:39:51,2022-03-16 07:59:10,2022-03-16 08:12:52,2022-03-16 08:12:52
7007475200,กท.75-7868,2022-03-16 08:14:57,2022-03-16 08:14:57,2022-03-16 08:26:52,2022-03-16 08:26:52
7007475216,กท.61-4720,2022-03-16 08:18:51,2022-03-16 08:18:51,2022-03-16 08:31:02,2022-03-16 08:31:02
7007475379,กท.79-5842,2022-03-16 09:04:59,2022-03-16 09:04:59,2022-03-16 09:16:37,2022-03-16 09:16:37
7007475610,ชบ.82-4190,2022-03-16 09:29:59,2022-03-16 09:29:59,2022-03-16 09:42:03,2022-03-16 09:42:03
7007475621,ชม.70-5302,2022-03-16 09:35:37,2022-03-16 09:35:37,2022-03-16 09:49:21,2022-03-16 09:49:21
7007471950,กท.79-0841,2022-03-16 09:43:03,2022-03-16 09:43:03,2022-03-16 09:54:38,2022-03-16 09:54:38
7007471954,กท.60-4207,2022-03-16 09:45:06,2022-03-16 09:49:21,2022-03-16 09:58:40,2022-03-16 09:58:40
7007471966,กท.78-1149,2022-03-16 09:47:47,2022-03-16 09:54:38,2022-03-16 10:07:39,2022-03-16 10:07:39
7007476268,นม.70-5434,2022-03-16 10:18:15,2022-03-16 10:18:15,2022-03-16 10:27:58,2022-03-16 10:27:58
7007471918,กท.78-6742,2022-03-16 10:16:48,2022-03-16 10:16:48,2022-03-16 10:30:08,2022-03-16 10:30:08
7007476426,ฉช.81-3257,2022-03-16 10:24:04,2022-03-16 10:30:08,2022-03-16 10:39:09,2022-03-16 10:39:09
7007476117,สบ.71-0828,2022-03-16 10:20:56,2022-03-16 10:27:58,2022-03-16 10:39:27,2022-03-16 10:39:27
7007476471,ชบ.84-7975,2022-03-16 10:29:02,2022-03-16 10:39:09,2022-03-16 10:47:47,2022-03-16 10:47:47
7007471932,กท.78-6744,2022-03-16 10:30:55,2022-03-16 10:39:27,2022-03-16 10:48:26,2022-03-16 10:48:26
7007476106,สบ.71-0408,2022-03-16 10:38:46,2022-03-16 10:47:47,2022-03-16 10:58:28,2022-03-16 10:58:28
7007476610,ชบ.71-8902,2022-03-16 10:49:06,2022-03-16 10:49:06,2022-03-16 10:58:39,2022-03-16 10:58:39
7007471974,กท.77-8134,2022-03-16 10:50:44,2022-03-16 10:58:28,2022-03-16 11:07:47,2022-03-16 11:07:47
7007471922,กท.79-2717,2022-03-16 11:03:46,2022-03-16 11:03:46,2022-03-16 11:14:59,2022-03-16 11:14:59
7007477035,ชบ.85-3878,2022-03-16 11:14:26,2022-03-16 11:14:26,2022-03-16 11:25:31,2022-03-16 11:25:31
7007477042,ชบ.71-4792,2022-03-16 11:22:23,2022-03-16 11:25:31,2022-03-16 11:34:11,2022-03-16 11:34:11
7007476929,กท.79-6705,2022-03-16 11:22:17,2022-03-16 11:22:17,2022-03-16 11:35:17,2022-03-16 11:35:17
7007476986,นม.70-7496,2022-03-16 11:26:58,2022-03-16 11:35:17,2022-03-16 11:44:31,2022-03-16 11:44:31
7007476996,นม.70-6737,2022-03-16 11:23:11,2022-03-16 11:34:11,2022-03-16 11:44:37,2022-03-16 11:44:37
7007477007,นม.70-6891,2022-03-16 11:28:21,2022-03-16 11:44:31,2022-03-16 11:54:44,2022-03-16 11:54:44
7007471962,กท.79-5578,2022-03-16 11:40:49,2022-03-16 11:44:37,2022-03-16 11:57:42,2022-03-16 11:57:42
7007477251,รย.82-0448,2022-03-16 11:49:46,2022-03-16 11:54:44,2022-03-16 12:04:01,2022-03-16 12:04:01
7007477257,จบ.70-0722,2022-03-16 12:04:57,2022-03-16 12:04:57,2022-03-16 12:16:16,2022-03-16 12:16:16
7007471965,กท.79-2716,2022-03-16 12:09:20,2022-03-16 12:09:20,2022-03-16 12:20:57,2022-03-16 12:20:57
7007477246,กท.79-5841,2022-03-16 12:10:10,2022-03-16 12:16:16,2022-03-16 12:27:55,2022-03-16 12:27:55
7007477347,สค.70-4074,2022-03-16 12:16:24,2022-03-16 12:20:57,2022-03-16 12:30:25,2022-03-16 12:30:25
7007477380,ลพ.70-0786,2022-03-16 12:29:21,2022-03-16 12:29:21,2022-03-16 12:40:23,2022-03-16 12:40:23
7007473584,กท.74-9070,2022-03-16 12:44:17,2022-03-16 12:44:17,2022-03-16 12:53:09,2022-03-16 12:53:09
7007477407,ชม.70-5122,2022-03-16 12:43:29,2022-03-16 12:43:29,2022-03-16 12:55:07,2022-03-16 12:55:07
7007477408,จบ.80-3645,2022-03-16 12:46:43,2022-03-16 12:53:09,2022-03-16 13:04:48,2022-03-16 13:04:48
7007471971,กท.79-0641,2022-03-16 13:00:53,2022-03-16 13:00:53,2022-03-16 13:09:45,2022-03-16 13:09:45
7007471942,กท.77-9738,2022-03-16 13:10:07,2022-03-16 13:10:07,2022-03-16 13:21:41,2022-03-16 13:21:41
7007471926,กท.79-0644,2022-03-16 13:19:26,2022-03-16 13:19:26,2022-03-16 13:29:27,2022-03-16 13:29:27
7007477676,กท.78-5932,2022-03-16 13:33:47,2022-03-16 13:33:47,2022-03-16 13:46:39,2022-03-16 13:46:39
7007471970,กท.79-0144,2022-03-16 13:38:05,2022-03-16 13:38:05,2022-03-16 13:48:12,2022-03-16 13:48:12
7007471925,กท.79-5843,2022-03-16 13:46:25,2022-03-16 13:46:39,2022-03-16 13:57:01,2022-03-16 13:57:01
7007476398,กท.79-0643,2022-03-16 13:47:00,2022-03-16 13:48:12,2022-03-16 13:58:10,2022-03-16 13:58:10
7007471941,กท.78-6739,2022-03-16 13:48:25,2022-03-16 13:57:01,2022-03-16 14:06:18,2022-03-16 14:06:18
7007477397,กท.79-5584,2022-03-16 13:51:37,2022-03-16 13:58:10,2022-03-16 14:07:24,2022-03-16 14:07:24
7007477235,กท.79-0642,2022-03-16 13:57:51,2022-03-16 14:07:24,2022-03-16 14:16:11,2022-03-16 14:16:11
7007477829,นม.70-6730,2022-03-16 13:56:55,2022-03-16 14:06:18,2022-03-16 14:16:42,2022-03-16 14:16:42
7007477878,ชม.70-5300,2022-03-16 14:13:36,2022-03-16 14:16:11,2022-03-16 14:26:30,2022-03-16 14:26:30
7007476389,กท.77-8133,2022-03-16 14:14:17,2022-03-16 14:16:42,2022-03-16 14:27:39,2022-03-16 14:27:39
7007471938,กท.79-5579,2022-03-16 14:32:43,2022-03-16 14:32:43,2022-03-16 14:46:03,2022-03-16 14:46:03
7007478086,กท.79-3257,2022-03-16 14:36:26,2022-03-16 14:36:26,2022-03-16 14:51:05,2022-03-16 14:51:05
7007473618,กท.74-9067,2022-03-16 15:06:19,2022-03-16 15:06:19,2022-03-16 15:14:25,2022-03-16 15:14:25
7007476861,กท.78-7993,2022-03-16 16:06:54,2022-03-16 16:06:54,2022-03-16 16:16:23,2022-03-16 16:16:23
7007476848,กท.79-2717,2022-03-16 16:07:15,2022-03-16 16:07:15,2022-03-16 16:20:04,2022-03-16 16:20:04
7007476866,กท.79-5584,2022-03-16 16:42:12,2022-03-16 16:42:12,2022-03-16 16:53:25,2022-03-16 16:53:25
7007480941,ชม.70-5420,2022-03-16 16:44:58,2022-03-16 16:44:58,2022-03-16 16:57:39,2022-03-16 16:57:39
7007480898,ชม.70-5125,2022-03-16 16:46:03,2022-03-16 16:53:25,2022-03-16 17:05:58,2022-03-16 17:05:58
7007476748,ฉช.81-4230,2022-03-16 17:20:14,2022-03-16 17:20:14,2022-03-16 17:29:59,2022-03-16 17:29:59
7007487613,สค.70-6119,2022-03-17 00:09:02,2022-03-17 00:09:02,2022-03-17 00:18:24,2022-03-17 00:18:24
7007487614,ชม.70-4219,2022-03-17 00:10:55,2022-03-17 00:10:55,2022-03-17 00:21:52,2022-03-17 00:21:52
7007487615,ลพ.70-0785,2022-03-17 00:11:53,2022-03-17 00:18:24,2022-03-17 00:29:08,2022-03-17 00:29:08
7007487612,ชม.70-4355,2022-03-17 00:33:15,2022-03-17 00:33:15,2022-03-17 00:41:42,2022-03-17 00:41:42
7007487628,ชม.70-5299,2022-03-17 00:33:15,2022-03-17 00:33:15,2022-03-17 00:45:59,2022-03-17 00:45:59
7007478790,ฉช.82-8346,2022-03-17 00:37:06,2022-03-17 00:41:42,2022-03-17 00:53:03,2022-03-17 00:53:03
7007487631,ลพ.70-0786,2022-03-17 00:43:22,2022-03-17 00:45:59,2022-03-17 00:55:15,2022-03-17 00:55:15
7007487632,สค.70-4397,2022-03-17 00:45:26,2022-03-17 00:53:03,2022-03-17 01:07:54,2022-03-17 01:07:54
7007487634,สค.70-6123,2022-03-17 01:11:42,2022-03-17 01:11:42,2022-03-17 01:26:00,2022-03-17 01:26:00
7007487652,สค.70-4333,2022-03-17 02:05:14,2022-03-17 02:05:14,2022-03-17 02:15:23,2022-03-17 02:15:23
7007487653,ฉช.82-4812,2022-03-17 02:05:22,2022-03-17 02:05:22,2022-03-17 02:15:42,2022-03-17 02:15:42
7007487647,ชม.70-5302,2022-03-17 02:13:33,2022-03-17 02:15:42,2022-03-17 02:26:01,2022-03-17 02:26:01
7007476833,ฉช.82-8528,2022-03-17 02:05:42,2022-03-17 02:15:23,2022-03-17 02:26:17,2022-03-17 02:26:17
7007487660,ชม.70-5301,2022-03-17 02:20:59,2022-03-17 02:26:01,2022-03-17 02:39:28,2022-03-17 02:39:28
7007476669,ฉช.82-7170,2022-03-17 02:29:23,2022-03-17 02:29:23,2022-03-17 02:40:27,2022-03-17 02:40:27
7007487678,ชม.70-5193,2022-03-17 03:05:49,2022-03-17 03:05:49,2022-03-17 03:16:19,2022-03-17 03:16:19
7007487685,สค.70-4335,2022-03-17 03:21:26,2022-03-17 03:21:26,2022-03-17 03:31:04,2022-03-17 03:31:04
7007476832,กท.76-4825,2022-03-17 03:19:00,2022-03-17 03:19:00,2022-03-17 03:31:26,2022-03-17 03:31:26
7007487692,กท.79-1818,2022-03-17 03:54:52,2022-03-17 03:54:52,2022-03-17 04:03:48,2022-03-17 04:03:48
7007476836,กท.79-0641,2022-03-17 03:58:37,2022-03-17 03:58:37,2022-03-17 04:09:43,2022-03-17 04:09:43
7007476744,กท.60-4205,2022-03-17 06:03:31,2022-03-17 06:03:31,2022-03-17 06:16:12,2022-03-17 06:16:12
7007476764,กท.79-1961,2022-03-17 06:04:46,2022-03-17 06:04:46,2022-03-17 06:17:18,2022-03-17 06:17:18
7007487731,ชม.70-5261,2022-03-17 06:07:37,2022-03-17 06:17:18,2022-03-17 06:28:19,2022-03-17 06:28:19
7007487725,สค.70-6125,2022-03-17 06:06:59,2022-03-17 06:16:12,2022-03-17 06:28:32,2022-03-17 06:28:32
7007476768,กท.79-1830,2022-03-17 06:09:45,2022-03-17 06:28:32,2022-03-17 06:42:05,2022-03-17 06:42:05
7007476828,กท.78-1149,2022-03-17 06:07:57,2022-03-17 06:28:19,2022-03-17 06:42:12,2022-03-17 06:42:12
7007476827,กท.79-0643,2022-03-17 06:15:23,2022-03-17 06:42:05,2022-03-17 06:53:29,2022-03-17 06:53:29
7007476683,กท.77-9738,2022-03-17 06:27:49,2022-03-17 06:42:12,2022-03-17 06:56:00,2022-03-17 06:56:00
7007476741,กท.79-0644,2022-03-17 06:40:09,2022-03-17 06:53:29,2022-03-17 07:04:49,2022-03-17 07:04:49
7007476675,กท.74-9070,2022-03-17 06:42:24,2022-03-17 06:56:00,2022-03-17 07:07:28,2022-03-17 07:07:28
7007487806,สค.70-3935,2022-03-17 06:45:39,2022-03-17 07:04:49,2022-03-17 07:15:10,2022-03-17 07:15:10
7007476688,กท.77-8133,2022-03-17 06:46:01,2022-03-17 07:07:28,2022-03-17 07:17:32,2022-03-17 07:17:32
7007476749,กท.79-0841,2022-03-17 06:48:18,2022-03-17 07:15:10,2022-03-17 07:26:14,2022-03-17 07:26:14
7007476819,กท.74-9067,2022-03-17 06:48:57,2022-03-17 07:17:32,2022-03-17 07:28:51,2022-03-17 07:28:51
7007476777,กท.79-5843,2022-03-17 06:50:05,2022-03-17 07:26:14,2022-03-17 07:38:44,2022-03-17 07:38:44
7007476831,กท.79-0642,2022-03-17 06:50:39,2022-03-17 07:28:51,2022-03-17 07:41:33,2022-03-17 07:41:33
7007476822,กท.79-2716,2022-03-17 06:50:59,2022-03-17 07:38:44,2022-03-17 07:48:42,2022-03-17 07:48:42
7007487825,ชม.70-5122,2022-03-17 06:56:50,2022-03-17 07:41:33,2022-03-17 07:50:56,2022-03-17 07:50:56
7007476743,กท.79-0144,2022-03-17 07:04:32,2022-03-17 07:48:42,2022-03-17 08:00:39,2022-03-17 08:00:39
7007476869,กท.78-6739,2022-03-17 07:07:32,2022-03-17 07:50:56,2022-03-17 08:03:44,2022-03-17 08:03:44
7007478762,กท.79-5579,2022-03-17 07:12:07,2022-03-17 08:00:39,2022-03-17 08:11:45,2022-03-17 08:11:45
7007487893,กท.78-5932,2022-03-17 07:15:42,2022-03-17 08:03:44,2022-03-17 08:15:51,2022-03-17 08:15:51
7007476765,ฉช.82-7443,2022-03-17 07:17:03,2022-03-17 08:11:45,2022-03-17 08:23:34,2022-03-17 08:23:34
7007476745,กท.77-8134,2022-03-17 07:19:16,2022-03-17 08:15:51,2022-03-17 08:26:25,2022-03-17 08:26:25
7007487928,นม.70-6589,2022-03-17 07:23:39,2022-03-17 08:23:34,2022-03-17 08:33:02,2022-03-17 08:33:02
7007476834,กท.78-6742,2022-03-17 07:25:48,2022-03-17 08:26:25,2022-03-17 08:38:06,2022-03-17 08:38:06
7007476826,กท.78-6744,2022-03-17 07:37:25,2022-03-17 08:33:02,2022-03-17 08:43:06,2022-03-17 08:43:06
7007476846,กท.79-0641,2022-03-17 07:43:18,2022-03-17 08:38:06,2022-03-17 08:50:30,2022-03-17 08:50:30
7007488124,กท.79-8997,2022-03-17 07:47:43,2022-03-17 08:43:06,2022-03-17 08:55:38,2022-03-17 08:55:38
7007488571,กท.79-3259,2022-03-17 08:09:10,2022-03-17 08:50:30,2022-03-17 09:00:46,2022-03-17 09:00:46
7007489037,กท.79-3258,2022-03-17 08:31:56,2022-03-17 08:55:38,2022-03-17 09:05:13,2022-03-17 09:05:13
7007489189,กท.75-0640,2022-03-17 08:41:56,2022-03-17 09:00:46,2022-03-17 09:14:47,2022-03-17 09:14:47
7007489245,ชบ.83-3599,2022-03-17 08:42:15,2022-03-17 09:05:13,2022-03-17 09:16:31,2022-03-17 09:16:31
7007476825,ฉช.82-7170,2022-03-17 08:54:44,2022-03-17 09:14:47,2022-03-17 09:24:25,2022-03-17 09:24:25
7007490267,กท.79-7440,2022-03-17 09:08:17,2022-03-17 09:16:31,2022-03-17 09:28:33,2022-03-17 09:28:33
7007490332,ชบ.84-7237,2022-03-17 09:09:09,2022-03-17 09:24:25,2022-03-17 09:35:32,2022-03-17 09:35:32
7007490371,ชบ.85-5327,2022-03-17 09:09:49,2022-03-17 09:28:33,2022-03-17 09:39:41,2022-03-17 09:39:41
7007476841,กท.60-4208,2022-03-17 09:10:39,2022-03-17 09:35:32,2022-03-17 09:46:49,2022-03-17 09:46:49
7007490661,ชบ.84-7139,2022-03-17 09:18:43,2022-03-17 09:39:41,2022-03-17 09:51:19,2022-03-17 09:51:19
7007476758,กท.60-4207,2022-03-17 09:23:36,2022-03-17 09:46:49,2022-03-17 09:56:36,2022-03-17 09:56:36
7007491248,จบ.81-3588,2022-03-17 09:42:07,2022-03-17 09:51:19,2022-03-17 10:01:52,2022-03-17 10:01:52
7007492734,กท.78-6739,2022-03-17 10:09:28,2022-03-17 10:09:28,2022-03-17 10:19:31,2022-03-17 10:19:31
7007492338,ชม.70-5991,2022-03-17 10:10:00,2022-03-17 10:10:00,2022-03-17 10:20:58,2022-03-17 10:20:58
7007476837,กท.79-0643,2022-03-17 10:28:01,2022-03-17 10:28:01,2022-03-17 10:38:20,2022-03-17 10:38:20
7007493413,จบ.81-3588,2022-03-17 10:30:57,2022-03-17 10:30:57,2022-03-17 10:42:44,2022-03-17 10:42:44
7007493715,กท.75-3041,2022-03-17 10:43:55,2022-03-17 10:43:55,2022-03-17 10:53:16,2022-03-17 10:53:16
7007494713,ชบ.85-3878,2022-03-17 11:19:22,2022-03-17 11:19:22,2022-03-17 11:30:35,2022-03-17 11:30:35
7007476829,กท.79-1830,2022-03-17 11:21:13,2022-03-17 11:21:13,2022-03-17 11:30:36,2022-03-17 11:30:36
7007494865,สค.70-4074,2022-03-17 11:25:20,2022-03-17 11:30:35,2022-03-17 11:43:22,2022-03-17 11:43:22
7007476679,ฉช.82-8528,2022-03-17 11:41:10,2022-03-17 11:41:10,2022-03-17 11:51:50,2022-03-17 11:51:50
7007476754,ฉช.82-7443,2022-03-17 11:44:28,2022-03-17 11:44:28,2022-03-17 11:55:06,2022-03-17 11:55:06
7007495426,ชม.70-5420,2022-03-17 11:47:54,2022-03-17 11:51:50,2022-03-17 12:04:48,2022-03-17 12:04:48
7007476874,กท.77-8133,2022-03-17 11:49:02,2022-03-17 11:55:06,2022-03-17 12:09:01,2022-03-17 12:09:01
7007490456,กท.78-6742,2022-03-17 11:52:12,2022-03-17 12:04:48,2022-03-17 12:17:32,2022-03-17 12:17:32
7007495683,กท.75-0640,2022-03-17 11:59:16,2022-03-17 12:09:01,2022-03-17 12:19:13,2022-03-17 12:19:13
7007476830,กท.75-1033,2022-03-17 12:14:40,2022-03-17 12:19:13,2022-03-17 12:29:07,2022-03-17 12:29:07
7007496016,จบ.80-3645,2022-03-17 12:08:55,2022-03-17 12:17:32,2022-03-17 12:29:42,2022-03-17 12:29:42
7007496206,ตร.80-2192,2022-03-17 12:17:11,2022-03-17 12:29:07,2022-03-17 12:39:28,2022-03-17 12:39:28
7007496073,ชบ.82-4190,2022-03-17 12:21:57,2022-03-17 12:29:42,2022-03-17 12:40:36,2022-03-17 12:40:36
7007494452,กท.74-9067,2022-03-17 12:45:14,2022-03-17 12:45:14,2022-03-17 12:57:07,2022-03-17 12:57:07
7007497124,รย.81-6767,2022-03-17 12:59:36,2022-03-17 12:59:36,2022-03-17 13:09:06,2022-03-17 13:09:06
7007497256,ชม.70-4219,2022-03-17 12:56:54,2022-03-17 12:56:54,2022-03-17 13:10:02,2022-03-17 13:10:02
7007476856,กท.78-1149,2022-03-17 13:14:59,2022-03-17 13:14:59,2022-03-17 13:24:11,2022-03-17 13:24:11
7007476761,กท.79-5843,2022-03-17 13:23:19,2022-03-17 13:23:19,2022-03-17 13:34:44,2022-03-17 13:34:44
7007476747,กท.79-1961,2022-03-17 13:35:06,2022-03-17 13:35:06,2022-03-17 13:48:00,2022-03-17 13:48:00
7007490427,กท.79-0144,2022-03-17 13:40:44,2022-03-17 13:40:44,2022-03-17 13:52:59,2022-03-17 13:52:59
7007476823,กท.79-0841,2022-03-17 13:44:36,2022-03-17 13:48:00,2022-03-17 14:02:43,2022-03-17 14:02:43
7007476696,กท.79-5584,2022-03-17 13:44:49,2022-03-17 13:52:59,2022-03-17 14:06:03,2022-03-17 14:06:03
7007498809,ชม.70-5122,2022-03-17 13:52:16,2022-03-17 14:02:43,2022-03-17 14:12:31,2022-03-17 14:12:31
7007476853,กท.78-7993,2022-03-17 13:53:05,2022-03-17 14:06:03,2022-03-17 14:17:23,2022-03-17 14:17:23
7007476751,กท.79-0642,2022-03-17 13:53:32,2022-03-17 14:12:31,2022-03-17 14:24:45,2022-03-17 14:24:45
7007498888,กท.75-2786,2022-03-17 13:55:56,2022-03-17 14:17:23,2022-03-17 14:30:24,2022-03-17 14:30:24
7007476791,กท.79-0644,2022-03-17 14:03:28,2022-03-17 14:24:45,2022-03-17 14:35:29,2022-03-17 14:35:29
7007498392,ชม.70-5302,2022-03-17 14:04:35,2022-03-17 14:30:24,2022-03-17 14:40:32,2022-03-17 14:40:32
7007498939,กท.79-8998,2022-03-17 14:05:27,2022-03-17 14:35:29,2022-03-17 14:47:06,2022-03-17 14:47:06
7007476843,กท.79-2716,2022-03-17 14:11:40,2022-03-17 14:40:32,2022-03-17 14:51:10,2022-03-17 14:51:10
7007494478,กท.78-6744,2022-03-17 14:47:31,2022-03-17 14:47:31,2022-03-17 14:56:28,2022-03-17 14:56:28
7007490515,กท.79-2717,2022-03-17 15:09:34,2022-03-17 15:09:34,2022-03-17 15:19:36,2022-03-17 15:19:36
7007476850,กท.77-9738,2022-03-17 15:15:16,2022-03-17 15:15:16,2022-03-17 15:28:04,2022-03-17 15:28:04
7007502442,ชม.70-5300,2022-03-17 15:50:19,2022-03-17 15:50:19,2022-03-17 16:01:44,2022-03-17 16:01:44
7007502422,ชม.70-4355,2022-03-17 15:47:48,2022-03-17 15:47:48,2022-03-17 16:02:11,2022-03-17 16:02:11
7007476674,กท.79-5579,2022-03-17 15:57:58,2022-03-17 16:01:44,2022-03-17 16:11:36,2022-03-17 16:11:36
7007502514,กท.79-7791,2022-03-17 15:58:13,2022-03-17 16:02:11,2022-03-17 16:12:05,2022-03-17 16:12:05
7007502435,นม.70-7501,2022-03-17 16:04:27,2022-03-17 16:11:36,2022-03-17 16:23:41,2022-03-17 16:23:41
7007502484,นม.70-7144,2022-03-17 16:07:55,2022-03-17 16:12:05,2022-03-17 16:25:19,2022-03-17 16:25:19
7007503466,กท.79-5842,2022-03-17 16:34:00,2022-03-17 16:34:00,2022-03-17 16:45:47,2022-03-17 16:45:47
7007503847,ชม.70-5299,2022-03-17 16:39:30,2022-03-17 16:39:30,2022-03-17 16:48:49,2022-03-17 16:48:49
7007497686,กท.78-6739,2022-03-17 16:39:32,2022-03-17 16:45:47,2022-03-17 16:57:40,2022-03-17 16:57:40
7007503679,ชบ.84-7975,2022-03-17 16:39:41,2022-03-17 16:48:49,2022-03-17 17:00:12,2022-03-17 17:00:12
7007497574,กท.79-0644,2022-03-17 16:44:14,2022-03-17 16:57:40,2022-03-17 17:10:59,2022-03-17 17:10:59
7007504152,ลพ.70-0785,2022-03-17 16:48:34,2022-03-17 17:00:12,2022-03-17 17:12:05,2022-03-17 17:12:05
7007498234,ฉช.81-4230,2022-03-17 16:52:23,2022-03-17 17:10:59,2022-03-17 17:20:19,2022-03-17 17:20:19
7007504654,กท.79-3257,2022-03-17 17:02:59,2022-03-17 17:12:05,2022-03-17 17:20:33,2022-03-17 17:20:33
7007501379,กท.77-9738,2022-03-17 17:21:45,2022-03-17 17:21:45,2022-03-17 17:33:30,2022-03-17 17:33:30
7007497664,กท.78-1149,2022-03-17 17:45:26,2022-03-17 17:45:26,2022-03-17 17:57:17,2022-03-17 17:57:17
7007509966,สค.70-6119,2022-03-18 00:07:03,2022-03-18 00:07:03,2022-03-18 00:18:12,2022-03-18 00:18:12
7007509968,สค.70-4386,2022-03-18 00:06:40,2022-03-18 00:06:40,2022-03-18 00:18:24,2022-03-18 00:18:24
7007509967,นม.70-6589,2022-03-18 00:12:41,2022-03-18 00:18:12,2022-03-18 00:30:37,2022-03-18 00:30:37
7007509992,สค.70-4397,2022-03-18 00:49:29,2022-03-18 00:49:29,2022-03-18 01:00:43,2022-03-18 01:00:43
7007510011,สค.70-3937,2022-03-18 01:24:43,2022-03-18 01:24:43,2022-03-18 01:34:39,2022-03-18 01:34:39
7007510019,ชม.70-5301,2022-03-18 01:36:09,2022-03-18 01:36:09,2022-03-18 01:46:49,2022-03-18 01:46:49
7007498240,ฉช.82-4812,2022-03-18 02:06:53,2022-03-18 02:06:53,2022-03-18 02:15:32,2022-03-18 02:15:32
7007510040,นม.70-6730,2022-03-18 02:45:03,2022-03-18 02:45:03,2022-03-18 02:56:58,2022-03-18 02:56:58
7007510056,กท.79-6706,2022-03-18 03:53:59,2022-03-18 03:53:59,2022-03-18 04:04:44,2022-03-18 04:04:44
7007497645,กท.60-4208,2022-03-18 04:34:51,2022-03-18 04:34:51,2022-03-18 04:44:56,2022-03-18 04:44:56
7007500322,กท.79-0643,2022-03-18 06:04:24,2022-03-18 06:04:24,2022-03-18 06:14:43,2022-03-18 06:14:43
7007510129,สค.70-6123,2022-03-18 06:10:22,2022-03-18 06:10:22,2022-03-18 06:20:40,2022-03-18 06:20:40
7007497635,กท.79-5584,2022-03-18 06:10:43,2022-03-18 06:14:43,2022-03-18 06:27:52,2022-03-18 06:27:52
7007497613,กท.79-1830,2022-03-18 06:15:22,2022-03-18 06:20:40,2022-03-18 06:34:01,2022-03-18 06:34:01
7007502845,กท.74-9067,2022-03-18 06:15:48,2022-03-18 06:27:52,2022-03-18 06:38:45,2022-03-18 06:38:45
7007497694,กท.77-8133,2022-03-18 06:21:14,2022-03-18 06:34:01,2022-03-18 06:45:00,2022-03-18 06:45:00
7007497642,กท.79-5578,2022-03-18 06:23:37,2022-03-18 06:38:45,2022-03-18 06:48:36,2022-03-18 06:48:36
7007510148,สค.70-4335,2022-03-18 06:31:46,2022-03-18 06:45:00,2022-03-18 06:54:51,2022-03-18 06:54:51
7007510229,กท.79-2899,2022-03-18 06:36:39,2022-03-18 06:48:36,2022-03-18 07:00:07,2022-03-18 07:00:07
7007501889,กท.77-8134,2022-03-18 06:40:05,2022-03-18 06:54:51,2022-03-18 07:04:58,2022-03-18 07:04:58
7007497609,กท.79-0642,2022-03-18 06:40:21,2022-03-18 07:00:07,2022-03-18 07:11:16,2022-03-18 07:11:16
7007498229,กท.79-5843,2022-03-18 06:41:28,2022-03-18 07:04:58,2022-03-18 07:17:31,2022-03-18 07:17:31
7007497715,กท.78-7993,2022-03-18 06:45:01,2022-03-18 07:11:16,2022-03-18 07:22:15,2022-03-18 07:22:15
7007497678,กท.79-0641,2022-03-18 06:54:42,2022-03-18 07:17:31,2022-03-18 07:27:27,2022-03-18 07:27:27
7007497625,กท.79-0841,2022-03-18 06:56:17,2022-03-18 07:22:15,2022-03-18 07:33:03,2022-03-18 07:33:03
7007497669,กท.79-1961,2022-03-18 06:59:24,2022-03-18 07:27:27,2022-03-18 07:36:07,2022-03-18 07:36:07
7007497629,กท.79-0144,2022-03-18 07:00:50,2022-03-18 07:33:03,2022-03-18 07:43:55,2022-03-18 07:43:55
7007497700,กท.60-4205,2022-03-18 07:19:13,2022-03-18 07:36:07,2022-03-18 07:46:44,2022-03-18 07:46:44
7007497710,กท.78-6742,2022-03-18 07:19:16,2022-03-18 07:43:55,2022-03-18 07:54:08,2022-03-18 07:54:08
7007510507,กท.79-7691,2022-03-18 07:27:51,2022-03-18 07:46:44,2022-03-18 07:58:42,2022-03-18 07:58:42
7007510511,สค.70-4333,2022-03-18 07:28:14,2022-03-18 07:54:08,2022-03-18 08:03:41,2022-03-18 08:03:41
7007497649,กท.79-5579,2022-03-18 07:30:38,2022-03-18 07:58:42,2022-03-18 08:08:25,2022-03-18 08:08:25
7007497691,กท.78-6744,2022-03-18 07:34:57,2022-03-18 08:03:41,2022-03-18 08:12:54,2022-03-18 08:12:54
7007497682,กท.79-2717,2022-03-18 07:42:09,2022-03-18 08:08:25,2022-03-18 08:19:26,2022-03-18 08:19:26
7007497697,ฉช.82-7443,2022-03-18 07:49:08,2022-03-18 08:12:54,2022-03-18 08:22:38,2022-03-18 08:22:38
7007510649,กท.79-3259,2022-03-18 07:53:57,2022-03-18 08:19:26,2022-03-18 08:30:23,2022-03-18 08:30:23
7007510710,กท.79-5841,2022-03-18 08:06:55,2022-03-18 08:22:38,2022-03-18 08:32:37,2022-03-18 08:32:37
7007510774,กท.75-7868,2022-03-18 08:20:43,2022-03-18 08:30:23,2022-03-18 08:40:03,2022-03-18 08:40:03
7007510882,รย.82-0448,2022-03-18 08:48:22,2022-03-18 08:48:22,2022-03-18 09:01:34,2022-03-18 09:01:34
7007511187,ฉช.82-2839,2022-03-18 09:34:07,2022-03-18 09:34:07,2022-03-18 09:48:30,2022-03-18 09:48:30
7007511211,นม.70-6589,2022-03-18 09:40:45,2022-03-18 09:40:45,2022-03-18 09:50:23,2022-03-18 09:50:23
7007497621,กท.77-8134,2022-03-18 09:44:31,2022-03-18 09:48:30,2022-03-18 10:00:41,2022-03-18 10:00:41
7007497606,กท.79-0642,2022-03-18 09:55:40,2022-03-18 09:55:40,2022-03-18 10:04:54,2022-03-18 10:04:54
7007511530,ชม.70-5299,2022-03-18 10:17:35,2022-03-18 10:17:35,2022-03-18 10:28:43,2022-03-18 10:28:43
7007497675,กท.79-5584,2022-03-18 10:22:26,2022-03-18 10:22:26,2022-03-18 10:32:57,2022-03-18 10:32:57
7007511562,จบ.80-8222,2022-03-18 10:25:17,2022-03-18 10:28:43,2022-03-18 10:38:02,2022-03-18 10:38:02
7007511571,ชม.70-5302,2022-03-18 10:27:46,2022-03-18 10:32:57,2022-03-18 10:45:34,2022-03-18 10:45:34
7007511708,กท.78-7993,2022-03-18 10:44:40,2022-03-18 10:44:40,2022-03-18 10:56:16,2022-03-18 10:56:16
7007497719,กท.79-5843,2022-03-18 10:47:22,2022-03-18 10:47:22,2022-03-18 10:58:35,2022-03-18 10:58:35
7007497616,กท.79-0643,2022-03-18 10:53:33,2022-03-18 10:56:16,2022-03-18 11:07:31,2022-03-18 11:07:31
7007511023,ฉช.82-7443,2022-03-18 11:08:44,2022-03-18 11:08:44,2022-03-18 11:20:55,2022-03-18 11:20:55
7007497672,กท.79-1961,2022-03-18 11:35:14,2022-03-18 11:35:14,2022-03-18 11:45:51,2022-03-18 11:45:51
7007511956,ฉช.81-3257,2022-03-18 11:39:55,2022-03-18 11:39:55,2022-03-18 11:50:07,2022-03-18 11:50:07
7007511961,ชม.70-5124,2022-03-18 11:41:06,2022-03-18 11:45:51,2022-03-18 11:55:06,2022-03-18 11:55:06
7007497659,กท.79-0641,2022-03-18 12:03:52,2022-03-18 12:03:52,2022-03-18 12:16:10,2022-03-18 12:16:10
7007511548,กท.78-6739,2022-03-18 12:14:51,2022-03-18 12:14:51,2022-03-18 12:25:04,2022-03-18 12:25:04
7007512123,ชม.70-5125,2022-03-18 12:24:01,2022-03-18 12:24:01,2022-03-18 12:34:15,2022-03-18 12:34:15
7007512128,ลพ.70-0786,2022-03-18 12:32:55,2022-03-18 12:32:55,2022-03-18 12:45:27,2022-03-18 12:45:27
7007512199,ชบ.85-3878,2022-03-18 12:33:04,2022-03-18 12:34:15,2022-03-18 12:46:00,2022-03-18 12:46:00
7007512175,ชบ.82-4190,2022-03-18 12:36:13,2022-03-18 12:45:27,2022-03-18 12:55:37,2022-03-18 12:55:37
7007512173,รย.82-0448,2022-03-18 12:39:34,2022-03-18 12:46:00,2022-03-18 12:57:44,2022-03-18 12:57:44
7007497632,กท.79-1830,2022-03-18 12:42:13,2022-03-18 12:57:44,2022-03-18 13:08:09,2022-03-18 13:08:09
7007512220,กท.79-3258,2022-03-18 12:40:20,2022-03-18 12:55:37,2022-03-18 13:08:25,2022-03-18 13:08:25
7007497570,กท.78-6742,2022-03-18 13:05:39,2022-03-18 13:08:25,2022-03-18 13:18:05,2022-03-18 13:18:05
7007512240,ชม.70-4219,2022-03-18 12:53:05,2022-03-18 13:08:09,2022-03-18 13:21:52,2022-03-18 13:21:52
7007511557,กท.79-0144,2022-03-18 13:19:50,2022-03-18 13:19:50,2022-03-18 13:32:13,2022-03-18 13:32:13
7007512346,ชบ.84-7139,2022-03-18 13:25:14,2022-03-18 13:25:14,2022-03-18 13:38:45,2022-03-18 13:38:45
7007497723,กท.79-2717,2022-03-18 13:25:56,2022-03-18 13:32:13,2022-03-18 13:42:48,2022-03-18 13:42:48
7007512429,กท.79-5842,2022-03-18 13:43:16,2022-03-18 13:43:16,2022-03-18 13:52:29,2022-03-18 13:52:29
7007512371,ชม.70-5261,2022-03-18 13:31:16,2022-03-18 13:38:45,2022-03-18 13:52:47,2022-03-18 13:52:47
7007512453,สค.70-6125,2022-03-18 13:48:53,2022-03-18 13:52:29,2022-03-18 14:04:06,2022-03-18 14:04:06
7007512494,ชม.70-4355,2022-03-18 14:01:20,2022-03-18 14:01:20,2022-03-18 14:13:29,2022-03-18 14:13:29
7007511553,กท.78-1149,2022-03-18 14:15:03,2022-03-18 14:15:03,2022-03-18 14:27:05,2022-03-18 14:27:05
7007512557,กท.79-8994,2022-03-18 14:20:33,2022-03-18 14:20:33,2022-03-18 14:30:29,2022-03-18 14:30:29
7007512506,ชม.70-5122,2022-03-18 14:23:18,2022-03-18 14:27:05,2022-03-18 14:36:37,2022-03-18 14:36:37
7007511019,กท.78-6744,2022-03-18 14:26:05,2022-03-18 14:30:29,2022-03-18 14:45:00,2022-03-18 14:45:00
7007511672,ฉช.81-4230,2022-03-18 14:37:46,2022-03-18 14:37:46,2022-03-18 14:47:31,2022-03-18 14:47:31
7007511836,กท.77-8134,2022-03-18 14:38:18,2022-03-18 14:45:00,2022-03-18 14:54:56,2022-03-18 14:54:56
7007511814,กท.78-6742,2022-03-18 15:17:00,2022-03-18 15:17:00,2022-03-18 15:27:41,2022-03-18 15:27:41
7007513031,กท.79-3258,2022-03-18 16:17:34,2022-03-18 16:17:34,2022-03-18 16:27:27,2022-03-18 16:27:27
7007513083,รย.71-2637,2022-03-18 16:33:40,2022-03-18 16:33:40,2022-03-18 16:46:09,2022-03-18 16:46:09
7007513109,กท.79-3257,2022-03-18 16:46:19,2022-03-18 16:46:19,2022-03-18 16:56:58,2022-03-18 16:56:58
7007513394,สค.70-6125,2022-03-19 00:10:21,2022-03-19 00:10:21,2022-03-19 00:19:11,2022-03-19 00:19:11
7007513395,ชม.70-5300,2022-03-19 00:09:05,2022-03-19 00:09:05,2022-03-19 00:22:04,2022-03-19 00:22:04
7007513397,สค.70-2507,2022-03-19 00:11:58,2022-03-19 00:19:11,2022-03-19 00:28:29,2022-03-19 00:28:29
7007513399,ลพ.70-0785,2022-03-19 00:14:26,2022-03-19 00:22:04,2022-03-19 00:31:21,2022-03-19 00:31:21
7007513400,สค.70-3665,2022-03-19 00:15:30,2022-03-19 00:28:29,2022-03-19 00:40:57,2022-03-19 00:40:57
7007513396,สค.70-6119,2022-03-19 00:26:08,2022-03-19 00:31:21,2022-03-19 00:41:23,2022-03-19 00:41:23
7007513412,สค.70-4397,2022-03-19 00:53:06,2022-03-19 00:53:06,2022-03-19 01:04:18,2022-03-19 01:04:18
7007513417,ชม.70-4355,2022-03-19 01:29:52,2022-03-19 01:29:52,2022-03-19 01:38:04,2022-03-19 01:38:04
7007513424,ชม.70-5301,2022-03-19 01:45:48,2022-03-19 01:45:48,2022-03-19 01:56:44,2022-03-19 01:56:44
7007513427,สค.70-4074,2022-03-19 02:05:27,2022-03-19 02:05:27,2022-03-19 02:15:38,2022-03-19 02:15:38
7007513432,ชม.70-5261,2022-03-19 02:13:16,2022-03-19 02:13:16,2022-03-19 02:23:57,2022-03-19 02:23:57
7007513435,รย.71-2638,2022-03-19 02:36:44,2022-03-19 02:36:44,2022-03-19 02:48:06,2022-03-19 02:48:06
7007513453,ชม.70-5420,2022-03-19 03:46:15,2022-03-19 03:46:15,2022-03-19 03:56:57,2022-03-19 03:56:57
7007513459,กท.79-8993,2022-03-19 04:08:57,2022-03-19 04:08:57,2022-03-19 04:19:08,2022-03-19 04:19:08
7007513460,กท.79-7691,2022-03-19 04:30:08,2022-03-19 04:30:08,2022-03-19 04:39:27,2022-03-19 04:39:27
7007513501,สค.70-4335,2022-03-19 06:10:28,2022-03-19 06:10:28,2022-03-19 06:21:44,2022-03-19 06:21:44
7007513503,สค.70-6123,2022-03-19 06:10:23,2022-03-19 06:10:23,2022-03-19 06:23:17,2022-03-19 06:23:17
7007511822,กท.76-4825,2022-03-19 06:11:58,2022-03-19 06:21:44,2022-03-19 06:30:25,2022-03-19 06:30:25
7007513494,ชม.70-5302,2022-03-19 06:19:42,2022-03-19 06:23:17,2022-03-19 06:34:05,2022-03-19 06:34:05
7007512366,กท.79-5843,2022-03-19 06:22:59,2022-03-19 06:30:25,2022-03-19 06:40:58,2022-03-19 06:40:58
7007511825,กท.77-8133,2022-03-19 06:33:10,2022-03-19 06:34:05,2022-03-19 06:45:11,2022-03-19 06:45:11
7007511818,กท.79-0144,2022-03-19 06:33:36,2022-03-19 06:40:58,2022-03-19 06:52:38,2022-03-19 06:52:38
7007511824,กท.79-0642,2022-03-19 06:37:45,2022-03-19 06:45:11,2022-03-19 06:54:29,2022-03-19 06:54:29
7007511830,กท.79-1961,2022-03-19 06:45:03,2022-03-19 06:52:38,2022-03-19 07:02:15,2022-03-19 07:02:15
7007511823,กท.78-7993,2022-03-19 06:54:12,2022-03-19 06:54:29,2022-03-19 07:05:19,2022-03-19 07:05:19
7007513549,ชม.70-5299,2022-03-19 06:56:29,2022-03-19 07:02:15,2022-03-19 07:12:29,2022-03-19 07:12:29
7007513551,สค.70-5407,2022-03-19 07:07:41,2022-03-19 07:07:41,2022-03-19 07:18:57,2022-03-19 07:18:57
7007511834,กท.77-9738,2022-03-19 07:08:32,2022-03-19 07:12:29,2022-03-19 07:22:08,2022-03-19 07:22:08
7007511828,กท.78-6739,2022-03-19 07:30:33,2022-03-19 07:30:33,2022-03-19 07:40:14,2022-03-19 07:40:14
7007511826,กท.74-9070,2022-03-19 07:32:17,2022-03-19 07:32:17,2022-03-19 07:44:37,2022-03-19 07:44:37
7007513566,รย.81-6767,2022-03-19 07:32:23,2022-03-19 07:40:14,2022-03-19 07:53:50,2022-03-19 07:53:50
7007513569,สค.70-2306,2022-03-19 07:46:26,2022-03-19 07:46:26,2022-03-19 07:58:47,2022-03-19 07:58:47
7007513584,กท.79-5842,2022-03-19 08:01:25,2022-03-19 08:01:25,2022-03-19 08:11:44,2022-03-19 08:11:44
7007513586,กท.75-0640,2022-03-19 08:04:43,2022-03-19 08:04:43,2022-03-19 08:14:56,2022-03-19 08:14:56
7007513587,กท.72-3498,2022-03-19 08:07:18,2022-03-19 08:11:44,2022-03-19 08:21:54,2022-03-19 08:21:54
7007513594,ชม.70-5123,2022-03-19 08:13:35,2022-03-19 08:14:56,2022-03-19 08:25:24,2022-03-19 08:25:24
7007511820,กท.78-6744,2022-03-19 08:17:45,2022-03-19 08:21:54,2022-03-19 08:31:34,2022-03-19 08:31:34
7007513595,กท.79-3258,2022-03-19 08:19:02,2022-03-19 08:25:24,2022-03-19 08:36:14,2022-03-19 08:36:14
7007511815,กท.79-0644,2022-03-19 08:19:51,2022-03-19 08:31:34,2022-03-19 08:44:45,2022-03-19 08:44:45
7007513597,กท.79-8997,2022-03-19 08:24:00,2022-03-19 08:36:14,2022-03-19 08:44:49,2022-03-19 08:44:49
7007513600,กท.79-5841,2022-03-19 08:26:23,2022-03-19 08:44:45,2022-03-19 08:55:32,2022-03-19 08:55:32
7007511821,ฉช.82-7443,2022-03-19 08:38:39,2022-03-19 08:44:49,2022-03-19 08:56:00,2022-03-19 08:56:00
7007513782,ชบ.84-7139,2022-03-19 09:17:04,2022-03-19 09:17:04,2022-03-19 09:28:00,2022-03-19 09:28:00
7007511829,กท.79-5843,2022-03-19 09:42:21,2022-03-19 09:42:21,2022-03-19 09:53:43,2022-03-19 09:53:43
7007511831,กท.79-0144,2022-03-19 09:54:47,2022-03-19 09:54:47,2022-03-19 10:05:20,2022-03-19 10:05:20
7007513967,ชม.70-5300,2022-03-19 10:02:55,2022-03-19 10:02:55,2022-03-19 10:14:13,2022-03-19 10:14:13
7007513157,กท.79-0644,2022-03-19 10:03:01,2022-03-19 10:05:20,2022-03-19 10:16:42,2022-03-19 10:16:42
7007513958,ลพ.70-0786,2022-03-19 10:05:57,2022-03-19 10:14:13,2022-03-19 10:23:51,2022-03-19 10:23:51
7007513977,กท.79-3257,2022-03-19 10:17:34,2022-03-19 10:17:34,2022-03-19 10:26:46,2022-03-19 10:26:46
7007513991,ชบ.84-7975,2022-03-19 10:34:43,2022-03-19 10:34:43,2022-03-19 10:45:01,2022-03-19 10:45:01
7007513994,ชม.70-5124,2022-03-19 10:34:31,2022-03-19 10:34:31,2022-03-19 10:46:03,2022-03-19 10:46:03
7007513997,สค.70-3890,2022-03-19 10:42:19,2022-03-19 10:45:01,2022-03-19 10:56:43,2022-03-19 10:56:43
7007513012,กท.79-0642,2022-03-19 11:00:18,2022-03-19 11:00:18,2022-03-19 11:10:53,2022-03-19 11:10:53
7007511857,กท.79-1961,2022-03-19 11:21:03,2022-03-19 11:21:03,2022-03-19 11:30:24,2022-03-19 11:30:24
7007514028,กท.61-8797,2022-03-19 11:26:20,2022-03-19 11:26:20,2022-03-19 11:38:35,2022-03-19 11:38:35
7007511812,กท.78-6744,2022-03-19 11:34:13,2022-03-19 11:34:13,2022-03-19 11:43:31,2022-03-19 11:43:31
7007514046,ชบ.82-4190,2022-03-19 11:39:00,2022-03-19 11:39:00,2022-03-19 11:48:59,2022-03-19 11:48:59
7007514042,กท.79-7691,2022-03-19 11:39:06,2022-03-19 11:43:31,2022-03-19 11:54:32,2022-03-19 11:54:32
7007514051,ชม.70-5421,2022-03-19 11:45:37,2022-03-19 11:48:59,2022-03-19 11:58:55,2022-03-19 11:58:55
7007514061,จบ.80-3645,2022-03-19 12:03:34,2022-03-19 12:03:34,2022-03-19 12:13:17,2022-03-19 12:13:17
7007514076,กท.79-3259,2022-03-19 12:22:11,2022-03-19 12:22:11,2022-03-19 12:35:37,2022-03-19 12:35:37
7007514092,ชม.70-5301,2022-03-19 12:41:24,2022-03-19 12:41:24,2022-03-19 12:50:28,2022-03-19 12:50:28
7007511927,กท.77-9738,2022-03-19 12:51:09,2022-03-19 12:51:09,2022-03-19 13:01:31,2022-03-19 13:01:31
7007514111,กท.75-6899,2022-03-19 13:03:59,2022-03-19 13:03:59,2022-03-19 13:12:24,2022-03-19 13:12:24
7007511856,กท.78-6742,2022-03-19 13:41:37,2022-03-19 13:41:37,2022-03-19 13:54:09,2022-03-19 13:54:09
7007514140,ลพ.70-0785,2022-03-19 13:47:12,2022-03-19 13:47:12,2022-03-19 13:56:11,2022-03-19 13:56:11
7007511859,กท.74-9070,2022-03-19 13:57:24,2022-03-19 13:57:24,2022-03-19 14:08:34,2022-03-19 14:08:34
7007514222,กท.79-6703,2022-03-19 16:14:01,2022-03-19 16:14:01,2022-03-19 16:24:17,2022-03-19 16:24:17
7007512489,ฉช.82-8528,2022-03-19 23:50:00,2022-03-19 23:50:00,2022-03-20 00:02:39,2022-03-20 00:02:39
7007514398,สค.70-6119,2022-03-20 00:04:51,2022-03-20 00:04:51,2022-03-20 00:15:57,2022-03-20 00:15:57
7007514401,ชม.70-4355,2022-03-20 00:04:49,2022-03-20 00:04:49,2022-03-20 00:16:48,2022-03-20 00:16:48
7007514402,สค.70-4073,2022-03-20 00:16:26,2022-03-20 00:16:48,2022-03-20 00:26:38,2022-03-20 00:26:38
7007514403,ชม.70-4219,2022-03-20 00:07:43,2022-03-20 00:15:57,2022-03-20 00:29:06,2022-03-20 00:29:06
7007514417,ชม.70-5302,2022-03-20 00:41:49,2022-03-20 00:41:49,2022-03-20 00:51:30,2022-03-20 00:51:30
7007514418,ฉช.82-8346,2022-03-20 00:42:05,2022-03-20 00:42:05,2022-03-20 00:52:34,2022-03-20 00:52:34
7007514419,สค.70-4397,2022-03-20 00:42:45,2022-03-20 00:51:30,2022-03-20 01:00:33,2022-03-20 01:00:33
7007514420,ชม.70-5261,2022-03-20 00:50:58,2022-03-20 00:52:34,2022-03-20 01:03:19,2022-03-20 01:03:19
7007514428,สค.70-5407,2022-03-20 01:11:11,2022-03-20 01:11:11,2022-03-20 01:22:33,2022-03-20 01:22:33
7007512051,ฉช.82-2839,2022-03-20 02:21:57,2022-03-20 02:21:57,2022-03-20 02:33:57,2022-03-20 02:33:57
7007512049,ฉช.82-7170,2022-03-20 02:43:50,2022-03-20 02:43:50,2022-03-20 02:53:54,2022-03-20 02:53:54
7007514454,ชม.70-5300,2022-03-20 03:05:39,2022-03-20 03:05:39,2022-03-20 03:18:00,2022-03-20 03:18:00
7007511865,กท.79-0841,2022-03-20 04:17:11,2022-03-20 04:17:11,2022-03-20 04:25:33,2022-03-20 04:25:33
7007511931,กท.60-4208,2022-03-20 06:03:44,2022-03-20 06:03:44,2022-03-20 06:16:20,2022-03-20 06:16:20
7007511863,กท.75-1033,2022-03-20 06:09:56,2022-03-20 06:09:56,2022-03-20 06:22:01,2022-03-20 06:22:01
7007511842,กท.78-1149,2022-03-20 06:10:06,2022-03-20 06:16:20,2022-03-20 06:27:57,2022-03-20 06:27:57
7007514525,สค.70-6123,2022-03-20 06:11:47,2022-03-20 06:22:01,2022-03-20 06:34:03,2022-03-20 06:34:03
7007511884,กท.79-5843,2022-03-20 06:16:41,2022-03-20 06:27:57,2022-03-20 06:39:48,2022-03-20 06:39:48
7007513026,กท.74-9067,2022-03-20 06:24:36,2022-03-20 06:34:03,2022-03-20 06:46:43,2022-03-20 06:46:43
7007513119,กท.79-1830,2022-03-20 06:26:14,2022-03-20 06:39:48,2022-03-20 06:51:26,2022-03-20 06:51:26
7007511885,กท.79-5578,2022-03-20 06:28:14,2022-03-20 06:46:43,2022-03-20 06:59:38,2022-03-20 06:59:38
7007511951,กท.79-0144,2022-03-20 06:31:37,2022-03-20 06:51:26,2022-03-20 07:03:48,2022-03-20 07:03:48
7007511970,กท.79-0643,2022-03-20 06:34:04,2022-03-20 06:59:38,2022-03-20 07:08:54,2022-03-20 07:08:54
7007511944,กท.60-4207,2022-03-20 06:36:34,2022-03-20 07:03:48,2022-03-20 07:13:55,2022-03-20 07:13:55
7007511878,กท.78-7993,2022-03-20 06:40:09,2022-03-20 07:08:54,2022-03-20 07:22:50,2022-03-20 07:22:50
7007511845,กท.79-0642,2022-03-20 06:46:40,2022-03-20 07:13:55,2022-03-20 07:23:35,2022-03-20 07:23:35
7007514554,ชม.70-5299,2022-03-20 06:47:19,2022-03-20 07:22:50,2022-03-20 07:33:23,2022-03-20 07:33:23
7007511976,กท.78-6739,2022-03-20 06:54:03,2022-03-20 07:23:35,2022-03-20 07:35:57,2022-03-20 07:35:57
7007511934,กท.79-5584,2022-03-20 06:59:37,2022-03-20 07:33:23,2022-03-20 07:43:00,2022-03-20 07:43:00
7007511860,กท.79-0841,2022-03-20 07:06:03,2022-03-20 07:35:57,2022-03-20 07:45:22,2022-03-20 07:45:22
7007511933,กท.79-2716,2022-03-20 07:11:01,2022-03-20 07:43:00,2022-03-20 07:51:35,2022-03-20 07:51:35
7007511964,กท.79-0641,2022-03-20 07:11:17,2022-03-20 07:45:22,2022-03-20 07:54:13,2022-03-20 07:54:13
7007511876,กท.60-4205,2022-03-20 07:12:39,2022-03-20 07:51:35,2022-03-20 08:01:32,2022-03-20 08:01:32
7007513053,กท.76-4825,2022-03-20 07:13:13,2022-03-20 07:54:13,2022-03-20 08:05:52,2022-03-20 08:05:52
7007511953,กท.77-8134,2022-03-20 07:16:17,2022-03-20 08:01:32,2022-03-20 08:12:20,2022-03-20 08:12:20
7007511973,กท.79-2717,2022-03-20 07:25:27,2022-03-20 08:05:52,2022-03-20 08:17:26,2022-03-20 08:17:26
7007511892,กท.79-0644,2022-03-20 07:31:39,2022-03-20 08:12:20,2022-03-20 08:24:09,2022-03-20 08:24:09
7007514802,สค.70-2918,2022-03-20 07:33:19,2022-03-20 08:17:26,2022-03-20 08:26:13,2022-03-20 08:26:13
7007514946,นม.70-6730,2022-03-20 08:06:14,2022-03-20 08:26:13,2022-03-20 08:36:05,2022-03-20 08:36:05
7007511925,ฉช.82-7443,2022-03-20 07:53:11,2022-03-20 08:24:09,2022-03-20 08:36:44,2022-03-20 08:36:44
7007515014,ชม.70-5123,2022-03-20 08:24:42,2022-03-20 08:36:05,2022-03-20 08:45:29,2022-03-20 08:45:29
7007515051,กท.77-7979,2022-03-20 08:25:59,2022-03-20 08:36:44,2022-03-20 08:50:50,2022-03-20 08:50:50
7007515112,กท.79-5842,2022-03-20 08:30:41,2022-03-20 08:45:29,2022-03-20 08:57:21,2022-03-20 08:57:21
7007515176,กท.79-5841,2022-03-20 09:04:44,2022-03-20 09:04:44,2022-03-20 09:16:36,2022-03-20 09:16:36
7007515744,รย.71-2637,2022-03-20 09:23:54,2022-03-20 09:23:54,2022-03-20 09:34:26,2022-03-20 09:34:26
7007515850,ชบ.84-7156,2022-03-20 09:31:34,2022-03-20 09:31:34,2022-03-20 09:42:33,2022-03-20 09:42:33
7007516028,ชบ.85-3878,2022-03-20 09:43:10,2022-03-20 09:43:10,2022-03-20 09:54:01,2022-03-20 09:54:01
7007516092,ฉช.82-8346,2022-03-20 09:49:20,2022-03-20 09:49:20,2022-03-20 10:01:18,2022-03-20 10:01:18
7007516222,ชบ.84-7139,2022-03-20 09:56:31,2022-03-20 09:56:31,2022-03-20 10:06:53,2022-03-20 10:06:53
7007516365,ลพ.70-0785,2022-03-20 10:00:55,2022-03-20 10:01:18,2022-03-20 10:10:07,2022-03-20 10:10:07
7007516533,กท.77-6494,2022-03-20 10:03:43,2022-03-20 10:06:53,2022-03-20 10:16:57,2022-03-20 10:16:57
7007516536,จบ.80-8222,2022-03-20 10:09:37,2022-03-20 10:10:07,2022-03-20 10:20:43,2022-03-20 10:20:43
7007516282,นม.70-6721,2022-03-20 10:16:32,2022-03-20 10:16:57,2022-03-20 10:26:38,2022-03-20 10:26:38
7007516453,สบ.71-0408,2022-03-20 10:24:56,2022-03-20 10:24:56,2022-03-20 10:38:05,2022-03-20 10:38:05
7007511864,กท.74-9067,2022-03-20 10:39:37,2022-03-20 10:39:37,2022-03-20 10:50:26,2022-03-20 10:50:26
7007511850,กท.78-7993,2022-03-20 10:42:27,2022-03-20 10:42:27,2022-03-20 10:50:58,2022-03-20 10:50:58
7007511958,กท.79-0644,2022-03-20 10:42:53,2022-03-20 10:50:26,2022-03-20 10:59:34,2022-03-20 10:59:34
7007517364,กท.62-1291,2022-03-20 10:46:27,2022-03-20 10:50:58,2022-03-20 11:01:51,2022-03-20 11:01:51
7007515136,กท.79-0643,2022-03-20 10:49:56,2022-03-20 10:59:34,2022-03-20 11:11:28,2022-03-20 11:11:28
7007518150,กท.61-4380,2022-03-20 11:04:56,2022-03-20 11:04:56,2022-03-20 11:14:37,2022-03-20 11:14:37
7007518131,รย.71-2638,2022-03-20 11:16:34,2022-03-20 11:16:34,2022-03-20 11:25:43,2022-03-20 11:25:43
7007518334,ฉช.81-3257,2022-03-20 11:15:39,2022-03-20 11:15:39,2022-03-20 11:27:02,2022-03-20 11:27:02
7007511941,กท.79-5578,2022-03-20 11:18:55,2022-03-20 11:25:43,2022-03-20 11:36:20,2022-03-20 11:36:20
7007518342,นม.70-7498,2022-03-20 11:24:29,2022-03-20 11:27:02,2022-03-20 11:36:40,2022-03-20 11:36:40
7007518539,กท.61-6634,2022-03-20 11:28:00,2022-03-20 11:36:20,2022-03-20 11:46:29,2022-03-20 11:46:29
7007518913,สค.70-4074,2022-03-20 11:50:54,2022-03-20 11:50:54,2022-03-20 12:01:15,2022-03-20 12:01:15
7007518939,ชบ.83-3599,2022-03-20 11:54:08,2022-03-20 11:54:08,2022-03-20 12:03:31,2022-03-20 12:03:31
7007511854,กท.78-6739,2022-03-20 11:54:27,2022-03-20 12:01:15,2022-03-20 12:10:01,2022-03-20 12:10:01
7007518950,ชม.70-5301,2022-03-20 11:55:54,2022-03-20 12:03:31,2022-03-20 12:14:19,2022-03-20 12:14:19
7007511886,กท.77-8134,2022-03-20 11:56:31,2022-03-20 12:10:01,2022-03-20 12:21:24,2022-03-20 12:21:24
7007518988,กท.78-4646,2022-03-20 12:00:29,2022-03-20 12:14:19,2022-03-20 12:24:44,2022-03-20 12:24:44
7007519046,ชม.70-5300,2022-03-20 12:12:31,2022-03-20 12:21:24,2022-03-20 12:34:36,2022-03-20 12:34:36
7007515751,กท.79-0642,2022-03-20 12:14:13,2022-03-20 12:24:44,2022-03-20 12:34:58,2022-03-20 12:34:58
7007511947,กท.79-1830,2022-03-20 12:21:17,2022-03-20 12:34:36,2022-03-20 12:43:04,2022-03-20 12:43:04
7007518548,กท.79-0641,2022-03-20 12:23:07,2022-03-20 12:34:58,2022-03-20 12:46:21,2022-03-20 12:46:21
7007519160,กท.61-4720,2022-03-20 12:24:58,2022-03-20 12:43:04,2022-03-20 12:53:20,2022-03-20 12:53:20
7007511975,ฉช.82-7443,2022-03-20 12:27:25,2022-03-20 12:46:21,2022-03-20 12:57:13,2022-03-20 12:57:13
7007515784,กท.60-4208,2022-03-20 12:35:17,2022-03-20 12:53:20,2022-03-20 13:06:44,2022-03-20 13:06:44
7007519185,ชม.70-5261,2022-03-20 12:35:41,2022-03-20 12:57:13,2022-03-20 13:07:36,2022-03-20 13:07:36
7007519187,ชบ.82-4190,2022-03-20 12:37:55,2022-03-20 13:06:44,2022-03-20 13:19:55,2022-03-20 13:19:55
7007517939,ฉช.81-4230,2022-03-20 12:49:57,2022-03-20 13:07:36,2022-03-20 13:21:33,2022-03-20 13:21:33
7007511929,กท.79-0144,2022-03-20 12:53:53,2022-03-20 13:19:55,2022-03-20 13:33:07,2022-03-20 13:33:07
7007515761,กท.77-9738,2022-03-20 12:56:31,2022-03-20 13:21:33,2022-03-20 13:35:24,2022-03-20 13:35:24
7007519299,กท.79-3259,2022-03-20 13:09:18,2022-03-20 13:33:07,2022-03-20 13:44:25,2022-03-20 13:44:25
7007511883,กท.78-6742,2022-03-20 13:19:00,2022-03-20 13:35:24,2022-03-20 13:45:56,2022-03-20 13:45:56
7007520430,กท.75-9797,2022-03-20 13:51:05,2022-03-20 13:51:05,2022-03-20 14:01:07,2022-03-20 14:01:07
7007511942,กท.78-1149,2022-03-20 13:51:03,2022-03-20 13:51:03,2022-03-20 14:03:16,2022-03-20 14:03:16
7007520472,ชบ.71-8902,2022-03-20 14:01:37,2022-03-20 14:03:16,2022-03-20 14:13:31,2022-03-20 14:13:31
7007519802,กท.79-2159,2022-03-20 13:51:32,2022-03-20 14:01:07,2022-03-20 14:13:49,2022-03-20 14:13:49
7007511949,กท.79-0643,2022-03-20 14:02:55,2022-03-20 14:13:31,2022-03-20 14:22:38,2022-03-20 14:22:38
7007520781,ชบ.71-4793,2022-03-20 14:07:28,2022-03-20 14:13:49,2022-03-20 14:24:29,2022-03-20 14:24:29
7007519386,กท.79-1961,2022-03-20 14:08:21,2022-03-20 14:22:38,2022-03-20 14:31:36,2022-03-20 14:31:36
7007511963,กท.79-5843,2022-03-20 14:09:31,2022-03-20 14:24:29,2022-03-20 14:36:08,2022-03-20 14:36:08
7007520679,ชบ.71-4792,2022-03-20 14:17:24,2022-03-20 14:31:36,2022-03-20 14:42:53,2022-03-20 14:42:53
7007521718,ชม.70-5421,2022-03-20 14:32:12,2022-03-20 14:36:08,2022-03-20 14:46:43,2022-03-20 14:46:43
7007511935,กท.79-5584,2022-03-20 14:45:05,2022-03-20 14:45:05,2022-03-20 14:54:13,2022-03-20 14:54:13
7007522669,ชบ.85-0496,2022-03-20 14:49:49,2022-03-20 14:49:49,2022-03-20 15:01:50,2022-03-20 15:01:50
7007523538,ชม.70-4355,2022-03-20 15:17:39,2022-03-20 15:17:39,2022-03-20 15:28:37,2022-03-20 15:28:37
7007523570,รย.81-6767,2022-03-20 15:18:56,2022-03-20 15:18:56,2022-03-20 15:31:28,2022-03-20 15:31:28
7007523454,กท.77-6494,2022-03-20 15:22:57,2022-03-20 15:28:37,2022-03-20 15:38:45,2022-03-20 15:38:45
7007519026,กท.77-8133,2022-03-20 15:22:59,2022-03-20 15:31:28,2022-03-20 15:45:40,2022-03-20 15:45:40
7007515772,กท.79-0644,2022-03-20 15:35:27,2022-03-20 15:38:45,2022-03-20 15:49:44,2022-03-20 15:49:44
7007511962,กท.78-6739,2022-03-20 15:38:00,2022-03-20 15:45:40,2022-03-20 15:56:08,2022-03-20 15:56:08
7007523761,ตร.80-2192,2022-03-20 15:38:02,2022-03-20 15:49:44,2022-03-20 16:00:06,2022-03-20 16:00:06
7007511974,กท.74-9070,2022-03-20 16:04:03,2022-03-20 16:04:03,2022-03-20 16:12:59,2022-03-20 16:12:59
7007511867,กท.77-9738,2022-03-20 16:54:47,2022-03-20 16:54:47,2022-03-20 17:04:16,2022-03-20 17:04:16
7007511861,กท.79-1961,2022-03-20 17:25:01,2022-03-20 17:25:01,2022-03-20 17:38:31,2022-03-20 17:38:31
7007518034,กท.78-6742,2022-03-20 17:35:38,2022-03-20 17:35:38,2022-03-20 17:44:07,2022-03-20 17:44:07
7007511858,ฉช.82-7443,2022-03-20 17:44:34,2022-03-20 17:44:34,2022-03-20 17:57:29,2022-03-20 17:57:29
7007518070,กท.78-7993,2022-03-20 18:21:10,2022-03-20 18:21:10,2022-03-20 18:31:24,2022-03-20 18:31:24
7007521035,กท.79-5843,2022-03-20 18:31:33,2022-03-20 18:31:33,2022-03-20 18:42:54,2022-03-20 18:42:54
7007517997,กท.79-1830,2022-03-20 18:39:10,2022-03-20 18:39:10,2022-03-20 18:51:11,2022-03-20 18:51:11
7007518075,กท.79-0841,2022-03-20 18:46:49,2022-03-20 18:46:49,2022-03-20 18:58:10,2022-03-20 18:58:10
7007517778,กท.79-0643,2022-03-20 18:56:43,2022-03-20 18:56:43,2022-03-20 19:07:32,2022-03-20 19:07:32
7007517962,กท.74-9067,2022-03-20 19:50:39,2022-03-20 19:50:39,2022-03-20 20:00:41,2022-03-20 20:00:41
7007525449,สค.70-6119,2022-03-21 00:09:01,2022-03-21 00:09:01,2022-03-21 00:18:22,2022-03-21 00:18:22
7007525450,ชม.70-4219,2022-03-21 00:10:17,2022-03-21 00:10:17,2022-03-21 00:21:22,2022-03-21 00:21:22
7007525448,สค.70-4073,2022-03-21 00:10:26,2022-03-21 00:18:22,2022-03-21 00:30:04,2022-03-21 00:30:04
7007525493,สค.70-6125,2022-03-21 00:54:25,2022-03-21 00:54:25,2022-03-21 01:03:18,2022-03-21 01:03:18
7007525494,ชม.70-5301,2022-03-21 01:03:49,2022-03-21 01:03:49,2022-03-21 01:17:29,2022-03-21 01:17:29
7007525510,สค.70-5407,2022-03-21 01:36:10,2022-03-21 01:36:10,2022-03-21 01:46:10,2022-03-21 01:46:10
7007525534,กท.79-3257,2022-03-21 02:10:14,2022-03-21 02:10:14,2022-03-21 02:20:57,2022-03-21 02:20:57
7007525537,กท.61-7782,2022-03-21 02:35:35,2022-03-21 02:35:35,2022-03-21 02:47:21,2022-03-21 02:47:21
7007521059,ฉช.82-0002,2022-03-21 02:38:21,2022-03-21 02:38:21,2022-03-21 02:51:24,2022-03-21 02:51:24
7007517965,ฉช.82-4812,2022-03-21 03:22:10,2022-03-21 03:22:10,2022-03-21 03:32:16,2022-03-21 03:32:16
7007525561,สค.70-4335,2022-03-21 03:20:42,2022-03-21 03:20:42,2022-03-21 03:34:50,2022-03-21 03:34:50
7007525563,กท.79-2899,2022-03-21 03:28:04,2022-03-21 03:32:16,2022-03-21 03:40:50,2022-03-21 03:40:50
7007525564,ชม.70-5194,2022-03-21 03:28:58,2022-03-21 03:34:50,2022-03-21 03:44:15,2022-03-21 03:44:15
7007518022,กท.75-1033,2022-03-21 03:36:34,2022-03-21 03:40:50,2022-03-21 03:50:29,2022-03-21 03:50:29
7007525576,ลพ.70-0785,2022-03-21 03:59:00,2022-03-21 03:59:00,2022-03-21 04:09:01,2022-03-21 04:09:01
7007525643,ลพ.70-0786,2022-03-21 04:32:36,2022-03-21 04:32:36,2022-03-21 04:42:37,2022-03-21 04:42:37
7007517867,กท.79-0644,2022-03-21 04:52:20,2022-03-21 04:52:20,2022-03-21 05:03:07,2022-03-21 05:03:07
7007517813,กท.78-1149,2022-03-21 06:05:36,2022-03-21 06:05:36,2022-03-21 06:17:03,2022-03-21 06:17:03
7007518046,กท.79-5584,2022-03-21 06:09:45,2022-03-21 06:09:45,2022-03-21 06:22:32,2022-03-21 06:22:32
7007521065,ฉช.82-3201,2022-03-21 06:10:17,2022-03-21 06:17:03,2022-03-21 06:27:53,2022-03-21 06:27:53
7007525692,สค.70-6123,2022-03-21 06:12:58,2022-03-21 06:22:32,2022-03-21 06:35:22,2022-03-21 06:35:22
7007517981,กท.74-9070,2022-03-21 06:14:54,2022-03-21 06:27:53,2022-03-21 06:38:19,2022-03-21 06:38:19
7007518051,กท.77-8133,2022-03-21 06:22:02,2022-03-21 06:35:22,2022-03-21 06:49:20,2022-03-21 06:49:20
7007525728,กท.78-4646,2022-03-21 06:24:56,2022-03-21 06:38:19,2022-03-21 06:52:01,2022-03-21 06:52:01
7007517853,กท.79-5578,2022-03-21 06:29:23,2022-03-21 06:49:20,2022-03-21 07:01:33,2022-03-21 07:01:33
7007517886,ฉช.82-7443,2022-03-21 06:30:00,2022-03-21 06:52:01,2022-03-21 07:03:50,2022-03-21 07:03:50
7007517890,กท.79-0642,2022-03-21 06:32:34,2022-03-21 07:01:33,2022-03-21 07:12:23,2022-03-21 07:12:23
7007525734,ชม.70-5299,2022-03-21 06:33:12,2022-03-21 07:03:50,2022-03-21 07:14:02,2022-03-21 07:14:02
7007525740,สค.70-3935,2022-03-21 06:35:54,2022-03-21 07:12:23,2022-03-21 07:21:36,2022-03-21 07:21:36
7007517908,กท.77-9738,2022-03-21 06:39:11,2022-03-21 07:14:02,2022-03-21 07:24:44,2022-03-21 07:24:44
7007525751,กท.79-3156,2022-03-21 06:42:14,2022-03-21 07:21:36,2022-03-21 07:31:38,2022-03-21 07:31:38
7007525746,กท.79-7691,2022-03-21 06:42:15,2022-03-21 07:24:44,2022-03-21 07:34:14,2022-03-21 07:34:14
7007518038,กท.79-5579,2022-03-21 06:52:03,2022-03-21 07:31:38,2022-03-21 07:42:03,2022-03-21 07:42:03
7007518011,กท.79-1961,2022-03-21 06:52:05,2022-03-21 07:34:14,2022-03-21 07:46:18,2022-03-21 07:46:18
7007517749,กท.79-0144,2022-03-21 06:53:53,2022-03-21 07:42:03,2022-03-21 07:52:12,2022-03-21 07:52:12
7007517759,กท.79-0641,2022-03-21 06:54:44,2022-03-21 07:46:18,2022-03-21 07:57:21,2022-03-21 07:57:21
7007517945,กท.78-6739,2022-03-21 06:55:29,2022-03-21 07:52:12,2022-03-21 08:02:41,2022-03-21 08:02:41
7007521026,กท.78-6744,2022-03-21 07:07:39,2022-03-21 07:57:21,2022-03-21 08:07:08,2022-03-21 08:07:08
7007517862,กท.77-8134,2022-03-21 07:12:12,2022-03-21 08:02:41,2022-03-21 08:16:29,2022-03-21 08:16:29
7007518005,กท.79-2717,2022-03-21 07:36:11,2022-03-21 08:07:08,2022-03-21 08:18:23,2022-03-21 08:18:23
7007526018,รย.82-0448,2022-03-21 07:48:12,2022-03-21 08:16:29,2022-03-21 08:26:29,2022-03-21 08:26:29
7007526114,กท.75-6899,2022-03-21 08:05:27,2022-03-21 08:18:23,2022-03-21 08:31:09,2022-03-21 08:31:09
7007517955,กท.79-0644,2022-03-21 08:07:50,2022-03-21 08:26:29,2022-03-21 08:40:00,2022-03-21 08:40:00
7007526144,กท.79-5842,2022-03-21 08:11:32,2022-03-21 08:31:09,2022-03-21 08:42:11,2022-03-21 08:42:11
7007526151,กท.79-3258,2022-03-21 08:15:27,2022-03-21 08:40:00,2022-03-21 08:53:02,2022-03-21 08:53:02
7007526595,กท.75-2786,2022-03-21 09:12:24,2022-03-21 09:12:24,2022-03-21 09:22:22,2022-03-21 09:22:22
7007517791,กท.60-4205,2022-03-21 09:11:49,2022-03-21 09:11:49,2022-03-21 09:23:17,2022-03-21 09:23:17
7007517989,กท.79-0642,2022-03-21 09:14:01,2022-03-21 09:22:22,2022-03-21 09:33:07,2022-03-21 09:33:07
7007526946,ชบ.85-3878,2022-03-21 09:25:23,2022-03-21 09:25:23,2022-03-21 09:35:59,2022-03-21 09:35:59
7007527377,จบ.80-8222,2022-03-21 09:49:34,2022-03-21 09:49:34,2022-03-21 10:01:46,2022-03-21 10:01:46
7007527539,นม.70-5434,2022-03-21 09:54:58,2022-03-21 09:54:58,2022-03-21 10:05:31,2022-03-21 10:05:31
7007527332,ชม.70-6753,2022-03-21 10:04:01,2022-03-21 10:04:01,2022-03-21 10:13:22,2022-03-21 10:13:22
7007527360,ชร.70-6493,2022-03-21 10:05:15,2022-03-21 10:05:31,2022-03-21 10:17:13,2022-03-21 10:17:13
7007517968,กท.79-0641,2022-03-21 10:13:07,2022-03-21 10:13:22,2022-03-21 10:23:32,2022-03-21 10:23:32
7007517878,กท.77-8134,2022-03-21 10:31:52,2022-03-21 10:31:52,2022-03-21 10:42:37,2022-03-21 10:42:37
7007528373,นม.70-6589,2022-03-21 10:40:12,2022-03-21 10:40:12,2022-03-21 10:51:43,2022-03-21 10:51:43
7007528726,ชม.70-5302,2022-03-21 10:45:29,2022-03-21 10:45:29,2022-03-21 10:57:58,2022-03-21 10:57:58
7007517804,กท.75-1033,2022-03-21 10:55:40,2022-03-21 10:55:40,2022-03-21 11:08:22,2022-03-21 11:08:22
7007529145,ชม.70-5122,2022-03-21 11:05:52,2022-03-21 11:05:52,2022-03-21 11:16:36,2022-03-21 11:16:36
7007529215,กท.75-6899,2022-03-21 11:06:11,2022-03-21 11:08:22,2022-03-21 11:20:23,2022-03-21 11:20:23
7007529299,กท.79-6697,2022-03-21 11:10:04,2022-03-21 11:16:36,2022-03-21 11:30:31,2022-03-21 11:30:31
7007517985,กท.77-9738,2022-03-21 11:11:03,2022-03-21 11:20:23,2022-03-21 11:30:56,2022-03-21 11:30:56
7007522560,กท.78-6742,2022-03-21 11:12:14,2022-03-21 11:30:31,2022-03-21 11:40:44,2022-03-21 11:40:44
7007517899,กท.74-9070,2022-03-21 11:13:08,2022-03-21 11:30:56,2022-03-21 11:42:24,2022-03-21 11:42:24
7007529848,นม.70-6736,2022-03-21 11:33:28,2022-03-21 11:40:44,2022-03-21 11:53:41,2022-03-21 11:53:41
7007529907,นม.70-8646,2022-03-21 11:43:48,2022-03-21 11:43:48,2022-03-21 11:56:45,2022-03-21 11:56:45
7007530283,กท.77-6494,2022-03-21 11:48:11,2022-03-21 11:56:45,2022-03-21 12:07:03,2022-03-21 12:07:03
7007530277,กท.79-3259,2022-03-21 11:46:53,2022-03-21 11:53:41,2022-03-21 12:07:25,2022-03-21 12:07:25
7007529536,ฉช.82-4812,2022-03-21 11:56:38,2022-03-21 12:07:25,2022-03-21 12:16:08,2022-03-21 12:16:08
7007530394,ชม.70-5261,2022-03-21 11:53:28,2022-03-21 12:07:03,2022-03-21 12:17:52,2022-03-21 12:17:52
7007517993,กท.79-5584,2022-03-21 12:16:09,2022-03-21 12:16:09,2022-03-21 12:25:25,2022-03-21 12:25:25
7007517827,กท.78-6744,2022-03-21 12:30:58,2022-03-21 12:30:58,2022-03-21 12:40:23,2022-03-21 12:40:23
7007531032,จบ.80-3645,2022-03-21 12:28:10,2022-03-21 12:28:10,2022-03-21 12:40:36,2022-03-21 12:40:36
7007524231,กท.78-1149,2022-03-21 12:38:46,2022-03-21 12:40:36,2022-03-21 12:51:07,2022-03-21 12:51:07
7007531181,กท.79-8994,2022-03-21 12:34:36,2022-03-21 12:40:23,2022-03-21 12:52:46,2022-03-21 12:52:46
7007517766,กท.79-1830,2022-03-21 13:04:02,2022-03-21 13:04:02,2022-03-21 13:13:53,2022-03-21 13:13:53
7007517820,กท.77-8133,2022-03-21 13:16:30,2022-03-21 13:16:30,2022-03-21 13:26:03,2022-03-21 13:26:03
7007531511,ชบ.84-7975,2022-03-21 13:17:24,2022-03-21 13:17:24,2022-03-21 13:28:37,2022-03-21 13:28:37
7007522064,กท.79-0643,2022-03-21 13:18:08,2022-03-21 13:26:03,2022-03-21 13:37:48,2022-03-21 13:37:48
7007528305,กท.78-6739,2022-03-21 13:19:51,2022-03-21 13:28:37,2022-03-21 13:39:45,2022-03-21 13:39:45
7007531605,กท.79-5841,2022-03-21 13:26:57,2022-03-21 13:37:48,2022-03-21 13:46:44,2022-03-21 13:46:44
7007531636,ชม.70-5300,2022-03-21 13:28:29,2022-03-21 13:39:45,2022-03-21 13:51:10,2022-03-21 13:51:10
7007531141,นม.70-6892,2022-03-21 13:31:51,2022-03-21 13:46:44,2022-03-21 13:56:49,2022-03-21 13:56:49
7007531649,กท.79-7691,2022-03-21 13:39:17,2022-03-21 13:51:10,2022-03-21 14:01:00,2022-03-21 14:01:00
7007531681,ชม.70-4219,2022-03-21 13:42:32,2022-03-21 13:56:49,2022-03-21 14:05:26,2022-03-21 14:05:26
7007517833,กท.79-5579,2022-03-21 13:47:32,2022-03-21 14:01:00,2022-03-21 14:12:22,2022-03-21 14:12:22
7007517841,กท.79-2717,2022-03-21 13:56:44,2022-03-21 14:05:26,2022-03-21 14:15:42,2022-03-21 14:15:42
7007518041,กท.79-1961,2022-03-21 13:59:24,2022-03-21 14:12:22,2022-03-21 14:21:45,2022-03-21 14:21:45
7007531376,กท.79-0642,2022-03-21 14:05:26,2022-03-21 14:15:42,2022-03-21 14:30:00,2022-03-21 14:30:00
7007532371,ชม.70-5301,2022-03-21 14:14:23,2022-03-21 14:21:45,2022-03-21 14:31:46,2022-03-21 14:31:46
7007532749,ชบ.85-3878,2022-03-21 14:18:33,2022-03-21 14:30:00,2022-03-21 14:41:02,2022-03-21 14:41:02
7007532685,นม.70-6730,2022-03-21 14:19:34,2022-03-21 14:31:46,2022-03-21 14:44:43,2022-03-21 14:44:43
7007523002,กท.78-7993,2022-03-21 14:28:30,2022-03-21 14:44:43,2022-03-21 14:53:06,2022-03-21 14:53:06
7007518084,กท.79-5843,2022-03-21 14:19:53,2022-03-21 14:41:02,2022-03-21 14:54:38,2022-03-21 14:54:38
7007528313,ฉช.82-7443,2022-03-21 14:33:44,2022-03-21 14:53:06,2022-03-21 15:03:27,2022-03-21 15:03:27
7007533025,ฉช.81-3257,2022-03-21 14:48:00,2022-03-21 14:54:38,2022-03-21 15:05:26,2022-03-21 15:05:26
7007531565,กท.60-4208,2022-03-21 15:03:01,2022-03-21 15:03:27,2022-03-21 15:12:56,2022-03-21 15:12:56
7007533252,ชม.70-4355,2022-03-21 15:04:41,2022-03-21 15:05:26,2022-03-21 15:17:35,2022-03-21 15:17:35
7007528322,กท.79-0144,2022-03-21 15:10:41,2022-03-21 15:12:56,2022-03-21 15:24:47,2022-03-21 15:24:47
7007517951,กท.79-0841,2022-03-21 15:25:16,2022-03-21 15:25:16,2022-03-21 15:37:16,2022-03-21 15:37:16
7007531670,ฉช.81-4230,2022-03-21 15:29:48,2022-03-21 15:29:48,2022-03-21 15:40:33,2022-03-21 15:40:33
7007518056,กท.78-6742,2022-03-21 15:49:30,2022-03-21 15:49:30,2022-03-21 15:58:03,2022-03-21 15:58:03
7007534088,นม.70-6589,2022-03-21 15:50:11,2022-03-21 15:50:11,2022-03-21 16:00:15,2022-03-21 16:00:15
7007533946,กท.78-4444,2022-03-21 15:55:59,2022-03-21 15:58:03,2022-03-21 16:07:20,2022-03-21 16:07:20
7007534306,ชม.70-5299,2022-03-21 16:06:53,2022-03-21 16:06:53,2022-03-21 16:19:13,2022-03-21 16:19:13
7007534684,ชม.70-5421,2022-03-21 16:34:53,2022-03-21 16:34:53,2022-03-21 16:43:42,2022-03-21 16:43:42
7007534715,กท.78-5932,2022-03-21 16:41:45,2022-03-21 16:41:45,2022-03-21 16:55:46,2022-03-21 16:55:46
7007518062,กท.79-5578,2022-03-21 17:00:57,2022-03-21 17:00:57,2022-03-21 17:12:21,2022-03-21 17:12:21
7007531571,กท.79-5843,2022-03-21 17:11:31,2022-03-21 17:11:31,2022-03-21 17:23:37,2022-03-21 17:23:37
7007531579,กท.79-5584,2022-03-21 17:15:10,2022-03-21 17:15:10,2022-03-21 17:25:11,2022-03-21 17:25:11
7007518026,กท.79-0643,2022-03-21 17:55:38,2022-03-21 17:55:38,2022-03-21 18:06:38,2022-03-21 18:06:38
7007531509,กท.78-1149,2022-03-21 18:17:25,2022-03-21 18:17:25,2022-03-21 18:26:54,2022-03-21 18:26:54
7007531567,กท.79-5579,2022-03-21 18:14:20,2022-03-21 18:14:20,2022-03-21 18:28:07,2022-03-21 18:28:07
7007531524,กท.79-1830,2022-03-21 18:38:18,2022-03-21 18:38:18,2022-03-21 18:48:28,2022-03-21 18:48:28
7007535399,สค.70-6119,2022-03-22 00:05:28,2022-03-22 00:05:28,2022-03-22 00:16:22,2022-03-22 00:16:22
7007535398,ชม.70-5300,2022-03-22 00:05:24,2022-03-22 00:05:24,2022-03-22 00:18:44,2022-03-22 00:18:44
7007535401,ลพ.70-0785,2022-03-22 00:09:07,2022-03-22 00:16:22,2022-03-22 00:28:53,2022-03-22 00:28:53
7007535402,ลพ.70-0786,2022-03-22 00:10:17,2022-03-22 00:18:44,2022-03-22 00:29:56,2022-03-22 00:29:56
7007535404,ชม.70-5261,2022-03-22 00:15:16,2022-03-22 00:28:53,2022-03-22 00:39:40,2022-03-22 00:39:40
7007535403,สค.70-2507,2022-03-22 00:21:29,2022-03-22 00:29:56,2022-03-22 00:44:25,2022-03-22 00:44:25
7007535431,สค.70-3665,2022-03-22 00:58:08,2022-03-22 00:58:08,2022-03-22 01:08:28,2022-03-22 01:08:28
7007535428,รย.71-2638,2022-03-22 01:05:35,2022-03-22 01:05:35,2022-03-22 01:17:35,2022-03-22 01:17:35
7007535454,ชม.70-5302,2022-03-22 01:58:53,2022-03-22 01:58:53,2022-03-22 02:09:51,2022-03-22 02:09:51
7007531677,ฉช.82-2839,2022-03-22 02:04:11,2022-03-22 02:04:11,2022-03-22 02:17:43,2022-03-22 02:17:43
7007531672,ฉช.82-7170,2022-03-22 02:39:36,2022-03-22 02:39:36,2022-03-22 02:48:25,2022-03-22 02:48:25
7007535476,สค.70-4074,2022-03-22 02:58:21,2022-03-22 02:58:21,2022-03-22 03:09:16,2022-03-22 03:09:16
7007531673,ฉช.82-8528,2022-03-22 02:59:22,2022-03-22 02:59:22,2022-03-22 03:09:43,2022-03-22 03:09:43
7007535481,กท.61-7782,2022-03-22 03:18:36,2022-03-22 03:18:36,2022-03-22 03:27:05,2022-03-22 03:27:05
7007535486,ชบ.82-4190,2022-03-22 03:31:11,2022-03-22 03:31:11,2022-03-22 03:40:09,2022-03-22 03:40:09
7007535488,กท.79-7440,2022-03-22 03:32:02,2022-03-22 03:32:02,2022-03-22 03:46:30,2022-03-22 03:46:30
7007535492,สค.70-5407,2022-03-22 04:05:43,2022-03-22 04:05:43,2022-03-22 04:15:18,2022-03-22 04:15:18
7007531534,กท.78-6742,2022-03-22 04:23:10,2022-03-22 04:23:10,2022-03-22 04:34:44,2022-03-22 04:34:44
7007531526,กท.78-6742,2022-03-22 06:05:59,2022-03-22 06:05:59,2022-03-22 06:17:23,2022-03-22 06:17:23
7007535531,กท.61-8383,2022-03-22 06:07:09,2022-03-22 06:07:09,2022-03-22 06:17:44,2022-03-22 06:17:44
7007531539,กท.79-0144,2022-03-22 06:09:14,2022-03-22 06:17:23,2022-03-22 06:27:35,2022-03-22 06:27:35
7007535529,สค.70-6125,2022-03-22 06:13:16,2022-03-22 06:17:44,2022-03-22 06:31:16,2022-03-22 06:31:16
7007531959,กท.79-5578,2022-03-22 06:14:52,2022-03-22 06:27:35,2022-03-22 06:39:49,2022-03-22 06:39:49
7007535554,สค.70-4335,2022-03-22 06:21:50,2022-03-22 06:31:16,2022-03-22 06:42:40,2022-03-22 06:42:40
7007531541,กท.79-0642,2022-03-22 06:26:54,2022-03-22 06:39:49,2022-03-22 06:52:11,2022-03-22 06:52:11
7007531514,กท.74-9070,2022-03-22 06:28:32,2022-03-22 06:42:40,2022-03-22 06:53:59,2022-03-22 06:53:59
7007531515,กท.74-9067,2022-03-22 06:32:02,2022-03-22 06:52:11,2022-03-22 07:04:42,2022-03-22 07:04:42
7007531554,ฉช.82-7443,2022-03-22 06:38:40,2022-03-22 06:53:59,2022-03-22 07:05:39,2022-03-22 07:05:39
7007531542,กท.79-2717,2022-03-22 06:40:02,2022-03-22 07:04:42,2022-03-22 07:14:58,2022-03-22 07:14:58
7007535574,ชม.70-6510,2022-03-22 06:40:34,2022-03-22 07:05:39,2022-03-22 07:16:52,2022-03-22 07:16:52
7007534752,กท.79-2716,2022-03-22 06:45:49,2022-03-22 07:14:58,2022-03-22 07:25:36,2022-03-22 07:25:36
7007531530,กท.77-8133,2022-03-22 06:52:21,2022-03-22 07:16:52,2022-03-22 07:26:58,2022-03-22 07:26:58
7007531512,กท.79-0841,2022-03-22 06:52:48,2022-03-22 07:25:36,2022-03-22 07:36:16,2022-03-22 07:36:16
7007531506,กท.78-7993,2022-03-22 06:55:07,2022-03-22 07:26:58,2022-03-22 07:37:14,2022-03-22 07:37:14
7007531558,กท.77-9738,2022-03-22 06:57:29,2022-03-22 07:36:16,2022-03-22 07:48:50,2022-03-22 07:48:50
7007531508,กท.79-0643,2022-03-22 07:13:14,2022-03-22 07:37:14,2022-03-22 07:49:00,2022-03-22 07:49:00
7007531503,กท.79-0641,2022-03-22 07:20:17,2022-03-22 07:48:50,2022-03-22 07:58:22,2022-03-22 07:58:22
7007531548,กท.79-1961,2022-03-22 07:20:50,2022-03-22 07:49:00,2022-03-22 08:01:04,2022-03-22 08:01:04
7007531505,กท.77-8134,2022-03-22 07:28:24,2022-03-22 07:58:22,2022-03-22 08:08:11,2022-03-22 08:08:11
7007531562,กท.76-4825,2022-03-22 07:31:01,2022-03-22 08:01:04,2022-03-22 08:09:20,2022-03-22 08:09:20
7007531519,กท.78-6744,2022-03-22 07:38:18,2022-03-22 08:08:11,2022-03-22 08:19:28,2022-03-22 08:19:28
7007535844,กท.79-3259,2022-03-22 07:50:06,2022-03-22 08:09:20,2022-03-22 08:19:36,2022-03-22 08:19:36
7007531536,กท.79-0644,2022-03-22 07:57:04,2022-03-22 08:19:28,2022-03-22 08:30:45,2022-03-22 08:30:45
7007535839,กท.79-5842,2022-03-22 07:58:35,2022-03-22 08:19:36,2022-03-22 08:33:24,2022-03-22 08:33:24
7007535941,กท.79-5841,2022-03-22 08:13:49,2022-03-22 08:33:24,2022-03-22 08:43:48,2022-03-22 08:43:48
7007535819,กท.79-3257,2022-03-22 08:00:28,2022-03-22 08:30:45,2022-03-22 08:43:55,2022-03-22 08:43:55
7007531674,ฉช.82-2839,2022-03-22 08:25:27,2022-03-22 08:43:48,2022-03-22 08:53:24,2022-03-22 08:53:24
7007536141,กท.79-8995,2022-03-22 08:50:33,2022-03-22 08:50:33,2022-03-22 08:59:32,2022-03-22 08:59:32
7007531537,กท.74-9070,2022-03-22 08:55:08,2022-03-22 08:55:08,2022-03-22 09:03:33,2022-03-22 09:03:33
7007536246,สค.70-6124,2022-03-22 09:07:12,2022-03-22 09:07:12,2022-03-22 09:17:35,2022-03-22 09:17:35
7007536367,ชบ.84-7139,2022-03-22 09:16:23,2022-03-22 09:16:23,2022-03-22 09:26:06,2022-03-22 09:26:06
7007536479,ชบ.84-7237,2022-03-22 09:19:04,2022-03-22 09:19:04,2022-03-22 09:29:58,2022-03-22 09:29:58
7007536605,กท.75-6899,2022-03-22 09:26:50,2022-03-22 09:26:50,2022-03-22 09:37:43,2022-03-22 09:37:43
7007536700,กท.75-9797,2022-03-22 09:42:28,2022-03-22 09:42:28,2022-03-22 09:52:56,2022-03-22 09:52:56
7007537062,กท.79-6697,2022-03-22 09:49:34,2022-03-22 09:49:34,2022-03-22 10:01:10,2022-03-22 10:01:10
7007531533,กท.79-2717,2022-03-22 09:57:22,2022-03-22 09:57:22,2022-03-22 10:06:10,2022-03-22 10:06:10
7007533183,กท.79-5578,2022-03-22 09:59:26,2022-03-22 10:01:10,2022-03-22 10:10:56,2022-03-22 10:10:56
7007531518,กท.79-0642,2022-03-22 10:04:55,2022-03-22 10:06:10,2022-03-22 10:16:57,2022-03-22 10:16:57
7007531553,กท.79-0841,2022-03-22 10:28:43,2022-03-22 10:28:43,2022-03-22 10:40:06,2022-03-22 10:40:06
7007531583,กท.79-2716,2022-03-22 11:09:00,2022-03-22 11:09:00,2022-03-22 11:23:05,2022-03-22 11:23:05
7007538526,ฉช.82-8528,2022-03-22 11:16:13,2022-03-22 11:16:13,2022-03-22 11:27:19,2022-03-22 11:27:19
7007538521,ชม.70-5991,2022-03-22 11:16:59,2022-03-22 11:23:05,2022-03-22 11:35:08,2022-03-22 11:35:08
7007534281,กท.78-1149,2022-03-22 11:24:46,2022-03-22 11:27:19,2022-03-22 11:38:28,2022-03-22 11:38:28
7007538704,ชม.70-5421,2022-03-22 11:30:41,2022-03-22 11:35:08,2022-03-22 11:47:25,2022-03-22 11:47:25
7007538511,ชม.70-6755,2022-03-22 11:31:43,2022-03-22 11:38:28,2022-03-22 11:49:51,2022-03-22 11:49:51
7007537019,กท.78-7993,2022-03-22 11:32:53,2022-03-22 11:47:25,2022-03-22 11:57:22,2022-03-22 11:57:22
7007537043,กท.79-0641,2022-03-22 11:34:29,2022-03-22 11:49:51,2022-03-22 12:01:07,2022-03-22 12:01:07
7007538713,ชม.70-5124,2022-03-22 11:47:13,2022-03-22 11:57:22,2022-03-22 12:08:19,2022-03-22 12:08:19
7007531556,กท.60-4207,2022-03-22 11:54:43,2022-03-22 12:01:07,2022-03-22 12:12:10,2022-03-22 12:12:10
7007531574,กท.79-0644,2022-03-22 12:21:20,2022-03-22 12:21:20,2022-03-22 12:31:21,2022-03-22 12:31:21
7007539038,จบ.80-8222,2022-03-22 12:29:56,2022-03-22 12:29:56,2022-03-22 12:39:34,2022-03-22 12:39:34
7007531510,กท.78-6744,2022-03-22 12:34:35,2022-03-22 12:34:35,2022-03-22 12:47:41,2022-03-22 12:47:41
7007539028,ชม.70-4219,2022-03-22 12:37:33,2022-03-22 12:39:34,2022-03-22 12:49:18,2022-03-22 12:49:18
7007531522,กท.79-0841,2022-03-22 12:43:30,2022-03-22 12:49:18,2022-03-22 12:59:22,2022-03-22 12:59:22
7007531504,ฉช.82-7443,2022-03-22 12:39:42,2022-03-22 12:47:41,2022-03-22 13:00:36,2022-03-22 13:00:36
7007539079,ชม.70-4355,2022-03-22 12:50:34,2022-03-22 12:59:22,2022-03-22 13:09:59,2022-03-22 13:09:59
7007539185,กท.61-8383,2022-03-22 13:15:17,2022-03-22 13:15:17,2022-03-22 13:25:37,2022-03-22 13:25:37
7007538978,กท.74-9067,2022-03-22 13:17:37,2022-03-22 13:17:37,2022-03-22 13:29:48,2022-03-22 13:29:48
7007534750,กท.79-5579,2022-03-22 13:30:47,2022-03-22 13:30:47,2022-03-22 13:41:12,2022-03-22 13:41:12
7007539347,ชม.70-5299,2022-03-22 13:29:51,2022-03-22 13:29:51,2022-03-22 13:43:43,2022-03-22 13:43:43
7007537035,กท.79-0643,2022-03-22 13:35:59,2022-03-22 13:41:12,2022-03-22 13:51:27,2022-03-22 13:51:27
7007537048,กท.79-5584,2022-03-22 13:36:01,2022-03-22 13:43:43,2022-03-22 13:54:36,2022-03-22 13:54:36
7007539443,ชม.70-5300,2022-03-22 13:40:05,2022-03-22 13:51:27,2022-03-22 14:03:45,2022-03-22 14:03:45
7007539534,รย.81-1375,2022-03-22 13:45:07,2022-03-22 13:54:36,2022-03-22 14:04:29,2022-03-22 14:04:29
7007539640,รย.81-6767,2022-03-22 13:54:26,2022-03-22 14:03:45,2022-03-22 14:14:22,2022-03-22 14:14:22
7007539666,กท.79-3258,2022-03-22 13:58:31,2022-03-22 14:04:29,2022-03-22 14:15:25,2022-03-22 14:15:25
7007539721,กท.78-4646,2022-03-22 14:12:25,2022-03-22 14:14:22,2022-03-22 14:24:20,2022-03-22 14:24:20
7007531580,กท.79-5843,2022-03-22 14:17:45,2022-03-22 14:17:45,2022-03-22 14:31:29,2022-03-22 14:31:29
7007538833,ฉช.81-4230,2022-03-22 14:20:33,2022-03-22 14:24:20,2022-03-22 14:34:47,2022-03-22 14:34:47
7007539904,กท.72-3498,2022-03-22 14:23:04,2022-03-22 14:31:29,2022-03-22 14:43:06,2022-03-22 14:43:06
7007540035,สค.70-6123,2022-03-22 14:32:59,2022-03-22 14:34:47,2022-03-22 14:44:37,2022-03-22 14:44:37
7007531528,กท.77-8134,2022-03-22 14:34:28,2022-03-22 14:43:06,2022-03-22 14:52:58,2022-03-22 14:52:58
7007538334,กท.79-1830,2022-03-22 14:36:42,2022-03-22 14:44:37,2022-03-22 14:57:37,2022-03-22 14:57:37
7007540421,นม.70-6589,2022-03-22 15:05:34,2022-03-22 15:05:34,2022-03-22 15:16:23,2022-03-22 15:16:23
7007537041,กท.77-8133,2022-03-22 15:38:18,2022-03-22 15:38:18,2022-03-22 15:49:41,2022-03-22 15:49:41
7007541285,ชม.70-5122,2022-03-22 15:44:40,2022-03-22 15:44:40,2022-03-22 15:55:17,2022-03-22 15:55:17
7007537039,กท.79-0144,2022-03-22 15:53:06,2022-03-22 15:53:06,2022-03-22 16:05:46,2022-03-22 16:05:46
7007541592,กท.61-4380,2022-03-22 16:15:23,2022-03-22 16:15:23,2022-03-22 16:27:09,2022-03-22 16:27:09
7007539381,กท.79-0644,2022-03-22 16:31:06,2022-03-22 16:31:06,2022-03-22 16:41:23,2022-03-22 16:41:23
7007539409,กท.79-5579,2022-03-22 17:06:41,2022-03-22 17:06:41,2022-03-22 17:16:49,2022-03-22 17:16:49
7007539406,กท.79-0641,2022-03-22 17:11:48,2022-03-22 17:11:48,2022-03-22 17:22:27,2022-03-22 17:22:27
7007538314,กท.79-1961,2022-03-22 17:41:08,2022-03-22 17:41:08,2022-03-22 17:50:55,2022-03-22 17:50:55
7007539418,กท.79-5584,2022-03-22 17:47:56,2022-03-22 17:47:56,2022-03-22 18:02:31,2022-03-22 18:02:31
7007539597,กท.79-0642,2022-03-22 17:51:22,2022-03-22 17:51:22,2022-03-22 18:05:32,2022-03-22 18:05:32
7007542992,สค.70-4073,2022-03-23 00:06:30,2022-03-23 00:06:30,2022-03-23 00:16:17,2022-03-23 00:16:17
7007542996,ชม.70-5301,2022-03-23 00:11:26,2022-03-23 00:11:26,2022-03-23 00:24:39,2022-03-23 00:24:39
7007542995,ลพ.70-0785,2022-03-23 00:15:17,2022-03-23 00:16:17,2022-03-23 00:26:36,2022-03-23 00:26:36
7007542994,ลพ.70-0786,2022-03-23 00:19:41,2022-03-23 00:26:36,2022-03-23 00:36:00,2022-03-23 00:36:00
7007542993,สค.70-6119,2022-03-23 00:18:42,2022-03-23 00:24:39,2022-03-23 00:37:02,2022-03-23 00:37:02
7007543033,สค.70-3937,2022-03-23 00:47:14,2022-03-23 00:47:14,2022-03-23 00:59:10,2022-03-23 00:59:10
7007539656,ฉช.82-8346,2022-03-23 01:13:33,2022-03-23 01:13:33,2022-03-23 01:23:16,2022-03-23 01:23:16
7007543048,กท.79-3257,2022-03-23 01:40:38,2022-03-23 01:40:38,2022-03-23 01:52:18,2022-03-23 01:52:18
7007539498,กท.79-0644,2022-03-23 01:58:14,2022-03-23 01:58:14,2022-03-23 02:07:20,2022-03-23 02:07:20
7007543058,ชม.70-5261,2022-03-23 02:18:57,2022-03-23 02:18:57,2022-03-23 02:30:09,2022-03-23 02:30:09
7007539653,ฉช.82-7170,2022-03-23 02:23:13,2022-03-23 02:23:13,2022-03-23 02:36:32,2022-03-23 02:36:32
7007539654,ฉช.82-2839,2022-03-23 02:27:25,2022-03-23 02:30:09,2022-03-23 02:39:59,2022-03-23 02:39:59
7007539417,กท.79-1830,2022-03-23 06:04:28,2022-03-23 06:04:28,2022-03-23 06:13:14,2022-03-23 06:13:14
7007539486,กท.78-1149,2022-03-23 06:10:13,2022-03-23 06:10:13,2022-03-23 06:19:58,2022-03-23 06:19:58
7007543140,กท.79-5842,2022-03-23 06:11:55,2022-03-23 06:13:14,2022-03-23 06:26:55,2022-03-23 06:26:55
7007543149,ฉช.82-3201,2022-03-23 06:16:42,2022-03-23 06:19:58,2022-03-23 06:33:21,2022-03-23 06:33:21
7007539604,กท.79-5843,2022-03-23 06:19:39,2022-03-23 06:26:55,2022-03-23 06:40:32,2022-03-23 06:40:32
7007543167,สค.70-4335,2022-03-23 06:23:54,2022-03-23 06:33:21,2022-03-23 06:44:13,2022-03-23 06:44:13
7007543168,สค.70-6123,2022-03-23 06:24:44,2022-03-23 06:40:32,2022-03-23 06:51:05,2022-03-23 06:51:05
7007539484,กท.79-5578,2022-03-23 06:28:13,2022-03-23 06:44:13,2022-03-23 06:54:55,2022-03-23 06:54:55
7007539410,กท.79-0643,2022-03-23 06:30:51,2022-03-23 06:51:05,2022-03-23 07:01:55,2022-03-23 07:01:55
7007539502,กท.78-7993,2022-03-23 06:31:28,2022-03-23 06:54:55,2022-03-23 07:06:55,2022-03-23 07:06:55
7007539423,กท.79-1961,2022-03-23 06:34:01,2022-03-23 07:01:55,2022-03-23 07:12:04,2022-03-23 07:12:04
7007539485,กท.77-8133,2022-03-23 06:37:40,2022-03-23 07:06:55,2022-03-23 07:17:57,2022-03-23 07:17:57
7007543177,กท.79-8994,2022-03-23 06:38:33,2022-03-23 07:12:04,2022-03-23 07:22:47,2022-03-23 07:22:47
7007539487,กท.77-8134,2022-03-23 06:39:16,2022-03-23 07:17:57,2022-03-23 07:26:55,2022-03-23 07:26:55
7007539601,กท.79-2716,2022-03-23 06:42:44,2022-03-23 07:22:47,2022-03-23 07:34:41,2022-03-23 07:34:41
7007539615,กท.74-9067,2022-03-23 06:50:50,2022-03-23 07:26:55,2022-03-23 07:37:29,2022-03-23 07:37:29
7007543203,จบ.81-2529,2022-03-23 06:51:16,2022-03-23 07:34:41,2022-03-23 07:45:22,2022-03-23 07:45:22
7007539610,กท.79-0144,2022-03-23 06:53:41,2022-03-23 07:37:29,2022-03-23 07:47:21,2022-03-23 07:47:21
7007539650,กท.79-0841,2022-03-23 07:02:04,2022-03-23 07:47:21,2022-03-23 07:56:21,2022-03-23 07:56:21
7007539428,กท.74-9070,2022-03-23 06:54:42,2022-03-23 07:45:22,2022-03-23 07:59:11,2022-03-23 07:59:11
7007539477,กท.78-6742,2022-03-23 07:02:23,2022-03-23 07:56:21,2022-03-23 08:09:42,2022-03-23 08:09:42
7007539494,กท.78-6744,2022-03-23 07:11:49,2022-03-23 07:59:11,2022-03-23 08:10:40,2022-03-23 08:10:40
7007539609,กท.79-2717,2022-03-23 07:20:46,2022-03-23 08:09:42,2022-03-23 08:18:59,2022-03-23 08:18:59
7007539427,กท.78-6739,2022-03-23 07:30:22,2022-03-23 08:10:40,2022-03-23 08:21:18,2022-03-23 08:21:18
7007539482,กท.60-4205,2022-03-23 07:32:17,2022-03-23 08:18:59,2022-03-23 08:29:00,2022-03-23 08:29:00
7007543315,ชม.70-5299,2022-03-23 07:32:55,2022-03-23 08:21:18,2022-03-23 08:30:07,2022-03-23 08:30:07
7007543557,กท.79-6706,2022-03-23 08:27:39,2022-03-23 08:29:00,2022-03-23 08:39:53,2022-03-23 08:39:53
7007544252,ชบ.82-4190,2022-03-23 08:51:59,2022-03-23 08:51:59,2022-03-23 09:04:54,2022-03-23 09:04:54
7007543834,ชม.70-5302,2022-03-23 09:43:59,2022-03-23 09:43:59,2022-03-23 09:55:12,2022-03-23 09:55:12
7007539425,กท.60-4207,2022-03-23 09:53:42,2022-03-23 09:53:42,2022-03-23 10:05:05,2022-03-23 10:05:05
7007539607,กท.79-5578,2022-03-23 10:13:17,2022-03-23 10:13:17,2022-03-23 10:22:02,2022-03-23 10:22:02
7007545797,ชบ.85-3878,2022-03-23 10:22:09,2022-03-23 10:22:09,2022-03-23 10:35:56,2022-03-23 10:35:56
7007545880,จบ.80-8222,2022-03-23 10:32:25,2022-03-23 10:32:25,2022-03-23 10:42:42,2022-03-23 10:42:42
7007544058,กท.79-1961,2022-03-23 10:34:24,2022-03-23 10:35:56,2022-03-23 10:48:42,2022-03-23 10:48:42
7007545426,ชม.70-4355,2022-03-23 10:42:58,2022-03-23 10:42:58,2022-03-23 10:54:49,2022-03-23 10:54:49
7007539603,กท.79-2717,2022-03-23 10:45:07,2022-03-23 10:48:42,2022-03-23 11:00:33,2022-03-23 11:00:33
7007545943,กท.75-2786,2022-03-23 10:57:37,2022-03-23 10:57:37,2022-03-23 11:07:22,2022-03-23 11:07:22
7007546071,ชม.70-5421,2022-03-23 10:58:33,2022-03-23 11:00:33,2022-03-23 11:09:27,2022-03-23 11:09:27
7007539466,กท.79-1830,2022-03-23 11:01:15,2022-03-23 11:07:22,2022-03-23 11:18:58,2022-03-23 11:18:58
7007539424,กท.79-0144,2022-03-23 11:01:26,2022-03-23 11:09:27,2022-03-23 11:22:19,2022-03-23 11:22:19
7007541924,กท.78-7993,2022-03-23 11:07:39,2022-03-23 11:18:58,2022-03-23 11:29:23,2022-03-23 11:29:23
7007539599,กท.77-8133,2022-03-23 11:15:04,2022-03-23 11:22:19,2022-03-23 11:30:38,2022-03-23 11:30:38
7007539455,กท.79-5584,2022-03-23 11:26:21,2022-03-23 11:30:38,2022-03-23 11:39:41,2022-03-23 11:39:41
7007539478,กท.75-1033,2022-03-23 11:18:50,2022-03-23 11:29:23,2022-03-23 11:43:41,2022-03-23 11:43:41
7007545803,กท.79-2159,2022-03-23 11:39:32,2022-03-23 11:39:41,2022-03-23 11:51:46,2022-03-23 11:51:46
7007546456,กท.75-6899,2022-03-23 11:42:13,2022-03-23 11:43:41,2022-03-23 11:52:43,2022-03-23 11:52:43
7007546454,กท.61-8797,2022-03-23 11:51:18,2022-03-23 11:52:43,2022-03-23 12:02:35,2022-03-23 12:02:35
7007545671,ฉช.82-8346,2022-03-23 11:45:03,2022-03-23 11:51:46,2022-03-23 12:03:49,2022-03-23 12:03:49
7007545704,ชม.70-5995,2022-03-23 12:03:18,2022-03-23 12:03:18,2022-03-23 12:13:28,2022-03-23 12:13:28
7007546519,กท.79-5841,2022-03-23 12:05:26,2022-03-23 12:05:26,2022-03-23 12:18:56,2022-03-23 12:18:56
7007546493,ชบ.84-7975,2022-03-23 12:08:01,2022-03-23 12:13:28,2022-03-23 12:23:37,2022-03-23 12:23:37
7007539416,กท.78-1149,2022-03-23 12:08:37,2022-03-23 12:18:56,2022-03-23 12:29:44,2022-03-23 12:29:44
7007545660,ชม.70-5993,2022-03-23 12:09:10,2022-03-23 12:23:37,2022-03-23 12:34:06,2022-03-23 12:34:06
7007539506,กท.74-9070,2022-03-23 12:23:14,2022-03-23 12:29:44,2022-03-23 12:39:16,2022-03-23 12:39:16
7007539501,กท.79-0643,2022-03-23 12:50:15,2022-03-23 12:50:15,2022-03-23 13:03:46,2022-03-23 13:03:46
7007539489,กท.79-5579,2022-03-23 12:59:35,2022-03-23 12:59:35,2022-03-23 13:10:54,2022-03-23 13:10:54
7007539480,กท.78-6739,2022-03-23 13:07:48,2022-03-23 13:07:48,2022-03-23 13:18:21,2022-03-23 13:18:21
7007546661,สค.70-4074,2022-03-23 13:11:33,2022-03-23 13:11:33,2022-03-23 13:21:01,2022-03-23 13:21:01
7007539436,กท.78-6742,2022-03-23 13:15:58,2022-03-23 13:18:21,2022-03-23 13:27:41,2022-03-23 13:27:41
7007541921,กท.79-0841,2022-03-23 13:21:17,2022-03-23 13:21:17,2022-03-23 13:33:25,2022-03-23 13:33:25
7007546386,กท.79-5843,2022-03-23 13:31:59,2022-03-23 13:31:59,2022-03-23 13:43:38,2022-03-23 13:43:38
7007539419,กท.77-8134,2022-03-23 13:32:05,2022-03-23 13:33:25,2022-03-23 13:43:42,2022-03-23 13:43:42
7007546901,ลพ.70-0786,2022-03-23 13:49:32,2022-03-23 13:49:32,2022-03-23 13:58:40,2022-03-23 13:58:40
7007546945,ตร.80-2192,2022-03-23 13:53:56,2022-03-23 13:53:56,2022-03-23 14:06:46,2022-03-23 14:06:46
7007546958,กท.79-6154,2022-03-23 14:03:15,2022-03-23 14:03:15,2022-03-23 14:12:36,2022-03-23 14:12:36
7007547074,กท.79-3259,2022-03-23 14:17:13,2022-03-23 14:17:13,2022-03-23 14:26:45,2022-03-23 14:26:45
7007539490,กท.79-0641,2022-03-23 14:16:56,2022-03-23 14:16:56,2022-03-23 14:29:23,2022-03-23 14:29:23
7007539602,กท.79-2716,2022-03-23 14:21:01,2022-03-23 14:26:45,2022-03-23 14:35:59,2022-03-23 14:35:59
7007547122,ชบ.85-5327,2022-03-23 14:23:34,2022-03-23 14:29:23,2022-03-23 14:41:45,2022-03-23 14:41:45
7007547127,สค.70-6125,2022-03-23 14:25:47,2022-03-23 14:35:59,2022-03-23 14:49:18,2022-03-23 14:49:18
7007547136,กท.78-4444,2022-03-23 14:32:33,2022-03-23 14:41:45,2022-03-23 14:53:31,2022-03-23 14:53:31
7007547179,ลพ.70-0674,2022-03-23 14:34:19,2022-03-23 14:49:18,2022-03-23 15:00:41,2022-03-23 15:00:41
7007545489,ฉช.81-4230,2022-03-23 14:49:17,2022-03-23 14:53:31,2022-03-23 15:03:11,2022-03-23 15:03:11
7007544494,กท.79-0642,2022-03-23 15:24:30,2022-03-23 15:24:30,2022-03-23 15:39:18,2022-03-23 15:39:18
7007547650,ลพ.70-0785,2022-03-23 15:49:58,2022-03-23 15:49:58,2022-03-23 15:58:10,2022-03-23 15:58:10
7007540428,กท.79-0643,2022-03-23 15:51:27,2022-03-23 15:51:27,2022-03-23 16:06:08,2022-03-23 16:06:08
7007539464,กท.78-1149,2022-03-23 15:52:31,2022-03-23 15:58:10,2022-03-23 16:10:11,2022-03-23 16:10:11
7007539429,กท.74-9067,2022-03-23 16:11:33,2022-03-23 16:11:33,2022-03-23 16:21:18,2022-03-23 16:21:18
7007547321,กท.79-5584,2022-03-23 16:12:20,2022-03-23 16:12:20,2022-03-23 16:22:48,2022-03-23 16:22:48
7007539430,กท.78-7993,2022-03-23 16:19:18,2022-03-23 16:22:48,2022-03-23 16:33:35,2022-03-23 16:33:35
7007539431,กท.78-6742,2022-03-23 16:16:43,2022-03-23 16:21:18,2022-03-23 16:33:41,2022-03-23 16:33:41
7007539600,กท.79-0644,2022-03-23 16:21:11,2022-03-23 16:33:35,2022-03-23 16:43:31,2022-03-23 16:43:31
7007547106,กท.79-5843,2022-03-23 16:43:04,2022-03-23 16:43:04,2022-03-23 16:52:42,2022-03-23 16:52:42
7007539434,กท.79-1830,2022-03-23 16:51:19,2022-03-23 16:51:19,2022-03-23 17:03:05,2022-03-23 17:03:05
7007545574,กท.60-4207,2022-03-23 16:57:46,2022-03-23 16:57:46,2022-03-23 17:06:44,2022-03-23 17:06:44
7007547999,กท.79-3257,2022-03-23 17:04:01,2022-03-23 17:04:01,2022-03-23 17:12:16,2022-03-23 17:12:16
7007545676,กท.79-2717,2022-03-23 17:23:01,2022-03-23 17:23:01,2022-03-23 17:31:48,2022-03-23 17:31:48
7007545661,กท.79-1961,2022-03-23 18:31:53,2022-03-23 18:31:53,2022-03-23 18:42:19,2022-03-23 18:42:19
7007545566,กท.78-1149,2022-03-23 18:32:16,2022-03-23 18:32:16,2022-03-23 18:44:19,2022-03-23 18:44:19
7007545688,กท.78-6739,2022-03-23 18:59:36,2022-03-23 18:59:36,2022-03-23 19:10:23,2022-03-23 19:10:23
7007548319,สค.70-4073,2022-03-24 00:06:58,2022-03-24 00:06:58,2022-03-24 00:20:06,2022-03-24 00:20:06
7007548320,สค.70-6119,2022-03-24 00:08:50,2022-03-24 00:08:50,2022-03-24 00:22:09,2022-03-24 00:22:09
7007548322,ชม.70-5301,2022-03-24 00:10:18,2022-03-24 00:20:06,2022-03-24 00:33:33,2022-03-24 00:33:33
7007548348,ชม.70-5300,2022-03-24 00:39:13,2022-03-24 00:39:13,2022-03-24 00:49:23,2022-03-24 00:49:23
7007548347,ชม.70-4355,2022-03-24 00:39:32,2022-03-24 00:39:32,2022-03-24 00:50:18,2022-03-24 00:50:18
7007548378,ชม.70-5302,2022-03-24 02:05:05,2022-03-24 02:05:05,2022-03-24 02:18:20,2022-03-24 02:18:20
7007548377,ฉช.82-8528,2022-03-24 02:09:36,2022-03-24 02:09:36,2022-03-24 02:21:39,2022-03-24 02:21:39
7007548380,สค.70-5407,2022-03-24 02:22:45,2022-03-24 02:22:45,2022-03-24 02:32:58,2022-03-24 02:32:58
7007545665,ฉช.82-4812,2022-03-24 02:20:33,2022-03-24 02:20:33,2022-03-24 02:33:01,2022-03-24 02:33:01
7007545648,ฉช.82-7170,2022-03-24 02:39:54,2022-03-24 02:39:54,2022-03-24 02:50:24,2022-03-24 02:50:24
7007548398,ชม.70-5261,2022-03-24 02:56:36,2022-03-24 02:56:36,2022-03-24 03:10:38,2022-03-24 03:10:38
7007545712,ฉช.82-2839,2022-03-24 03:57:57,2022-03-24 03:57:57,2022-03-24 04:10:51,2022-03-24 04:10:51
7007545634,กท.77-8133,2022-03-24 04:31:18,2022-03-24 04:31:18,2022-03-24 04:42:04,2022-03-24 04:42:04
7007545719,กท.76-4825,2022-03-24 04:42:07,2022-03-24 04:42:07,2022-03-24 04:53:13,2022-03-24 04:53:13
7007545640,กท.75-1033,2022-03-24 06:04:20,2022-03-24 06:04:20,2022-03-24 06:14:19,2022-03-24 06:14:19
7007545537,กท.79-5584,2022-03-24 06:05:05,2022-03-24 06:05:05,2022-03-24 06:17:55,2022-03-24 06:17:55
7007545480,ฉช.82-3201,2022-03-24 06:08:11,2022-03-24 06:14:19,2022-03-24 06:26:40,2022-03-24 06:26:40
7007548452,นม.70-6589,2022-03-24 06:08:13,2022-03-24 06:17:55,2022-03-24 06:30:53,2022-03-24 06:30:53
7007548456,สค.70-6125,2022-03-24 06:08:13,2022-03-24 06:26:40,2022-03-24 06:40:05,2022-03-24 06:40:05
7007548459,สค.70-6124,2022-03-24 06:10:28,2022-03-24 06:30:53,2022-03-24 06:40:19,2022-03-24 06:40:19
7007545708,กท.79-1830,2022-03-24 06:17:24,2022-03-24 06:40:05,2022-03-24 06:48:53,2022-03-24 06:48:53
7007545607,กท.79-5578,2022-03-24 06:20:24,2022-03-24 06:40:19,2022-03-24 06:50:15,2022-03-24 06:50:15
7007546982,กท.79-2716,2022-03-24 06:26:12,2022-03-24 06:48:53,2022-03-24 06:59:58,2022-03-24 06:59:58
7007545468,กท.79-5579,2022-03-24 06:26:27,2022-03-24 06:50:15,2022-03-24 07:00:32,2022-03-24 07:00:32
7007545650,กท.79-0144,2022-03-24 06:26:40,2022-03-24 06:59:58,2022-03-24 07:10:30,2022-03-24 07:10:30
7007545457,กท.79-0643,2022-03-24 06:30:02,2022-03-24 07:00:32,2022-03-24 07:12:25,2022-03-24 07:12:25
7007545548,กท.79-0644,2022-03-24 06:31:56,2022-03-24 07:10:30,2022-03-24 07:21:02,2022-03-24 07:21:02
7007545531,กท.78-7993,2022-03-24 06:37:00,2022-03-24 07:12:25,2022-03-24 07:24:29,2022-03-24 07:24:29
7007548493,สค.70-3935,2022-03-24 06:45:31,2022-03-24 07:24:29,2022-03-24 07:35:03,2022-03-24 07:35:03
7007545449,กท.79-0642,2022-03-24 06:45:14,2022-03-24 07:21:02,2022-03-24 07:35:23,2022-03-24 07:35:23
7007545518,กท.79-0841,2022-03-24 06:46:27,2022-03-24 07:35:03,2022-03-24 07:43:45,2022-03-24 07:43:45
7007548509,นม.70-6730,2022-03-24 06:47:22,2022-03-24 07:35:23,2022-03-24 07:44:15,2022-03-24 07:44:15
7007545622,ฉช.82-7443,2022-03-24 06:49:54,2022-03-24 07:43:45,2022-03-24 07:56:16,2022-03-24 07:56:16
7007545693,กท.74-9070,2022-03-24 06:55:56,2022-03-24 07:44:15,2022-03-24 07:57:11,2022-03-24 07:57:11
7007545729,กท.78-6742,2022-03-24 07:05:31,2022-03-24 07:57:11,2022-03-24 08:08:04,2022-03-24 08:08:04
7007548533,กท.75-9389,2022-03-24 06:57:45,2022-03-24 07:56:16,2022-03-24 08:08:52,2022-03-24 08:08:52
7007545595,กท.79-0641,2022-03-24 07:06:20,2022-03-24 08:08:04,2022-03-24 08:16:22,2022-03-24 08:16:22
7007545599,กท.60-4205,2022-03-24 07:34:30,2022-03-24 08:08:52,2022-03-24 08:18:42,2022-03-24 08:18:42
7007548680,ชม.70-5299,2022-03-24 07:35:33,2022-03-24 08:16:22,2022-03-24 08:25:49,2022-03-24 08:25:49
7007545654,กท.77-8133,2022-03-24 07:37:53,2022-03-24 08:18:42,2022-03-24 08:29:24,2022-03-24 08:29:24
7007545768,กท.78-6744,2022-03-24 07:53:58,2022-03-24 08:25:49,2022-03-24 08:36:26,2022-03-24 08:36:26
7007548883,กท.79-6154,2022-03-24 08:15:37,2022-03-24 08:29:24,2022-03-24 08:41:25,2022-03-24 08:41:25
7007548906,กท.79-6705,2022-03-24 08:19:45,2022-03-24 08:36:26,2022-03-24 08:46:27,2022-03-24 08:46:27
7007549013,ชบ.71-8902,2022-03-24 08:50:36,2022-03-24 08:50:36,2022-03-24 08:59:55,2022-03-24 08:59:55
7007545576,กท.60-4208,2022-03-24 09:09:08,2022-03-24 09:09:08,2022-03-24 09:18:29,2022-03-24 09:18:29
7007549261,กท.76-4900,2022-03-24 09:08:36,2022-03-24 09:08:36,2022-03-24 09:21:47,2022-03-24 09:21:47
7007549172,กท.74-8931,2022-03-24 09:11:30,2022-03-24 09:18:29,2022-03-24 09:29:38,2022-03-24 09:29:38
7007549282,กท.60-1462,2022-03-24 09:12:13,2022-03-24 09:21:47,2022-03-24 09:30:31,2022-03-24 09:30:31
7007549208,กท.74-8933,2022-03-24 09:19:53,2022-03-24 09:30:31,2022-03-24 09:39:17,2022-03-24 09:39:17
7007549306,กท.60-1463,2022-03-24 09:16:08,2022-03-24 09:29:38,2022-03-24 09:39:41,2022-03-24 09:39:41
7007545649,ฉช.82-8528,2022-03-24 09:25:07,2022-03-24 09:39:17,2022-03-24 09:49:32,2022-03-24 09:49:32
7007549601,กท.78-4646,2022-03-24 09:27:59,2022-03-24 09:39:41,2022-03-24 09:50:36,2022-03-24 09:50:36
7007549684,ชบ.85-3878,2022-03-24 09:41:05,2022-03-24 09:50:36,2022-03-24 09:59:36,2022-03-24 09:59:36
7007545445,กท.79-5579,2022-03-24 09:37:46,2022-03-24 09:49:32,2022-03-24 10:00:11,2022-03-24 10:00:11
7007549765,กท.79-9002,2022-03-24 09:42:26,2022-03-24 09:59:36,2022-03-24 10:11:06,2022-03-24 10:11:06
7007549892,จบ.80-8222,2022-03-24 09:55:17,2022-03-24 10:00:11,2022-03-24 10:12:59,2022-03-24 10:12:59
7007545646,กท.79-0644,2022-03-24 10:07:35,2022-03-24 10:11:06,2022-03-24 10:24:08,2022-03-24 10:24:08
7007545525,กท.79-0642,2022-03-24 10:24:33,2022-03-24 10:24:33,2022-03-24 10:33:57,2022-03-24 10:33:57
7007550509,ชม.70-4219,2022-03-24 10:22:56,2022-03-24 10:22:56,2022-03-24 10:37:00,2022-03-24 10:37:00
7007550634,ลพ.70-0785,2022-03-24 10:25:35,2022-03-24 10:33:57,2022-03-24 10:45:25,2022-03-24 10:45:25
7007550891,ชบ.84-7156,2022-03-24 10:37:23,2022-03-24 10:37:23,2022-03-24 10:49:30,2022-03-24 10:49:30
7007545636,กท.79-0641,2022-03-24 10:57:05,2022-03-24 10:57:05,2022-03-24 11:07:08,2022-03-24 11:07:08
7007551015,รย.81-6767,2022-03-24 10:58:15,2022-03-24 10:58:15,2022-03-24 11:08:54,2022-03-24 11:08:54
7007551095,ฉช.81-3257,2022-03-24 11:00:19,2022-03-24 11:07:08,2022-03-24 11:15:39,2022-03-24 11:15:39
7007551244,กท.74-8933,2022-03-24 11:13:16,2022-03-24 11:13:16,2022-03-24 11:25:31,2022-03-24 11:25:31
7007551254,กท.76-4900,2022-03-24 11:14:30,2022-03-24 11:15:39,2022-03-24 11:29:53,2022-03-24 11:29:53
7007551149,กท.79-6148,2022-03-24 11:27:33,2022-03-24 11:27:33,2022-03-24 11:40:11,2022-03-24 11:40:11
7007551170,กท.79-3259,2022-03-24 11:28:08,2022-03-24 11:29:53,2022-03-24 11:41:12,2022-03-24 11:41:12
7007545543,กท.78-1149,2022-03-24 11:28:49,2022-03-24 11:40:11,2022-03-24 11:50:24,2022-03-24 11:50:24
7007551076,ฉช.82-4812,2022-03-24 11:30:07,2022-03-24 11:41:12,2022-03-24 11:53:16,2022-03-24 11:53:16
7007549886,กท.79-2716,2022-03-24 11:30:47,2022-03-24 11:50:24,2022-03-24 12:00:14,2022-03-24 12:00:14
7007551259,กท.60-1462,2022-03-24 11:31:46,2022-03-24 11:53:16,2022-03-24 12:03:13,2022-03-24 12:03:13
7007551208,กท.74-8931,2022-03-24 11:32:26,2022-03-24 12:00:14,2022-03-24 12:09:46,2022-03-24 12:09:46
7007551267,กท.60-1463,2022-03-24 11:34:49,2022-03-24 12:03:13,2022-03-24 12:12:52,2022-03-24 12:12:52
7007545561,กท.78-7993,2022-03-24 11:45:44,2022-03-24 12:09:46,2022-03-24 12:19:46,2022-03-24 12:19:46
7007545745,กท.79-0643,2022-03-24 11:49:59,2022-03-24 12:12:52,2022-03-24 12:22:29,2022-03-24 12:22:29
7007551271,กท.61-6471,2022-03-24 11:57:18,2022-03-24 12:19:46,2022-03-24 12:28:55,2022-03-24 12:28:55
7007551268,กท.61-6634,2022-03-24 11:58:15,2022-03-24 12:22:29,2022-03-24 12:34:13,2022-03-24 12:34:13
7007551283,นม.70-6920,2022-03-24 12:02:10,2022-03-24 12:28:55,2022-03-24 12:42:21,2022-03-24 12:42:21
7007551363,ชบ.82-4190,2022-03-24 12:04:06,2022-03-24 12:34:13,2022-03-24 12:45:49,2022-03-24 12:45:49
7007551379,ลพ.70-0674,2022-03-24 12:12:00,2022-03-24 12:42:21,2022-03-24 12:53:08,2022-03-24 12:53:08
7007551428,กท.75-9389,2022-03-24 12:31:31,2022-03-24 12:45:49,2022-03-24 12:55:14,2022-03-24 12:55:14
7007551445,รย.81-6316,2022-03-24 12:39:46,2022-03-24 12:53:08,2022-03-24 13:03:50,2022-03-24 13:03:50
7007545699,กท.79-5578,2022-03-24 12:44:16,2022-03-24 12:55:14,2022-03-24 13:05:15,2022-03-24 13:05:15
7007551464,ชบ.84-7139,2022-03-24 12:55:35,2022-03-24 13:03:50,2022-03-24 13:12:38,2022-03-24 13:12:38
7007545556,กท.78-6739,2022-03-24 13:00:45,2022-03-24 13:05:15,2022-03-24 13:14:19,2022-03-24 13:14:19
7007545631,กท.78-6744,2022-03-24 13:05:29,2022-03-24 13:12:38,2022-03-24 13:23:58,2022-03-24 13:23:58
7007551517,จบ.80-8540,2022-03-24 13:07:48,2022-03-24 13:14:19,2022-03-24 13:26:07,2022-03-24 13:26:07
7007545552,กท.79-1830,2022-03-24 13:09:04,2022-03-24 13:23:58,2022-03-24 13:34:47,2022-03-24 13:34:47
7007545681,กท.79-2716,2022-03-24 13:10:31,2022-03-24 13:26:07,2022-03-24 13:35:13,2022-03-24 13:35:13
7007545652,กท.78-6742,2022-03-24 13:21:26,2022-03-24 13:34:47,2022-03-24 13:46:15,2022-03-24 13:46:15
7007545506,กท.79-0144,2022-03-24 13:45:54,2022-03-24 13:45:54,2022-03-24 13:56:09,2022-03-24 13:56:09
7007551723,กท.79-6154,2022-03-24 13:55:15,2022-03-24 13:55:15,2022-03-24 14:08:43,2022-03-24 14:08:43
7007551854,ลพ.70-0786,2022-03-24 13:57:24,2022-03-24 13:57:24,2022-03-24 14:09:11,2022-03-24 14:09:11
7007545497,กท.79-2717,2022-03-24 14:05:55,2022-03-24 14:08:43,2022-03-24 14:20:08,2022-03-24 14:20:08
7007549895,กท.79-5843,2022-03-24 14:17:35,2022-03-24 14:17:35,2022-03-24 14:30:22,2022-03-24 14:30:22
7007545740,ฉช.82-7443,2022-03-24 14:20:25,2022-03-24 14:20:25,2022-03-24 14:31:22,2022-03-24 14:31:22
7007552038,ฉช.81-4230,2022-03-24 14:40:52,2022-03-24 14:40:52,2022-03-24 14:51:12,2022-03-24 14:51:12
7007552139,กท.79-5584,2022-03-24 14:44:04,2022-03-24 14:44:04,2022-03-24 14:57:25,2022-03-24 14:57:25
7007552141,กท.74-9070,2022-03-24 14:54:11,2022-03-24 14:54:11,2022-03-24 15:03:30,2022-03-24 15:03:30
7007552586,กท.77-7979,2022-03-24 15:07:29,2022-03-24 15:07:29,2022-03-24 15:18:47,2022-03-24 15:18:47
7007552603,ชม.70-5122,2022-03-24 15:13:02,2022-03-24 15:13:02,2022-03-24 15:25:26,2022-03-24 15:25:26
7007551947,กท.79-0841,2022-03-24 15:32:33,2022-03-24 15:32:33,2022-03-24 15:42:33,2022-03-24 15:42:33
7007552799,ชบ.85-3878,2022-03-24 15:44:39,2022-03-24 15:44:39,2022-03-24 15:56:18,2022-03-24 15:56:18
7007553238,ชม.70-5421,2022-03-24 16:45:30,2022-03-24 16:45:30,2022-03-24 16:54:50,2022-03-24 16:54:50
7007551758,กท.79-2716,2022-03-24 16:45:55,2022-03-24 16:45:55,2022-03-24 16:58:06,2022-03-24 16:58:06
7007553241,นม.70-6730,2022-03-24 16:54:35,2022-03-24 16:58:06,2022-03-24 17:07:22,2022-03-24 17:07:22
7007551888,กท.78-6742,2022-03-24 16:47:42,2022-03-24 16:54:50,2022-03-24 17:08:37,2022-03-24 17:08:37
7007551740,กท.79-0643,2022-03-24 17:25:00,2022-03-24 17:25:00,2022-03-24 17:36:05,2022-03-24 17:36:05
7007554651,ชม.70-5302,2022-03-25 00:06:14,2022-03-25 00:06:14,2022-03-25 00:14:44,2022-03-25 00:14:44
7007554652,สค.70-5407,2022-03-25 00:04:48,2022-03-25 00:04:48,2022-03-25 00:17:17,2022-03-25 00:17:17
7007554653,ชม.70-5301,2022-03-25 00:09:14,2022-03-25 00:14:44,2022-03-25 00:23:33,2022-03-25 00:23:33
7007554650,สค.70-6119,2022-03-25 00:10:27,2022-03-25 00:17:17,2022-03-25 00:27:52,2022-03-25 00:27:52
7007551966,กท.79-0644,2022-03-25 00:16:59,2022-03-25 00:23:33,2022-03-25 00:33:57,2022-03-25 00:33:57
7007554669,กท.79-6154,2022-03-25 00:47:30,2022-03-25 00:47:30,2022-03-25 00:58:09,2022-03-25 00:58:09
7007554674,สค.70-6123,2022-03-25 00:58:13,2022-03-25 00:58:13,2022-03-25 01:07:54,2022-03-25 01:07:54
7007554681,กท.79-3257,2022-03-25 01:34:25,2022-03-25 01:34:25,2022-03-25 01:44:30,2022-03-25 01:44:30
7007554689,รย.71-2637,2022-03-25 01:35:38,2022-03-25 01:35:38,2022-03-25 01:46:31,2022-03-25 01:46:31
7007552017,ฉช.82-3201,2022-03-25 01:54:49,2022-03-25 01:54:49,2022-03-25 02:07:12,2022-03-25 02:07:12
7007554692,ชม.70-5261,2022-03-25 01:58:06,2022-03-25 01:58:06,2022-03-25 02:10:13,2022-03-25 02:10:13
7007554697,ชม.70-4355,2022-03-25 02:24:06,2022-03-25 02:24:06,2022-03-25 02:34:19,2022-03-25 02:34:19
7007554703,สค.70-4074,2022-03-25 02:46:41,2022-03-25 02:46:41,2022-03-25 02:55:36,2022-03-25 02:55:36
7007554711,กท.79-3259,2022-03-25 03:03:37,2022-03-25 03:03:37,2022-03-25 03:15:09,2022-03-25 03:15:09
7007554722,กท.79-8994,2022-03-25 03:29:46,2022-03-25 03:29:46,2022-03-25 03:39:45,2022-03-25 03:39:45
7007551941,ฉช.82-7443,2022-03-25 04:56:20,2022-03-25 04:56:20,2022-03-25 05:07:07,2022-03-25 05:07:07
7007551901,กท.79-5843,2022-03-25 06:02:27,2022-03-25 06:02:27,2022-03-25 06:11:47,2022-03-25 06:11:47
7007551750,กท.78-7993,2022-03-25 06:02:20,2022-03-25 06:02:20,2022-03-25 06:12:08,2022-03-25 06:12:08
7007551874,กท.79-5584,2022-03-25 06:09:28,2022-03-25 06:12:08,2022-03-25 06:21:44,2022-03-25 06:21:44
7007551747,กท.60-4207,2022-03-25 06:06:45,2022-03-25 06:11:47,2022-03-25 06:23:37,2022-03-25 06:23:37
7007554836,สค.70-4335,2022-03-25 06:16:03,2022-03-25 06:23:37,2022-03-25 06:32:35,2022-03-25 06:32:35
7007551877,กท.60-4205,2022-03-25 06:09:38,2022-03-25 06:21:44,2022-03-25 06:33:34,2022-03-25 06:33:34
7007554810,สค.70-6125,2022-03-25 06:18:54,2022-03-25 06:32:35,2022-03-25 06:44:04,2022-03-25 06:44:04
7007551873,กท.79-1961,2022-03-25 06:40:42,2022-03-25 06:40:42,2022-03-25 06:51:52,2022-03-25 06:51:52
7007551909,กท.79-0144,2022-03-25 06:50:09,2022-03-25 06:50:09,2022-03-25 06:59:13,2022-03-25 06:59:13
7007551921,กท.77-8134,2022-03-25 06:52:29,2022-03-25 06:52:29,2022-03-25 07:06:15,2022-03-25 07:06:15
7007554989,กท.60-9333,2022-03-25 06:54:53,2022-03-25 06:59:13,2022-03-25 07:11:35,2022-03-25 07:11:35
7007551880,กท.79-0642,2022-03-25 06:56:07,2022-03-25 07:06:15,2022-03-25 07:18:49,2022-03-25 07:18:49
7007551746,กท.79-0641,2022-03-25 06:56:49,2022-03-25 07:11:35,2022-03-25 07:23:18,2022-03-25 07:23:18
7007551751,กท.74-9067,2022-03-25 06:58:40,2022-03-25 07:18:49,2022-03-25 07:28:49,2022-03-25 07:28:49
7007551870,กท.77-8133,2022-03-25 07:01:24,2022-03-25 07:23:18,2022-03-25 07:35:52,2022-03-25 07:35:52
7007551948,กท.79-5579,2022-03-25 07:14:36,2022-03-25 07:28:49,2022-03-25 07:39:07,2022-03-25 07:39:07
7007551756,กท.78-1149,2022-03-25 07:22:02,2022-03-25 07:35:52,2022-03-25 07:44:14,2022-03-25 07:44:14
7007551937,กท.79-2717,2022-03-25 07:25:12,2022-03-25 07:39:07,2022-03-25 07:50:34,2022-03-25 07:50:34
7007551904,กท.78-6739,2022-03-25 07:28:14,2022-03-25 07:44:14,2022-03-25 07:55:28,2022-03-25 07:55:28
7007555042,กท.79-7691,2022-03-25 07:29:17,2022-03-25 07:50:34,2022-03-25 08:03:55,2022-03-25 08:03:55
7007551915,กท.79-1830,2022-03-25 07:29:22,2022-03-25 07:55:28,2022-03-25 08:05:50,2022-03-25 08:05:50
7007555207,ชม.70-5124,2022-03-25 07:37:26,2022-03-25 08:03:55,2022-03-25 08:13:27,2022-03-25 08:13:27
7007555230,สค.70-6124,2022-03-25 07:42:19,2022-03-25 08:05:50,2022-03-25 08:18:55,2022-03-25 08:18:55
7007553298,กท.78-6744,2022-03-25 07:43:51,2022-03-25 08:13:27,2022-03-25 08:22:58,2022-03-25 08:22:58
7007555295,กท.79-5841,2022-03-25 07:59:20,2022-03-25 08:18:55,2022-03-25 08:30:01,2022-03-25 08:30:01
7007555339,สค.70-4073,2022-03-25 08:07:48,2022-03-25 08:22:58,2022-03-25 08:35:27,2022-03-25 08:35:27
7007555614,ชบ.83-3599,2022-03-25 08:47:57,2022-03-25 08:47:57,2022-03-25 08:59:01,2022-03-25 08:59:01
7007551963,กท.75-1033,2022-03-25 08:49:47,2022-03-25 08:49:47,2022-03-25 09:03:17,2022-03-25 09:03:17
7007552018,ฉช.82-8528,2022-03-25 09:03:19,2022-03-25 09:03:19,2022-03-25 09:15:26,2022-03-25 09:15:26
7007555728,ชบ.84-7139,2022-03-25 09:11:53,2022-03-25 09:11:53,2022-03-25 09:24:11,2022-03-25 09:24:11
7007555857,ลพ.70-0674,2022-03-25 09:18:04,2022-03-25 09:18:04,2022-03-25 09:31:11,2022-03-25 09:31:11
7007555878,กท.77-7979,2022-03-25 09:19:35,2022-03-25 09:24:11,2022-03-25 09:37:22,2022-03-25 09:37:22
7007555964,กท.61-6077,2022-03-25 09:35:08,2022-03-25 09:35:08,2022-03-25 09:45:40,2022-03-25 09:45:40
7007556087,ชม.70-4219,2022-03-25 09:58:01,2022-03-25 09:58:01,2022-03-25 10:10:38,2022-03-25 10:10:38
7007556065,ชม.70-5299,2022-03-25 10:00:54,2022-03-25 10:00:54,2022-03-25 10:12:22,2022-03-25 10:12:22
7007551761,กท.79-5579,2022-03-25 10:00:59,2022-03-25 10:10:38,2022-03-25 10:22:08,2022-03-25 10:22:08
7007553208,กท.79-0644,2022-03-25 10:16:12,2022-03-25 10:16:12,2022-03-25 10:25:13,2022-03-25 10:25:13
7007556196,ชบ.84-7975,2022-03-25 10:23:00,2022-03-25 10:23:00,2022-03-25 10:31:50,2022-03-25 10:31:50
7007552962,กท.78-6742,2022-03-25 10:42:25,2022-03-25 10:42:25,2022-03-25 10:53:46,2022-03-25 10:53:46
7007556339,กท.75-6899,2022-03-25 10:45:50,2022-03-25 10:45:50,2022-03-25 10:55:46,2022-03-25 10:55:46
7007555697,ฉช.82-3201,2022-03-25 10:51:04,2022-03-25 10:53:46,2022-03-25 11:03:36,2022-03-25 11:03:36
7007555446,กท.78-1149,2022-03-25 10:57:52,2022-03-25 10:57:52,2022-03-25 11:07:38,2022-03-25 11:07:38
7007551918,กท.79-0641,2022-03-25 11:07:43,2022-03-25 11:07:43,2022-03-25 11:18:36,2022-03-25 11:18:36
7007551872,กท.77-8134,2022-03-25 11:15:09,2022-03-25 11:15:09,2022-03-25 11:27:03,2022-03-25 11:27:03
7007551890,กท.79-5843,2022-03-25 11:37:25,2022-03-25 11:37:25,2022-03-25 11:46:14,2022-03-25 11:46:14
7007552964,กท.79-5584,2022-03-25 11:37:26,2022-03-25 11:37:26,2022-03-25 11:49:06,2022-03-25 11:49:06
7007555885,กท.79-0642,2022-03-25 11:40:48,2022-03-25 11:46:14,2022-03-25 11:59:43,2022-03-25 11:59:43
7007556658,ชบ.82-4190,2022-03-25 11:50:37,2022-03-25 11:50:37,2022-03-25 12:00:42,2022-03-25 12:00:42
7007556735,กท.78-4646,2022-03-25 12:12:45,2022-03-25 12:12:45,2022-03-25 12:22:34,2022-03-25 12:22:34
7007556729,ชบ.85-3878,2022-03-25 12:13:38,2022-03-25 12:13:38,2022-03-25 12:24:27,2022-03-25 12:24:27
7007556761,จบ.80-8222,2022-03-25 12:18:51,2022-03-25 12:22:34,2022-03-25 12:34:22,2022-03-25 12:34:22
7007556771,กท.79-6697,2022-03-25 12:30:02,2022-03-25 12:30:02,2022-03-25 12:41:16,2022-03-25 12:41:16
7007551763,กท.78-7993,2022-03-25 12:32:59,2022-03-25 12:34:22,2022-03-25 12:44:37,2022-03-25 12:44:37
7007551957,กท.78-6739,2022-03-25 12:38:11,2022-03-25 12:41:16,2022-03-25 12:49:51,2022-03-25 12:49:51
7007551876,กท.60-4207,2022-03-25 12:39:15,2022-03-25 12:49:51,2022-03-25 12:58:41,2022-03-25 12:58:41
7007552958,กท.79-0144,2022-03-25 12:38:17,2022-03-25 12:44:37,2022-03-25 12:58:50,2022-03-25 12:58:50
7007551906,กท.79-2717,2022-03-25 12:49:24,2022-03-25 12:58:41,2022-03-25 13:08:48,2022-03-25 13:08:48
7007556812,ชม.70-5420,2022-03-25 12:51:19,2022-03-25 12:58:50,2022-03-25 13:11:37,2022-03-25 13:11:37
7007556261,กท.79-1830,2022-03-25 13:12:32,2022-03-25 13:12:32,2022-03-25 13:24:17,2022-03-25 13:24:17
7007551926,กท.74-9070,2022-03-25 13:24:59,2022-03-25 13:24:59,2022-03-25 13:36:38,2022-03-25 13:36:38
7007556971,ชบ.85-0496,2022-03-25 13:28:03,2022-03-25 13:28:03,2022-03-25 13:38:50,2022-03-25 13:38:50
7007551898,กท.78-6744,2022-03-25 13:41:14,2022-03-25 13:41:14,2022-03-25 13:50:18,2022-03-25 13:50:18
7007556279,กท.74-9067,2022-03-25 13:56:10,2022-03-25 13:56:10,2022-03-25 14:08:44,2022-03-25 14:08:44
7007551933,กท.79-0643,2022-03-25 14:17:01,2022-03-25 14:17:01,2022-03-25 14:30:31,2022-03-25 14:30:31
7007557318,ชม.70-5301,2022-03-25 14:31:01,2022-03-25 14:31:01,2022-03-25 14:40:02,2022-03-25 14:40:02
7007557298,กท.79-6154,2022-03-25 14:29:00,2022-03-25 14:29:00,2022-03-25 14:40:30,2022-03-25 14:40:30
7007556444,ฉช.81-4230,2022-03-25 14:35:19,2022-03-25 14:40:02,2022-03-25 14:51:30,2022-03-25 14:51:30
7007557423,นม.70-6730,2022-03-25 14:59:21,2022-03-25 14:59:21,2022-03-25 15:08:40,2022-03-25 15:08:40
7007551755,กท.79-0841,2022-03-25 14:59:41,2022-03-25 14:59:41,2022-03-25 15:10:10,2022-03-25 15:10:10
7007557496,สค.70-2507,2022-03-25 15:12:47,2022-03-25 15:12:47,2022-03-25 15:22:11,2022-03-25 15:22:11
7007557492,ลพ.70-0785,2022-03-25 15:13:50,2022-03-25 15:13:50,2022-03-25 15:23:12,2022-03-25 15:23:12
7007557543,นม.70-6589,2022-03-25 15:29:55,2022-03-25 15:29:55,2022-03-25 15:41:12,2022-03-25 15:41:12
7007557664,ลพ.70-0786,2022-03-25 16:00:49,2022-03-25 16:00:49,2022-03-25 16:11:44,2022-03-25 16:11:44
7007557011,กท.77-8133,2022-03-25 15:58:59,2022-03-25 15:58:59,2022-03-25 16:12:16,2022-03-25 16:12:16
7007556400,กท.79-2716,2022-03-25 16:09:35,2022-03-25 16:11:44,2022-03-25 16:22:56,2022-03-25 16:22:56
7007557732,ชม.70-5993,2022-03-25 16:17:18,2022-03-25 16:17:18,2022-03-25 16:28:08,2022-03-25 16:28:08
7007557798,กท.61-8797,2022-03-25 16:41:23,2022-03-25 16:41:23,2022-03-25 16:50:59,2022-03-25 16:50:59
7007558084,สค.70-3936,2022-03-26 00:14:57,2022-03-26 00:14:57,2022-03-26 00:25:17,2022-03-26 00:25:17
7007558087,สค.70-6119,2022-03-26 00:18:39,2022-03-26 00:18:39,2022-03-26 00:32:43,2022-03-26 00:32:43
7007558085,ชม.70-5300,2022-03-26 00:22:20,2022-03-26 00:25:17,2022-03-26 00:36:29,2022-03-26 00:36:29
7007558090,ชม.70-4355,2022-03-26 00:29:38,2022-03-26 00:36:29,2022-03-26 00:45:47,2022-03-26 00:45:47
7007558091,สค.70-3665,2022-03-26 00:24:01,2022-03-26 00:32:43,2022-03-26 00:46:26,2022-03-26 00:46:26
7007558092,ชม.70-5301,2022-03-26 00:39:42,2022-03-26 00:45:47,2022-03-26 00:55:49,2022-03-26 00:55:49
7007558105,ชม.70-5261,2022-03-26 00:48:40,2022-03-26 00:48:40,2022-03-26 00:59:54,2022-03-26 00:59:54
7007558109,ชม.70-5302,2022-03-26 01:01:20,2022-03-26 01:01:20,2022-03-26 01:12:34,2022-03-26 01:12:34
7007558112,รย.71-2637,2022-03-26 01:22:49,2022-03-26 01:22:49,2022-03-26 01:34:01,2022-03-26 01:34:01
7007558121,สค.70-5407,2022-03-26 01:45:41,2022-03-26 01:45:41,2022-03-26 01:55:54,2022-03-26 01:55:54
7007556410,กท.79-5843,2022-03-26 03:32:28,2022-03-26 03:32:28,2022-03-26 03:44:00,2022-03-26 03:44:00
7007556396,กท.79-5584,2022-03-26 06:02:07,2022-03-26 06:02:07,2022-03-26 06:11:31,2022-03-26 06:11:31
7007556418,กท.76-4825,2022-03-26 06:07:23,2022-03-26 06:07:23,2022-03-26 06:20:44,2022-03-26 06:20:44
7007556406,กท.79-5579,2022-03-26 06:10:28,2022-03-26 06:11:31,2022-03-26 06:21:06,2022-03-26 06:21:06
7007558242,สค.70-3480,2022-03-26 06:11:00,2022-03-26 06:20:44,2022-03-26 06:30:26,2022-03-26 06:30:26
7007558229,สค.70-6123,2022-03-26 06:12:51,2022-03-26 06:21:06,2022-03-26 06:30:30,2022-03-26 06:30:30
7007558251,ลพ.70-1223,2022-03-26 06:17:01,2022-03-26 06:30:30,2022-03-26 06:39:48,2022-03-26 06:39:48
7007556413,กท.77-8134,2022-03-26 06:16:38,2022-03-26 06:30:26,2022-03-26 06:43:33,2022-03-26 06:43:33
7007556428,กท.74-9067,2022-03-26 06:19:16,2022-03-26 06:39:48,2022-03-26 06:50:38,2022-03-26 06:50:38
7007556435,กท.78-1149,2022-03-26 06:20:52,2022-03-26 06:43:33,2022-03-26 06:56:08,2022-03-26 06:56:08
7007556399,กท.79-1830,2022-03-26 06:24:16,2022-03-26 06:50:38,2022-03-26 06:59:48,2022-03-26 06:59:48
7007557697,กท.78-6742,2022-03-26 06:30:11,2022-03-26 06:56:08,2022-03-26 07:05:01,2022-03-26 07:05:01
7007558262,สค.70-4335,2022-03-26 06:31:34,2022-03-26 06:59:48,2022-03-26 07:13:17,2022-03-26 07:13:17
7007558275,รย.81-6767,2022-03-26 06:48:34,2022-03-26 07:05:01,2022-03-26 07:16:40,2022-03-26 07:16:40
7007558284,สค.70-3890,2022-03-26 07:04:42,2022-03-26 07:13:17,2022-03-26 07:22:39,2022-03-26 07:22:39
7007556407,กท.79-2717,2022-03-26 07:11:34,2022-03-26 07:16:40,2022-03-26 07:31:20,2022-03-26 07:31:20
7007558293,กท.75-6688,2022-03-26 07:20:09,2022-03-26 07:22:39,2022-03-26 07:35:43,2022-03-26 07:35:43
7007558292,กท.75-7868,2022-03-26 07:23:11,2022-03-26 07:31:20,2022-03-26 07:41:25,2022-03-26 07:41:25
7007558301,กท.79-5842,2022-03-26 07:49:53,2022-03-26 07:49:53,2022-03-26 08:01:08,2022-03-26 08:01:08
7007558308,กท.79-3259,2022-03-26 08:10:04,2022-03-26 08:10:04,2022-03-26 08:23:42,2022-03-26 08:23:42
7007557010,กท.79-2717,2022-03-26 08:49:12,2022-03-26 08:49:12,2022-03-26 09:00:01,2022-03-26 09:00:01
7007558373,ชม.70-4219,2022-03-26 08:50:22,2022-03-26 08:50:22,2022-03-26 09:04:18,2022-03-26 09:04:18
7007558374,ชบ.84-7139,2022-03-26 08:58:56,2022-03-26 09:00:01,2022-03-26 09:11:22,2022-03-26 09:11:22
7007558386,กท.79-9002,2022-03-26 09:02:35,2022-03-26 09:04:18,2022-03-26 09:13:22,2022-03-26 09:13:22
7007556437,กท.78-1149,2022-03-26 09:09:50,2022-03-26 09:11:22,2022-03-26 09:22:02,2022-03-26 09:22:02
7007558407,กท.75-2786,2022-03-26 09:26:30,2022-03-26 09:26:30,2022-03-26 09:40:09,2022-03-26 09:40:09
7007558404,กท.79-6154,2022-03-26 09:29:13,2022-03-26 09:29:13,2022-03-26 09:41:14,2022-03-26 09:41:14
7007556426,กท.79-5579,2022-03-26 09:30:39,2022-03-26 09:40:09,2022-03-26 09:49:14,2022-03-26 09:49:14
7007558467,กท.75-3041,2022-03-26 10:02:13,2022-03-26 10:02:13,2022-03-26 10:11:49,2022-03-26 10:11:49
7007558445,สค.70-6124,2022-03-26 10:01:39,2022-03-26 10:01:39,2022-03-26 10:12:40,2022-03-26 10:12:40
7007556432,กท.79-5584,2022-03-26 10:04:54,2022-03-26 10:11:49,2022-03-26 10:21:41,2022-03-26 10:21:41
7007558447,ลพ.70-0785,2022-03-26 10:07:30,2022-03-26 10:12:40,2022-03-26 10:22:51,2022-03-26 10:22:51
7007558469,ลพ.70-0674,2022-03-26 10:07:43,2022-03-26 10:21:41,2022-03-26 10:33:47,2022-03-26 10:33:47
7007556482,กท.79-5843,2022-03-26 11:01:21,2022-03-26 11:01:21,2022-03-26 11:12:01,2022-03-26 11:12:01
7007558556,กท.79-3258,2022-03-26 11:12:48,2022-03-26 11:12:48,2022-03-26 11:24:40,2022-03-26 11:24:40
7007558566,กท.75-7868,2022-03-26 11:17:42,2022-03-26 11:17:42,2022-03-26 11:28:23,2022-03-26 11:28:23
7007558577,จบ.80-8540,2022-03-26 11:29:21,2022-03-26 11:29:21,2022-03-26 11:39:39,2022-03-26 11:39:39
7007556440,กท.77-8134,2022-03-26 11:40:00,2022-03-26 11:40:00,2022-03-26 11:51:13,2022-03-26 11:51:13
7007558592,ชม.70-5300,2022-03-26 11:46:08,2022-03-26 11:46:08,2022-03-26 11:58:29,2022-03-26 11:58:29
7007558612,สค.70-6125,2022-03-26 12:15:12,2022-03-26 12:15:12,2022-03-26 12:24:46,2022-03-26 12:24:46
7007558627,ชม.70-5261,2022-03-26 12:30:32,2022-03-26 12:30:32,2022-03-26 12:41:42,2022-03-26 12:41:42
7007557444,กท.74-9067,2022-03-26 12:33:44,2022-03-26 12:33:44,2022-03-26 12:45:38,2022-03-26 12:45:38
7007556685,กท.79-1830,2022-03-26 12:35:27,2022-03-26 12:41:42,2022-03-26 12:54:10,2022-03-26 12:54:10
7007558630,ชบ.82-4190,2022-03-26 12:49:31,2022-03-26 12:49:31,2022-03-26 13:00:06,2022-03-26 13:00:06
7007558641,ชม.70-5123,2022-03-26 12:53:01,2022-03-26 12:54:10,2022-03-26 13:05:35,2022-03-26 13:05:35
7007558637,กท.78-4444,2022-03-26 13:01:48,2022-03-26 13:01:48,2022-03-26 13:14:51,2022-03-26 13:14:51
7007558664,กท.79-8998,2022-03-26 13:08:03,2022-03-26 13:08:03,2022-03-26 13:16:23,2022-03-26 13:16:23
7007558671,ชม.70-5125,2022-03-26 13:21:28,2022-03-26 13:21:28,2022-03-26 13:32:00,2022-03-26 13:32:00
7007558691,กท.79-3258,2022-03-26 13:53:03,2022-03-26 13:53:03,2022-03-26 14:03:24,2022-03-26 14:03:24
7007558696,กท.79-3259,2022-03-26 14:00:58,2022-03-26 14:00:58,2022-03-26 14:09:21,2022-03-26 14:09:21
7007556475,กท.76-4825,2022-03-26 14:05:18,2022-03-26 14:05:18,2022-03-26 14:16:06,2022-03-26 14:16:06
7007556453,กท.78-6742,2022-03-26 14:27:38,2022-03-26 14:27:38,2022-03-26 14:41:26,2022-03-26 14:41:26
7007558713,ชม.70-5302,2022-03-26 14:35:20,2022-03-26 14:35:20,2022-03-26 14:44:24,2022-03-26 14:44:24
7007558736,สค.70-4386,2022-03-26 14:59:22,2022-03-26 14:59:22,2022-03-26 15:10:48,2022-03-26 15:10:48
7007558957,ลพ.70-0785,2022-03-27 00:06:08,2022-03-27 00:06:08,2022-03-27 00:17:39,2022-03-27 00:17:39
7007558956,ชม.70-4355,2022-03-27 00:06:10,2022-03-27 00:06:10,2022-03-27 00:19:21,2022-03-27 00:19:21
7007558955,สค.70-6119,2022-03-27 00:06:50,2022-03-27 00:17:39,2022-03-27 00:27:07,2022-03-27 00:27:07
7007558959,ชม.70-4219,2022-03-27 00:15:58,2022-03-27 00:19:21,2022-03-27 00:28:47,2022-03-27 00:28:47
7007558961,สค.70-6125,2022-03-27 00:24:31,2022-03-27 00:27:07,2022-03-27 00:38:06,2022-03-27 00:38:06
7007558974,สค.70-3937,2022-03-27 00:43:06,2022-03-27 00:43:06,2022-03-27 00:56:01,2022-03-27 00:56:01
7007558975,ลพ.70-0786,2022-03-27 00:46:13,2022-03-27 00:46:13,2022-03-27 00:56:31,2022-03-27 00:56:31
7007559012,ลพ.70-0674,2022-03-27 02:11:00,2022-03-27 02:11:00,2022-03-27 02:22:22,2022-03-27 02:22:22
7007557459,ฉช.82-2839,2022-03-27 02:17:11,2022-03-27 02:17:11,2022-03-27 02:28:31,2022-03-27 02:28:31
7007557008,ฉช.82-8528,2022-03-27 02:19:08,2022-03-27 02:22:22,2022-03-27 02:33:03,2022-03-27 02:33:03
7007559016,ฉช.82-3201,2022-03-27 02:26:46,2022-03-27 02:28:31,2022-03-27 02:37:53,2022-03-27 02:37:53
7007559018,สค.70-4335,2022-03-27 02:37:04,2022-03-27 02:37:53,2022-03-27 02:46:56,2022-03-27 02:46:56
7007559022,สค.70-5407,2022-03-27 02:35:00,2022-03-27 02:35:00,2022-03-27 02:48:33,2022-03-27 02:48:33
7007559024,นม.70-6730,2022-03-27 02:47:37,2022-03-27 02:47:37,2022-03-27 02:57:51,2022-03-27 02:57:51
7007559027,สค.70-4074,2022-03-27 02:51:10,2022-03-27 02:51:10,2022-03-27 03:02:50,2022-03-27 03:02:50
7007559032,กท.79-1812,2022-03-27 03:31:53,2022-03-27 03:31:53,2022-03-27 03:42:20,2022-03-27 03:42:20
7007559042,นม.70-6589,2022-03-27 04:11:11,2022-03-27 04:11:11,2022-03-27 04:24:10,2022-03-27 04:24:10
7007556470,กท.78-1149,2022-03-27 06:06:16,2022-03-27 06:06:16,2022-03-27 06:16:14,2022-03-27 06:16:14
7007556549,กท.60-4205,2022-03-27 06:05:10,2022-03-27 06:05:10,2022-03-27 06:18:38,2022-03-27 06:18:38
7007559101,สค.70-6124,2022-03-27 06:06:25,2022-03-27 06:16:14,2022-03-27 06:27:08,2022-03-27 06:27:08
7007559093,กท.78-4646,2022-03-27 06:08:50,2022-03-27 06:18:38,2022-03-27 06:30:04,2022-03-27 06:30:04
7007556504,กท.79-0643,2022-03-27 06:08:53,2022-03-27 06:27:08,2022-03-27 06:38:41,2022-03-27 06:38:41
7007559138,สค.70-6123,2022-03-27 06:19:53,2022-03-27 06:30:04,2022-03-27 06:41:14,2022-03-27 06:41:14
7007556518,กท.77-8133,2022-03-27 06:27:05,2022-03-27 06:38:41,2022-03-27 06:52:27,2022-03-27 06:52:27
7007556496,กท.79-2716,2022-03-27 06:29:17,2022-03-27 06:41:14,2022-03-27 06:54:30,2022-03-27 06:54:30
7007559169,สค.70-3935,2022-03-27 06:29:58,2022-03-27 06:52:27,2022-03-27 07:04:03,2022-03-27 07:04:03
7007556455,ฉช.82-7443,2022-03-27 06:32:22,2022-03-27 06:54:30,2022-03-27 07:04:07,2022-03-27 07:04:07
7007556684,กท.79-0644,2022-03-27 06:34:43,2022-03-27 07:04:03,2022-03-27 07:13:18,2022-03-27 07:13:18
7007556529,กท.79-1961,2022-03-27 06:41:15,2022-03-27 07:04:07,2022-03-27 07:13:58,2022-03-27 07:13:58
7007556553,กท.78-7993,2022-03-27 06:43:43,2022-03-27 07:13:18,2022-03-27 07:23:45,2022-03-27 07:23:45
7007556458,กท.74-9067,2022-03-27 06:47:53,2022-03-27 07:13:58,2022-03-27 07:25:53,2022-03-27 07:25:53
7007556500,กท.60-4207,2022-03-27 06:49:43,2022-03-27 07:23:45,2022-03-27 07:34:27,2022-03-27 07:34:27
7007556515,กท.79-5584,2022-03-27 06:51:14,2022-03-27 07:25:53,2022-03-27 07:36:36,2022-03-27 07:36:36
7007556511,กท.74-9070,2022-03-27 06:53:33,2022-03-27 07:34:27,2022-03-27 07:44:21,2022-03-27 07:44:21
7007556510,กท.79-5579,2022-03-27 06:53:34,2022-03-27 07:36:36,2022-03-27 07:47:25,2022-03-27 07:47:25
7007556683,กท.79-0841,2022-03-27 07:06:51,2022-03-27 07:47:25,2022-03-27 07:57:26,2022-03-27 07:57:26
7007556550,กท.79-0642,2022-03-27 06:54:09,2022-03-27 07:44:21,2022-03-27 07:58:00,2022-03-27 07:58:00
7007556528,กท.77-8134,2022-03-27 07:11:36,2022-03-27 07:57:26,2022-03-27 08:07:34,2022-03-27 08:07:34
7007556690,กท.79-2717,2022-03-27 07:13:14,2022-03-27 07:58:00,2022-03-27 08:10:05,2022-03-27 08:10:05
7007556462,กท.79-0144,2022-03-27 07:15:49,2022-03-27 08:07:34,2022-03-27 08:18:29,2022-03-27 08:18:29
7007556526,กท.79-0641,2022-03-27 07:21:33,2022-03-27 08:10:05,2022-03-27 08:20:32,2022-03-27 08:20:32
7007556477,กท.78-6744,2022-03-27 07:35:19,2022-03-27 08:20:32,2022-03-27 08:30:34,2022-03-27 08:30:34
7007559378,กท.79-8997,2022-03-27 07:23:44,2022-03-27 08:18:29,2022-03-27 08:32:06,2022-03-27 08:32:06
7007559487,กท.79-5841,2022-03-27 07:47:36,2022-03-27 08:30:34,2022-03-27 08:40:33,2022-03-27 08:40:33
7007559552,ชม.70-5301,2022-03-27 08:10:23,2022-03-27 08:32:06,2022-03-27 08:41:21,2022-03-27 08:41:21
7007559564,กท.79-7691,2022-03-27 08:26:04,2022-03-27 08:40:33,2022-03-27 08:49:46,2022-03-27 08:49:46
7007559668,ชม.70-5300,2022-03-27 08:28:01,2022-03-27 08:41:21,2022-03-27 08:53:45,2022-03-27 08:53:45
7007559648,กท.79-5842,2022-03-27 08:35:46,2022-03-27 08:49:46,2022-03-27 09:00:13,2022-03-27 09:00:13
7007556487,กท.79-0643,2022-03-27 08:55:06,2022-03-27 08:55:06,2022-03-27 09:03:50,2022-03-27 09:03:50
7007560108,ชม.70-5124,2022-03-27 08:58:33,2022-03-27 09:00:13,2022-03-27 09:09:07,2022-03-27 09:09:07
7007557486,กท.60-4208,2022-03-27 09:06:23,2022-03-27 09:06:23,2022-03-27 09:18:33,2022-03-27 09:18:33
7007557693,กท.79-0644,2022-03-27 09:14:43,2022-03-27 09:14:43,2022-03-27 09:25:49,2022-03-27 09:25:49
7007560708,ชบ.85-3878,2022-03-27 09:20:23,2022-03-27 09:20:23,2022-03-27 09:34:01,2022-03-27 09:34:01
7007561294,กท.76-4829,2022-03-27 09:48:27,2022-03-27 09:48:27,2022-03-27 09:58:12,2022-03-27 09:58:12
7007561588,ชบ.84-7139,2022-03-27 09:48:43,2022-03-27 09:48:43,2022-03-27 09:58:35,2022-03-27 09:58:35
7007561330,กท.60-1460,2022-03-27 09:50:04,2022-03-27 09:58:35,2022-03-27 10:09:32,2022-03-27 10:09:32
7007561229,กท.74-8932,2022-03-27 09:48:49,2022-03-27 09:58:12,2022-03-27 10:11:20,2022-03-27 10:11:20
7007561367,กท.74-2888,2022-03-27 09:50:21,2022-03-27 10:09:32,2022-03-27 10:20:04,2022-03-27 10:20:04
7007557007,ฉช.82-3201,2022-03-27 09:59:45,2022-03-27 10:11:20,2022-03-27 10:22:12,2022-03-27 10:22:12
7007562076,ชม.70-4355,2022-03-27 10:04:21,2022-03-27 10:20:04,2022-03-27 10:29:00,2022-03-27 10:29:00
7007556501,กท.78-6744,2022-03-27 10:50:54,2022-03-27 10:50:54,2022-03-27 11:03:10,2022-03-27 11:03:10
7007563627,ชบ.84-7237,2022-03-27 10:53:01,2022-03-27 10:53:01,2022-03-27 11:06:34,2022-03-27 11:06:34
7007556459,กท.79-0841,2022-03-27 10:58:17,2022-03-27 11:03:10,2022-03-27 11:14:10,2022-03-27 11:14:10
7007563408,สบ.71-0408,2022-03-27 11:00:08,2022-03-27 11:06:34,2022-03-27 11:15:44,2022-03-27 11:15:44
7007564256,กท.79-5841,2022-03-27 11:08:24,2022-03-27 11:14:10,2022-03-27 11:24:21,2022-03-27 11:24:21
7007564599,ชม.70-5420,2022-03-27 11:12:36,2022-03-27 11:15:44,2022-03-27 11:25:09,2022-03-27 11:25:09
7007557005,กท.78-7993,2022-03-27 11:22:30,2022-03-27 11:25:09,2022-03-27 11:34:36,2022-03-27 11:34:36
7007564728,ฉช.82-2839,2022-03-27 11:19:27,2022-03-27 11:24:21,2022-03-27 11:35:06,2022-03-27 11:35:06
7007565243,ชบ.71-4793,2022-03-27 11:35:05,2022-03-27 11:35:06,2022-03-27 11:45:30,2022-03-27 11:45:30
7007564916,ฉช.82-8528,2022-03-27 11:24:29,2022-03-27 11:34:36,2022-03-27 11:46:19,2022-03-27 11:46:19
7007556472,กท.79-0641,2022-03-27 11:39:10,2022-03-27 11:45:30,2022-03-27 11:58:02,2022-03-27 11:58:02
7007565176,ชบ.71-4792,2022-03-27 11:42:24,2022-03-27 11:46:19,2022-03-27 11:59:06,2022-03-27 11:59:06
7007562415,กท.79-1961,2022-03-27 12:07:11,2022-03-27 12:07:11,2022-03-27 12:18:03,2022-03-27 12:18:03
7007565914,ชบ.82-4190,2022-03-27 12:10:59,2022-03-27 12:10:59,2022-03-27 12:23:29,2022-03-27 12:23:29
7007565881,ฉช.81-3257,2022-03-27 12:19:35,2022-03-27 12:19:35,2022-03-27 12:29:42,2022-03-27 12:29:42
7007566053,จบ.80-8222,2022-03-27 12:19:38,2022-03-27 12:23:29,2022-03-27 12:35:12,2022-03-27 12:35:12
7007566045,ตร.80-2192,2022-03-27 12:24:10,2022-03-27 12:29:42,2022-03-27 12:42:40,2022-03-27 12:42:40
7007566123,กท.79-6148,2022-03-27 12:31:01,2022-03-27 12:35:12,2022-03-27 12:44:41,2022-03-27 12:44:41
7007566189,กท.75-6899,2022-03-27 12:43:25,2022-03-27 12:43:25,2022-03-27 12:55:04,2022-03-27 12:55:04
7007556461,กท.74-9067,2022-03-27 12:45:53,2022-03-27 12:45:53,2022-03-27 12:57:21,2022-03-27 12:57:21
7007556473,กท.77-8133,2022-03-27 12:59:30,2022-03-27 12:59:30,2022-03-27 13:12:04,2022-03-27 13:12:04
7007563515,กท.74-9070,2022-03-27 13:04:01,2022-03-27 13:04:01,2022-03-27 13:13:27,2022-03-27 13:13:27
7007562347,กท.78-1149,2022-03-27 13:10:34,2022-03-27 13:13:27,2022-03-27 13:22:50,2022-03-27 13:22:50
7007557003,กท.79-1830,2022-03-27 13:05:12,2022-03-27 13:12:04,2022-03-27 13:23:25,2022-03-27 13:23:25
7007556463,กท.79-2717,2022-03-27 13:11:58,2022-03-27 13:22:50,2022-03-27 13:34:58,2022-03-27 13:34:58
7007562375,กท.79-0144,2022-03-27 13:34:08,2022-03-27 13:34:08,2022-03-27 13:44:33,2022-03-27 13:44:33
7007556520,ฉช.82-7443,2022-03-27 13:34:45,2022-03-27 13:34:58,2022-03-27 13:48:36,2022-03-27 13:48:36
7007556506,กท.79-5579,2022-03-27 13:35:41,2022-03-27 13:44:33,2022-03-27 13:54:44,2022-03-27 13:54:44
7007568106,ลพ.70-0786,2022-03-27 13:44:33,2022-03-27 13:48:36,2022-03-27 13:59:42,2022-03-27 13:59:42
7007556468,กท.79-0641,2022-03-27 13:49:33,2022-03-27 13:54:44,2022-03-27 14:07:07,2022-03-27 14:07:07
7007568422,กท.72-3498,2022-03-27 13:53:58,2022-03-27 13:59:42,2022-03-27 14:11:49,2022-03-27 14:11:49
7007556519,กท.79-0642,2022-03-27 14:11:35,2022-03-27 14:11:35,2022-03-27 14:21:58,2022-03-27 14:21:58
7007556465,กท.79-2716,2022-03-27 14:17:35,2022-03-27 14:17:35,2022-03-27 14:27:05,2022-03-27 14:27:05
7007557001,กท.79-1961,2022-03-27 14:22:27,2022-03-27 14:22:27,2022-03-27 14:33:44,2022-03-27 14:33:44
7007568999,ชม.70-5261,2022-03-27 14:34:54,2022-03-27 14:34:54,2022-03-27 14:46:53,2022-03-27 14:46:53
7007568937,นม.70-6920,2022-03-27 14:38:41,2022-03-27 14:38:41,2022-03-27 14:50:32,2022-03-27 14:50:32
7007557705,กท.77-8134,2022-03-27 14:39:33,2022-03-27 14:46:53,2022-03-27 14:57:40,2022-03-27 14:57:40
7007556495,กท.77-8133,2022-03-27 14:44:09,2022-03-27 14:50:32,2022-03-27 15:02:11,2022-03-27 15:02:11
7007566994,กท.78-6742,2022-03-27 14:46:27,2022-03-27 14:57:40,2022-03-27 15:09:05,2022-03-27 15:09:05
7007564991,ฉช.81-4230,2022-03-27 14:52:09,2022-03-27 15:02:11,2022-03-27 15:12:38,2022-03-27 15:12:38
7007569604,ชม.70-5124,2022-03-27 14:56:28,2022-03-27 15:09:05,2022-03-27 15:17:32,2022-03-27 15:17:32
7007569844,ชบ.85-3878,2022-03-27 15:08:50,2022-03-27 15:12:38,2022-03-27 15:21:25,2022-03-27 15:21:25
7007569005,กท.79-7784,2022-03-27 15:14:11,2022-03-27 15:17:32,2022-03-27 15:31:03,2022-03-27 15:31:03
7007568979,กท.79-7787,2022-03-27 15:15:47,2022-03-27 15:21:25,2022-03-27 15:33:47,2022-03-27 15:33:47
7007556530,กท.79-5843,2022-03-27 15:29:58,2022-03-27 15:31:03,2022-03-27 15:42:33,2022-03-27 15:42:33
7007570426,ชม.70-5302,2022-03-27 15:30:41,2022-03-27 15:33:47,2022-03-27 15:43:47,2022-03-27 15:43:47
7007556687,กท.79-2717,2022-03-27 16:22:35,2022-03-27 16:22:35,2022-03-27 16:32:51,2022-03-27 16:32:51
7007562530,กท.79-5579,2022-03-27 16:41:31,2022-03-27 16:41:31,2022-03-27 16:51:30,2022-03-27 16:51:30
7007562400,กท.79-0644,2022-03-27 17:07:13,2022-03-27 17:07:13,2022-03-27 17:16:49,2022-03-27 17:16:49
7007573360,กท.79-1816,2022-03-27 17:22:08,2022-03-27 17:22:08,2022-03-27 17:35:12,2022-03-27 17:35:12
7007562364,กท.79-0144,2022-03-27 17:38:11,2022-03-27 17:38:11,2022-03-27 17:47:43,2022-03-27 17:47:43
7007564964,กท.77-8133,2022-03-27 17:58:02,2022-03-27 17:58:02,2022-03-27 18:09:48,2022-03-27 18:09:48
7007565658,กท.79-5578,2022-03-27 18:38:13,2022-03-27 18:38:13,2022-03-27 18:48:40,2022-03-27 18:48:40
7007565628,กท.78-1149,2022-03-27 18:57:44,2022-03-27 18:57:44,2022-03-27 19:09:47,2022-03-27 19:09:47
7007565673,กท.79-2716,2022-03-27 19:00:53,2022-03-27 19:00:53,2022-03-27 19:13:44,2022-03-27 19:13:44
7007574371,สค.70-4386,2022-03-28 00:06:14,2022-03-28 00:06:14,2022-03-28 00:15:01,2022-03-28 00:15:01
7007574372,ชม.70-4219,2022-03-28 00:10:37,2022-03-28 00:10:37,2022-03-28 00:20:51,2022-03-28 00:20:51
7007574370,สค.70-6119,2022-03-28 00:12:33,2022-03-28 00:15:01,2022-03-28 00:24:58,2022-03-28 00:24:58
7007574374,ลพ.70-0785,2022-03-28 00:14:47,2022-03-28 00:20:51,2022-03-28 00:29:09,2022-03-28 00:29:09
7007574399,ชม.70-5300,2022-03-28 00:54:46,2022-03-28 00:54:46,2022-03-28 01:04:38,2022-03-28 01:04:38
7007574405,สค.70-6124,2022-03-28 01:04:53,2022-03-28 01:04:53,2022-03-28 01:18:14,2022-03-28 01:18:14
7007574430,สค.70-5407,2022-03-28 01:36:06,2022-03-28 01:36:06,2022-03-28 01:47:29,2022-03-28 01:47:29
7007574439,ชม.70-5299,2022-03-28 02:01:19,2022-03-28 02:01:19,2022-03-28 02:12:09,2022-03-28 02:12:09
7007574442,รย.71-2635,2022-03-28 02:18:25,2022-03-28 02:18:25,2022-03-28 02:28:26,2022-03-28 02:28:26
7007564990,ฉช.82-4812,2022-03-28 02:24:08,2022-03-28 02:24:08,2022-03-28 02:37:56,2022-03-28 02:37:56
7007574452,ชม.70-5301,2022-03-28 02:40:44,2022-03-28 02:40:44,2022-03-28 02:50:38,2022-03-28 02:50:38
7007565624,ฉช.82-7170,2022-03-28 02:42:42,2022-03-28 02:42:42,2022-03-28 02:55:33,2022-03-28 02:55:33
7007574456,ฉช.82-3201,2022-03-28 02:57:36,2022-03-28 02:57:36,2022-03-28 03:10:17,2022-03-28 03:10:17
7007574469,สค.70-4074,2022-03-28 03:19:27,2022-03-28 03:19:27,2022-03-28 03:28:37,2022-03-28 03:28:37
7007565639,กท.76-4825,2022-03-28 03:48:37,2022-03-28 03:48:37,2022-03-28 03:58:21,2022-03-28 03:58:21
7007565643,กท.79-5584,2022-03-28 04:49:28,2022-03-28 04:49:28,2022-03-28 05:01:18,2022-03-28 05:01:18
7007565648,กท.78-6739,2022-03-28 04:56:48,2022-03-28 04:56:48,2022-03-28 05:07:20,2022-03-28 05:07:20
7007565198,กท.77-8134,2022-03-28 06:02:59,2022-03-28 06:02:59,2022-03-28 06:12:27,2022-03-28 06:12:27
7007565644,กท.79-5843,2022-03-28 06:08:34,2022-03-28 06:08:34,2022-03-28 06:19:11,2022-03-28 06:19:11
7007574601,กท.78-4646,2022-03-28 06:09:59,2022-03-28 06:12:27,2022-03-28 06:22:13,2022-03-28 06:22:13
7007565631,กท.79-1830,2022-03-28 06:10:13,2022-03-28 06:19:11,2022-03-28 06:29:02,2022-03-28 06:29:02
7007574606,สค.70-6123,2022-03-28 06:12:46,2022-03-28 06:22:13,2022-03-28 06:31:32,2022-03-28 06:31:32
7007565661,กท.79-0144,2022-03-28 06:23:46,2022-03-28 06:29:02,2022-03-28 06:38:19,2022-03-28 06:38:19
7007565636,กท.74-9070,2022-03-28 06:23:55,2022-03-28 06:31:32,2022-03-28 06:41:58,2022-03-28 06:41:58
7007570587,กท.60-4207,2022-03-28 06:24:58,2022-03-28 06:38:19,2022-03-28 06:50:38,2022-03-28 06:50:38
7007565235,กท.79-0642,2022-03-28 06:33:17,2022-03-28 06:41:58,2022-03-28 06:51:47,2022-03-28 06:51:47
7007565652,กท.79-0841,2022-03-28 06:48:17,2022-03-28 06:51:47,2022-03-28 07:02:47,2022-03-28 07:02:47
7007565269,กท.79-0643,2022-03-28 06:38:18,2022-03-28 06:50:38,2022-03-28 07:03:20,2022-03-28 07:03:20
7007565647,กท.78-7993,2022-03-28 06:54:18,2022-03-28 07:03:20,2022-03-28 07:14:29,2022-03-28 07:14:29
7007565664,กท.79-0644,2022-03-28 06:51:28,2022-03-28 07:02:47,2022-03-28 07:15:48,2022-03-28 07:15:48
7007565655,กท.78-6742,2022-03-28 06:55:10,2022-03-28 07:15:48,2022-03-28 07:25:48,2022-03-28 07:25:48
7007565216,กท.74-9067,2022-03-28 06:54:41,2022-03-28 07:14:29,2022-03-28 07:26:07,2022-03-28 07:26:07
7007564979,กท.79-1961,2022-03-28 07:02:02,2022-03-28 07:25:48,2022-03-28 07:36:45,2022-03-28 07:36:45
7007565621,กท.79-0641,2022-03-28 07:03:53,2022-03-28 07:26:07,2022-03-28 07:39:06,2022-03-28 07:39:06
7007565668,กท.78-6744,2022-03-28 07:24:32,2022-03-28 07:36:45,2022-03-28 07:46:11,2022-03-28 07:46:11
7007565660,กท.78-6739,2022-03-28 07:25:14,2022-03-28 07:39:06,2022-03-28 07:52:23,2022-03-28 07:52:23
7007574949,นม.70-6730,2022-03-28 07:46:18,2022-03-28 07:46:18,2022-03-28 07:58:50,2022-03-28 07:58:50
7007565641,ฉช.82-7443,2022-03-28 07:57:35,2022-03-28 07:57:35,2022-03-28 08:08:34,2022-03-28 08:08:34
7007575249,ชม.70-5123,2022-03-28 08:09:18,2022-03-28 08:09:18,2022-03-28 08:21:26,2022-03-28 08:21:26
7007575482,นม.70-6720,2022-03-28 08:14:05,2022-03-28 08:14:05,2022-03-28 08:24:59,2022-03-28 08:24:59
7007575622,กท.79-3258,2022-03-28 08:25:26,2022-03-28 08:25:26,2022-03-28 08:36:54,2022-03-28 08:36:54
7007575823,กท.79-5842,2022-03-28 08:25:06,2022-03-28 08:25:06,2022-03-28 08:38:55,2022-03-28 08:38:55
7007576391,นม.70-6589,2022-03-28 08:39:28,2022-03-28 08:39:28,2022-03-28 08:50:28,2022-03-28 08:50:28
7007564985,กท.75-1033,2022-03-28 08:36:12,2022-03-28 08:36:54,2022-03-28 08:51:24,2022-03-28 08:51:24
7007576618,กท.75-7868,2022-03-28 08:54:24,2022-03-28 08:54:24,2022-03-28 09:06:31,2022-03-28 09:06:31
7007564968,ฉช.82-4812,2022-03-28 08:58:30,2022-03-28 08:58:30,2022-03-28 09:09:25,2022-03-28 09:09:25
7007577438,กท.75-9797,2022-03-28 09:15:55,2022-03-28 09:15:55,2022-03-28 09:25:42,2022-03-28 09:25:42
7007565247,กท.60-4208,2022-03-28 09:29:04,2022-03-28 09:29:04,2022-03-28 09:41:29,2022-03-28 09:41:29
7007577419,กท.74-1615,2022-03-28 09:33:11,2022-03-28 09:33:11,2022-03-28 09:44:12,2022-03-28 09:44:12
7007577360,กท.75-1034,2022-03-28 09:33:25,2022-03-28 09:41:29,2022-03-28 09:54:01,2022-03-28 09:54:01
7007577390,กท.75-4314,2022-03-28 09:34:37,2022-03-28 09:44:12,2022-03-28 09:54:03,2022-03-28 09:54:03
7007577807,ชบ.85-3878,2022-03-28 09:38:22,2022-03-28 09:54:01,2022-03-28 10:03:56,2022-03-28 10:03:56
7007577845,ชบ.83-3599,2022-03-28 09:53:40,2022-03-28 09:54:03,2022-03-28 10:05:37,2022-03-28 10:05:37
7007578162,กท.79-6148,2022-03-28 09:57:52,2022-03-28 10:03:56,2022-03-28 10:14:11,2022-03-28 10:14:11
7007578196,จบ.80-8222,2022-03-28 09:57:57,2022-03-28 10:05:37,2022-03-28 10:14:58,2022-03-28 10:14:58
7007578194,ชบ.84-6354,2022-03-28 10:01:50,2022-03-28 10:14:11,2022-03-28 10:26:22,2022-03-28 10:26:22
7007565626,กท.78-7993,2022-03-28 10:07:29,2022-03-28 10:14:58,2022-03-28 10:28:33,2022-03-28 10:28:33
7007578344,ชบ.84-7975,2022-03-28 10:08:51,2022-03-28 10:26:22,2022-03-28 10:35:05,2022-03-28 10:35:05
7007578301,ชม.70-5261,2022-03-28 10:09:37,2022-03-28 10:28:33,2022-03-28 10:38:13,2022-03-28 10:38:13
7007565256,กท.79-0642,2022-03-28 10:31:38,2022-03-28 10:35:05,2022-03-28 10:45:07,2022-03-28 10:45:07
7007577043,กท.79-1830,2022-03-28 10:37:51,2022-03-28 10:38:13,2022-03-28 10:49:51,2022-03-28 10:49:51
7007578766,ชม.70-5122,2022-03-28 10:41:46,2022-03-28 10:45:07,2022-03-28 10:56:03,2022-03-28 10:56:03
7007578895,ชม.70-4355,2022-03-28 10:50:30,2022-03-28 10:50:30,2022-03-28 11:00:37,2022-03-28 11:00:37
7007578880,กท.62-1291,2022-03-28 10:58:38,2022-03-28 10:58:38,2022-03-28 11:11:08,2022-03-28 11:11:08
7007565650,กท.74-9070,2022-03-28 10:59:36,2022-03-28 11:00:37,2022-03-28 11:13:12,2022-03-28 11:13:12
7007577454,กท.76-2788,2022-03-28 10:59:39,2022-03-28 11:11:08,2022-03-28 11:22:58,2022-03-28 11:22:58
7007578877,ลพ.70-0674,2022-03-28 11:02:59,2022-03-28 11:13:12,2022-03-28 11:24:17,2022-03-28 11:24:17
7007567102,กท.78-1149,2022-03-28 11:10:36,2022-03-28 11:22:58,2022-03-28 11:36:16,2022-03-28 11:36:16
7007579067,นม.70-7502,2022-03-28 11:13:20,2022-03-28 11:24:17,2022-03-28 11:36:23,2022-03-28 11:36:23
7007579046,นม.70-5975,2022-03-28 11:18:20,2022-03-28 11:36:16,2022-03-28 11:46:46,2022-03-28 11:46:46
7007579134,ชม.70-6755,2022-03-28 11:32:04,2022-03-28 11:36:23,2022-03-28 11:49:15,2022-03-28 11:49:15
7007579254,กท.79-3259,2022-03-28 11:33:32,2022-03-28 11:46:46,2022-03-28 11:56:06,2022-03-28 11:56:06
7007564983,กท.79-5579,2022-03-28 11:34:28,2022-03-28 11:49:15,2022-03-28 12:01:26,2022-03-28 12:01:26
7007579566,กท.79-0144,2022-03-28 11:47:52,2022-03-28 11:56:06,2022-03-28 12:04:56,2022-03-28 12:04:56
7007578869,ฉช.82-2839,2022-03-28 11:51:48,2022-03-28 12:01:26,2022-03-28 12:13:10,2022-03-28 12:13:10
7007579390,รย.82-4012,2022-03-28 12:09:07,2022-03-28 12:09:07,2022-03-28 12:22:43,2022-03-28 12:22:43
7007579426,ชม.70-5124,2022-03-28 12:12:42,2022-03-28 12:13:10,2022-03-28 12:26:00,2022-03-28 12:26:00
7007565226,กท.79-0643,2022-03-28 12:24:20,2022-03-28 12:24:20,2022-03-28 12:35:11,2022-03-28 12:35:11
7007579463,ชบ.82-4190,2022-03-28 12:51:32,2022-03-28 12:51:32,2022-03-28 13:02:53,2022-03-28 13:02:53
7007579558,จบ.80-8540,2022-03-28 12:50:49,2022-03-28 12:50:49,2022-03-28 13:05:32,2022-03-28 13:05:32
7007577051,กท.79-0644,2022-03-28 12:54:17,2022-03-28 13:02:53,2022-03-28 13:12:32,2022-03-28 13:12:32
7007579563,ชบ.71-8902,2022-03-28 12:58:14,2022-03-28 13:05:32,2022-03-28 13:17:24,2022-03-28 13:17:24
7007579587,ชม.70-5302,2022-03-28 12:58:50,2022-03-28 13:12:32,2022-03-28 13:22:47,2022-03-28 13:22:47
7007565642,กท.79-5843,2022-03-28 13:05:09,2022-03-28 13:17:24,2022-03-28 13:27:18,2022-03-28 13:27:18
7007564973,กท.79-1961,2022-03-28 13:12:15,2022-03-28 13:22:47,2022-03-28 13:32:50,2022-03-28 13:32:50
7007567109,กท.77-8134,2022-03-28 13:18:36,2022-03-28 13:27:18,2022-03-28 13:40:55,2022-03-28 13:40:55
7007564988,กท.79-0841,2022-03-28 13:34:03,2022-03-28 13:34:03,2022-03-28 13:44:05,2022-03-28 13:44:05
7007579868,รย.71-2637,2022-03-28 13:44:38,2022-03-28 13:44:38,2022-03-28 13:57:04,2022-03-28 13:57:04
7007580322,ชม.70-4219,2022-03-28 13:56:58,2022-03-28 13:56:58,2022-03-28 14:07:24,2022-03-28 14:07:24
7007564982,ฉช.82-7443,2022-03-28 14:01:39,2022-03-28 14:01:39,2022-03-28 14:10:50,2022-03-28 14:10:50
7007580528,ลพ.70-0786,2022-03-28 14:14:12,2022-03-28 14:14:12,2022-03-28 14:24:03,2022-03-28 14:24:03
7007565630,กท.79-5584,2022-03-28 14:29:03,2022-03-28 14:29:03,2022-03-28 14:39:11,2022-03-28 14:39:11
7007565208,กท.79-0641,2022-03-28 14:28:58,2022-03-28 14:28:58,2022-03-28 14:41:18,2022-03-28 14:41:18
7007577030,กท.78-6742,2022-03-28 14:29:10,2022-03-28 14:39:11,2022-03-28 14:48:25,2022-03-28 14:48:25
7007580574,กท.79-2716,2022-03-28 14:39:35,2022-03-28 14:41:18,2022-03-28 14:52:15,2022-03-28 14:52:15
7007579696,ฉช.82-4812,2022-03-28 14:50:07,2022-03-28 14:50:07,2022-03-28 15:00:07,2022-03-28 15:00:07
7007565622,กท.78-6744,2022-03-28 14:51:19,2022-03-28 14:52:15,2022-03-28 15:03:06,2022-03-28 15:03:06
7007581795,ชบ.85-3878,2022-03-28 14:53:36,2022-03-28 15:00:07,2022-03-28 15:11:48,2022-03-28 15:11:48
7007581736,กท.78-4444,2022-03-28 14:54:52,2022-03-28 15:03:06,2022-03-28 15:15:25,2022-03-28 15:15:25
7007579036,กท.77-8133,2022-03-28 14:55:44,2022-03-28 15:11:48,2022-03-28 15:23:06,2022-03-28 15:23:06
7007579041,กท.79-0643,2022-03-28 14:57:54,2022-03-28 15:15:25,2022-03-28 15:25:16,2022-03-28 15:25:16
7007565656,กท.79-5578,2022-03-28 15:08:40,2022-03-28 15:23:06,2022-03-28 15:33:06,2022-03-28 15:33:06
7007582423,กท.79-5840,2022-03-28 15:36:06,2022-03-28 15:36:06,2022-03-28 15:45:38,2022-03-28 15:45:38
7007582748,กท.79-5841,2022-03-28 15:48:32,2022-03-28 15:48:32,2022-03-28 15:59:28,2022-03-28 15:59:28
7007582837,กท.79-8992,2022-03-28 16:01:37,2022-03-28 16:01:37,2022-03-28 16:11:09,2022-03-28 16:11:09
7007583079,ลพ.70-0785,2022-03-28 16:31:09,2022-03-28 16:31:09,2022-03-28 16:42:25,2022-03-28 16:42:25
7007579052,กท.77-8134,2022-03-28 16:30:00,2022-03-28 16:30:00,2022-03-28 16:42:53,2022-03-28 16:42:53
7007583008,กท.79-3259,2022-03-28 16:37:38,2022-03-28 16:42:53,2022-03-28 16:52:55,2022-03-28 16:52:55
7007579522,กท.60-4208,2022-03-28 16:36:44,2022-03-28 16:42:25,2022-03-28 16:53:52,2022-03-28 16:53:52
7007583283,ลพ.70-0674,2022-03-28 16:57:18,2022-03-28 16:57:18,2022-03-28 17:06:53,2022-03-28 17:06:53
7007583293,กท.79-6704,2022-03-28 17:07:20,2022-03-28 17:07:20,2022-03-28 17:18:02,2022-03-28 17:18:02
7007579492,กท.79-0841,2022-03-28 17:23:41,2022-03-28 17:23:41,2022-03-28 17:34:36,2022-03-28 17:34:36
7007579524,กท.78-7993,2022-03-28 17:23:40,2022-03-28 17:23:40,2022-03-28 17:35:26,2022-03-28 17:35:26
7007579452,กท.79-1961,2022-03-28 17:55:32,2022-03-28 17:55:32,2022-03-28 18:04:10,2022-03-28 18:04:10
7007583033,กท.79-0144,2022-03-28 18:16:11,2022-03-28 18:16:11,2022-03-28 18:29:12,2022-03-28 18:29:12
7007582290,กท.79-5843,2022-03-28 18:40:25,2022-03-28 18:40:25,2022-03-28 18:52:03,2022-03-28 18:52:03
7007583023,กท.78-6744,2022-03-28 18:38:17,2022-03-28 18:38:17,2022-03-28 18:52:45,2022-03-28 18:52:45
7007583609,ชม.70-5301,2022-03-29 00:05:56,2022-03-29 00:05:56,2022-03-29 00:19:29,2022-03-29 00:19:29
7007583610,สค.70-6119,2022-03-29 00:12:40,2022-03-29 00:12:40,2022-03-29 00:24:06,2022-03-29 00:24:06
7007583614,สค.70-6124,2022-03-29 00:22:51,2022-03-29 00:22:51,2022-03-29 00:37:06,2022-03-29 00:37:06
7007583613,สค.70-2507,2022-03-29 00:28:07,2022-03-29 00:28:07,2022-03-29 00:39:58,2022-03-29 00:39:58
7007583635,สค.70-6125,2022-03-29 01:00:10,2022-03-29 01:00:10,2022-03-29 01:08:51,2022-03-29 01:08:51
7007583636,สค.70-3665,2022-03-29 01:05:43,2022-03-29 01:05:43,2022-03-29 01:17:29,2022-03-29 01:17:29
7007583663,ชม.70-5299,2022-03-29 01:41:17,2022-03-29 01:41:17,2022-03-29 01:55:31,2022-03-29 01:55:31
7007583694,สค.70-5407,2022-03-29 03:13:58,2022-03-29 03:13:58,2022-03-29 03:24:55,2022-03-29 03:24:55
7007583699,สค.70-4335,2022-03-29 03:31:51,2022-03-29 03:31:51,2022-03-29 03:41:47,2022-03-29 03:41:47
7007583698,สค.70-4074,2022-03-29 03:30:45,2022-03-29 03:30:45,2022-03-29 03:44:16,2022-03-29 03:44:16
7007583708,กท.61-6634,2022-03-29 04:03:07,2022-03-29 04:03:07,2022-03-29 04:14:03,2022-03-29 04:14:03
7007579487,กท.75-1033,2022-03-29 04:19:02,2022-03-29 04:19:02,2022-03-29 04:28:02,2022-03-29 04:28:02
7007579485,กท.78-1149,2022-03-29 06:05:27,2022-03-29 06:05:27,2022-03-29 06:15:07,2022-03-29 06:15:07
7007579471,กท.79-0641,2022-03-29 06:03:48,2022-03-29 06:03:48,2022-03-29 06:16:45,2022-03-29 06:16:45
7007579444,กท.79-1830,2022-03-29 06:07:50,2022-03-29 06:15:07,2022-03-29 06:24:53,2022-03-29 06:24:53
7007579482,กท.77-8134,2022-03-29 06:08:12,2022-03-29 06:16:45,2022-03-29 06:26:37,2022-03-29 06:26:37
7007579460,กท.79-5584,2022-03-29 06:18:48,2022-03-29 06:24:53,2022-03-29 06:34:46,2022-03-29 06:34:46
7007583795,สค.70-6123,2022-03-29 06:25:40,2022-03-29 06:26:37,2022-03-29 06:37:16,2022-03-29 06:37:16
7007579483,กท.79-5578,2022-03-29 06:27:44,2022-03-29 06:34:46,2022-03-29 06:45:16,2022-03-29 06:45:16
7007579475,ฉช.82-7443,2022-03-29 06:29:00,2022-03-29 06:37:16,2022-03-29 06:45:34,2022-03-29 06:45:34
7007579536,กท.79-0644,2022-03-29 06:33:06,2022-03-29 06:45:34,2022-03-29 06:55:04,2022-03-29 06:55:04
7007579538,กท.74-9070,2022-03-29 06:29:11,2022-03-29 06:45:16,2022-03-29 06:56:49,2022-03-29 06:56:49
7007579498,กท.77-8133,2022-03-29 06:36:25,2022-03-29 06:55:04,2022-03-29 07:05:16,2022-03-29 07:05:16
7007579446,กท.74-9067,2022-03-29 06:40:46,2022-03-29 06:56:49,2022-03-29 07:06:36,2022-03-29 07:06:36
7007579490,กท.79-0642,2022-03-29 06:48:35,2022-03-29 07:06:36,2022-03-29 07:16:12,2022-03-29 07:16:12
7007579448,กท.79-2716,2022-03-29 06:48:11,2022-03-29 07:05:16,2022-03-29 07:17:33,2022-03-29 07:17:33
7007579447,กท.79-0643,2022-03-29 06:49:20,2022-03-29 07:16:12,2022-03-29 07:26:11,2022-03-29 07:26:11
7007579495,กท.79-5579,2022-03-29 06:51:48,2022-03-29 07:17:33,2022-03-29 07:29:28,2022-03-29 07:29:28
7007579508,กท.60-4207,2022-03-29 06:52:43,2022-03-29 07:26:11,2022-03-29 07:36:21,2022-03-29 07:36:21
7007583900,ชม.70-5122,2022-03-29 06:58:18,2022-03-29 07:29:28,2022-03-29 07:43:51,2022-03-29 07:43:51
7007579449,กท.79-2717,2022-03-29 06:59:59,2022-03-29 07:36:21,2022-03-29 07:49:11,2022-03-29 07:49:11
7007582840,กท.78-6742,2022-03-29 07:00:52,2022-03-29 07:43:51,2022-03-29 07:55:55,2022-03-29 07:55:55
7007579520,กท.78-6739,2022-03-29 07:12:02,2022-03-29 07:49:11,2022-03-29 08:00:19,2022-03-29 08:00:19
7007579523,กท.76-4825,2022-03-29 07:14:06,2022-03-29 07:55:55,2022-03-29 08:07:16,2022-03-29 08:07:16
7007579516,กท.79-5843,2022-03-29 07:27:02,2022-03-29 08:00:19,2022-03-29 08:10:38,2022-03-29 08:10:38
7007584466,นม.70-6730,2022-03-29 08:40:06,2022-03-29 08:40:06,2022-03-29 08:53:55,2022-03-29 08:53:55
7007584720,ชบ.84-7139,2022-03-29 09:00:17,2022-03-29 09:00:17,2022-03-29 09:12:58,2022-03-29 09:12:58
7007585176,นม.70-6589,2022-03-29 09:27:22,2022-03-29 09:27:22,2022-03-29 09:39:38,2022-03-29 09:39:38
7007585280,กท.77-7979,2022-03-29 09:33:25,2022-03-29 09:33:25,2022-03-29 09:44:09,2022-03-29 09:44:09
7007585829,จบ.80-8222,2022-03-29 09:54:42,2022-03-29 09:54:42,2022-03-29 10:06:18,2022-03-29 10:06:18
7007585892,ชม.70-5300,2022-03-29 09:58:30,2022-03-29 09:58:30,2022-03-29 10:08:19,2022-03-29 10:08:19
7007579455,กท.77-8134,2022-03-29 10:05:44,2022-03-29 10:06:18,2022-03-29 10:14:54,2022-03-29 10:14:54
7007586316,ชม.70-4355,2022-03-29 10:35:19,2022-03-29 10:35:19,2022-03-29 10:43:39,2022-03-29 10:43:39
7007586360,กท.75-3041,2022-03-29 10:37:07,2022-03-29 10:37:07,2022-03-29 10:48:37,2022-03-29 10:48:37
7007579527,กท.79-1830,2022-03-29 10:43:27,2022-03-29 10:43:39,2022-03-29 10:52:09,2022-03-29 10:52:09
7007586580,กท.79-6704,2022-03-29 10:54:20,2022-03-29 10:54:20,2022-03-29 11:05:48,2022-03-29 11:05:48
7007586676,ชม.70-5420,2022-03-29 11:00:33,2022-03-29 11:00:33,2022-03-29 11:09:50,2022-03-29 11:09:50
7007586753,ฉช.81-3257,2022-03-29 11:09:04,2022-03-29 11:09:04,2022-03-29 11:22:21,2022-03-29 11:22:21
7007584407,กท.78-6742,2022-03-29 11:19:29,2022-03-29 11:19:29,2022-03-29 11:29:46,2022-03-29 11:29:46
7007586923,ชม.70-5421,2022-03-29 11:22:19,2022-03-29 11:22:21,2022-03-29 11:34:44,2022-03-29 11:34:44
7007586977,ชม.70-5997,2022-03-29 11:29:38,2022-03-29 11:29:46,2022-03-29 11:40:01,2022-03-29 11:40:01
7007586958,ชม.70-6753,2022-03-29 11:31:56,2022-03-29 11:34:44,2022-03-29 11:48:55,2022-03-29 11:48:55
7007587181,รย.81-6316,2022-03-29 11:41:40,2022-03-29 11:41:40,2022-03-29 11:51:36,2022-03-29 11:51:36
7007587346,ชบ.82-4190,2022-03-29 11:47:36,2022-03-29 11:51:36,2022-03-29 12:01:27,2022-03-29 12:01:27
7007587268,ชบ.85-3878,2022-03-29 11:44:19,2022-03-29 11:48:55,2022-03-29 12:02:05,2022-03-29 12:02:05
7007587248,ลพ.70-0786,2022-03-29 11:49:28,2022-03-29 12:01:27,2022-03-29 12:13:46,2022-03-29 12:13:46
7007579517,กท.79-0641,2022-03-29 11:51:01,2022-03-29 12:02:05,2022-03-29 12:16:08,2022-03-29 12:16:08
7007579481,กท.79-0841,2022-03-29 12:05:32,2022-03-29 12:16:08,2022-03-29 12:26:58,2022-03-29 12:26:58
7007579494,กท.79-5579,2022-03-29 11:56:13,2022-03-29 12:13:46,2022-03-29 12:27:00,2022-03-29 12:27:00
7007587467,กท.78-4444,2022-03-29 12:07:41,2022-03-29 12:26:58,2022-03-29 12:38:58,2022-03-29 12:38:58
7007587235,ชบ.84-7156,2022-03-29 12:18:14,2022-03-29 12:27:00,2022-03-29 12:40:43,2022-03-29 12:40:43
7007579456,กท.79-0643,2022-03-29 12:23:41,2022-03-29 12:38:58,2022-03-29 12:50:11,2022-03-29 12:50:11
7007587625,นม.70-8647,2022-03-29 12:28:11,2022-03-29 12:40:43,2022-03-29 12:51:48,2022-03-29 12:51:48
7007579502,กท.79-0642,2022-03-29 12:32:57,2022-03-29 12:50:11,2022-03-29 13:02:05,2022-03-29 13:02:05
7007579479,กท.74-9067,2022-03-29 12:43:19,2022-03-29 12:51:48,2022-03-29 13:06:42,2022-03-29 13:06:42
7007586475,กท.74-9070,2022-03-29 12:55:30,2022-03-29 13:02:05,2022-03-29 13:12:53,2022-03-29 13:12:53
7007579513,กท.79-2717,2022-03-29 12:57:11,2022-03-29 13:06:42,2022-03-29 13:17:48,2022-03-29 13:17:48
7007579521,กท.78-7993,2022-03-29 13:05:46,2022-03-29 13:12:53,2022-03-29 13:23:14,2022-03-29 13:23:14
7007587117,ฉช.82-3201,2022-03-29 13:09:11,2022-03-29 13:17:48,2022-03-29 13:27:18,2022-03-29 13:27:18
7007587928,กท.75-0640,2022-03-29 13:14:43,2022-03-29 13:23:14,2022-03-29 13:33:05,2022-03-29 13:33:05
7007587951,กท.60-2722,2022-03-29 13:18:48,2022-03-29 13:27:18,2022-03-29 13:39:07,2022-03-29 13:39:07
7007587915,นม.70-7501,2022-03-29 13:21:46,2022-03-29 13:33:05,2022-03-29 13:43:20,2022-03-29 13:43:20
7007587936,กท.79-7786,2022-03-29 13:23:23,2022-03-29 13:39:07,2022-03-29 13:48:56,2022-03-29 13:48:56
7007587926,นม.70-6720,2022-03-29 13:26:14,2022-03-29 13:43:20,2022-03-29 13:53:05,2022-03-29 13:53:05
7007587887,นม.70-7497,2022-03-29 13:26:45,2022-03-29 13:48:56,2022-03-29 13:59:07,2022-03-29 13:59:07
7007579531,กท.78-6739,2022-03-29 13:30:14,2022-03-29 13:53:05,2022-03-29 14:02:40,2022-03-29 14:02:40
7007588258,กท.79-5840,2022-03-29 13:32:57,2022-03-29 13:59:07,2022-03-29 14:13:34,2022-03-29 14:13:34
7007579459,กท.79-2716,2022-03-29 13:47:37,2022-03-29 14:02:40,2022-03-29 14:14:22,2022-03-29 14:14:22
7007579518,กท.77-8133,2022-03-29 14:01:27,2022-03-29 14:14:22,2022-03-29 14:24:15,2022-03-29 14:24:15
7007588433,ชม.70-5301,2022-03-29 13:58:04,2022-03-29 14:13:34,2022-03-29 14:27:38,2022-03-29 14:27:38
7007579451,กท.79-0644,2022-03-29 14:03:56,2022-03-29 14:24:15,2022-03-29 14:34:42,2022-03-29 14:34:42
7007589133,กท.79-7691,2022-03-29 14:15:32,2022-03-29 14:27:38,2022-03-29 14:40:44,2022-03-29 14:40:44
7007589129,กท.79-8998,2022-03-29 14:16:15,2022-03-29 14:34:42,2022-03-29 14:46:25,2022-03-29 14:46:25
7007589276,นม.70-6719,2022-03-29 14:24:05,2022-03-29 14:40:44,2022-03-29 14:53:29,2022-03-29 14:53:29
7007589249,กท.79-3258,2022-03-29 14:25:44,2022-03-29 14:46:25,2022-03-29 14:59:27,2022-03-29 14:59:27
7007579450,กท.78-1149,2022-03-29 14:53:42,2022-03-29 14:53:42,2022-03-29 15:02:51,2022-03-29 15:02:51
7007586375,กท.79-0841,2022-03-29 15:05:14,2022-03-29 15:05:14,2022-03-29 15:17:14,2022-03-29 15:17:14
7007589862,นม.70-7498,2022-03-29 15:14:45,2022-03-29 15:14:45,2022-03-29 15:24:13,2022-03-29 15:24:13
7007579509,ฉช.82-7443,2022-03-29 15:17:20,2022-03-29 15:17:20,2022-03-29 15:31:18,2022-03-29 15:31:18
7007590223,กท.79-6148,2022-03-29 15:25:49,2022-03-29 15:25:49,2022-03-29 15:36:36,2022-03-29 15:36:36
7007589024,กท.78-6744,2022-03-29 15:38:06,2022-03-29 15:38:06,2022-03-29 15:46:40,2022-03-29 15:46:40
7007584415,กท.79-5578,2022-03-29 15:35:18,2022-03-29 15:35:18,2022-03-29 15:46:40,2022-03-29 15:46:40
7007589036,กท.79-1961,2022-03-29 16:06:04,2022-03-29 16:06:04,2022-03-29 16:18:16,2022-03-29 16:18:16
7007591881,กท.79-3259,2022-03-29 16:19:41,2022-03-29 16:19:41,2022-03-29 16:31:26,2022-03-29 16:31:26
7007582721,กท.79-2717,2022-03-29 16:34:52,2022-03-29 16:34:52,2022-03-29 16:45:17,2022-03-29 16:45:17
7007592081,กท.78-5932,2022-03-29 16:36:31,2022-03-29 16:36:31,2022-03-29 16:47:10,2022-03-29 16:47:10
7007589043,กท.79-0643,2022-03-29 16:49:30,2022-03-29 16:49:30,2022-03-29 17:02:40,2022-03-29 17:02:40
7007586397,กท.79-0144,2022-03-29 17:00:50,2022-03-29 17:00:50,2022-03-29 17:10:08,2022-03-29 17:10:08
7007592382,กท.79-3258,2022-03-29 17:03:23,2022-03-29 17:03:23,2022-03-29 17:14:38,2022-03-29 17:14:38
7007579462,กท.78-7993,2022-03-29 17:10:46,2022-03-29 17:10:46,2022-03-29 17:22:01,2022-03-29 17:22:01
7007592472,กท.60-9334,2022-03-29 17:17:11,2022-03-29 17:17:11,2022-03-29 17:29:25,2022-03-29 17:29:25
7007582866,กท.79-1830,2022-03-29 17:23:11,2022-03-29 17:23:11,2022-03-29 17:36:30,2022-03-29 17:36:30
7007579537,กท.79-5579,2022-03-29 18:10:19,2022-03-29 18:10:19,2022-03-29 18:21:34,2022-03-29 18:21:34
7007584427,ฉช.82-7443,2022-03-29 18:12:39,2022-03-29 18:12:39,2022-03-29 18:22:21,2022-03-29 18:22:21
7007590113,กท.77-8133,2022-03-29 19:05:46,2022-03-29 19:05:46,2022-03-29 19:15:58,2022-03-29 19:15:58
7007579472,กท.77-8134,2022-03-29 19:10:46,2022-03-29 19:10:46,2022-03-29 19:21:14,2022-03-29 19:21:14
7007584458,กท.79-5843,2022-03-29 19:12:03,2022-03-29 19:15:58,2022-03-29 19:24:32,2022-03-29 19:24:32
7007586383,กท.78-1149,2022-03-29 19:20:21,2022-03-29 19:21:14,2022-03-29 19:31:15,2022-03-29 19:31:15
7007593382,ลพ.70-0674,2022-03-30 00:08:01,2022-03-30 00:08:01,2022-03-30 00:18:28,2022-03-30 00:18:28
7007593377,ชม.70-5300,2022-03-30 00:08:32,2022-03-30 00:08:32,2022-03-30 00:22:14,2022-03-30 00:22:14
7007593381,ชม.70-4219,2022-03-30 00:11:38,2022-03-30 00:18:28,2022-03-30 00:28:54,2022-03-30 00:28:54
7007593378,สค.70-6119,2022-03-30 00:13:59,2022-03-30 00:22:14,2022-03-30 00:35:10,2022-03-30 00:35:10
7007593387,ชม.70-5261,2022-03-30 00:18:08,2022-03-30 00:28:54,2022-03-30 00:43:11,2022-03-30 00:43:11
7007593388,ลพ.70-0785,2022-03-30 00:19:59,2022-03-30 00:35:10,2022-03-30 00:47:38,2022-03-30 00:47:38
7007593383,นม.70-7496,2022-03-30 00:20:57,2022-03-30 00:43:11,2022-03-30 00:56:10,2022-03-30 00:56:10
7007593525,กท.79-7691,2022-03-30 03:57:27,2022-03-30 03:57:27,2022-03-30 04:07:41,2022-03-30 04:07:41
7007593516,ชม.70-5302,2022-03-30 04:05:42,2022-03-30 04:05:42,2022-03-30 04:14:57,2022-03-30 04:14:57
7007587136,กท.79-0644,2022-03-30 04:53:06,2022-03-30 04:53:06,2022-03-30 05:05:54,2022-03-30 05:05:54
7007587077,กท.75-1033,2022-03-30 06:04:28,2022-03-30 06:04:28,2022-03-30 06:16:43,2022-03-30 06:16:43
7007587093,กท.77-8134,2022-03-30 06:08:33,2022-03-30 06:08:33,2022-03-30 06:18:12,2022-03-30 06:18:12
7007591934,กท.78-1149,2022-03-30 06:11:29,2022-03-30 06:16:43,2022-03-30 06:27:44,2022-03-30 06:27:44
7007593561,สค.70-6123,2022-03-30 06:11:48,2022-03-30 06:18:12,2022-03-30 06:29:34,2022-03-30 06:29:34
7007587114,กท.79-1830,2022-03-30 06:14:52,2022-03-30 06:27:44,2022-03-30 06:37:43,2022-03-30 06:37:43
7007593577,ชม.70-5993,2022-03-30 06:19:49,2022-03-30 06:29:34,2022-03-30 06:40:23,2022-03-30 06:40:23
7007593584,สค.70-4335,2022-03-30 06:23:11,2022-03-30 06:37:43,2022-03-30 06:46:54,2022-03-30 06:46:54
7007593576,ชม.70-5995,2022-03-30 06:23:57,2022-03-30 06:40:23,2022-03-30 06:51:50,2022-03-30 06:51:50
7007587096,กท.74-9067,2022-03-30 06:55:02,2022-03-30 06:55:02,2022-03-30 07:07:43,2022-03-30 07:07:43
7007587099,กท.78-6742,2022-03-30 07:02:16,2022-03-30 07:02:16,2022-03-30 07:11:40,2022-03-30 07:11:40
7007587147,กท.74-9070,2022-03-30 07:03:42,2022-03-30 07:07:43,2022-03-30 07:19:09,2022-03-30 07:19:09
7007587088,กท.79-0642,2022-03-30 07:12:08,2022-03-30 07:12:08,2022-03-30 07:21:28,2022-03-30 07:21:28
7007587133,กท.79-5578,2022-03-30 07:14:55,2022-03-30 07:19:09,2022-03-30 07:31:32,2022-03-30 07:31:32
7007587083,กท.79-2717,2022-03-30 07:18:16,2022-03-30 07:21:28,2022-03-30 07:33:31,2022-03-30 07:33:31
7007587144,กท.78-6739,2022-03-30 07:22:56,2022-03-30 07:31:32,2022-03-30 07:42:12,2022-03-30 07:42:12
7007587111,กท.79-0841,2022-03-30 07:27:29,2022-03-30 07:33:31,2022-03-30 07:43:20,2022-03-30 07:43:20
7007587151,กท.79-5579,2022-03-30 07:31:10,2022-03-30 07:42:12,2022-03-30 07:50:51,2022-03-30 07:50:51
7007587188,กท.78-7993,2022-03-30 07:32:27,2022-03-30 07:43:20,2022-03-30 07:53:31,2022-03-30 07:53:31
7007593699,นม.70-6589,2022-03-30 07:36:45,2022-03-30 07:50:51,2022-03-30 08:01:39,2022-03-30 08:01:39
7007593785,กท.75-0640,2022-03-30 08:01:21,2022-03-30 08:01:21,2022-03-30 08:11:45,2022-03-30 08:11:45
7007592711,ฉช.82-7443,2022-03-30 08:07:13,2022-03-30 08:07:13,2022-03-30 08:19:28,2022-03-30 08:19:28
7007590026,กท.78-6744,2022-03-30 08:14:29,2022-03-30 08:14:29,2022-03-30 08:28:46,2022-03-30 08:28:46
7007587130,กท.60-4205,2022-03-30 08:14:58,2022-03-30 08:19:28,2022-03-30 08:29:31,2022-03-30 08:29:31
7007587138,กท.79-0641,2022-03-30 08:17:44,2022-03-30 08:28:46,2022-03-30 08:38:45,2022-03-30 08:38:45
7007587103,กท.79-5843,2022-03-30 08:35:43,2022-03-30 08:35:43,2022-03-30 08:45:50,2022-03-30 08:45:50
7007593867,กท.79-5842,2022-03-30 08:42:53,2022-03-30 08:42:53,2022-03-30 08:52:03,2022-03-30 08:52:03
7007587183,กท.79-0643,2022-03-30 08:43:47,2022-03-30 08:45:50,2022-03-30 08:55:14,2022-03-30 08:55:14
7007588981,กท.79-2716,2022-03-30 09:15:39,2022-03-30 09:15:39,2022-03-30 09:24:50,2022-03-30 09:24:50
7007594001,ชม.70-4355,2022-03-30 09:26:31,2022-03-30 09:26:31,2022-03-30 09:36:24,2022-03-30 09:36:24
7007593984,ลพ.70-0786,2022-03-30 09:29:55,2022-03-30 09:29:55,2022-03-30 09:44:39,2022-03-30 09:44:39
7007594099,จบ.80-8222,2022-03-30 09:52:31,2022-03-30 09:52:31,2022-03-30 10:04:50,2022-03-30 10:04:50
7007594087,กท.79-5840,2022-03-30 09:57:50,2022-03-30 09:57:50,2022-03-30 10:07:51,2022-03-30 10:07:51
7007594162,กท.78-4646,2022-03-30 10:10:13,2022-03-30 10:10:13,2022-03-30 10:20:11,2022-03-30 10:20:11
7007594210,สค.70-5407,2022-03-30 10:30:18,2022-03-30 10:30:18,2022-03-30 10:43:07,2022-03-30 10:43:07
7007594204,รย.81-6767,2022-03-30 10:34:50,2022-03-30 10:34:50,2022-03-30 10:46:00,2022-03-30 10:46:00
7007587150,กท.78-6739,2022-03-30 10:39:27,2022-03-30 10:43:07,2022-03-30 10:53:28,2022-03-30 10:53:28
7007587091,กท.79-5584,2022-03-30 10:39:45,2022-03-30 10:46:00,2022-03-30 10:58:44,2022-03-30 10:58:44
7007594228,กท.79-7691,2022-03-30 10:44:34,2022-03-30 10:53:28,2022-03-30 11:04:52,2022-03-30 11:04:52
7007594420,ชม.70-5301,2022-03-30 11:37:12,2022-03-30 11:37:12,2022-03-30 11:47:25,2022-03-30 11:47:25
7007594171,กท.78-6742,2022-03-30 11:55:58,2022-03-30 11:55:58,2022-03-30 12:06:35,2022-03-30 12:06:35
7007592296,กท.79-1961,2022-03-30 12:02:36,2022-03-30 12:02:36,2022-03-30 12:12:18,2022-03-30 12:12:18
7007594510,ชบ.85-0496,2022-03-30 12:03:39,2022-03-30 12:06:35,2022-03-30 12:17:34,2022-03-30 12:17:34
7007594518,นม.70-6721,2022-03-30 12:07:30,2022-03-30 12:12:18,2022-03-30 12:22:03,2022-03-30 12:22:03
7007594538,กท.75-7868,2022-03-30 12:19:50,2022-03-30 12:19:50,2022-03-30 12:32:28,2022-03-30 12:32:28
7007594547,ลพ.70-0785,2022-03-30 12:36:28,2022-03-30 12:36:28,2022-03-30 12:45:14,2022-03-30 12:45:14
7007594577,ชม.70-5125,2022-03-30 12:43:33,2022-03-30 12:43:33,2022-03-30 12:56:25,2022-03-30 12:56:25
7007594600,จบ.80-8540,2022-03-30 13:01:49,2022-03-30 13:01:49,2022-03-30 13:14:12,2022-03-30 13:14:12
7007594642,กท.75-0640,2022-03-30 13:08:39,2022-03-30 13:08:39,2022-03-30 13:17:36,2022-03-30 13:17:36
7007594301,กท.77-8133,2022-03-30 13:21:00,2022-03-30 13:21:00,2022-03-30 13:30:35,2022-03-30 13:30:35
7007594685,นม.70-6730,2022-03-30 13:24:56,2022-03-30 13:24:56,2022-03-30 13:36:31,2022-03-30 13:36:31
7007594693,กท.79-3259,2022-03-30 13:35:32,2022-03-30 13:35:32,2022-03-30 13:46:52,2022-03-30 13:46:52
7007594727,ชม.70-5991,2022-03-30 13:45:50,2022-03-30 13:45:50,2022-03-30 13:56:57,2022-03-30 13:56:57
7007594717,กท.79-3258,2022-03-30 13:54:18,2022-03-30 13:54:18,2022-03-30 14:04:02,2022-03-30 14:04:02
7007594777,ชม.70-4219,2022-03-30 13:58:49,2022-03-30 13:58:49,2022-03-30 14:09:20,2022-03-30 14:09:20
7007594771,ตร.80-5209,2022-03-30 14:10:07,2022-03-30 14:10:07,2022-03-30 14:22:50,2022-03-30 14:22:50
7007594795,สค.70-6125,2022-03-30 14:23:39,2022-03-30 14:23:39,2022-03-30 14:34:23,2022-03-30 14:34:23
7007594324,กท.75-1033,2022-03-30 14:43:25,2022-03-30 14:43:25,2022-03-30 14:54:40,2022-03-30 14:54:40
7007595234,กท.72-3498,2022-03-30 14:54:54,2022-03-30 14:54:54,2022-03-30 15:03:25,2022-03-30 15:03:25
7007595248,ชม.70-5420,2022-03-30 15:06:19,2022-03-30 15:06:19,2022-03-30 15:18:18,2022-03-30 15:18:18
7007595252,ชม.70-6751,2022-03-30 15:17:32,2022-03-30 15:17:32,2022-03-30 15:29:20,2022-03-30 15:29:20
7007595299,กท.79-1819,2022-03-30 15:30:27,2022-03-30 15:30:27,2022-03-30 15:41:14,2022-03-30 15:41:14
7007595323,สค.70-4074,2022-03-30 15:50:28,2022-03-30 15:50:28,2022-03-30 16:02:53,2022-03-30 16:02:53
7007595336,กท.79-6148,2022-03-30 16:05:21,2022-03-30 16:05:21,2022-03-30 16:16:18,2022-03-30 16:16:18
7007596162,สค.70-6119,2022-03-31 00:04:41,2022-03-31 00:04:41,2022-03-31 00:13:39,2022-03-31 00:13:39
7007596166,สค.70-4333,2022-03-31 00:05:57,2022-03-31 00:05:57,2022-03-31 00:20:41,2022-03-31 00:20:41
7007596164,สค.70-4386,2022-03-31 00:12:04,2022-03-31 00:13:39,2022-03-31 00:27:02,2022-03-31 00:27:02
7007596171,ชม.70-4219,2022-03-31 00:12:38,2022-03-31 00:20:41,2022-03-31 00:31:38,2022-03-31 00:31:38
7007596165,ชม.70-5300,2022-03-31 00:13:44,2022-03-31 00:27:02,2022-03-31 00:41:04,2022-03-31 00:41:04
7007596170,นม.70-5975,2022-03-31 00:13:45,2022-03-31 00:31:38,2022-03-31 00:45:17,2022-03-31 00:45:17
7007596168,ลพ.70-0785,2022-03-31 00:16:15,2022-03-31 00:41:04,2022-03-31 00:51:13,2022-03-31 00:51:13
7007596169,สค.70-6124,2022-03-31 00:17:35,2022-03-31 00:45:17,2022-03-31 00:53:40,2022-03-31 00:53:40
7007596174,นม.70-7498,2022-03-31 00:21:37,2022-03-31 00:51:13,2022-03-31 01:01:08,2022-03-31 01:01:08
7007596167,ชม.70-5299,2022-03-31 00:23:33,2022-03-31 00:53:40,2022-03-31 01:03:33,2022-03-31 01:03:33
7007596183,นม.70-7502,2022-03-31 00:29:45,2022-03-31 01:01:08,2022-03-31 01:10:03,2022-03-31 01:10:03
7007596188,ลพ.70-0674,2022-03-31 00:30:55,2022-03-31 01:03:33,2022-03-31 01:13:04,2022-03-31 01:13:04
7007594328,กท.76-4825,2022-03-31 01:43:47,2022-03-31 01:43:47,2022-03-31 01:52:34,2022-03-31 01:52:34
7007596218,รย.71-2637,2022-03-31 01:41:19,2022-03-31 01:41:19,2022-03-31 01:53:43,2022-03-31 01:53:43
7007596219,ฉช.81-3257,2022-03-31 01:45:13,2022-03-31 01:52:34,2022-03-31 02:03:24,2022-03-31 02:03:24
7007596222,ชม.70-5302,2022-03-31 01:50:58,2022-03-31 01:53:43,2022-03-31 02:04:40,2022-03-31 02:04:40
7007596237,ชม.70-4355,2022-03-31 02:26:42,2022-03-31 02:26:42,2022-03-31 02:37:53,2022-03-31 02:37:53
7007596250,ชบ.82-4190,2022-03-31 02:58:45,2022-03-31 02:58:45,2022-03-31 03:10:46,2022-03-31 03:10:46
7007596249,นม.70-6719,2022-03-31 03:03:54,2022-03-31 03:03:54,2022-03-31 03:14:31,2022-03-31 03:14:31
7007596255,ชม.70-5261,2022-03-31 03:17:24,2022-03-31 03:17:24,2022-03-31 03:27:46,2022-03-31 03:27:46
7007594302,กท.77-8134,2022-03-31 03:56:07,2022-03-31 03:56:07,2022-03-31 04:08:43,2022-03-31 04:08:43
7007594294,กท.79-5584,2022-03-31 04:05:31,2022-03-31 04:05:31,2022-03-31 04:16:03,2022-03-31 04:16:03
7007594304,กท.60-4207,2022-03-31 06:01:43,2022-03-31 06:01:43,2022-03-31 06:13:55,2022-03-31 06:13:55
7007594316,กท.79-5843,2022-03-31 06:06:18,2022-03-31 06:06:18,2022-03-31 06:17:12,2022-03-31 06:17:12
7007595327,กท.79-1830,2022-03-31 06:08:50,2022-03-31 06:13:55,2022-03-31 06:25:52,2022-03-31 06:25:52
7007594293,กท.78-1149,2022-03-31 06:18:34,2022-03-31 06:18:34,2022-03-31 06:32:25,2022-03-31 06:32:25
7007594311,กท.79-1961,2022-03-31 06:19:19,2022-03-31 06:25:52,2022-03-31 06:35:07,2022-03-31 06:35:07
7007596363,สค.70-4335,2022-03-31 06:32:17,2022-03-31 06:32:25,2022-03-31 06:42:39,2022-03-31 06:42:39
7007594318,กท.79-0643,2022-03-31 06:36:08,2022-03-31 06:36:08,2022-03-31 06:50:34,2022-03-31 06:50:34
7007594308,กท.79-0144,2022-03-31 06:37:37,2022-03-31 06:42:39,2022-03-31 06:52:14,2022-03-31 06:52:14
7007596387,สค.70-3935,2022-03-31 06:44:59,2022-03-31 06:50:34,2022-03-31 07:04:01,2022-03-31 07:04:01
7007594330,กท.79-5578,2022-03-31 07:00:16,2022-03-31 07:00:16,2022-03-31 07:13:47,2022-03-31 07:13:47
7007596441,ชร.70-6493,2022-03-31 07:07:38,2022-03-31 07:07:38,2022-03-31 07:22:25,2022-03-31 07:22:25
7007594290,กท.79-5579,2022-03-31 07:20:44,2022-03-31 07:20:44,2022-03-31 07:31:40,2022-03-31 07:31:40
7007594291,กท.74-9070,2022-03-31 07:21:25,2022-03-31 07:22:25,2022-03-31 07:33:11,2022-03-31 07:33:11
7007594312,ฉช.82-7443,2022-03-31 07:22:58,2022-03-31 07:31:40,2022-03-31 07:40:53,2022-03-31 07:40:53
7007596527,กท.79-5842,2022-03-31 07:26:02,2022-03-31 07:33:11,2022-03-31 07:44:16,2022-03-31 07:44:16
7007594793,กท.79-2716,2022-03-31 07:30:46,2022-03-31 07:40:53,2022-03-31 07:50:39,2022-03-31 07:50:39
7007596542,กท.79-7691,2022-03-31 07:32:02,2022-03-31 07:44:16,2022-03-31 07:56:33,2022-03-31 07:56:33
7007596611,สค.70-6123,2022-03-31 07:36:59,2022-03-31 07:50:39,2022-03-31 07:59:47,2022-03-31 07:59:47
7007594296,กท.79-0644,2022-03-31 07:38:11,2022-03-31 07:56:33,2022-03-31 08:08:33,2022-03-31 08:08:33
7007596631,กท.61-6634,2022-03-31 07:40:31,2022-03-31 07:59:47,2022-03-31 08:11:11,2022-03-31 08:11:11
7007594314,กท.79-5584,2022-03-31 07:42:14,2022-03-31 08:08:33,2022-03-31 08:18:17,2022-03-31 08:18:17
7007594336,กท.79-0641,2022-03-31 07:50:57,2022-03-31 08:11:11,2022-03-31 08:21:30,2022-03-31 08:21:30
7007594315,กท.79-2717,2022-03-31 07:53:47,2022-03-31 08:18:17,2022-03-31 08:31:43,2022-03-31 08:31:43
7007594292,กท.78-6742,2022-03-31 08:18:02,2022-03-31 08:21:30,2022-03-31 08:32:31,2022-03-31 08:32:31
7007594306,กท.79-0642,2022-03-31 08:19:30,2022-03-31 08:31:43,2022-03-31 08:41:30,2022-03-31 08:41:30
7007594326,กท.76-4825,2022-03-31 08:52:21,2022-03-31 08:52:21,2022-03-31 09:02:30,2022-03-31 09:02:30
7007594335,กท.78-6744,2022-03-31 08:55:17,2022-03-31 08:55:17,2022-03-31 09:07:06,2022-03-31 09:07:06
7007596977,สค.70-3893,2022-03-31 08:57:20,2022-03-31 09:02:30,2022-03-31 09:12:53,2022-03-31 09:12:53
7007597044,นม.70-6589,2022-03-31 09:05:11,2022-03-31 09:07:06,2022-03-31 09:19:20,2022-03-31 09:19:20
7007597166,จบ.80-8222,2022-03-31 09:28:18,2022-03-31 09:28:18,2022-03-31 09:40:36,2022-03-31 09:40:36
7007594371,กท.79-0643,2022-03-31 09:45:49,2022-03-31 09:45:49,2022-03-31 09:56:03,2022-03-31 09:56:03
7007597262,ชบ.84-7139,2022-03-31 09:44:43,2022-03-31 09:44:43,2022-03-31 09:57:45,2022-03-31 09:57:45
7007597510,ชบ.85-0496,2022-03-31 10:34:22,2022-03-31 10:34:22,2022-03-31 10:43:09,2022-03-31 10:43:09
7007597444,ชม.70-5125,2022-03-31 10:31:07,2022-03-31 10:31:07,2022-03-31 10:44:00,2022-03-31 10:44:00
7007597526,กท.75-7868,2022-03-31 10:40:24,2022-03-31 10:44:00,2022-03-31 10:55:40,2022-03-31 10:55:40
7007597519,กท.60-9333,2022-03-31 10:36:49,2022-03-31 10:43:09,2022-03-31 10:56:48,2022-03-31 10:56:48
7007594334,กท.78-7993,2022-03-31 10:44:39,2022-03-31 10:55:40,2022-03-31 11:07:32,2022-03-31 11:07:32
7007597595,นม.70-6730,2022-03-31 11:06:41,2022-03-31 11:06:41,2022-03-31 11:19:36,2022-03-31 11:19:36
7007595203,กท.78-6739,2022-03-31 11:14:50,2022-03-31 11:14:50,2022-03-31 11:24:31,2022-03-31 11:24:31
7007594303,กท.79-0642,2022-03-31 11:16:45,2022-03-31 11:19:36,2022-03-31 11:30:26,2022-03-31 11:30:26
7007594327,กท.79-0841,2022-03-31 11:29:17,2022-03-31 11:29:17,2022-03-31 11:38:13,2022-03-31 11:38:13
7007594329,กท.79-2717,2022-03-31 11:43:24,2022-03-31 11:43:24,2022-03-31 11:54:06,2022-03-31 11:54:06
7007597781,สค.70-5407,2022-03-31 11:44:32,2022-03-31 11:44:32,2022-03-31 11:56:13,2022-03-31 11:56:13
7007597979,กท.79-3259,2022-03-31 12:03:27,2022-03-31 12:03:27,2022-03-31 12:12:12,2022-03-31 12:12:12
7007598351,กท.78-4444,2022-03-31 12:36:20,2022-03-31 12:36:20,2022-03-31 12:45:04,2022-03-31 12:45:04
7007598434,ชบ.83-3599,2022-03-31 12:39:21,2022-03-31 12:39:21,2022-03-31 12:48:53,2022-03-31 12:48:53
7007598684,ชบ.84-7237,2022-03-31 13:21:09,2022-03-31 13:21:09,2022-03-31 13:35:25,2022-03-31 13:35:25
7007598703,ชม.70-6755,2022-03-31 13:28:37,2022-03-31 13:28:37,2022-03-31 13:38:02,2022-03-31 13:38:02
7007598806,ชม.70-5299,2022-03-31 13:57:56,2022-03-31 13:57:56,2022-03-31 14:10:35,2022-03-31 14:10:35
7007594313,กท.75-1033,2022-03-31 14:17:17,2022-03-31 14:17:17,2022-03-31 14:27:40,2022-03-31 14:27:40
7007599226,ลพ.70-0674,2022-03-31 14:45:06,2022-03-31 14:45:06,2022-03-31 14:54:07,2022-03-31 14:54:07
7007599214,รย.71-2635,2022-03-31 14:46:51,2022-03-31 14:46:51,2022-03-31 14:54:58,2022-03-31 14:54:58
7007598917,กท.79-6148,2022-03-31 14:48:43,2022-03-31 14:54:07,2022-03-31 15:04:27,2022-03-31 15:04:27
7007599224,ชม.70-5421,2022-03-31 14:52:41,2022-03-31 14:54:58,2022-03-31 15:05:01,2022-03-31 15:05:01
7007599285,ชบ.84-7975,2022-03-31 15:03:43,2022-03-31 15:04:27,2022-03-31 15:16:49,2022-03-31 15:16:49
7007599332,ชม.70-5302,2022-03-31 15:14:57,2022-03-31 15:14:57,2022-03-31 15:23:26,2022-03-31 15:23:26
7007599402,กท.78-5932,2022-03-31 15:32:30,2022-03-31 15:32:30,2022-03-31 15:42:42,2022-03-31 15:42:42
7007599435,รย.81-6767,2022-03-31 15:49:08,2022-03-31 15:49:08,2022-03-31 16:00:49,2022-03-31 16:00:49
7007599659,ชม.70-5300,2022-03-31 17:15:07,2022-03-31 17:15:07,2022-03-31 17:25:31,2022-03-31 17:25:31
