po number,vehicle number,arrival time,start time,end time,departure time
7007392290,ชม.70-5299,2022-03-01 00:20:40,2022-03-01 00:20:40,2022-03-01 00:27:33,2022-03-01 00:27:33
7007392288,สค.70-6119,2022-03-01 00:28:36,2022-03-01 00:28:36,2022-03-01 00:33:38,2022-03-01 00:33:38
7007384547,ฉช.81-4230,2022-03-01 00:29:53,2022-03-01 00:33:38,2022-03-01 00:41:02,2022-03-01 00:41:02
7007392291,ชม.70-6507,2022-03-01 00:33:14,2022-03-01 00:41:02,2022-03-01 00:47:04,2022-03-01 00:47:04
7007392293,สค.70-4386,2022-03-01 00:43:30,2022-03-01 00:47:04,2022-03-01 00:52:07,2022-03-01 00:52:07
7007392292,ชม.70-5301,2022-03-01 00:44:22,2022-03-01 00:52:07,2022-03-01 00:58:01,2022-03-01 00:58:01
7007392331,สค.70-3937,2022-03-01 01:20:00,2022-03-01 01:20:00,2022-03-01 01:27:58,2022-03-01 01:27:58
7007392350,สค.70-6124,2022-03-01 01:39:34,2022-03-01 01:39:34,2022-03-01 01:46:47,2022-03-01 01:46:47
7007392354,ลพ.70-1223,2022-03-01 01:56:05,2022-03-01 01:56:05,2022-03-01 02:02:08,2022-03-01 02:02:08
7007384406,ฉช.82-8528,2022-03-01 02:21:18,2022-03-01 02:21:18,2022-03-01 02:30:29,2022-03-01 02:30:29
7007384302,ฉช.82-3201,2022-03-01 02:24:23,2022-03-01 02:30:29,2022-03-01 02:35:32,2022-03-01 02:35:32
7007392358,ชม.70-5300,2022-03-01 02:33:27,2022-03-01 02:35:32,2022-03-01 02:44:04,2022-03-01 02:44:04
7007392365,ชม.70-5302,2022-03-01 03:04:30,2022-03-01 03:04:30,2022-03-01 03:12:54,2022-03-01 03:12:54
7007392369,ชม.70-5261,2022-03-01 03:11:19,2022-03-01 03:12:54,2022-03-01 03:19:40,2022-03-01 03:19:40
7007392371,ชม.70-5193,2022-03-01 03:13:25,2022-03-01 03:19:40,2022-03-01 03:26:47,2022-03-01 03:26:47
7007392373,สค.70-4335,2022-03-01 03:47:38,2022-03-01 03:47:38,2022-03-01 03:55:57,2022-03-01 03:55:57
7007384153,ฉช.82-7170,2022-03-01 03:57:39,2022-03-01 03:57:39,2022-03-01 04:02:46,2022-03-01 04:02:46
7007392379,ชม.70-6510,2022-03-01 03:58:54,2022-03-01 04:02:46,2022-03-01 04:11:21,2022-03-01 04:11:21
7007392381,กท.79-8993,2022-03-01 04:05:08,2022-03-01 04:11:21,2022-03-01 04:17:53,2022-03-01 04:17:53
7007384627,กท.79-1830,2022-03-01 04:06:19,2022-03-01 04:17:53,2022-03-01 04:23:05,2022-03-01 04:23:05
7007392380,ลพ.70-0785,2022-03-01 04:12:42,2022-03-01 04:23:05,2022-03-01 04:31:39,2022-03-01 04:31:39
7007384283,กท.79-5584,2022-03-01 04:18:51,2022-03-01 04:31:39,2022-03-01 04:38:39,2022-03-01 04:38:39
7007390699,กท.78-6739,2022-03-01 04:34:31,2022-03-01 04:38:39,2022-03-01 04:45:16,2022-03-01 04:45:16
7007384124,กท.79-0644,2022-03-01 04:35:12,2022-03-01 04:45:16,2022-03-01 04:52:40,2022-03-01 04:52:40
7007384617,กท.78-1149,2022-03-01 06:35:25,2022-03-01 06:35:25,2022-03-01 06:41:34,2022-03-01 06:41:34
7007389550,กท.79-0643,2022-03-01 06:35:34,2022-03-01 06:41:34,2022-03-01 06:46:50,2022-03-01 06:46:50
7007386567,กท.78-6742,2022-03-01 06:37:28,2022-03-01 06:46:50,2022-03-01 06:52:57,2022-03-01 06:52:57
7007386555,กท.79-5843,2022-03-01 06:38:19,2022-03-01 06:52:57,2022-03-01 07:02:02,2022-03-01 07:02:02
7007392442,กท.61-8383,2022-03-01 06:42:14,2022-03-01 07:02:02,2022-03-01 07:10:30,2022-03-01 07:10:30
7007391507,กท.74-9067,2022-03-01 06:46:27,2022-03-01 07:10:30,2022-03-01 07:17:51,2022-03-01 07:17:51
7007389538,กท.78-7993,2022-03-01 06:59:34,2022-03-01 07:17:51,2022-03-01 07:23:22,2022-03-01 07:23:22
7007384426,กท.77-8133,2022-03-01 07:09:38,2022-03-01 07:23:22,2022-03-01 07:30:16,2022-03-01 07:30:16
7007389485,กท.77-8134,2022-03-01 07:14:28,2022-03-01 07:30:16,2022-03-01 07:38:26,2022-03-01 07:38:26
7007384522,กท.77-9738,2022-03-01 07:15:23,2022-03-01 07:38:26,2022-03-01 07:47:27,2022-03-01 07:47:27
7007386516,กท.79-5578,2022-03-01 07:15:57,2022-03-01 07:47:27,2022-03-01 07:53:36,2022-03-01 07:53:36
7007392492,กท.61-7782,2022-03-01 07:23:54,2022-03-01 07:53:36,2022-03-01 08:00:04,2022-03-01 08:00:04
7007384434,กท.79-0841,2022-03-01 07:26:05,2022-03-01 08:00:04,2022-03-01 08:09:03,2022-03-01 08:09:03
7007384301,กท.79-2716,2022-03-01 07:34:38,2022-03-01 08:09:03,2022-03-01 08:15:14,2022-03-01 08:15:14
7007384144,กท.79-0642,2022-03-01 07:35:41,2022-03-01 08:15:14,2022-03-01 08:24:42,2022-03-01 08:24:42
7007384574,กท.79-0641,2022-03-01 07:37:35,2022-03-01 08:24:42,2022-03-01 08:32:28,2022-03-01 08:32:28
7007392575,สค.70-3935,2022-03-01 07:47:33,2022-03-01 08:32:28,2022-03-01 08:38:17,2022-03-01 08:38:17
7007384315,กท.79-5579,2022-03-01 07:51:34,2022-03-01 08:38:17,2022-03-01 08:47:44,2022-03-01 08:47:44
7007392647,กท.79-8107,2022-03-01 07:56:26,2022-03-01 08:47:44,2022-03-01 08:55:45,2022-03-01 08:55:45
7007384565,กท.79-1961,2022-03-01 08:04:50,2022-03-01 08:55:45,2022-03-01 09:03:58,2022-03-01 09:03:58
7007390481,ฉช.82-7443,2022-03-01 08:10:39,2022-03-01 09:03:58,2022-03-01 09:13:41,2022-03-01 09:13:41
7007384363,กท.78-6744,2022-03-01 08:20:47,2022-03-01 09:13:41,2022-03-01 09:22:22,2022-03-01 09:22:22
7007384300,กท.79-2717,2022-03-01 08:23:24,2022-03-01 09:22:22,2022-03-01 09:30:58,2022-03-01 09:30:58
7007392832,กท.79-3258,2022-03-01 08:24:16,2022-03-01 09:30:58,2022-03-01 09:37:18,2022-03-01 09:37:18
7007393167,กท.79-5840,2022-03-01 08:32:15,2022-03-01 09:37:18,2022-03-01 09:44:57,2022-03-01 09:44:57
7007392852,ฉช.81-3257,2022-03-01 08:37:09,2022-03-01 09:44:57,2022-03-01 09:54:47,2022-03-01 09:54:47
7007386534,กท.79-0144,2022-03-01 08:38:32,2022-03-01 09:54:47,2022-03-01 10:03:40,2022-03-01 10:03:40
7007393176,กท.79-5841,2022-03-01 08:43:56,2022-03-01 10:03:40,2022-03-01 10:11:42,2022-03-01 10:11:42
7007393529,กท.79-3259,2022-03-01 09:01:35,2022-03-01 10:11:42,2022-03-01 10:20:57,2022-03-01 10:20:57
7007394427,ชบ.84-7156,2022-03-01 09:31:08,2022-03-01 10:20:57,2022-03-01 10:30:15,2022-03-01 10:30:15
7007384272,ฉช.82-4812,2022-03-01 09:33:29,2022-03-01 10:30:15,2022-03-01 10:38:13,2022-03-01 10:38:13
7007394516,กท.79-3156,2022-03-01 09:42:10,2022-03-01 10:38:13,2022-03-01 10:45:26,2022-03-01 10:45:26
7007394732,นม.70-6730,2022-03-01 09:42:19,2022-03-01 10:45:26,2022-03-01 10:54:56,2022-03-01 10:54:56
7007384120,กท.60-4208,2022-03-01 09:56:19,2022-03-01 10:54:56,2022-03-01 11:00:24,2022-03-01 11:00:24
7007394867,กท.75-9797,2022-03-01 10:02:26,2022-03-01 11:00:24,2022-03-01 11:09:08,2022-03-01 11:09:08
7007395520,กท.61-7783,2022-03-01 10:18:35,2022-03-01 11:09:08,2022-03-01 11:15:01,2022-03-01 11:15:01
7007386582,กท.79-0841,2022-03-01 10:23:58,2022-03-01 11:15:01,2022-03-01 11:21:00,2022-03-01 11:21:00
7007395780,ชม.70-5420,2022-03-01 10:35:02,2022-03-01 11:21:00,2022-03-01 11:28:15,2022-03-01 11:28:15
7007396153,กท.61-4383,2022-03-01 10:41:14,2022-03-01 11:28:15,2022-03-01 11:33:39,2022-03-01 11:33:39
7007396573,ฉช.82-7170,2022-03-01 10:56:51,2022-03-01 11:33:39,2022-03-01 11:43:14,2022-03-01 11:43:14
7007384279,กท.79-5843,2022-03-01 11:04:16,2022-03-01 11:43:14,2022-03-01 11:53:00,2022-03-01 11:53:00
7007396804,ชบ.82-4190,2022-03-01 11:21:15,2022-03-01 11:53:00,2022-03-01 11:59:08,2022-03-01 11:59:08
7007384500,กท.77-8134,2022-03-01 11:33:34,2022-03-01 11:59:08,2022-03-01 12:08:27,2022-03-01 12:08:27
7007397726,กท.61-6471,2022-03-01 11:37:32,2022-03-01 12:08:27,2022-03-01 12:15:58,2022-03-01 12:15:58
7007397298,นม.70-7501,2022-03-01 11:42:03,2022-03-01 12:15:58,2022-03-01 12:21:00,2022-03-01 12:21:00
7007384311,กท.79-0643,2022-03-01 11:45:30,2022-03-01 12:21:00,2022-03-01 12:26:53,2022-03-01 12:26:53
7007384369,กท.60-4205,2022-03-01 11:47:24,2022-03-01 12:26:53,2022-03-01 12:33:40,2022-03-01 12:33:40
7007384307,กท.78-1149,2022-03-01 11:58:21,2022-03-01 12:33:40,2022-03-01 12:40:41,2022-03-01 12:40:41
7007384355,กท.79-5579,2022-03-01 11:59:47,2022-03-01 12:40:41,2022-03-01 12:46:30,2022-03-01 12:46:30
7007398357,จบ.80-8222,2022-03-01 12:10:25,2022-03-01 12:46:30,2022-03-01 12:51:40,2022-03-01 12:51:40
7007397813,กท.79-3257,2022-03-01 12:25:20,2022-03-01 12:51:40,2022-03-01 12:58:02,2022-03-01 12:58:02
7007384319,กท.79-0641,2022-03-01 12:31:05,2022-03-01 12:58:02,2022-03-01 13:03:43,2022-03-01 13:03:43
7007384606,กท.78-6742,2022-03-01 12:37:25,2022-03-01 13:03:43,2022-03-01 13:12:56,2022-03-01 13:12:56
7007398489,จบ.80-3645,2022-03-01 12:45:35,2022-03-01 13:12:56,2022-03-01 13:18:33,2022-03-01 13:18:33
7007389499,กท.79-5578,2022-03-01 12:51:26,2022-03-01 13:18:33,2022-03-01 13:25:32,2022-03-01 13:25:32
7007398517,กท.75-6899,2022-03-01 13:01:10,2022-03-01 13:25:32,2022-03-01 13:35:06,2022-03-01 13:35:06
7007384461,กท.74-9067,2022-03-01 13:13:34,2022-03-01 13:35:06,2022-03-01 13:42:25,2022-03-01 13:42:25
7007398752,กท.79-8105,2022-03-01 13:21:05,2022-03-01 13:42:25,2022-03-01 13:51:12,2022-03-01 13:51:12
7007386510,กท.78-7993,2022-03-01 13:25:43,2022-03-01 13:51:12,2022-03-01 14:00:26,2022-03-01 14:00:26
7007398824,กท.61-4782,2022-03-01 13:35:04,2022-03-01 14:00:26,2022-03-01 14:06:11,2022-03-01 14:06:11
7007399095,ชม.70-4355,2022-03-01 13:48:10,2022-03-01 14:06:11,2022-03-01 14:12:43,2022-03-01 14:12:43
7007399099,ลพ.70-0785,2022-03-01 13:49:56,2022-03-01 14:12:43,2022-03-01 14:21:23,2022-03-01 14:21:23
7007399155,กท.61-8383,2022-03-01 13:55:40,2022-03-01 14:21:23,2022-03-01 14:28:28,2022-03-01 14:28:28
7007384473,กท.79-2717,2022-03-01 13:59:22,2022-03-01 14:28:28,2022-03-01 14:36:35,2022-03-01 14:36:35
7007384552,กท.77-9738,2022-03-01 14:00:48,2022-03-01 14:36:35,2022-03-01 14:46:14,2022-03-01 14:46:14
7007384313,กท.79-1830,2022-03-01 14:09:29,2022-03-01 14:46:14,2022-03-01 14:55:06,2022-03-01 14:55:06
7007386573,กท.78-6742,2022-03-01 14:13:44,2022-03-01 14:55:06,2022-03-01 15:04:33,2022-03-01 15:04:33
7007384360,กท.79-0642,2022-03-01 14:19:24,2022-03-01 15:04:33,2022-03-01 15:13:23,2022-03-01 15:13:23
7007391687,กท.79-1961,2022-03-01 14:28:05,2022-03-01 15:13:23,2022-03-01 15:22:45,2022-03-01 15:22:45
7007384135,กท.78-6739,2022-03-01 14:41:36,2022-03-01 15:22:45,2022-03-01 15:31:51,2022-03-01 15:31:51
7007399692,กท.79-3258,2022-03-01 14:41:51,2022-03-01 15:31:51,2022-03-01 15:37:21,2022-03-01 15:37:21
7007384324,กท.78-6744,2022-03-01 14:46:14,2022-03-01 15:37:21,2022-03-01 15:45:25,2022-03-01 15:45:25
7007394057,ฉช.82-7443,2022-03-01 14:52:34,2022-03-01 15:45:25,2022-03-01 15:55:25,2022-03-01 15:55:25
7007384139,กท.79-5584,2022-03-01 14:56:34,2022-03-01 15:55:25,2022-03-01 16:04:33,2022-03-01 16:04:33
7007386578,กท.79-0644,2022-03-01 15:03:20,2022-03-01 16:04:33,2022-03-01 16:10:13,2022-03-01 16:10:13
7007399829,กท.79-1819,2022-03-01 15:07:47,2022-03-01 16:10:13,2022-03-01 16:17:50,2022-03-01 16:17:50
7007384557,กท.79-0641,2022-03-01 15:21:48,2022-03-01 16:17:50,2022-03-01 16:23:14,2022-03-01 16:23:14
7007399951,ชม.70-5421,2022-03-01 15:24:14,2022-03-01 16:23:14,2022-03-01 16:31:35,2022-03-01 16:31:35
7007386530,กท.78-1149,2022-03-01 15:28:48,2022-03-01 16:31:35,2022-03-01 16:41:07,2022-03-01 16:41:07
7007398216,กท.79-0643,2022-03-01 15:29:39,2022-03-01 16:41:07,2022-03-01 16:49:29,2022-03-01 16:49:29
7007386562,กท.79-0144,2022-03-01 15:48:17,2022-03-01 16:49:29,2022-03-01 16:59:12,2022-03-01 16:59:12
7007399979,ชม.70-5123,2022-03-01 15:55:19,2022-03-01 16:59:12,2022-03-01 17:06:53,2022-03-01 17:06:53
7007400044,สค.70-6125,2022-03-01 15:57:15,2022-03-01 17:06:53,2022-03-01 17:13:17,2022-03-01 17:13:17
7007396253,กท.77-8133,2022-03-01 16:02:46,2022-03-01 17:13:17,2022-03-01 17:19:31,2022-03-01 17:19:31
7007400256,ชม.70-5125,2022-03-01 16:22:53,2022-03-01 17:19:31,2022-03-01 17:26:05,2022-03-01 17:26:05
7007400466,ชม.70-5299,2022-03-01 16:31:36,2022-03-01 17:26:05,2022-03-01 17:34:15,2022-03-01 17:34:15
7007400472,ชม.70-5301,2022-03-01 16:53:12,2022-03-01 17:34:15,2022-03-01 17:39:53,2022-03-01 17:39:53
7007400587,กท.78-4646,2022-03-01 16:53:19,2022-03-01 17:39:53,2022-03-01 17:47:54,2022-03-01 17:47:54
7007384293,กท.79-5579,2022-03-01 16:54:05,2022-03-01 17:47:54,2022-03-01 17:57:05,2022-03-01 17:57:05
7007396237,กท.77-9738,2022-03-01 16:55:20,2022-03-01 17:57:05,2022-03-01 18:06:19,2022-03-01 18:06:19
7007400632,กท.79-8107,2022-03-01 17:02:13,2022-03-01 18:06:19,2022-03-01 18:13:19,2022-03-01 18:13:19
7007400590,สค.70-4074,2022-03-01 17:11:40,2022-03-01 18:13:19,2022-03-01 18:19:44,2022-03-01 18:19:44
7007400742,กท.79-6148,2022-03-01 17:18:48,2022-03-01 18:19:44,2022-03-01 18:29:17,2022-03-01 18:29:17
7007400755,นม.70-6589,2022-03-01 17:26:07,2022-03-01 18:29:17,2022-03-01 18:34:57,2022-03-01 18:34:57
7007400617,กท.61-7782,2022-03-01 17:26:35,2022-03-01 18:34:57,2022-03-01 18:42:26,2022-03-01 18:42:26
7007398716,ฉช.81-4230,2022-03-01 17:29:48,2022-03-01 18:42:26,2022-03-01 18:50:39,2022-03-01 18:50:39
7007399498,กท.79-2717,2022-03-01 17:34:06,2022-03-01 18:50:39,2022-03-01 18:58:36,2022-03-01 18:58:36
7007396934,กท.79-5579,2022-03-01 18:48:06,2022-03-01 18:58:36,2022-03-01 19:08:17,2022-03-01 19:08:17
7007400210,กท.79-1830,2022-03-01 19:07:15,2022-03-01 19:08:17,2022-03-01 19:18:02,2022-03-01 19:18:02
7007396745,กท.79-5843,2022-03-01 19:13:37,2022-03-01 19:18:02,2022-03-01 19:23:26,2022-03-01 19:23:26
7007396973,กท.79-0144,2022-03-01 20:20:17,2022-03-01 20:20:17,2022-03-01 20:25:24,2022-03-01 20:25:24
7007401317,สค.70-4333,2022-03-02 00:24:19,2022-03-02 00:24:19,2022-03-02 00:30:53,2022-03-02 00:30:53
7007401322,สค.70-2919,2022-03-02 00:30:48,2022-03-02 00:30:53,2022-03-02 00:37:44,2022-03-02 00:37:44
7007401319,สค.70-2917,2022-03-02 00:32:52,2022-03-02 00:37:44,2022-03-02 00:43:26,2022-03-02 00:43:26
7007401320,สค.70-2507,2022-03-02 00:35:52,2022-03-02 00:43:26,2022-03-02 00:53:23,2022-03-02 00:53:23
7007401324,ชม.70-5302,2022-03-02 00:47:32,2022-03-02 00:53:23,2022-03-02 00:59:12,2022-03-02 00:59:12
7007401318,สค.70-6119,2022-03-02 00:50:11,2022-03-02 00:59:12,2022-03-02 01:06:40,2022-03-02 01:06:40
7007401328,ชม.70-4355,2022-03-02 00:51:44,2022-03-02 01:06:40,2022-03-02 01:14:15,2022-03-02 01:14:15
7007396901,ฉช.82-8346,2022-03-02 01:20:07,2022-03-02 01:20:07,2022-03-02 01:26:39,2022-03-02 01:26:39
7007401375,ฉช.82-3201,2022-03-02 02:23:03,2022-03-02 02:23:03,2022-03-02 02:28:23,2022-03-02 02:28:23
7007399517,ฉช.82-8528,2022-03-02 02:31:21,2022-03-02 02:31:21,2022-03-02 02:38:16,2022-03-02 02:38:16
7007401376,ชม.70-5261,2022-03-02 02:41:25,2022-03-02 02:41:25,2022-03-02 02:49:28,2022-03-02 02:49:28
7007399512,ฉช.82-7170,2022-03-02 02:43:22,2022-03-02 02:49:28,2022-03-02 02:57:35,2022-03-02 02:57:35
7007396906,ฉช.82-4812,2022-03-02 02:53:12,2022-03-02 02:57:35,2022-03-02 03:06:24,2022-03-02 03:06:24
7007401387,ลพ.70-0785,2022-03-02 03:19:04,2022-03-02 03:19:04,2022-03-02 03:27:29,2022-03-02 03:27:29
7007401405,กท.79-8993,2022-03-02 04:09:29,2022-03-02 04:09:29,2022-03-02 04:18:47,2022-03-02 04:18:47
7007401411,ชม.70-5192,2022-03-02 04:10:11,2022-03-02 04:18:47,2022-03-02 04:24:02,2022-03-02 04:24:02
7007401415,ลพ.70-1223,2022-03-02 04:39:56,2022-03-02 04:39:56,2022-03-02 04:47:08,2022-03-02 04:47:08
7007401449,ตร.80-5209,2022-03-02 06:18:25,2022-03-02 06:18:25,2022-03-02 06:26:42,2022-03-02 06:26:42
7007396593,กท.78-6742,2022-03-02 06:25:21,2022-03-02 06:26:42,2022-03-02 06:35:45,2022-03-02 06:35:45
7007401453,สค.70-4335,2022-03-02 06:31:59,2022-03-02 06:35:45,2022-03-02 06:42:31,2022-03-02 06:42:31
7007396948,กท.79-1830,2022-03-02 06:33:30,2022-03-02 06:42:31,2022-03-02 06:48:35,2022-03-02 06:48:35
7007396713,กท.79-0643,2022-03-02 06:35:26,2022-03-02 06:48:35,2022-03-02 06:55:13,2022-03-02 06:55:13
7007396724,กท.79-5584,2022-03-02 06:41:28,2022-03-02 06:55:13,2022-03-02 07:04:09,2022-03-02 07:04:09
7007396660,กท.79-0642,2022-03-02 06:49:26,2022-03-02 07:04:09,2022-03-02 07:10:26,2022-03-02 07:10:26
7007401464,สค.70-6123,2022-03-02 06:56:17,2022-03-02 07:10:26,2022-03-02 07:16:48,2022-03-02 07:16:48
7007396576,กท.79-1961,2022-03-02 06:57:51,2022-03-02 07:16:48,2022-03-02 07:22:10,2022-03-02 07:22:10
7007401474,ชม.70-5194,2022-03-02 07:08:52,2022-03-02 07:22:10,2022-03-02 07:27:47,2022-03-02 07:27:47
7007396911,กท.79-5578,2022-03-02 07:16:11,2022-03-02 07:27:47,2022-03-02 07:35:43,2022-03-02 07:35:43
7007396920,กท.79-0641,2022-03-02 07:17:52,2022-03-02 07:35:43,2022-03-02 07:44:08,2022-03-02 07:44:08
7007396984,กท.77-8133,2022-03-02 07:21:29,2022-03-02 07:44:08,2022-03-02 07:49:22,2022-03-02 07:49:22
7007401491,กท.61-7782,2022-03-02 07:26:49,2022-03-02 07:49:22,2022-03-02 07:58:45,2022-03-02 07:58:45
7007396854,กท.74-9067,2022-03-02 07:28:36,2022-03-02 07:58:45,2022-03-02 08:06:15,2022-03-02 08:06:15
7007400793,กท.78-1149,2022-03-02 07:31:27,2022-03-02 08:06:15,2022-03-02 08:14:06,2022-03-02 08:14:06
7007400800,กท.78-7993,2022-03-02 07:41:59,2022-03-02 08:14:06,2022-03-02 08:20:58,2022-03-02 08:20:58
7007396915,กท.79-0841,2022-03-02 07:42:06,2022-03-02 08:20:58,2022-03-02 08:27:29,2022-03-02 08:27:29
7007396929,กท.79-2716,2022-03-02 07:54:33,2022-03-02 08:27:29,2022-03-02 08:34:14,2022-03-02 08:34:14
7007396841,กท.74-9070,2022-03-02 07:59:27,2022-03-02 08:34:14,2022-03-02 08:39:42,2022-03-02 08:39:42
7007396567,กท.77-9738,2022-03-02 08:09:26,2022-03-02 08:39:42,2022-03-02 08:49:04,2022-03-02 08:49:04
7007401649,ชม.70-5300,2022-03-02 08:11:29,2022-03-02 08:49:04,2022-03-02 08:58:09,2022-03-02 08:58:09
7007396872,กท.77-8134,2022-03-02 08:13:56,2022-03-02 08:58:09,2022-03-02 09:04:49,2022-03-02 09:04:49
7007396883,กท.79-2717,2022-03-02 08:14:57,2022-03-02 09:04:49,2022-03-02 09:11:43,2022-03-02 09:11:43
7007401671,กท.79-8107,2022-03-02 08:24:07,2022-03-02 09:11:43,2022-03-02 09:20:39,2022-03-02 09:20:39
7007396848,กท.78-6744,2022-03-02 08:26:19,2022-03-02 09:20:39,2022-03-02 09:29:43,2022-03-02 09:29:43
7007396582,กท.79-0644,2022-03-02 08:36:28,2022-03-02 09:29:43,2022-03-02 09:36:21,2022-03-02 09:36:21
7007401746,ชม.70-5122,2022-03-02 08:38:33,2022-03-02 09:36:21,2022-03-02 09:43:52,2022-03-02 09:43:52
7007396735,ฉช.82-7443,2022-03-02 08:49:16,2022-03-02 09:43:52,2022-03-02 09:51:29,2022-03-02 09:51:29
7007401736,กท.77-6494,2022-03-02 08:49:42,2022-03-02 09:51:29,2022-03-02 10:00:29,2022-03-02 10:00:29
7007401870,ชบ.83-3599,2022-03-02 09:00:16,2022-03-02 10:00:29,2022-03-02 10:09:34,2022-03-02 10:09:34
7007401933,ชม.70-5124,2022-03-02 09:05:51,2022-03-02 10:09:34,2022-03-02 10:16:05,2022-03-02 10:16:05
7007402041,กท.75-2786,2022-03-02 09:09:39,2022-03-02 10:16:05,2022-03-02 10:24:28,2022-03-02 10:24:28
7007402096,ชม.70-5299,2022-03-02 09:11:55,2022-03-02 10:24:28,2022-03-02 10:34:18,2022-03-02 10:34:18
7007396684,กท.60-4207,2022-03-02 09:23:11,2022-03-02 10:34:18,2022-03-02 10:39:29,2022-03-02 10:39:29
7007402146,ชบ.84-7139,2022-03-02 09:24:13,2022-03-02 10:39:29,2022-03-02 10:46:54,2022-03-02 10:46:54
7007396895,กท.60-4208,2022-03-02 09:37:12,2022-03-02 10:46:54,2022-03-02 10:53:01,2022-03-02 10:53:01
7007402297,กท.79-5840,2022-03-02 09:43:31,2022-03-02 10:53:01,2022-03-02 11:00:46,2022-03-02 11:00:46
7007402340,กท.79-8105,2022-03-02 09:53:30,2022-03-02 11:00:46,2022-03-02 11:08:34,2022-03-02 11:08:34
7007396922,กท.79-0641,2022-03-02 09:57:55,2022-03-02 11:08:34,2022-03-02 11:16:19,2022-03-02 11:16:19
7007402394,กท.79-1812,2022-03-02 10:05:38,2022-03-02 11:16:19,2022-03-02 11:25:16,2022-03-02 11:25:16
7007402397,กท.79-5841,2022-03-02 10:06:01,2022-03-02 11:25:16,2022-03-02 11:33:44,2022-03-02 11:33:44
7007396557,กท.79-0841,2022-03-02 10:13:25,2022-03-02 11:33:44,2022-03-02 11:39:25,2022-03-02 11:39:25
7007402506,กท.61-7783,2022-03-02 10:18:07,2022-03-02 11:39:25,2022-03-02 11:48:36,2022-03-02 11:48:36
7007402629,กท.75-3041,2022-03-02 10:25:15,2022-03-02 11:48:36,2022-03-02 11:54:38,2022-03-02 11:54:38
7007402510,กท.79-2898,2022-03-02 10:31:17,2022-03-02 11:54:38,2022-03-02 12:03:26,2022-03-02 12:03:26
7007402515,กท.79-8993,2022-03-02 10:33:49,2022-03-02 12:03:26,2022-03-02 12:08:59,2022-03-02 12:08:59
7007402603,นม.70-5434,2022-03-02 10:37:27,2022-03-02 12:08:59,2022-03-02 12:14:21,2022-03-02 12:14:21
7007402768,กท.79-3156,2022-03-02 10:47:32,2022-03-02 12:14:21,2022-03-02 12:23:56,2022-03-02 12:23:56
7007399520,ฉช.82-3201,2022-03-02 10:49:15,2022-03-02 12:23:56,2022-03-02 12:30:12,2022-03-02 12:30:12
7007396940,กท.78-1149,2022-03-02 11:00:35,2022-03-02 12:30:12,2022-03-02 12:38:05,2022-03-02 12:38:05
7007396995,กท.75-1033,2022-03-02 11:02:08,2022-03-02 12:38:05,2022-03-02 12:47:50,2022-03-02 12:47:50
7007402981,ชบ.71-4792,2022-03-02 11:38:28,2022-03-02 12:47:50,2022-03-02 12:55:08,2022-03-02 12:55:08
7007403015,ฉช.81-3257,2022-03-02 11:39:40,2022-03-02 12:55:08,2022-03-02 13:04:57,2022-03-02 13:04:57
7007396741,กท.79-1830,2022-03-02 11:56:39,2022-03-02 13:04:57,2022-03-02 13:10:45,2022-03-02 13:10:45
7007402064,กท.77-8134,2022-03-02 11:57:13,2022-03-02 13:10:45,2022-03-02 13:16:47,2022-03-02 13:16:47
7007403070,กท.61-6634,2022-03-02 12:02:22,2022-03-02 13:16:47,2022-03-02 13:22:46,2022-03-02 13:22:46
7007396719,ฉช.82-8346,2022-03-02 12:05:59,2022-03-02 13:22:46,2022-03-02 13:28:07,2022-03-02 13:28:07
7007403186,ชม.70-5421,2022-03-02 12:13:59,2022-03-02 13:28:07,2022-03-02 13:34:47,2022-03-02 13:34:47
7007403150,นม.70-6737,2022-03-02 12:18:48,2022-03-02 13:34:47,2022-03-02 13:41:48,2022-03-02 13:41:48
7007403135,นม.70-7144,2022-03-02 12:27:58,2022-03-02 13:41:48,2022-03-02 13:48:52,2022-03-02 13:48:52
7007403227,ชบ.82-4190,2022-03-02 12:40:11,2022-03-02 13:48:52,2022-03-02 13:55:17,2022-03-02 13:55:17
7007400192,กท.79-0643,2022-03-02 12:50:04,2022-03-02 13:55:17,2022-03-02 14:03:34,2022-03-02 14:03:34
7007396926,กท.79-0644,2022-03-02 12:59:26,2022-03-02 14:03:34,2022-03-02 14:12:33,2022-03-02 14:12:33
7007402867,กท.77-9738,2022-03-02 13:01:05,2022-03-02 14:12:33,2022-03-02 14:18:59,2022-03-02 14:18:59
7007396700,กท.79-0144,2022-03-02 13:06:26,2022-03-02 14:18:59,2022-03-02 14:26:01,2022-03-02 14:26:01
7007403142,นม.70-6721,2022-03-02 13:08:43,2022-03-02 14:26:01,2022-03-02 14:35:16,2022-03-02 14:35:16
7007397004,กท.79-5578,2022-03-02 13:47:30,2022-03-02 14:35:16,2022-03-02 14:41:23,2022-03-02 14:41:23
7007403473,รย.71-2638,2022-03-02 13:47:49,2022-03-02 14:41:23,2022-03-02 14:50:14,2022-03-02 14:50:14
7007396729,กท.60-4205,2022-03-02 13:53:58,2022-03-02 14:50:14,2022-03-02 14:55:54,2022-03-02 14:55:54
7007402804,ฉช.82-7443,2022-03-02 13:55:54,2022-03-02 14:55:54,2022-03-02 15:02:09,2022-03-02 15:02:09
7007396963,กท.77-8133,2022-03-02 14:15:06,2022-03-02 15:02:09,2022-03-02 15:10:05,2022-03-02 15:10:05
7007402133,กท.79-1961,2022-03-02 14:17:23,2022-03-02 15:10:05,2022-03-02 15:18:26,2022-03-02 15:18:26
7007403630,กท.79-3259,2022-03-02 14:19:54,2022-03-02 15:18:26,2022-03-02 15:25:08,2022-03-02 15:25:08
7007402798,กท.79-2717,2022-03-02 14:43:45,2022-03-02 15:25:08,2022-03-02 15:34:23,2022-03-02 15:34:23
7007403042,ฉช.81-4230,2022-03-02 14:49:17,2022-03-02 15:34:23,2022-03-02 15:42:40,2022-03-02 15:42:40
7007403283,กท.78-7993,2022-03-02 14:51:13,2022-03-02 15:42:40,2022-03-02 15:52:05,2022-03-02 15:52:05
7007404153,รย.81-6767,2022-03-02 15:47:24,2022-03-02 15:52:05,2022-03-02 15:57:31,2022-03-02 15:57:31
7007404214,กท.79-5843,2022-03-02 15:53:11,2022-03-02 15:57:31,2022-03-02 16:06:54,2022-03-02 16:06:54
7007403045,กท.79-0644,2022-03-02 16:01:50,2022-03-02 16:06:54,2022-03-02 16:12:38,2022-03-02 16:12:38
7007403111,กท.79-0642,2022-03-02 16:05:25,2022-03-02 16:12:38,2022-03-02 16:19:55,2022-03-02 16:19:55
7007404286,ชม.70-5122,2022-03-02 16:14:14,2022-03-02 16:19:55,2022-03-02 16:27:06,2022-03-02 16:27:06
7007404095,กท.79-3258,2022-03-02 16:14:35,2022-03-02 16:27:06,2022-03-02 16:36:23,2022-03-02 16:36:23
7007403077,กท.79-5579,2022-03-02 16:19:10,2022-03-02 16:36:23,2022-03-02 16:43:22,2022-03-02 16:43:22
7007404391,กท.77-7979,2022-03-02 16:26:55,2022-03-02 16:43:22,2022-03-02 16:52:30,2022-03-02 16:52:30
7007403100,กท.74-9067,2022-03-02 16:30:36,2022-03-02 16:52:30,2022-03-02 17:01:53,2022-03-02 17:01:53
7007404475,ลพ.70-0785,2022-03-02 16:35:15,2022-03-02 17:01:53,2022-03-02 17:11:25,2022-03-02 17:11:25
7007404584,กท.61-7782,2022-03-02 16:55:30,2022-03-02 17:11:25,2022-03-02 17:20:47,2022-03-02 17:20:47
7007404594,กท.79-8107,2022-03-02 17:01:38,2022-03-02 17:20:47,2022-03-02 17:30:04,2022-03-02 17:30:04
7007403063,กท.74-9070,2022-03-02 17:55:16,2022-03-02 17:55:16,2022-03-02 18:03:13,2022-03-02 18:03:13
7007405706,สค.70-6119,2022-03-03 00:16:42,2022-03-03 00:16:42,2022-03-03 00:24:46,2022-03-03 00:24:46
7007405707,สค.70-4333,2022-03-03 00:18:20,2022-03-03 00:24:46,2022-03-03 00:32:10,2022-03-03 00:32:10
7007405712,ชม.70-5300,2022-03-03 00:36:58,2022-03-03 00:36:58,2022-03-03 00:46:09,2022-03-03 00:46:09
7007405711,ชม.70-4355,2022-03-03 00:39:56,2022-03-03 00:46:09,2022-03-03 00:55:18,2022-03-03 00:55:18
7007405714,ชม.70-5301,2022-03-03 00:51:54,2022-03-03 00:55:18,2022-03-03 01:04:28,2022-03-03 01:04:28
7007405738,สค.70-6124,2022-03-03 01:27:53,2022-03-03 01:27:53,2022-03-03 01:34:03,2022-03-03 01:34:03
7007405751,รย.71-2635,2022-03-03 01:31:21,2022-03-03 01:34:03,2022-03-03 01:40:08,2022-03-03 01:40:08
7007403104,ฉช.82-3201,2022-03-03 02:20:02,2022-03-03 02:20:02,2022-03-03 02:29:29,2022-03-03 02:29:29
7007403091,ฉช.82-4812,2022-03-03 02:38:33,2022-03-03 02:38:33,2022-03-03 02:45:22,2022-03-03 02:45:22
7007403106,ฉช.82-0002,2022-03-03 02:47:01,2022-03-03 02:47:01,2022-03-03 02:55:51,2022-03-03 02:55:51
7007403136,ฉช.82-7170,2022-03-03 02:47:28,2022-03-03 02:55:51,2022-03-03 03:01:59,2022-03-03 03:01:59
7007405783,ชม.70-5261,2022-03-03 03:04:56,2022-03-03 03:04:56,2022-03-03 03:11:10,2022-03-03 03:11:10
7007403089,ฉช.82-8346,2022-03-03 03:20:37,2022-03-03 03:20:37,2022-03-03 03:30:00,2022-03-03 03:30:00
7007405811,กท.79-7691,2022-03-03 04:14:32,2022-03-03 04:14:32,2022-03-03 04:22:11,2022-03-03 04:22:11
7007405832,กท.79-8104,2022-03-03 06:19:53,2022-03-03 06:19:53,2022-03-03 06:28:43,2022-03-03 06:28:43
7007405834,สค.70-6125,2022-03-03 06:29:41,2022-03-03 06:29:41,2022-03-03 06:38:00,2022-03-03 06:38:00
7007403066,กท.79-0643,2022-03-03 06:33:46,2022-03-03 06:38:00,2022-03-03 06:45:50,2022-03-03 06:45:50
7007403052,กท.78-1149,2022-03-03 06:36:11,2022-03-03 06:45:50,2022-03-03 06:50:54,2022-03-03 06:50:54
7007403102,กท.79-1830,2022-03-03 06:41:06,2022-03-03 06:50:54,2022-03-03 06:55:55,2022-03-03 06:55:55
7007403108,กท.76-4825,2022-03-03 06:50:39,2022-03-03 06:55:55,2022-03-03 07:03:27,2022-03-03 07:03:27
7007405843,ชม.70-6507,2022-03-03 06:52:44,2022-03-03 07:03:27,2022-03-03 07:08:39,2022-03-03 07:08:39
7007403083,กท.79-5584,2022-03-03 06:57:28,2022-03-03 07:08:39,2022-03-03 07:16:50,2022-03-03 07:16:50
7007403098,กท.78-6744,2022-03-03 07:01:47,2022-03-03 07:16:50,2022-03-03 07:21:51,2022-03-03 07:21:51
7007403513,กท.79-5578,2022-03-03 07:08:56,2022-03-03 07:21:51,2022-03-03 07:27:28,2022-03-03 07:27:28
7007403092,กท.77-9738,2022-03-03 07:13:13,2022-03-03 07:27:28,2022-03-03 07:36:22,2022-03-03 07:36:22
7007405859,ลพ.70-1223,2022-03-03 07:14:25,2022-03-03 07:36:22,2022-03-03 07:46:06,2022-03-03 07:46:06
7007403078,กท.77-8133,2022-03-03 07:23:36,2022-03-03 07:46:06,2022-03-03 07:56:01,2022-03-03 07:56:01
7007405872,สค.70-4335,2022-03-03 07:30:42,2022-03-03 07:56:01,2022-03-03 08:01:53,2022-03-03 08:01:53
7007403048,กท.79-2716,2022-03-03 07:41:33,2022-03-03 08:01:53,2022-03-03 08:09:59,2022-03-03 08:09:59
7007403034,กท.78-6739,2022-03-03 07:47:47,2022-03-03 08:09:59,2022-03-03 08:17:48,2022-03-03 08:17:48
7007403036,กท.79-0641,2022-03-03 07:52:59,2022-03-03 08:17:48,2022-03-03 08:27:31,2022-03-03 08:27:31
7007405903,ชม.70-5299,2022-03-03 07:56:27,2022-03-03 08:27:31,2022-03-03 08:34:51,2022-03-03 08:34:51
7007404797,กท.79-0841,2022-03-03 08:03:52,2022-03-03 08:34:51,2022-03-03 08:41:36,2022-03-03 08:41:36
7007403512,กท.79-0144,2022-03-03 08:04:16,2022-03-03 08:41:36,2022-03-03 08:49:41,2022-03-03 08:49:41
7007406006,กท.61-4383,2022-03-03 08:11:36,2022-03-03 08:49:41,2022-03-03 08:59:22,2022-03-03 08:59:22
7007403041,กท.79-2717,2022-03-03 08:11:54,2022-03-03 08:59:22,2022-03-03 09:06:49,2022-03-03 09:06:49
7007403109,ฉช.82-7443,2022-03-03 08:20:39,2022-03-03 09:06:49,2022-03-03 09:15:19,2022-03-03 09:15:19
7007403049,กท.60-4208,2022-03-03 08:25:36,2022-03-03 09:15:19,2022-03-03 09:21:32,2022-03-03 09:21:32
7007406352,กท.79-5840,2022-03-03 08:47:51,2022-03-03 09:21:32,2022-03-03 09:26:36,2022-03-03 09:26:36
7007403038,ฉช.82-7170,2022-03-03 08:49:11,2022-03-03 09:26:36,2022-03-03 09:33:33,2022-03-03 09:33:33
7007406402,กท.79-3259,2022-03-03 08:55:28,2022-03-03 09:33:33,2022-03-03 09:43:25,2022-03-03 09:43:25
7007403068,กท.78-7993,2022-03-03 09:20:37,2022-03-03 09:43:25,2022-03-03 09:49:16,2022-03-03 09:49:16
7007406592,ชบ.84-7139,2022-03-03 09:28:50,2022-03-03 09:49:16,2022-03-03 09:56:23,2022-03-03 09:56:23
7007406568,ชม.70-5302,2022-03-03 09:32:17,2022-03-03 09:56:23,2022-03-03 10:02:28,2022-03-03 10:02:28
7007403046,กท.77-8134,2022-03-03 09:33:31,2022-03-03 10:02:28,2022-03-03 10:11:09,2022-03-03 10:11:09
7007406612,ชบ.84-7237,2022-03-03 09:36:37,2022-03-03 10:11:09,2022-03-03 10:17:47,2022-03-03 10:17:47
7007403084,กท.75-1033,2022-03-03 09:38:38,2022-03-03 10:17:47,2022-03-03 10:23:49,2022-03-03 10:23:49
7007406632,กท.79-8105,2022-03-03 09:52:43,2022-03-03 10:23:49,2022-03-03 10:32:48,2022-03-03 10:32:48
7007403058,กท.60-4205,2022-03-03 09:55:10,2022-03-03 10:32:48,2022-03-03 10:38:22,2022-03-03 10:38:22
7007406629,กท.79-2898,2022-03-03 10:01:45,2022-03-03 10:38:22,2022-03-03 10:45:11,2022-03-03 10:45:11
7007406639,กท.60-4207,2022-03-03 10:05:57,2022-03-03 10:45:11,2022-03-03 10:52:36,2022-03-03 10:52:36
7007406718,ชบ.85-3878,2022-03-03 10:13:09,2022-03-03 10:52:36,2022-03-03 10:58:51,2022-03-03 10:58:51
7007406750,นม.70-6589,2022-03-03 10:17:45,2022-03-03 10:58:51,2022-03-03 11:06:32,2022-03-03 11:06:32
7007406838,กท.78-4646,2022-03-03 10:24:27,2022-03-03 11:06:32,2022-03-03 11:15:25,2022-03-03 11:15:25
7007406786,จบ.80-8222,2022-03-03 10:29:39,2022-03-03 11:15:25,2022-03-03 11:23:58,2022-03-03 11:23:58
7007406966,ชม.70-6510,2022-03-03 10:36:36,2022-03-03 11:23:58,2022-03-03 11:30:49,2022-03-03 11:30:49
7007407002,ชม.70-5194,2022-03-03 10:41:28,2022-03-03 11:30:49,2022-03-03 11:40:18,2022-03-03 11:40:18
7007407083,กท.79-3156,2022-03-03 10:53:09,2022-03-03 11:40:18,2022-03-03 11:48:05,2022-03-03 11:48:05
7007403087,กท.79-0643,2022-03-03 10:54:07,2022-03-03 11:48:05,2022-03-03 11:57:26,2022-03-03 11:57:26
7007406790,ชบ.82-3097,2022-03-03 10:57:00,2022-03-03 11:57:26,2022-03-03 12:06:02,2022-03-03 12:06:02
7007407115,นม.70-6719,2022-03-03 10:57:28,2022-03-03 12:06:02,2022-03-03 12:11:22,2022-03-03 12:11:22
7007407274,รย.82-0448,2022-03-03 11:11:37,2022-03-03 12:11:22,2022-03-03 12:19:50,2022-03-03 12:19:50
7007407291,กท.61-7782,2022-03-03 11:13:39,2022-03-03 12:19:50,2022-03-03 12:27:42,2022-03-03 12:27:42
7007403094,กท.77-9738,2022-03-03 11:19:29,2022-03-03 12:27:42,2022-03-03 12:36:20,2022-03-03 12:36:20
7007407368,กท.75-6899,2022-03-03 11:27:35,2022-03-03 12:36:20,2022-03-03 12:42:34,2022-03-03 12:42:34
7007407399,กท.79-7691,2022-03-03 11:29:11,2022-03-03 12:42:34,2022-03-03 12:51:48,2022-03-03 12:51:48
7007403055,กท.79-2716,2022-03-03 11:44:13,2022-03-03 12:51:48,2022-03-03 13:00:59,2022-03-03 13:00:59
7007407130,นม.70-6718,2022-03-03 11:46:12,2022-03-03 13:00:59,2022-03-03 13:10:50,2022-03-03 13:10:50
7007403097,กท.79-0144,2022-03-03 11:54:35,2022-03-03 13:10:50,2022-03-03 13:18:55,2022-03-03 13:18:55
7007403105,กท.79-1830,2022-03-03 12:04:32,2022-03-03 13:18:55,2022-03-03 13:24:31,2022-03-03 13:24:31
7007406416,กท.77-8133,2022-03-03 12:06:12,2022-03-03 13:24:31,2022-03-03 13:29:48,2022-03-03 13:29:48
7007406761,กท.77-8134,2022-03-03 12:07:31,2022-03-03 13:29:48,2022-03-03 13:36:12,2022-03-03 13:36:12
7007407238,นม.70-5975,2022-03-03 12:08:17,2022-03-03 13:36:12,2022-03-03 13:42:09,2022-03-03 13:42:09
7007403107,กท.79-5578,2022-03-03 12:17:47,2022-03-03 13:42:09,2022-03-03 13:49:43,2022-03-03 13:49:43
7007407561,ชม.70-5301,2022-03-03 12:21:57,2022-03-03 13:49:43,2022-03-03 13:57:07,2022-03-03 13:57:07
7007407927,ชม.70-5420,2022-03-03 12:27:46,2022-03-03 13:57:07,2022-03-03 14:03:01,2022-03-03 14:03:01
7007406840,กท.79-0841,2022-03-03 12:32:28,2022-03-03 14:03:01,2022-03-03 14:11:52,2022-03-03 14:11:52
7007408050,ชบ.82-4190,2022-03-03 12:46:21,2022-03-03 14:11:52,2022-03-03 14:17:44,2022-03-03 14:17:44
7007408040,ชม.70-5193,2022-03-03 12:47:34,2022-03-03 14:17:44,2022-03-03 14:24:50,2022-03-03 14:24:50
7007403062,กท.76-4825,2022-03-03 12:56:29,2022-03-03 14:24:50,2022-03-03 14:31:26,2022-03-03 14:31:26
7007408047,กท.75-7868,2022-03-03 12:57:38,2022-03-03 14:31:26,2022-03-03 14:38:04,2022-03-03 14:38:04
7007408069,ชม.70-5124,2022-03-03 13:03:31,2022-03-03 14:38:04,2022-03-03 14:46:34,2022-03-03 14:46:34
7007407963,ฉช.82-7443,2022-03-03 13:08:29,2022-03-03 14:46:34,2022-03-03 14:55:22,2022-03-03 14:55:22
7007403064,กท.78-6739,2022-03-03 13:16:37,2022-03-03 14:55:22,2022-03-03 15:00:32,2022-03-03 15:00:32
7007403065,กท.79-5584,2022-03-03 13:22:16,2022-03-03 15:00:32,2022-03-03 15:06:07,2022-03-03 15:06:07
7007403110,กท.79-2717,2022-03-03 13:24:06,2022-03-03 15:06:07,2022-03-03 15:14:47,2022-03-03 15:14:47
7007408108,ชบ.84-7975,2022-03-03 13:27:30,2022-03-03 15:14:47,2022-03-03 15:20:42,2022-03-03 15:20:42
7007408138,กท.79-3258,2022-03-03 13:38:06,2022-03-03 15:20:42,2022-03-03 15:30:05,2022-03-03 15:30:05
7007403050,กท.79-0641,2022-03-03 13:55:27,2022-03-03 15:30:05,2022-03-03 15:36:56,2022-03-03 15:36:56
7007408480,ชม.70-5194,2022-03-03 14:10:07,2022-03-03 15:36:56,2022-03-03 15:44:17,2022-03-03 15:44:17
7007408454,กท.72-3498,2022-03-03 14:15:07,2022-03-03 15:44:17,2022-03-03 15:50:12,2022-03-03 15:50:12
7007408439,กท.79-5841,2022-03-03 14:20:01,2022-03-03 15:50:12,2022-03-03 15:55:14,2022-03-03 15:55:14
7007406980,กท.79-0644,2022-03-03 14:23:06,2022-03-03 15:55:14,2022-03-03 16:02:48,2022-03-03 16:02:48
7007408664,กท.79-8995,2022-03-03 14:27:04,2022-03-03 16:02:48,2022-03-03 16:07:54,2022-03-03 16:07:54
7007408749,กท.61-4783,2022-03-03 14:42:31,2022-03-03 16:07:54,2022-03-03 16:15:52,2022-03-03 16:15:52
7007408840,ชม.70-4355,2022-03-03 15:02:23,2022-03-03 16:15:52,2022-03-03 16:24:49,2022-03-03 16:24:49
7007408956,กท.75-7868,2022-03-03 15:03:49,2022-03-03 16:24:49,2022-03-03 16:33:05,2022-03-03 16:33:05
7007406762,กท.78-1149,2022-03-03 15:04:56,2022-03-03 16:33:05,2022-03-03 16:42:28,2022-03-03 16:42:28
7007409051,กท.79-6704,2022-03-03 15:10:49,2022-03-03 16:42:28,2022-03-03 16:51:56,2022-03-03 16:51:56
7007406413,กท.79-5843,2022-03-03 15:26:01,2022-03-03 16:51:56,2022-03-03 16:59:39,2022-03-03 16:59:39
7007406810,ฉช.81-4230,2022-03-03 15:54:12,2022-03-03 16:59:39,2022-03-03 17:06:04,2022-03-03 17:06:04
7007409297,สค.70-6123,2022-03-03 15:55:04,2022-03-03 17:06:04,2022-03-03 17:12:19,2022-03-03 17:12:19
7007406805,กท.74-9067,2022-03-03 16:09:10,2022-03-03 17:12:19,2022-03-03 17:18:19,2022-03-03 17:18:19
7007406767,กท.78-7993,2022-03-03 16:10:59,2022-03-03 17:18:19,2022-03-03 17:27:14,2022-03-03 17:27:14
7007409271,กท.79-5579,2022-03-03 16:24:09,2022-03-03 17:27:14,2022-03-03 17:35:28,2022-03-03 17:35:28
7007406881,กท.79-5578,2022-03-03 16:26:22,2022-03-03 17:35:28,2022-03-03 17:41:04,2022-03-03 17:41:04
7007409967,สค.70-4074,2022-03-03 16:45:51,2022-03-03 17:41:04,2022-03-03 17:48:22,2022-03-03 17:48:22
7007408083,กท.79-1830,2022-03-03 16:55:13,2022-03-03 17:48:22,2022-03-03 17:54:03,2022-03-03 17:54:03
7007410622,กท.74-9070,2022-03-03 18:03:58,2022-03-03 18:03:58,2022-03-03 18:12:44,2022-03-03 18:12:44
7007410671,ชม.70-5300,2022-03-03 18:12:34,2022-03-03 18:12:44,2022-03-03 18:21:26,2022-03-03 18:21:26
7007411274,สค.70-6119,2022-03-04 00:17:20,2022-03-04 00:17:20,2022-03-04 00:25:51,2022-03-04 00:25:51
7007411271,สค.70-2917,2022-03-04 00:18:15,2022-03-04 00:25:51,2022-03-04 00:34:13,2022-03-04 00:34:13
7007411273,สค.70-4333,2022-03-04 00:26:30,2022-03-04 00:34:13,2022-03-04 00:41:08,2022-03-04 00:41:08
7007411275,ชม.70-5302,2022-03-04 00:28:50,2022-03-04 00:41:08,2022-03-04 00:48:57,2022-03-04 00:48:57
7007411272,สค.70-4386,2022-03-04 00:41:47,2022-03-04 00:48:57,2022-03-04 00:58:09,2022-03-04 00:58:09
7007411290,สค.70-3937,2022-03-04 00:42:09,2022-03-04 00:58:09,2022-03-04 01:04:39,2022-03-04 01:04:39
7007411301,ลพ.70-0785,2022-03-04 01:05:08,2022-03-04 01:05:08,2022-03-04 01:10:52,2022-03-04 01:10:52
7007411325,ชม.70-5299,2022-03-04 01:38:13,2022-03-04 01:38:13,2022-03-04 01:47:41,2022-03-04 01:47:41
7007411351,ชม.70-5261,2022-03-04 02:23:43,2022-03-04 02:23:43,2022-03-04 02:32:41,2022-03-04 02:32:41
7007411350,ชม.70-5195,2022-03-04 02:23:55,2022-03-04 02:32:41,2022-03-04 02:41:42,2022-03-04 02:41:42
7007411372,นม.70-6730,2022-03-04 03:39:59,2022-03-04 03:39:59,2022-03-04 03:45:37,2022-03-04 03:45:37
7007411394,ชม.70-5301,2022-03-04 04:41:12,2022-03-04 04:41:12,2022-03-04 04:49:22,2022-03-04 04:49:22
7007406846,กท.78-1149,2022-03-04 06:19:32,2022-03-04 06:19:32,2022-03-04 06:26:51,2022-03-04 06:26:51
7007406861,กท.78-6742,2022-03-04 06:31:10,2022-03-04 06:31:10,2022-03-04 06:37:35,2022-03-04 06:37:35
7007406873,กท.79-2717,2022-03-04 06:34:23,2022-03-04 06:37:35,2022-03-04 06:46:12,2022-03-04 06:46:12
7007406828,กท.79-5843,2022-03-04 06:35:30,2022-03-04 06:46:12,2022-03-04 06:55:06,2022-03-04 06:55:06
7007410120,กท.77-8133,2022-03-04 06:40:30,2022-03-04 06:55:06,2022-03-04 07:03:14,2022-03-04 07:03:14
7007409522,กท.79-5584,2022-03-04 06:47:10,2022-03-04 07:03:14,2022-03-04 07:08:18,2022-03-04 07:08:18
7007411461,สค.70-6125,2022-03-04 06:52:27,2022-03-04 07:08:18,2022-03-04 07:17:36,2022-03-04 07:17:36
7007406765,กท.77-9738,2022-03-04 06:53:06,2022-03-04 07:17:36,2022-03-04 07:26:08,2022-03-04 07:26:08
7007411495,สค.70-4335,2022-03-04 07:00:21,2022-03-04 07:26:08,2022-03-04 07:34:39,2022-03-04 07:34:39
7007406825,กท.79-0642,2022-03-04 07:02:03,2022-03-04 07:34:39,2022-03-04 07:43:23,2022-03-04 07:43:23
7007406787,กท.79-0643,2022-03-04 07:10:23,2022-03-04 07:43:23,2022-03-04 07:50:54,2022-03-04 07:50:54
7007411520,สค.70-3935,2022-03-04 07:11:00,2022-03-04 07:50:54,2022-03-04 08:00:31,2022-03-04 08:00:31
7007409277,กท.79-0144,2022-03-04 07:22:42,2022-03-04 08:00:31,2022-03-04 08:10:10,2022-03-04 08:10:10
7007408211,กท.79-2716,2022-03-04 07:25:17,2022-03-04 08:10:10,2022-03-04 08:19:56,2022-03-04 08:19:56
7007406833,กท.79-0841,2022-03-04 07:31:31,2022-03-04 08:19:56,2022-03-04 08:26:59,2022-03-04 08:26:59
7007409265,กท.79-1961,2022-03-04 07:32:19,2022-03-04 08:26:59,2022-03-04 08:32:05,2022-03-04 08:32:05
7007406818,กท.77-8134,2022-03-04 07:43:04,2022-03-04 08:32:05,2022-03-04 08:41:56,2022-03-04 08:41:56
7007406884,กท.60-4205,2022-03-04 07:44:41,2022-03-04 08:41:56,2022-03-04 08:51:09,2022-03-04 08:51:09
7007411649,ชม.70-5122,2022-03-04 07:54:07,2022-03-04 08:51:09,2022-03-04 08:57:23,2022-03-04 08:57:23
7007408104,กท.78-6739,2022-03-04 08:02:50,2022-03-04 08:57:23,2022-03-04 09:03:53,2022-03-04 09:03:53
7007406839,กท.76-4825,2022-03-04 08:11:26,2022-03-04 09:03:53,2022-03-04 09:11:15,2022-03-04 09:11:15
7007411806,กท.79-3257,2022-03-04 08:11:42,2022-03-04 09:11:15,2022-03-04 09:17:20,2022-03-04 09:17:20
7007406820,กท.79-0644,2022-03-04 08:19:50,2022-03-04 09:17:20,2022-03-04 09:26:43,2022-03-04 09:26:43
7007411828,นม.70-6730,2022-03-04 08:26:20,2022-03-04 09:26:43,2022-03-04 09:34:08,2022-03-04 09:34:08
7007411850,ชม.70-5125,2022-03-04 08:30:20,2022-03-04 09:34:08,2022-03-04 09:39:24,2022-03-04 09:39:24
7007406879,กท.74-9070,2022-03-04 08:31:52,2022-03-04 09:39:24,2022-03-04 09:48:57,2022-03-04 09:48:57
7007408954,กท.78-6744,2022-03-04 08:39:19,2022-03-04 09:48:57,2022-03-04 09:58:45,2022-03-04 09:58:45
7007412025,นม.70-5434,2022-03-04 08:41:16,2022-03-04 09:58:45,2022-03-04 10:04:43,2022-03-04 10:04:43
7007412212,ชม.70-4355,2022-03-04 09:03:57,2022-03-04 10:04:43,2022-03-04 10:09:43,2022-03-04 10:09:43
7007412265,กท.61-7783,2022-03-04 09:11:01,2022-03-04 10:09:43,2022-03-04 10:15:19,2022-03-04 10:15:19
7007412262,กท.79-8105,2022-03-04 09:11:25,2022-03-04 10:15:19,2022-03-04 10:24:10,2022-03-04 10:24:10
7007412274,กท.79-8104,2022-03-04 09:30:23,2022-03-04 10:24:10,2022-03-04 10:31:38,2022-03-04 10:31:38
7007408084,ฉช.82-7443,2022-03-04 09:36:40,2022-03-04 10:31:38,2022-03-04 10:38:00,2022-03-04 10:38:00
7007406791,กท.77-8134,2022-03-04 09:38:55,2022-03-04 10:38:00,2022-03-04 10:47:44,2022-03-04 10:47:44
7007412236,กท.79-2717,2022-03-04 09:40:46,2022-03-04 10:47:44,2022-03-04 10:53:19,2022-03-04 10:53:19
7007412280,ชบ.84-7139,2022-03-04 09:49:21,2022-03-04 10:53:19,2022-03-04 11:01:52,2022-03-04 11:01:52
7007412523,กท.79-3156,2022-03-04 09:56:37,2022-03-04 11:01:52,2022-03-04 11:08:55,2022-03-04 11:08:55
7007412529,กท.77-6494,2022-03-04 10:01:10,2022-03-04 11:08:55,2022-03-04 11:18:26,2022-03-04 11:18:26
7007412576,จบ.80-8222,2022-03-04 10:08:42,2022-03-04 11:18:26,2022-03-04 11:27:08,2022-03-04 11:27:08
7007412534,กท.75-9797,2022-03-04 10:12:15,2022-03-04 11:27:08,2022-03-04 11:35:34,2022-03-04 11:35:34
7007412625,ชม.70-5420,2022-03-04 10:16:11,2022-03-04 11:35:34,2022-03-04 11:42:13,2022-03-04 11:42:13
7007406883,กท.77-8133,2022-03-04 10:55:23,2022-03-04 11:42:13,2022-03-04 11:49:25,2022-03-04 11:49:25
7007406836,กท.79-0841,2022-03-04 11:02:52,2022-03-04 11:49:25,2022-03-04 11:57:52,2022-03-04 11:57:52
7007406876,กท.79-1961,2022-03-04 11:07:33,2022-03-04 11:57:52,2022-03-04 12:02:55,2022-03-04 12:02:55
7007406814,กท.77-9738,2022-03-04 11:08:27,2022-03-04 12:02:55,2022-03-04 12:12:51,2022-03-04 12:12:51
7007412846,กท.79-2898,2022-03-04 11:15:47,2022-03-04 12:12:51,2022-03-04 12:19:48,2022-03-04 12:19:48
7007412991,จบ.80-3645,2022-03-04 11:27:59,2022-03-04 12:19:48,2022-03-04 12:28:58,2022-03-04 12:28:58
7007406877,กท.78-6739,2022-03-04 11:41:15,2022-03-04 12:28:58,2022-03-04 12:36:00,2022-03-04 12:36:00
7007409260,กท.79-0144,2022-03-04 11:41:57,2022-03-04 12:36:00,2022-03-04 12:43:32,2022-03-04 12:43:32
7007413053,ลพ.70-0785,2022-03-04 11:47:34,2022-03-04 12:43:32,2022-03-04 12:52:34,2022-03-04 12:52:34
7007413044,กท.79-3257,2022-03-04 11:48:15,2022-03-04 12:52:34,2022-03-04 12:57:43,2022-03-04 12:57:43
7007413123,ฉช.81-3257,2022-03-04 11:56:13,2022-03-04 12:57:43,2022-03-04 13:04:46,2022-03-04 13:04:46
7007413171,รย.82-0448,2022-03-04 12:07:16,2022-03-04 13:04:46,2022-03-04 13:14:39,2022-03-04 13:14:39
7007412435,กท.78-7993,2022-03-04 12:36:45,2022-03-04 13:14:39,2022-03-04 13:21:26,2022-03-04 13:21:26
7007406831,กท.78-1149,2022-03-04 12:37:39,2022-03-04 13:21:26,2022-03-04 13:31:02,2022-03-04 13:31:02
7007413322,ชบ.85-3878,2022-03-04 12:45:31,2022-03-04 13:31:02,2022-03-04 13:38:50,2022-03-04 13:38:50
7007413359,รย.81-1375,2022-03-04 13:06:43,2022-03-04 13:38:50,2022-03-04 13:48:28,2022-03-04 13:48:28
7007413366,กท.78-5932,2022-03-04 13:10:39,2022-03-04 13:48:28,2022-03-04 13:56:46,2022-03-04 13:56:46
7007412431,กท.79-1830,2022-03-04 13:19:06,2022-03-04 13:56:46,2022-03-04 14:05:07,2022-03-04 14:05:07
7007413309,กท.79-5584,2022-03-04 13:47:53,2022-03-04 14:05:07,2022-03-04 14:10:10,2022-03-04 14:10:10
7007413454,กท.79-2716,2022-03-04 13:56:06,2022-03-04 14:10:10,2022-03-04 14:18:33,2022-03-04 14:18:33
7007413515,กท.79-5840,2022-03-04 14:02:10,2022-03-04 14:18:33,2022-03-04 14:25:24,2022-03-04 14:25:24
7007413524,ชม.70-5300,2022-03-04 14:05:50,2022-03-04 14:25:24,2022-03-04 14:32:34,2022-03-04 14:32:34
7007413561,กท.79-8993,2022-03-04 14:06:40,2022-03-04 14:32:34,2022-03-04 14:38:37,2022-03-04 14:38:37
7007413595,สค.70-4074,2022-03-04 14:11:06,2022-03-04 14:38:37,2022-03-04 14:47:10,2022-03-04 14:47:10
7007413657,กท.78-4646,2022-03-04 14:18:26,2022-03-04 14:47:10,2022-03-04 14:54:31,2022-03-04 14:54:31
7007413737,ชม.70-5421,2022-03-04 14:27:31,2022-03-04 14:54:31,2022-03-04 15:00:57,2022-03-04 15:00:57
7007413736,ชม.70-5123,2022-03-04 14:28:30,2022-03-04 15:00:57,2022-03-04 15:10:29,2022-03-04 15:10:29
7007413698,กท.79-3259,2022-03-04 14:44:27,2022-03-04 15:10:29,2022-03-04 15:19:31,2022-03-04 15:19:31
7007413417,ฉช.81-4230,2022-03-04 14:50:15,2022-03-04 15:19:31,2022-03-04 15:27:30,2022-03-04 15:27:30
7007413834,รย.71-2637,2022-03-04 14:50:26,2022-03-04 15:27:30,2022-03-04 15:33:16,2022-03-04 15:33:16
7007413968,กท.79-1818,2022-03-04 15:19:11,2022-03-04 15:33:16,2022-03-04 15:40:19,2022-03-04 15:40:19
7007413697,กท.77-9738,2022-03-04 15:23:32,2022-03-04 15:40:19,2022-03-04 15:46:33,2022-03-04 15:46:33
7007413605,กท.78-6739,2022-03-04 15:29:22,2022-03-04 15:46:33,2022-03-04 15:53:55,2022-03-04 15:53:55
7007413969,กท.79-3258,2022-03-04 15:35:33,2022-03-04 15:53:55,2022-03-04 16:01:28,2022-03-04 16:01:28
7007414056,รย.81-6767,2022-03-04 15:44:56,2022-03-04 16:01:28,2022-03-04 16:10:46,2022-03-04 16:10:46
7007414106,ชม.70-5302,2022-03-04 16:03:29,2022-03-04 16:10:46,2022-03-04 16:20:36,2022-03-04 16:20:36
7007414149,กท.79-3257,2022-03-04 16:05:21,2022-03-04 16:20:36,2022-03-04 16:27:49,2022-03-04 16:27:49
7007413687,กท.79-0644,2022-03-04 16:05:24,2022-03-04 16:27:49,2022-03-04 16:35:45,2022-03-04 16:35:45
7007414219,ชม.70-5299,2022-03-04 16:54:14,2022-03-04 16:54:14,2022-03-04 17:03:31,2022-03-04 17:03:31
7007414600,สค.70-4333,2022-03-05 00:17:28,2022-03-05 00:17:28,2022-03-05 00:22:37,2022-03-05 00:22:37
7007414601,ลพ.70-0785,2022-03-05 00:29:49,2022-03-05 00:29:49,2022-03-05 00:37:39,2022-03-05 00:37:39
7007414605,สค.70-2507,2022-03-05 00:29:57,2022-03-05 00:37:39,2022-03-05 00:46:29,2022-03-05 00:46:29
7007414602,สค.70-6119,2022-03-05 00:38:31,2022-03-05 00:46:29,2022-03-05 00:55:32,2022-03-05 00:55:32
7007414610,ชม.70-4355,2022-03-05 00:40:24,2022-03-05 00:55:32,2022-03-05 01:03:39,2022-03-05 01:03:39
7007414613,สค.70-6124,2022-03-05 00:49:58,2022-03-05 01:03:39,2022-03-05 01:11:13,2022-03-05 01:11:13
7007414606,ชม.70-5301,2022-03-05 00:51:05,2022-03-05 01:11:13,2022-03-05 01:17:55,2022-03-05 01:17:55
7007414612,กท.79-3257,2022-03-05 00:52:15,2022-03-05 01:17:55,2022-03-05 01:24:12,2022-03-05 01:24:12
7007414637,สค.70-4397,2022-03-05 01:35:20,2022-03-05 01:35:20,2022-03-05 01:40:55,2022-03-05 01:40:55
7007414680,กท.79-8995,2022-03-05 03:20:16,2022-03-05 03:20:16,2022-03-05 03:25:29,2022-03-05 03:25:29
7007414682,กท.78-4646,2022-03-05 03:50:11,2022-03-05 03:50:11,2022-03-05 03:55:55,2022-03-05 03:55:55
7007414691,ชม.70-5261,2022-03-05 05:03:55,2022-03-05 05:03:55,2022-03-05 05:12:07,2022-03-05 05:12:07
7007414731,ชบ.85-3878,2022-03-05 06:22:23,2022-03-05 06:22:23,2022-03-05 06:28:46,2022-03-05 06:28:46
7007413775,กท.78-6742,2022-03-05 06:27:09,2022-03-05 06:28:46,2022-03-05 06:35:49,2022-03-05 06:35:49
7007414736,สค.70-6123,2022-03-05 06:31:39,2022-03-05 06:35:49,2022-03-05 06:43:44,2022-03-05 06:43:44
7007414735,สค.70-4335,2022-03-05 06:39:19,2022-03-05 06:43:44,2022-03-05 06:52:07,2022-03-05 06:52:07
7007414728,ชบ.82-4190,2022-03-05 06:42:55,2022-03-05 06:52:07,2022-03-05 06:58:47,2022-03-05 06:58:47
7007414740,กท.61-6634,2022-03-05 06:49:38,2022-03-05 06:58:47,2022-03-05 07:05:35,2022-03-05 07:05:35
7007413670,กท.78-1149,2022-03-05 06:53:14,2022-03-05 07:05:35,2022-03-05 07:12:47,2022-03-05 07:12:47
7007414743,สค.70-3893,2022-03-05 07:01:25,2022-03-05 07:12:47,2022-03-05 07:22:16,2022-03-05 07:22:16
7007413602,กท.79-0642,2022-03-05 07:03:03,2022-03-05 07:22:16,2022-03-05 07:29:58,2022-03-05 07:29:58
7007413608,กท.79-0841,2022-03-05 07:13:20,2022-03-05 07:29:58,2022-03-05 07:39:33,2022-03-05 07:39:33
7007413665,กท.79-0641,2022-03-05 07:15:42,2022-03-05 07:39:33,2022-03-05 07:46:18,2022-03-05 07:46:18
7007414756,ชบ.84-7975,2022-03-05 07:16:34,2022-03-05 07:46:18,2022-03-05 07:52:56,2022-03-05 07:52:56
7007413695,กท.78-6744,2022-03-05 07:23:58,2022-03-05 07:52:56,2022-03-05 08:00:34,2022-03-05 08:00:34
7007413604,กท.77-8134,2022-03-05 07:33:24,2022-03-05 08:00:34,2022-03-05 08:10:02,2022-03-05 08:10:02
7007413692,กท.79-0144,2022-03-05 07:42:29,2022-03-05 08:10:02,2022-03-05 08:19:54,2022-03-05 08:19:54
7007413689,กท.78-7993,2022-03-05 07:42:36,2022-03-05 08:19:54,2022-03-05 08:29:03,2022-03-05 08:29:03
7007414777,กท.79-5841,2022-03-05 08:11:35,2022-03-05 08:29:03,2022-03-05 08:35:41,2022-03-05 08:35:41
7007414843,กท.79-7691,2022-03-05 08:41:55,2022-03-05 08:41:55,2022-03-05 08:50:54,2022-03-05 08:50:54
7007414840,สค.70-2918,2022-03-05 08:49:59,2022-03-05 08:50:54,2022-03-05 08:57:01,2022-03-05 08:57:01
7007414850,นม.70-6589,2022-03-05 08:51:08,2022-03-05 08:57:01,2022-03-05 09:04:45,2022-03-05 09:04:45
7007413693,กท.74-9070,2022-03-05 09:01:22,2022-03-05 09:04:45,2022-03-05 09:11:03,2022-03-05 09:11:03
7007414846,กท.79-3259,2022-03-05 09:03:27,2022-03-05 09:11:03,2022-03-05 09:20:53,2022-03-05 09:20:53
7007413610,กท.78-7993,2022-03-05 09:09:10,2022-03-05 09:20:53,2022-03-05 09:29:55,2022-03-05 09:29:55
7007414886,ชบ.85-5327,2022-03-05 09:16:49,2022-03-05 09:29:55,2022-03-05 09:37:05,2022-03-05 09:37:05
7007414892,กท.79-8104,2022-03-05 09:29:38,2022-03-05 09:37:05,2022-03-05 09:46:25,2022-03-05 09:46:25
7007414883,กท.79-8105,2022-03-05 09:33:32,2022-03-05 09:46:25,2022-03-05 09:55:32,2022-03-05 09:55:32
7007414888,กท.61-7783,2022-03-05 09:40:37,2022-03-05 09:55:32,2022-03-05 10:01:33,2022-03-05 10:01:33
7007414937,กท.79-8993,2022-03-05 09:53:12,2022-03-05 10:01:33,2022-03-05 10:09:28,2022-03-05 10:09:28
7007414944,กท.79-3156,2022-03-05 10:01:27,2022-03-05 10:09:28,2022-03-05 10:19:08,2022-03-05 10:19:08
7007414952,กท.79-2898,2022-03-05 10:05:33,2022-03-05 10:19:08,2022-03-05 10:26:25,2022-03-05 10:26:25
7007414962,ชม.70-5193,2022-03-05 10:11:17,2022-03-05 10:26:25,2022-03-05 10:33:07,2022-03-05 10:33:07
7007414972,กท.79-5840,2022-03-05 10:26:33,2022-03-05 10:33:07,2022-03-05 10:38:47,2022-03-05 10:38:47
7007414975,กท.61-7782,2022-03-05 10:30:51,2022-03-05 10:38:47,2022-03-05 10:43:48,2022-03-05 10:43:48
7007413686,กท.60-4207,2022-03-05 11:01:39,2022-03-05 11:01:39,2022-03-05 11:09:08,2022-03-05 11:09:08
7007413601,กท.77-8134,2022-03-05 11:04:50,2022-03-05 11:09:08,2022-03-05 11:17:41,2022-03-05 11:17:41
7007415061,กท.75-7868,2022-03-05 11:20:44,2022-03-05 11:20:44,2022-03-05 11:26:59,2022-03-05 11:26:59
7007415062,กท.77-7979,2022-03-05 11:28:06,2022-03-05 11:28:06,2022-03-05 11:37:07,2022-03-05 11:37:07
7007415051,นม.70-7497,2022-03-05 11:31:04,2022-03-05 11:37:07,2022-03-05 11:45:46,2022-03-05 11:45:46
7007415071,กท.79-3257,2022-03-05 11:35:56,2022-03-05 11:45:46,2022-03-05 11:54:23,2022-03-05 11:54:23
7007413606,กท.79-0641,2022-03-05 11:48:44,2022-03-05 11:54:23,2022-03-05 12:04:08,2022-03-05 12:04:08
7007413777,กท.78-6742,2022-03-05 11:50:48,2022-03-05 12:04:08,2022-03-05 12:12:34,2022-03-05 12:12:34
7007415085,ชม.70-5301,2022-03-05 11:59:10,2022-03-05 12:12:34,2022-03-05 12:18:07,2022-03-05 12:18:07
7007413767,กท.79-0841,2022-03-05 12:05:07,2022-03-05 12:18:07,2022-03-05 12:25:40,2022-03-05 12:25:40
7007415089,ชบ.83-3599,2022-03-05 12:09:18,2022-03-05 12:25:40,2022-03-05 12:32:03,2022-03-05 12:32:03
7007415084,ชม.70-5300,2022-03-05 12:15:26,2022-03-05 12:32:03,2022-03-05 12:37:30,2022-03-05 12:37:30
7007413899,กท.79-0144,2022-03-05 12:25:35,2022-03-05 12:37:30,2022-03-05 12:46:42,2022-03-05 12:46:42
7007413690,กท.79-0642,2022-03-05 12:26:44,2022-03-05 12:46:42,2022-03-05 12:55:29,2022-03-05 12:55:29
7007415110,กท.79-3258,2022-03-05 12:29:10,2022-03-05 12:55:29,2022-03-05 13:04:23,2022-03-05 13:04:23
7007415112,กท.75-6688,2022-03-05 12:35:25,2022-03-05 13:04:23,2022-03-05 13:14:05,2022-03-05 13:14:05
7007413715,กท.78-1149,2022-03-05 12:36:36,2022-03-05 13:14:05,2022-03-05 13:22:29,2022-03-05 13:22:29
7007413801,กท.78-6744,2022-03-05 13:03:08,2022-03-05 13:22:29,2022-03-05 13:30:49,2022-03-05 13:30:49
7007415147,ชบ.84-7139,2022-03-05 13:11:24,2022-03-05 13:30:49,2022-03-05 13:39:08,2022-03-05 13:39:08
7007415184,กท.61-6634,2022-03-05 14:06:21,2022-03-05 14:06:21,2022-03-05 14:15:13,2022-03-05 14:15:13
7007415183,ชม.70-5302,2022-03-05 14:12:27,2022-03-05 14:15:13,2022-03-05 14:23:44,2022-03-05 14:23:44
7007415180,กท.79-1812,2022-03-05 14:12:30,2022-03-05 14:23:44,2022-03-05 14:32:29,2022-03-05 14:32:29
7007415200,นม.70-6730,2022-03-05 14:15:25,2022-03-05 14:32:29,2022-03-05 14:41:30,2022-03-05 14:41:30
7007413681,กท.79-5578,2022-03-05 14:27:17,2022-03-05 14:41:30,2022-03-05 14:49:26,2022-03-05 14:49:26
7007415225,ชม.70-5122,2022-03-05 14:35:06,2022-03-05 14:49:26,2022-03-05 14:56:59,2022-03-05 14:56:59
7007415230,ชม.70-5299,2022-03-05 14:55:07,2022-03-05 14:56:59,2022-03-05 15:04:29,2022-03-05 15:04:29
7007415242,กท.79-8993,2022-03-05 15:02:39,2022-03-05 15:04:29,2022-03-05 15:10:13,2022-03-05 15:10:13
7007415245,กท.79-3259,2022-03-05 15:10:41,2022-03-05 15:10:41,2022-03-05 15:18:42,2022-03-05 15:18:42
7007415253,ชม.70-5125,2022-03-05 15:19:11,2022-03-05 15:19:11,2022-03-05 15:29:07,2022-03-05 15:29:07
7007415254,กท.75-6688,2022-03-05 15:26:01,2022-03-05 15:29:07,2022-03-05 15:38:51,2022-03-05 15:38:51
7007415528,สค.70-4386,2022-03-06 00:19:26,2022-03-06 00:19:26,2022-03-06 00:28:02,2022-03-06 00:28:02
7007415532,สค.70-2917,2022-03-06 00:21:45,2022-03-06 00:28:02,2022-03-06 00:33:05,2022-03-06 00:33:05
7007415529,สค.70-4333,2022-03-06 00:24:21,2022-03-06 00:33:05,2022-03-06 00:39:00,2022-03-06 00:39:00
7007415533,ลพ.70-0785,2022-03-06 00:41:35,2022-03-06 00:41:35,2022-03-06 00:46:39,2022-03-06 00:46:39
7007415530,สค.70-6119,2022-03-06 00:45:07,2022-03-06 00:46:39,2022-03-06 00:53:59,2022-03-06 00:53:59
7007415534,สค.70-3665,2022-03-06 01:00:38,2022-03-06 01:00:38,2022-03-06 01:08:04,2022-03-06 01:08:04
7007415545,รย.71-2638,2022-03-06 01:02:15,2022-03-06 01:08:04,2022-03-06 01:16:21,2022-03-06 01:16:21
7007415531,ชม.70-4355,2022-03-06 01:09:49,2022-03-06 01:16:21,2022-03-06 01:22:29,2022-03-06 01:22:29
7007415544,ชม.70-5302,2022-03-06 01:19:18,2022-03-06 01:22:29,2022-03-06 01:28:53,2022-03-06 01:28:53
7007413861,ฉช.82-8528,2022-03-06 02:42:23,2022-03-06 02:42:23,2022-03-06 02:47:33,2022-03-06 02:47:33
7007413865,ฉช.82-7170,2022-03-06 03:17:49,2022-03-06 03:17:49,2022-03-06 03:25:09,2022-03-06 03:25:09
7007415587,ชม.70-5301,2022-03-06 03:35:41,2022-03-06 03:35:41,2022-03-06 03:42:03,2022-03-06 03:42:03
7007413867,ฉช.82-8346,2022-03-06 03:44:42,2022-03-06 03:44:42,2022-03-06 03:53:49,2022-03-06 03:53:49
7007415598,ชม.70-5300,2022-03-06 04:18:14,2022-03-06 04:18:14,2022-03-06 04:24:54,2022-03-06 04:24:54
7007413859,ฉช.82-0002,2022-03-06 04:47:05,2022-03-06 04:47:05,2022-03-06 04:54:35,2022-03-06 04:54:35
7007413802,กท.75-1033,2022-03-06 06:13:39,2022-03-06 06:13:39,2022-03-06 06:20:50,2022-03-06 06:20:50
7007415639,ชม.70-5261,2022-03-06 06:25:05,2022-03-06 06:25:05,2022-03-06 06:31:07,2022-03-06 06:31:07
7007413705,กท.78-6742,2022-03-06 06:30:30,2022-03-06 06:31:07,2022-03-06 06:36:10,2022-03-06 06:36:10
7007415637,สค.70-6125,2022-03-06 06:34:23,2022-03-06 06:36:10,2022-03-06 06:41:18,2022-03-06 06:41:18
7007413786,กท.79-0144,2022-03-06 06:40:25,2022-03-06 06:41:18,2022-03-06 06:48:06,2022-03-06 06:48:06
7007413837,กท.79-5584,2022-03-06 06:44:32,2022-03-06 06:48:06,2022-03-06 06:54:34,2022-03-06 06:54:34
7007413765,กท.79-2716,2022-03-06 06:50:33,2022-03-06 06:54:34,2022-03-06 07:02:47,2022-03-06 07:02:47
7007413805,กท.79-5843,2022-03-06 06:52:47,2022-03-06 07:02:47,2022-03-06 07:11:51,2022-03-06 07:11:51
7007413795,กท.77-9738,2022-03-06 07:03:14,2022-03-06 07:11:51,2022-03-06 07:17:22,2022-03-06 07:17:22
7007413814,กท.74-9067,2022-03-06 07:03:48,2022-03-06 07:17:22,2022-03-06 07:24:28,2022-03-06 07:24:28
7007413728,กท.79-0642,2022-03-06 07:13:06,2022-03-06 07:24:28,2022-03-06 07:31:19,2022-03-06 07:31:19
7007413852,กท.77-8133,2022-03-06 07:18:05,2022-03-06 07:31:19,2022-03-06 07:39:21,2022-03-06 07:39:21
7007413836,กท.76-4825,2022-03-06 07:21:25,2022-03-06 07:39:21,2022-03-06 07:47:38,2022-03-06 07:47:38
7007415747,กท.60-9333,2022-03-06 07:26:46,2022-03-06 07:47:38,2022-03-06 07:52:45,2022-03-06 07:52:45
7007413769,กท.74-9070,2022-03-06 07:32:27,2022-03-06 07:52:45,2022-03-06 07:59:47,2022-03-06 07:59:47
7007413730,กท.78-6739,2022-03-06 07:40:03,2022-03-06 07:59:47,2022-03-06 08:09:43,2022-03-06 08:09:43
7007413823,กท.79-5578,2022-03-06 07:47:02,2022-03-06 08:09:43,2022-03-06 08:18:19,2022-03-06 08:18:19
7007413843,กท.79-1830,2022-03-06 07:49:10,2022-03-06 08:18:19,2022-03-06 08:28:10,2022-03-06 08:28:10
7007413716,กท.79-0641,2022-03-06 07:58:28,2022-03-06 08:28:10,2022-03-06 08:36:08,2022-03-06 08:36:08
7007413762,กท.79-1961,2022-03-06 08:07:13,2022-03-06 08:36:08,2022-03-06 08:42:46,2022-03-06 08:42:46
7007413804,กท.78-7993,2022-03-06 08:08:02,2022-03-06 08:42:46,2022-03-06 08:48:47,2022-03-06 08:48:47
7007413703,กท.79-5579,2022-03-06 08:14:42,2022-03-06 08:48:47,2022-03-06 08:54:22,2022-03-06 08:54:22
7007415874,นม.70-6589,2022-03-06 08:20:04,2022-03-06 08:54:22,2022-03-06 09:00:57,2022-03-06 09:00:57
7007413825,กท.77-8134,2022-03-06 08:28:12,2022-03-06 09:00:57,2022-03-06 09:10:51,2022-03-06 09:10:51
7007413832,กท.79-2717,2022-03-06 08:31:58,2022-03-06 09:10:51,2022-03-06 09:16:57,2022-03-06 09:16:57
7007415929,กท.75-3041,2022-03-06 08:34:46,2022-03-06 09:16:57,2022-03-06 09:26:11,2022-03-06 09:26:11
7007415925,ชบ.82-4190,2022-03-06 08:44:36,2022-03-06 09:26:11,2022-03-06 09:34:08,2022-03-06 09:34:08
7007413833,กท.60-4205,2022-03-06 08:44:54,2022-03-06 09:34:08,2022-03-06 09:40:05,2022-03-06 09:40:05
7007413818,ฉช.82-7443,2022-03-06 08:56:35,2022-03-06 09:40:05,2022-03-06 09:45:49,2022-03-06 09:45:49
7007416087,ฉช.81-3257,2022-03-06 08:59:10,2022-03-06 09:45:49,2022-03-06 09:51:39,2022-03-06 09:51:39
7007416125,กท.79-5841,2022-03-06 09:08:07,2022-03-06 09:51:39,2022-03-06 09:59:24,2022-03-06 09:59:24
7007416198,กท.75-2786,2022-03-06 09:10:28,2022-03-06 09:59:24,2022-03-06 10:09:21,2022-03-06 10:09:21
7007413851,กท.60-4207,2022-03-06 09:32:39,2022-03-06 10:09:21,2022-03-06 10:15:25,2022-03-06 10:15:25
7007416542,กท.61-7783,2022-03-06 09:38:37,2022-03-06 10:15:25,2022-03-06 10:25:15,2022-03-06 10:25:15
7007416538,กท.79-2898,2022-03-06 09:48:31,2022-03-06 10:25:15,2022-03-06 10:31:07,2022-03-06 10:31:07
7007416556,สค.70-4074,2022-03-06 09:56:03,2022-03-06 10:31:07,2022-03-06 10:40:13,2022-03-06 10:40:13
7007416637,รย.81-6767,2022-03-06 09:56:26,2022-03-06 10:40:13,2022-03-06 10:46:44,2022-03-06 10:46:44
7007416891,กท.79-8107,2022-03-06 10:06:38,2022-03-06 10:46:44,2022-03-06 10:55:47,2022-03-06 10:55:47
7007416844,ชบ.85-3878,2022-03-06 10:09:13,2022-03-06 10:55:47,2022-03-06 11:02:57,2022-03-06 11:02:57
7007416534,กท.79-3156,2022-03-06 10:14:55,2022-03-06 11:02:57,2022-03-06 11:11:52,2022-03-06 11:11:52
7007413808,กท.77-8133,2022-03-06 10:19:47,2022-03-06 11:11:52,2022-03-06 11:17:27,2022-03-06 11:17:27
7007416931,กท.75-0640,2022-03-06 10:23:37,2022-03-06 11:17:27,2022-03-06 11:26:42,2022-03-06 11:26:42
7007413812,กท.79-5584,2022-03-06 10:28:39,2022-03-06 11:26:42,2022-03-06 11:35:56,2022-03-06 11:35:56
7007413806,กท.78-6739,2022-03-06 10:32:06,2022-03-06 11:35:56,2022-03-06 11:41:51,2022-03-06 11:41:51
7007417273,จบ.80-8222,2022-03-06 10:42:40,2022-03-06 11:41:51,2022-03-06 11:50:01,2022-03-06 11:50:01
7007416756,กท.79-0642,2022-03-06 11:07:03,2022-03-06 11:50:01,2022-03-06 11:55:55,2022-03-06 11:55:55
7007413722,กท.79-5578,2022-03-06 11:09:01,2022-03-06 11:55:55,2022-03-06 12:01:50,2022-03-06 12:01:50
7007416980,ฉช.82-7170,2022-03-06 11:23:12,2022-03-06 12:01:50,2022-03-06 12:08:51,2022-03-06 12:08:51
7007417646,กท.79-3259,2022-03-06 11:28:02,2022-03-06 12:08:51,2022-03-06 12:17:06,2022-03-06 12:17:06
7007413710,กท.79-0841,2022-03-06 11:50:51,2022-03-06 12:17:06,2022-03-06 12:23:13,2022-03-06 12:23:13
7007418029,ชม.70-5420,2022-03-06 12:05:16,2022-03-06 12:23:13,2022-03-06 12:32:15,2022-03-06 12:32:15
7007417979,ชม.70-5124,2022-03-06 12:16:12,2022-03-06 12:32:15,2022-03-06 12:37:57,2022-03-06 12:37:57
7007413830,กท.77-9738,2022-03-06 12:31:29,2022-03-06 12:37:57,2022-03-06 12:46:18,2022-03-06 12:46:18
7007416477,กท.79-1961,2022-03-06 12:38:40,2022-03-06 12:46:18,2022-03-06 12:53:22,2022-03-06 12:53:22
7007418153,ชม.70-5302,2022-03-06 12:40:50,2022-03-06 12:53:22,2022-03-06 13:00:10,2022-03-06 13:00:10
7007413821,กท.79-0144,2022-03-06 12:55:05,2022-03-06 13:00:10,2022-03-06 13:06:10,2022-03-06 13:06:10
7007413724,กท.79-2716,2022-03-06 12:58:36,2022-03-06 13:06:10,2022-03-06 13:13:04,2022-03-06 13:13:04
7007413803,กท.78-7993,2022-03-06 13:05:00,2022-03-06 13:13:04,2022-03-06 13:20:32,2022-03-06 13:20:32
7007418265,จบ.80-3645,2022-03-06 13:09:48,2022-03-06 13:20:32,2022-03-06 13:29:43,2022-03-06 13:29:43
7007418190,กท.61-6876,2022-03-06 13:11:22,2022-03-06 13:29:43,2022-03-06 13:35:13,2022-03-06 13:35:13
7007418358,กท.78-4646,2022-03-06 13:16:05,2022-03-06 13:35:13,2022-03-06 13:42:37,2022-03-06 13:42:37
7007418406,ชบ.84-7156,2022-03-06 13:18:16,2022-03-06 13:42:37,2022-03-06 13:51:59,2022-03-06 13:51:59
7007413770,กท.75-1033,2022-03-06 13:33:17,2022-03-06 13:51:59,2022-03-06 13:58:17,2022-03-06 13:58:17
7007413763,กท.79-2717,2022-03-06 13:39:57,2022-03-06 13:58:17,2022-03-06 14:08:06,2022-03-06 14:08:06
7007418471,กท.79-5841,2022-03-06 13:40:40,2022-03-06 14:08:06,2022-03-06 14:16:59,2022-03-06 14:16:59
7007413820,กท.77-8134,2022-03-06 13:42:39,2022-03-06 14:16:59,2022-03-06 14:23:36,2022-03-06 14:23:36
7007418501,นม.70-7502,2022-03-06 13:50:58,2022-03-06 14:23:36,2022-03-06 14:31:03,2022-03-06 14:31:03
7007416471,กท.74-9070,2022-03-06 13:59:00,2022-03-06 14:31:03,2022-03-06 14:36:47,2022-03-06 14:36:47
7007418466,นม.70-7497,2022-03-06 14:03:49,2022-03-06 14:36:47,2022-03-06 14:44:13,2022-03-06 14:44:13
7007418542,ชม.70-5123,2022-03-06 14:06:27,2022-03-06 14:44:13,2022-03-06 14:53:48,2022-03-06 14:53:48
7007418490,นม.70-6720,2022-03-06 14:20:31,2022-03-06 14:53:48,2022-03-06 14:59:05,2022-03-06 14:59:05
7007413766,กท.74-9067,2022-03-06 14:21:37,2022-03-06 14:59:05,2022-03-06 15:07:56,2022-03-06 15:07:56
7007418714,กท.79-5840,2022-03-06 14:29:24,2022-03-06 15:07:56,2022-03-06 15:17:43,2022-03-06 15:17:43
7007418753,กท.61-8797,2022-03-06 14:31:09,2022-03-06 15:17:43,2022-03-06 15:27:26,2022-03-06 15:27:26
7007413761,กท.79-1830,2022-03-06 14:44:24,2022-03-06 15:27:26,2022-03-06 15:36:58,2022-03-06 15:36:58
7007418806,นม.70-7144,2022-03-06 14:49:38,2022-03-06 15:36:58,2022-03-06 15:42:40,2022-03-06 15:42:40
7007418763,กท.61-6634,2022-03-06 14:50:35,2022-03-06 15:42:40,2022-03-06 15:50:33,2022-03-06 15:50:33
7007413727,กท.79-5579,2022-03-06 14:56:39,2022-03-06 15:50:33,2022-03-06 15:57:23,2022-03-06 15:57:23
7007417073,ฉช.81-4230,2022-03-06 15:03:32,2022-03-06 15:57:23,2022-03-06 16:03:32,2022-03-06 16:03:32
7007413788,กท.79-5843,2022-03-06 15:09:02,2022-03-06 16:03:32,2022-03-06 16:09:36,2022-03-06 16:09:36
7007419253,สค.70-6123,2022-03-06 15:16:17,2022-03-06 16:09:36,2022-03-06 16:18:11,2022-03-06 16:18:11
7007419998,ตร.80-5684,2022-03-06 15:28:13,2022-03-06 16:18:11,2022-03-06 16:27:23,2022-03-06 16:27:23
7007414187,กท.78-6739,2022-03-06 15:29:20,2022-03-06 16:27:23,2022-03-06 16:36:09,2022-03-06 16:36:09
7007413718,กท.78-6744,2022-03-06 15:34:04,2022-03-06 16:36:09,2022-03-06 16:43:15,2022-03-06 16:43:15
7007419653,ชม.70-5122,2022-03-06 15:37:29,2022-03-06 16:43:15,2022-03-06 16:49:45,2022-03-06 16:49:45
7007413700,กท.78-1149,2022-03-06 15:40:18,2022-03-06 16:49:45,2022-03-06 16:55:16,2022-03-06 16:55:16
7007413791,กท.79-0841,2022-03-06 15:42:17,2022-03-06 16:55:16,2022-03-06 17:00:25,2022-03-06 17:00:25
7007419915,ชม.70-5421,2022-03-06 15:48:44,2022-03-06 17:00:25,2022-03-06 17:07:15,2022-03-06 17:07:15
7007413817,กท.79-2716,2022-03-06 15:52:56,2022-03-06 17:07:15,2022-03-06 17:15:54,2022-03-06 17:15:54
7007419742,ลพ.70-0785,2022-03-06 16:00:48,2022-03-06 17:15:54,2022-03-06 17:22:35,2022-03-06 17:22:35
7007420102,ชม.70-5299,2022-03-06 16:10:59,2022-03-06 17:22:35,2022-03-06 17:31:05,2022-03-06 17:31:05
7007420607,กท.79-3257,2022-03-06 16:38:50,2022-03-06 17:31:05,2022-03-06 17:40:04,2022-03-06 17:40:04
7007416947,กท.79-2717,2022-03-06 17:40:54,2022-03-06 17:40:54,2022-03-06 17:46:30,2022-03-06 17:46:30
7007418628,กท.78-7993,2022-03-06 17:47:48,2022-03-06 17:47:48,2022-03-06 17:56:18,2022-03-06 17:56:18
7007416964,กท.78-1149,2022-03-06 18:01:43,2022-03-06 18:01:43,2022-03-06 18:11:30,2022-03-06 18:11:30
7007413840,กท.79-5579,2022-03-06 18:04:30,2022-03-06 18:11:30,2022-03-06 18:19:12,2022-03-06 18:19:12
7007413810,กท.77-8134,2022-03-06 18:05:00,2022-03-06 18:19:12,2022-03-06 18:28:25,2022-03-06 18:28:25
7007417084,กท.74-9070,2022-03-06 18:19:42,2022-03-06 18:28:25,2022-03-06 18:36:09,2022-03-06 18:36:09
7007417152,กท.78-6742,2022-03-06 18:21:45,2022-03-06 18:36:09,2022-03-06 18:43:32,2022-03-06 18:43:32
7007419093,กท.79-1830,2022-03-06 18:46:47,2022-03-06 18:46:47,2022-03-06 18:53:50,2022-03-06 18:53:50
7007416465,กท.78-6744,2022-03-06 18:49:19,2022-03-06 18:53:50,2022-03-06 19:02:38,2022-03-06 19:02:38
7007416938,กท.79-0144,2022-03-06 19:01:24,2022-03-06 19:02:38,2022-03-06 19:08:45,2022-03-06 19:08:45
7007421563,กท.79-0642,2022-03-06 19:18:55,2022-03-06 19:18:55,2022-03-06 19:27:40,2022-03-06 19:27:40
7007417159,กท.79-5584,2022-03-06 20:07:54,2022-03-06 20:07:54,2022-03-06 20:16:08,2022-03-06 20:16:08
7007425032,ชม.70-5192,2022-03-06 23:33:49,2022-03-06 23:33:49,2022-03-06 23:43:35,2022-03-06 23:43:35
7007425042,สค.70-6119,2022-03-07 00:21:18,2022-03-07 00:21:18,2022-03-07 00:29:32,2022-03-07 00:29:32
7007425043,ชม.70-4355,2022-03-07 00:34:13,2022-03-07 00:34:13,2022-03-07 00:44:03,2022-03-07 00:44:03
7007425067,สค.70-6124,2022-03-07 00:50:40,2022-03-07 00:50:40,2022-03-07 00:58:48,2022-03-07 00:58:48
7007425072,ชม.70-5301,2022-03-07 01:13:29,2022-03-07 01:13:29,2022-03-07 01:21:50,2022-03-07 01:21:50
7007417134,ฉช.82-8346,2022-03-07 02:35:18,2022-03-07 02:35:18,2022-03-07 02:40:35,2022-03-07 02:40:35
7007425107,สค.70-4335,2022-03-07 03:08:42,2022-03-07 03:08:42,2022-03-07 03:17:28,2022-03-07 03:17:28
7007425138,สค.70-4333,2022-03-07 03:55:53,2022-03-07 03:55:53,2022-03-07 04:05:26,2022-03-07 04:05:26
7007425137,กท.61-6077,2022-03-07 04:02:06,2022-03-07 04:05:26,2022-03-07 04:12:19,2022-03-07 04:12:19
7007417085,กท.75-1033,2022-03-07 04:26:34,2022-03-07 04:26:34,2022-03-07 04:35:32,2022-03-07 04:35:32
7007417089,กท.78-1149,2022-03-07 06:24:01,2022-03-07 06:24:01,2022-03-07 06:29:02,2022-03-07 06:29:02
7007417069,กท.79-2716,2022-03-07 06:27:12,2022-03-07 06:29:02,2022-03-07 06:34:25,2022-03-07 06:34:25
7007417142,กท.79-5843,2022-03-07 06:37:52,2022-03-07 06:37:52,2022-03-07 06:43:31,2022-03-07 06:43:31
7007417099,กท.79-1830,2022-03-07 06:41:40,2022-03-07 06:43:31,2022-03-07 06:50:20,2022-03-07 06:50:20
7007425191,กท.79-1816,2022-03-07 06:44:29,2022-03-07 06:50:20,2022-03-07 06:58:31,2022-03-07 06:58:31
7007417081,กท.78-6739,2022-03-07 06:53:50,2022-03-07 06:58:31,2022-03-07 07:07:56,2022-03-07 07:07:56
7007417123,กท.79-1961,2022-03-07 06:56:17,2022-03-07 07:07:56,2022-03-07 07:15:03,2022-03-07 07:15:03
7007417129,กท.77-9738,2022-03-07 07:05:02,2022-03-07 07:15:03,2022-03-07 07:23:09,2022-03-07 07:23:09
7007421531,กท.77-8134,2022-03-07 07:08:07,2022-03-07 07:23:09,2022-03-07 07:32:52,2022-03-07 07:32:52
7007417061,กท.79-5578,2022-03-07 07:13:19,2022-03-07 07:32:52,2022-03-07 07:38:44,2022-03-07 07:38:44
7007425223,สค.70-3935,2022-03-07 07:17:02,2022-03-07 07:38:44,2022-03-07 07:45:34,2022-03-07 07:45:34
7007418597,กท.77-8133,2022-03-07 07:23:39,2022-03-07 07:45:34,2022-03-07 07:53:52,2022-03-07 07:53:52
7007417080,กท.79-2717,2022-03-07 07:24:34,2022-03-07 07:53:52,2022-03-07 08:02:49,2022-03-07 08:02:49
7007417112,กท.74-9067,2022-03-07 07:37:21,2022-03-07 08:02:49,2022-03-07 08:10:20,2022-03-07 08:10:20
7007425230,จบ.81-2529,2022-03-07 07:38:10,2022-03-07 08:10:20,2022-03-07 08:20:10,2022-03-07 08:20:10
7007417133,กท.79-5579,2022-03-07 07:46:56,2022-03-07 08:20:10,2022-03-07 08:29:05,2022-03-07 08:29:05
7007425323,สค.70-6125,2022-03-07 07:53:25,2022-03-07 08:29:05,2022-03-07 08:37:00,2022-03-07 08:37:00
7007417120,กท.79-0641,2022-03-07 08:01:32,2022-03-07 08:37:00,2022-03-07 08:45:17,2022-03-07 08:45:17
7007421567,กท.60-4208,2022-03-07 08:04:33,2022-03-07 08:45:17,2022-03-07 08:50:51,2022-03-07 08:50:51
7007425399,นม.70-6730,2022-03-07 08:18:20,2022-03-07 08:50:51,2022-03-07 08:59:22,2022-03-07 08:59:22
7007417140,กท.79-0144,2022-03-07 08:23:52,2022-03-07 08:59:22,2022-03-07 09:07:03,2022-03-07 09:07:03
7007417064,กท.78-7993,2022-03-07 08:28:40,2022-03-07 09:07:03,2022-03-07 09:13:36,2022-03-07 09:13:36
7007417055,กท.60-4205,2022-03-07 08:28:41,2022-03-07 09:13:36,2022-03-07 09:21:02,2022-03-07 09:21:02
7007417131,กท.79-0841,2022-03-07 08:29:12,2022-03-07 09:21:02,2022-03-07 09:30:28,2022-03-07 09:30:28
7007417118,กท.78-6744,2022-03-07 08:40:28,2022-03-07 09:30:28,2022-03-07 09:36:24,2022-03-07 09:36:24
7007425507,กท.79-3257,2022-03-07 08:44:46,2022-03-07 09:36:24,2022-03-07 09:44:39,2022-03-07 09:44:39
7007425659,ชม.70-5261,2022-03-07 08:54:58,2022-03-07 09:44:39,2022-03-07 09:50:40,2022-03-07 09:50:40
7007425539,กท.79-5840,2022-03-07 09:00:42,2022-03-07 09:50:40,2022-03-07 09:59:58,2022-03-07 09:59:58
7007426011,ชบ.84-7139,2022-03-07 09:18:07,2022-03-07 09:59:58,2022-03-07 10:05:17,2022-03-07 10:05:17
7007425838,ชม.70-5299,2022-03-07 09:22:47,2022-03-07 10:05:17,2022-03-07 10:11:41,2022-03-07 10:11:41
7007418599,กท.79-5843,2022-03-07 09:25:32,2022-03-07 10:11:41,2022-03-07 10:19:21,2022-03-07 10:19:21
7007426072,กท.72-3498,2022-03-07 09:44:25,2022-03-07 10:19:21,2022-03-07 10:28:53,2022-03-07 10:28:53
7007426057,กท.79-2898,2022-03-07 09:45:56,2022-03-07 10:28:53,2022-03-07 10:34:45,2022-03-07 10:34:45
7007426175,กท.79-1690,2022-03-07 09:48:05,2022-03-07 10:34:45,2022-03-07 10:41:07,2022-03-07 10:41:07
7007417115,กท.60-4207,2022-03-07 09:54:38,2022-03-07 10:41:07,2022-03-07 10:48:05,2022-03-07 10:48:05
7007426154,ชบ.82-4190,2022-03-07 09:55:46,2022-03-07 10:48:05,2022-03-07 10:56:54,2022-03-07 10:56:54
7007426647,รย.82-0448,2022-03-07 10:02:19,2022-03-07 10:56:54,2022-03-07 11:06:03,2022-03-07 11:06:03
7007426656,ลพ.70-0785,2022-03-07 10:11:53,2022-03-07 11:06:03,2022-03-07 11:15:31,2022-03-07 11:15:31
7007426650,ชบ.84-7975,2022-03-07 10:17:18,2022-03-07 11:15:31,2022-03-07 11:25:22,2022-03-07 11:25:22
7007426671,ชม.70-4355,2022-03-07 10:21:55,2022-03-07 11:25:22,2022-03-07 11:32:31,2022-03-07 11:32:31
7007417087,กท.79-2716,2022-03-07 10:24:48,2022-03-07 11:32:31,2022-03-07 11:38:29,2022-03-07 11:38:29
7007426874,กท.77-6494,2022-03-07 10:30:26,2022-03-07 11:38:29,2022-03-07 11:45:59,2022-03-07 11:45:59
7007426870,กท.61-8383,2022-03-07 10:32:50,2022-03-07 11:45:59,2022-03-07 11:51:19,2022-03-07 11:51:19
7007426906,ชม.70-5421,2022-03-07 10:42:36,2022-03-07 11:51:19,2022-03-07 11:57:33,2022-03-07 11:57:33
7007426919,กท.61-6876,2022-03-07 10:49:45,2022-03-07 11:57:33,2022-03-07 12:05:08,2022-03-07 12:05:08
7007426864,ชบ.85-3878,2022-03-07 10:50:52,2022-03-07 12:05:08,2022-03-07 12:11:14,2022-03-07 12:11:14
7007426929,ชม.70-6507,2022-03-07 10:58:36,2022-03-07 12:11:14,2022-03-07 12:20:31,2022-03-07 12:20:31
7007417157,กท.77-8133,2022-03-07 11:01:50,2022-03-07 12:20:31,2022-03-07 12:29:02,2022-03-07 12:29:02
7007426947,กท.75-9389,2022-03-07 11:07:39,2022-03-07 12:29:02,2022-03-07 12:37:58,2022-03-07 12:37:58
7007427040,จบ.80-8222,2022-03-07 11:20:53,2022-03-07 12:37:58,2022-03-07 12:43:24,2022-03-07 12:43:24
7007417126,กท.79-1961,2022-03-07 11:24:23,2022-03-07 12:43:24,2022-03-07 12:53:22,2022-03-07 12:53:22
7007421554,กท.79-0144,2022-03-07 11:28:50,2022-03-07 12:53:22,2022-03-07 12:59:12,2022-03-07 12:59:12
7007426925,ฉช.81-3257,2022-03-07 11:31:44,2022-03-07 12:59:12,2022-03-07 13:08:02,2022-03-07 13:08:02
7007417063,กท.77-9738,2022-03-07 11:40:59,2022-03-07 13:08:02,2022-03-07 13:17:04,2022-03-07 13:17:04
7007427176,กท.79-8995,2022-03-07 11:43:56,2022-03-07 13:17:04,2022-03-07 13:26:19,2022-03-07 13:26:19
7007427277,กท.79-7440,2022-03-07 11:47:53,2022-03-07 13:26:19,2022-03-07 13:35:32,2022-03-07 13:35:32
7007427199,กท.61-4720,2022-03-07 11:48:33,2022-03-07 13:35:32,2022-03-07 13:43:56,2022-03-07 13:43:56
7007427443,กท.61-7783,2022-03-07 11:56:56,2022-03-07 13:43:56,2022-03-07 13:50:03,2022-03-07 13:50:03
7007417145,กท.74-9067,2022-03-07 12:00:27,2022-03-07 13:50:03,2022-03-07 13:59:47,2022-03-07 13:59:47
7007427729,ชบ.71-4793,2022-03-07 12:09:48,2022-03-07 13:59:47,2022-03-07 14:09:19,2022-03-07 14:09:19
7007427814,ลพ.70-0786,2022-03-07 12:17:44,2022-03-07 14:09:19,2022-03-07 14:16:49,2022-03-07 14:16:49
7007427827,ชม.70-4219,2022-03-07 12:17:50,2022-03-07 14:16:49,2022-03-07 14:26:43,2022-03-07 14:26:43
7007425883,ฉช.82-8346,2022-03-07 12:26:01,2022-03-07 14:26:43,2022-03-07 14:34:12,2022-03-07 14:34:12
7007427847,กท.79-8107,2022-03-07 12:32:34,2022-03-07 14:34:12,2022-03-07 14:42:02,2022-03-07 14:42:02
7007427911,กท.61-6077,2022-03-07 12:45:02,2022-03-07 14:42:02,2022-03-07 14:51:28,2022-03-07 14:51:28
7007427744,กท.79-0641,2022-03-07 13:01:01,2022-03-07 14:51:28,2022-03-07 14:59:06,2022-03-07 14:59:06
7007427950,ชม.70-5420,2022-03-07 13:04:39,2022-03-07 14:59:06,2022-03-07 15:07:23,2022-03-07 15:07:23
7007427917,ชม.70-6755,2022-03-07 13:06:03,2022-03-07 15:07:23,2022-03-07 15:14:23,2022-03-07 15:14:23
7007428054,ชม.70-5302,2022-03-07 13:23:52,2022-03-07 15:14:23,2022-03-07 15:21:59,2022-03-07 15:21:59
7007427926,ชม.70-5997,2022-03-07 13:26:18,2022-03-07 15:21:59,2022-03-07 15:30:25,2022-03-07 15:30:25
7007417128,กท.78-6739,2022-03-07 13:31:19,2022-03-07 15:30:25,2022-03-07 15:36:49,2022-03-07 15:36:49
7007418595,กท.79-2717,2022-03-07 13:36:57,2022-03-07 15:36:49,2022-03-07 15:45:27,2022-03-07 15:45:27
7007417147,กท.79-1830,2022-03-07 13:45:57,2022-03-07 15:45:27,2022-03-07 15:50:50,2022-03-07 15:50:50
7007426645,กท.79-0841,2022-03-07 13:50:40,2022-03-07 15:50:50,2022-03-07 15:56:00,2022-03-07 15:56:00
7007417075,กท.79-5584,2022-03-07 13:50:50,2022-03-07 15:56:00,2022-03-07 16:04:52,2022-03-07 16:04:52
7007421575,กท.79-0642,2022-03-07 14:00:22,2022-03-07 16:04:52,2022-03-07 16:10:16,2022-03-07 16:10:16
7007417077,กท.79-5578,2022-03-07 14:23:38,2022-03-07 16:10:16,2022-03-07 16:16:48,2022-03-07 16:16:48
7007429081,ชม.70-5122,2022-03-07 14:32:43,2022-03-07 16:16:48,2022-03-07 16:24:14,2022-03-07 16:24:14
7007417160,กท.78-6742,2022-03-07 14:40:54,2022-03-07 16:24:14,2022-03-07 16:31:49,2022-03-07 16:31:49
7007417093,กท.79-5579,2022-03-07 14:51:53,2022-03-07 16:31:49,2022-03-07 16:36:57,2022-03-07 16:36:57
7007425879,ฉช.81-4230,2022-03-07 15:09:21,2022-03-07 16:36:57,2022-03-07 16:43:32,2022-03-07 16:43:32
7007417104,กท.78-1149,2022-03-07 15:48:55,2022-03-07 16:43:32,2022-03-07 16:52:19,2022-03-07 16:52:19
7007425803,กท.78-6744,2022-03-07 16:00:35,2022-03-07 16:52:19,2022-03-07 16:58:25,2022-03-07 16:58:25
7007430695,กท.79-5841,2022-03-07 16:07:22,2022-03-07 16:58:25,2022-03-07 17:04:17,2022-03-07 17:04:17
7007426053,กท.79-5843,2022-03-07 16:11:47,2022-03-07 17:04:17,2022-03-07 17:11:52,2022-03-07 17:11:52
7007431151,ชม.70-5123,2022-03-07 16:17:02,2022-03-07 17:11:52,2022-03-07 17:18:03,2022-03-07 17:18:03
7007425966,กท.79-0644,2022-03-07 16:38:38,2022-03-07 17:18:03,2022-03-07 17:23:08,2022-03-07 17:23:08
7007427381,กท.79-1961,2022-03-07 16:46:03,2022-03-07 17:23:08,2022-03-07 17:30:41,2022-03-07 17:30:41
7007427389,กท.77-8133,2022-03-07 16:50:22,2022-03-07 17:30:41,2022-03-07 17:40:36,2022-03-07 17:40:36
7007425891,กท.77-9738,2022-03-07 16:59:50,2022-03-07 17:40:36,2022-03-07 17:47:19,2022-03-07 17:47:19
7007431467,สค.70-4074,2022-03-07 17:04:46,2022-03-07 17:47:19,2022-03-07 17:52:31,2022-03-07 17:52:31
7007432071,สค.70-4333,2022-03-08 00:20:50,2022-03-08 00:20:50,2022-03-08 00:26:45,2022-03-08 00:26:45
7007432073,ชม.70-5299,2022-03-08 00:22:31,2022-03-08 00:26:45,2022-03-08 00:36:39,2022-03-08 00:36:39
7007432074,ชม.70-4355,2022-03-08 00:33:31,2022-03-08 00:36:39,2022-03-08 00:44:55,2022-03-08 00:44:55
7007432072,สค.70-2917,2022-03-08 00:36:52,2022-03-08 00:44:55,2022-03-08 00:53:15,2022-03-08 00:53:15
7007432076,สค.70-4386,2022-03-08 00:42:49,2022-03-08 00:53:15,2022-03-08 01:01:46,2022-03-08 01:01:46
7007432070,สค.70-6119,2022-03-08 00:45:00,2022-03-08 01:01:46,2022-03-08 01:08:47,2022-03-08 01:08:47
7007425953,ฉช.82-4812,2022-03-08 00:52:56,2022-03-08 01:08:47,2022-03-08 01:16:22,2022-03-08 01:16:22
7007432075,สค.70-2507,2022-03-08 00:58:20,2022-03-08 01:16:22,2022-03-08 01:22:00,2022-03-08 01:22:00
7007432099,ชม.70-5261,2022-03-08 01:02:47,2022-03-08 01:22:00,2022-03-08 01:31:13,2022-03-08 01:31:13
7007432078,ชม.70-5301,2022-03-08 01:06:09,2022-03-08 01:31:13,2022-03-08 01:37:16,2022-03-08 01:37:16
7007432103,สค.70-2919,2022-03-08 01:33:03,2022-03-08 01:37:16,2022-03-08 01:42:39,2022-03-08 01:42:39
7007425876,ฉช.82-8528,2022-03-08 02:24:44,2022-03-08 02:24:44,2022-03-08 02:31:06,2022-03-08 02:31:06
7007432141,ฉช.82-2839,2022-03-08 03:26:59,2022-03-08 03:26:59,2022-03-08 03:32:12,2022-03-08 03:32:12
7007432156,กท.79-7691,2022-03-08 04:28:48,2022-03-08 04:28:48,2022-03-08 04:34:04,2022-03-08 04:34:04
7007425869,กท.79-2716,2022-03-08 06:22:19,2022-03-08 06:22:19,2022-03-08 06:30:36,2022-03-08 06:30:36
7007425974,กท.78-6742,2022-03-08 06:23:33,2022-03-08 06:30:36,2022-03-08 06:37:14,2022-03-08 06:37:14
7007432212,ชบ.85-0496,2022-03-08 06:34:48,2022-03-08 06:37:14,2022-03-08 06:42:44,2022-03-08 06:42:44
7007425885,กท.78-1149,2022-03-08 06:38:27,2022-03-08 06:42:44,2022-03-08 06:49:17,2022-03-08 06:49:17
7007432202,สค.70-6123,2022-03-08 06:44:50,2022-03-08 06:49:17,2022-03-08 06:57:28,2022-03-08 06:57:28
7007425959,กท.79-0841,2022-03-08 06:49:07,2022-03-08 06:57:28,2022-03-08 07:05:21,2022-03-08 07:05:21
7007425895,กท.79-0144,2022-03-08 07:00:23,2022-03-08 07:05:21,2022-03-08 07:14:40,2022-03-08 07:14:40
7007427394,กท.79-1830,2022-03-08 07:11:16,2022-03-08 07:14:40,2022-03-08 07:20:04,2022-03-08 07:20:04
7007432257,ชม.70-5300,2022-03-08 07:12:28,2022-03-08 07:20:04,2022-03-08 07:25:58,2022-03-08 07:25:58
7007432207,กท.78-4646,2022-03-08 07:14:18,2022-03-08 07:25:58,2022-03-08 07:35:57,2022-03-08 07:35:57
7007432273,กท.61-6471,2022-03-08 07:21:51,2022-03-08 07:35:57,2022-03-08 07:44:41,2022-03-08 07:44:41
7007432268,ชม.70-5122,2022-03-08 07:23:37,2022-03-08 07:44:41,2022-03-08 07:53:49,2022-03-08 07:53:49
7007425968,กท.78-6739,2022-03-08 07:29:20,2022-03-08 07:53:49,2022-03-08 07:59:58,2022-03-08 07:59:58
7007431362,กท.79-5578,2022-03-08 07:35:03,2022-03-08 07:59:58,2022-03-08 08:05:35,2022-03-08 08:05:35
7007425904,กท.79-0642,2022-03-08 07:40:03,2022-03-08 08:05:35,2022-03-08 08:14:35,2022-03-08 08:14:35
7007432277,สค.70-4335,2022-03-08 07:40:43,2022-03-08 08:14:35,2022-03-08 08:21:53,2022-03-08 08:21:53
7007425893,กท.79-5579,2022-03-08 07:52:00,2022-03-08 08:21:53,2022-03-08 08:27:59,2022-03-08 08:27:59
7007427403,กท.74-9070,2022-03-08 07:52:21,2022-03-08 08:27:59,2022-03-08 08:37:03,2022-03-08 08:37:03
7007425955,กท.78-7993,2022-03-08 07:56:12,2022-03-08 08:37:03,2022-03-08 08:45:48,2022-03-08 08:45:48
7007426054,กท.79-2717,2022-03-08 08:03:17,2022-03-08 08:45:48,2022-03-08 08:53:23,2022-03-08 08:53:23
7007425909,กท.74-9067,2022-03-08 08:11:05,2022-03-08 08:53:23,2022-03-08 09:00:24,2022-03-08 09:00:24
7007425888,กท.79-0641,2022-03-08 08:14:51,2022-03-08 09:00:24,2022-03-08 09:06:30,2022-03-08 09:06:30
7007425810,กท.77-8134,2022-03-08 08:26:44,2022-03-08 09:06:30,2022-03-08 09:13:34,2022-03-08 09:13:34
7007425877,กท.76-4825,2022-03-08 08:26:51,2022-03-08 09:13:34,2022-03-08 09:19:19,2022-03-08 09:19:19
7007425822,กท.60-4207,2022-03-08 08:32:48,2022-03-08 09:19:19,2022-03-08 09:28:47,2022-03-08 09:28:47
7007425910,กท.79-5584,2022-03-08 08:36:34,2022-03-08 09:28:47,2022-03-08 09:34:33,2022-03-08 09:34:33
7007427404,ฉช.82-7443,2022-03-08 08:42:05,2022-03-08 09:34:33,2022-03-08 09:43:28,2022-03-08 09:43:28
7007432678,กท.79-3258,2022-03-08 08:44:55,2022-03-08 09:43:28,2022-03-08 09:51:25,2022-03-08 09:51:25
7007432789,ลพ.70-0786,2022-03-08 08:54:54,2022-03-08 09:51:25,2022-03-08 10:00:30,2022-03-08 10:00:30
7007432815,กท.79-3259,2022-03-08 08:57:16,2022-03-08 10:00:30,2022-03-08 10:08:19,2022-03-08 10:08:19
7007432980,กท.79-3257,2022-03-08 09:06:29,2022-03-08 10:08:19,2022-03-08 10:16:42,2022-03-08 10:16:42
7007433007,กท.79-5841,2022-03-08 09:11:47,2022-03-08 10:16:42,2022-03-08 10:26:05,2022-03-08 10:26:05
7007433203,ชบ.85-3878,2022-03-08 09:16:49,2022-03-08 10:26:05,2022-03-08 10:33:24,2022-03-08 10:33:24
7007433305,กท.75-3041,2022-03-08 09:20:44,2022-03-08 10:33:24,2022-03-08 10:41:02,2022-03-08 10:41:02
7007433447,กท.75-6899,2022-03-08 09:51:43,2022-03-08 10:41:02,2022-03-08 10:46:15,2022-03-08 10:46:15
7007433317,ชบ.84-7237,2022-03-08 09:54:12,2022-03-08 10:46:15,2022-03-08 10:53:14,2022-03-08 10:53:14
7007425964,กท.79-0841,2022-03-08 09:59:12,2022-03-08 10:53:14,2022-03-08 11:01:05,2022-03-08 11:01:05
7007433607,นม.70-6589,2022-03-08 10:10:23,2022-03-08 11:01:05,2022-03-08 11:08:38,2022-03-08 11:08:38
7007433550,กท.79-8105,2022-03-08 10:11:30,2022-03-08 11:08:38,2022-03-08 11:16:43,2022-03-08 11:16:43
7007433579,ชบ.84-7139,2022-03-08 10:17:04,2022-03-08 11:16:43,2022-03-08 11:26:35,2022-03-08 11:26:35
7007433856,ชม.70-5125,2022-03-08 10:47:57,2022-03-08 11:26:35,2022-03-08 11:36:33,2022-03-08 11:36:33
7007433779,จบ.80-8222,2022-03-08 10:54:38,2022-03-08 11:36:33,2022-03-08 11:42:23,2022-03-08 11:42:23
7007425960,กท.78-7993,2022-03-08 10:57:43,2022-03-08 11:42:23,2022-03-08 11:50:49,2022-03-08 11:50:49
7007433882,นม.70-5434,2022-03-08 11:06:53,2022-03-08 11:50:49,2022-03-08 11:57:06,2022-03-08 11:57:06
7007426052,กท.78-6739,2022-03-08 11:21:36,2022-03-08 11:57:06,2022-03-08 12:05:03,2022-03-08 12:05:03
7007426056,กท.79-5578,2022-03-08 11:21:41,2022-03-08 12:05:03,2022-03-08 12:14:18,2022-03-08 12:14:18
7007434022,กท.75-2786,2022-03-08 11:26:57,2022-03-08 12:14:18,2022-03-08 12:21:23,2022-03-08 12:21:23
7007427408,กท.79-2717,2022-03-08 11:29:15,2022-03-08 12:21:23,2022-03-08 12:27:20,2022-03-08 12:27:20
7007433927,ฉช.82-8528,2022-03-08 11:56:37,2022-03-08 12:27:20,2022-03-08 12:36:40,2022-03-08 12:36:40
7007425806,ฉช.82-7443,2022-03-08 12:04:20,2022-03-08 12:36:40,2022-03-08 12:42:05,2022-03-08 12:42:05
7007433923,ฉช.82-4812,2022-03-08 12:08:31,2022-03-08 12:42:05,2022-03-08 12:48:09,2022-03-08 12:48:09
7007425873,กท.79-5579,2022-03-08 12:32:03,2022-03-08 12:48:09,2022-03-08 12:55:32,2022-03-08 12:55:32
7007434246,กท.79-2898,2022-03-08 12:40:39,2022-03-08 12:55:32,2022-03-08 13:02:35,2022-03-08 13:02:35
7007434338,ชบ.82-4190,2022-03-08 12:43:35,2022-03-08 13:02:35,2022-03-08 13:08:11,2022-03-08 13:08:11
7007425905,กท.75-1033,2022-03-08 12:50:53,2022-03-08 13:08:11,2022-03-08 13:17:23,2022-03-08 13:17:23
7007434297,กท.61-4783,2022-03-08 12:55:39,2022-03-08 13:17:23,2022-03-08 13:25:02,2022-03-08 13:25:02
7007434266,กท.78-1149,2022-03-08 12:59:05,2022-03-08 13:25:02,2022-03-08 13:33:38,2022-03-08 13:33:38
7007425815,กท.78-6744,2022-03-08 13:05:49,2022-03-08 13:33:38,2022-03-08 13:42:56,2022-03-08 13:42:56
7007433683,กท.78-6742,2022-03-08 13:06:32,2022-03-08 13:42:56,2022-03-08 13:51:34,2022-03-08 13:51:34
7007434404,ชม.70-5421,2022-03-08 13:12:57,2022-03-08 13:51:34,2022-03-08 13:59:43,2022-03-08 13:59:43
7007434417,กท.79-1818,2022-03-08 13:14:57,2022-03-08 13:59:43,2022-03-08 14:06:37,2022-03-08 14:06:37
7007434428,ตร.80-5684,2022-03-08 13:26:35,2022-03-08 14:06:37,2022-03-08 14:12:32,2022-03-08 14:12:32
7007425880,กท.79-0642,2022-03-08 13:26:46,2022-03-08 14:12:32,2022-03-08 14:18:12,2022-03-08 14:18:12
7007430441,กท.77-8134,2022-03-08 13:37:24,2022-03-08 14:18:12,2022-03-08 14:23:24,2022-03-08 14:23:24
7007434300,กท.79-1830,2022-03-08 13:44:28,2022-03-08 14:23:24,2022-03-08 14:28:46,2022-03-08 14:28:46
7007425901,กท.79-0144,2022-03-08 13:48:29,2022-03-08 14:28:46,2022-03-08 14:37:39,2022-03-08 14:37:39
7007433659,กท.77-9738,2022-03-08 14:16:49,2022-03-08 14:37:39,2022-03-08 14:42:41,2022-03-08 14:42:41
7007425947,กท.77-8133,2022-03-08 14:22:59,2022-03-08 14:42:41,2022-03-08 14:47:57,2022-03-08 14:47:57
7007434807,กท.61-6876,2022-03-08 14:27:26,2022-03-08 14:47:57,2022-03-08 14:55:59,2022-03-08 14:55:59
7007435038,กท.79-7691,2022-03-08 14:37:46,2022-03-08 14:55:59,2022-03-08 15:05:29,2022-03-08 15:05:29
7007435166,กท.61-6471,2022-03-08 14:38:31,2022-03-08 15:05:29,2022-03-08 15:14:10,2022-03-08 15:14:10
7007426066,กท.79-5584,2022-03-08 14:49:00,2022-03-08 15:14:10,2022-03-08 15:23:03,2022-03-08 15:23:03
7007425984,กท.79-2716,2022-03-08 14:55:39,2022-03-08 15:23:03,2022-03-08 15:32:53,2022-03-08 15:32:53
7007435292,ชม.70-5302,2022-03-08 15:02:12,2022-03-08 15:32:53,2022-03-08 15:42:17,2022-03-08 15:42:17
7007425949,กท.79-0641,2022-03-08 15:05:05,2022-03-08 15:42:17,2022-03-08 15:50:21,2022-03-08 15:50:21
7007435413,ชม.70-4219,2022-03-08 15:14:40,2022-03-08 15:50:21,2022-03-08 15:59:14,2022-03-08 15:59:14
7007425884,กท.79-5843,2022-03-08 15:18:41,2022-03-08 15:59:14,2022-03-08 16:06:50,2022-03-08 16:06:50
7007435310,ชบ.85-3878,2022-03-08 15:19:35,2022-03-08 16:06:50,2022-03-08 16:13:02,2022-03-08 16:13:02
7007435479,กท.79-5841,2022-03-08 15:25:00,2022-03-08 16:13:02,2022-03-08 16:20:18,2022-03-08 16:20:18
7007425963,กท.79-1961,2022-03-08 15:36:18,2022-03-08 16:20:18,2022-03-08 16:28:20,2022-03-08 16:28:20
7007433680,กท.79-0644,2022-03-08 15:52:14,2022-03-08 16:28:20,2022-03-08 16:34:23,2022-03-08 16:34:23
7007435771,กท.79-5840,2022-03-08 16:10:03,2022-03-08 16:34:23,2022-03-08 16:41:14,2022-03-08 16:41:14
7007436379,รย.81-6767,2022-03-08 16:43:45,2022-03-08 16:43:45,2022-03-08 16:53:08,2022-03-08 16:53:08
7007434881,ฉช.81-4230,2022-03-08 16:46:17,2022-03-08 16:53:08,2022-03-08 17:03:05,2022-03-08 17:03:05
7007425892,ฉช.82-7443,2022-03-08 16:57:30,2022-03-08 17:03:05,2022-03-08 17:10:16,2022-03-08 17:10:16
7007433666,กท.79-0642,2022-03-08 17:07:40,2022-03-08 17:10:16,2022-03-08 17:15:50,2022-03-08 17:15:50
7007436320,กท.74-9067,2022-03-08 17:09:03,2022-03-08 17:15:50,2022-03-08 17:24:21,2022-03-08 17:24:21
7007435581,กท.79-5579,2022-03-08 17:42:20,2022-03-08 17:42:20,2022-03-08 17:51:38,2022-03-08 17:51:38
7007434631,กท.77-9738,2022-03-08 17:49:52,2022-03-08 17:51:38,2022-03-08 17:59:01,2022-03-08 17:59:01
7007434875,กท.77-8134,2022-03-08 18:28:35,2022-03-08 18:28:35,2022-03-08 18:35:52,2022-03-08 18:35:52
7007434629,กท.77-8133,2022-03-08 18:34:35,2022-03-08 18:35:52,2022-03-08 18:42:08,2022-03-08 18:42:08
7007434656,กท.78-1149,2022-03-08 18:43:56,2022-03-08 18:43:56,2022-03-08 18:49:17,2022-03-08 18:49:17
7007436768,กท.78-6742,2022-03-08 19:06:10,2022-03-08 19:06:10,2022-03-08 19:14:16,2022-03-08 19:14:16
7007437245,ชม.70-4355,2022-03-09 00:24:22,2022-03-09 00:24:22,2022-03-09 00:33:12,2022-03-09 00:33:12
7007437247,ชม.70-5301,2022-03-09 00:30:37,2022-03-09 00:33:12,2022-03-09 00:38:30,2022-03-09 00:38:30
7007437254,สค.70-4397,2022-03-09 00:34:17,2022-03-09 00:38:30,2022-03-09 00:46:37,2022-03-09 00:46:37
7007437244,สค.70-6119,2022-03-09 00:49:15,2022-03-09 00:49:15,2022-03-09 00:57:59,2022-03-09 00:57:59
7007437246,สค.70-5407,2022-03-09 00:52:37,2022-03-09 00:57:59,2022-03-09 01:07:35,2022-03-09 01:07:35
7007437248,สค.70-6125,2022-03-09 00:54:50,2022-03-09 01:07:35,2022-03-09 01:14:07,2022-03-09 01:14:07
7007437261,ลพ.70-0785,2022-03-09 01:07:03,2022-03-09 01:14:07,2022-03-09 01:21:30,2022-03-09 01:21:30
7007437255,สค.70-3937,2022-03-09 01:07:20,2022-03-09 01:21:30,2022-03-09 01:30:06,2022-03-09 01:30:06
7007437256,รย.71-2638,2022-03-09 01:09:20,2022-03-09 01:30:06,2022-03-09 01:38:14,2022-03-09 01:38:14
7007437284,ชม.70-5261,2022-03-09 01:24:53,2022-03-09 01:38:14,2022-03-09 01:44:46,2022-03-09 01:44:46
7007437299,ลพ.70-0786,2022-03-09 02:17:21,2022-03-09 02:17:21,2022-03-09 02:23:27,2022-03-09 02:23:27
7007437307,ชม.70-5300,2022-03-09 02:36:28,2022-03-09 02:36:28,2022-03-09 02:43:33,2022-03-09 02:43:33
7007434886,ฉช.82-3201,2022-03-09 03:00:09,2022-03-09 03:00:09,2022-03-09 03:06:58,2022-03-09 03:06:58
7007434638,กท.79-0644,2022-03-09 03:24:05,2022-03-09 03:24:05,2022-03-09 03:33:19,2022-03-09 03:33:19
7007434653,กท.79-5843,2022-03-09 06:18:54,2022-03-09 06:18:54,2022-03-09 06:28:00,2022-03-09 06:28:00
7007437394,ชม.70-5299,2022-03-09 06:21:43,2022-03-09 06:28:00,2022-03-09 06:36:49,2022-03-09 06:36:49
7007437410,สค.70-6123,2022-03-09 06:36:41,2022-03-09 06:36:49,2022-03-09 06:45:20,2022-03-09 06:45:20
7007436699,กท.79-5584,2022-03-09 06:39:35,2022-03-09 06:45:20,2022-03-09 06:51:09,2022-03-09 06:51:09
7007434642,กท.76-4825,2022-03-09 06:40:12,2022-03-09 06:51:09,2022-03-09 06:58:06,2022-03-09 06:58:06
7007437427,สค.70-4335,2022-03-09 06:46:27,2022-03-09 06:58:06,2022-03-09 07:07:58,2022-03-09 07:07:58
7007434639,กท.79-1830,2022-03-09 06:51:03,2022-03-09 07:07:58,2022-03-09 07:15:54,2022-03-09 07:15:54
7007434640,กท.74-9067,2022-03-09 06:55:45,2022-03-09 07:15:54,2022-03-09 07:21:35,2022-03-09 07:21:35
7007434786,กท.79-5579,2022-03-09 06:58:53,2022-03-09 07:21:35,2022-03-09 07:28:17,2022-03-09 07:28:17
7007437439,กท.61-6471,2022-03-09 07:02:27,2022-03-09 07:28:17,2022-03-09 07:33:34,2022-03-09 07:33:34
7007434658,กท.79-2716,2022-03-09 07:11:32,2022-03-09 07:33:34,2022-03-09 07:40:56,2022-03-09 07:40:56
7007434644,กท.79-5578,2022-03-09 07:14:09,2022-03-09 07:40:56,2022-03-09 07:48:26,2022-03-09 07:48:26
7007434647,กท.79-1961,2022-03-09 07:23:17,2022-03-09 07:48:26,2022-03-09 07:57:45,2022-03-09 07:57:45
7007434659,กท.79-0144,2022-03-09 07:26:08,2022-03-09 07:57:45,2022-03-09 08:06:01,2022-03-09 08:06:01
7007437465,กท.78-4646,2022-03-09 07:32:42,2022-03-09 08:06:01,2022-03-09 08:11:35,2022-03-09 08:11:35
7007436680,กท.78-6739,2022-03-09 07:40:04,2022-03-09 08:11:35,2022-03-09 08:18:24,2022-03-09 08:18:24
7007434637,กท.79-0641,2022-03-09 07:44:05,2022-03-09 08:18:24,2022-03-09 08:27:48,2022-03-09 08:27:48
7007435385,กท.79-0642,2022-03-09 07:44:07,2022-03-09 08:27:48,2022-03-09 08:36:12,2022-03-09 08:36:12
7007434627,ฉช.82-7443,2022-03-09 07:55:04,2022-03-09 08:36:12,2022-03-09 08:45:56,2022-03-09 08:45:56
7007436829,กท.78-7993,2022-03-09 07:57:18,2022-03-09 08:45:56,2022-03-09 08:52:33,2022-03-09 08:52:33
7007434630,กท.79-0841,2022-03-09 08:08:34,2022-03-09 08:52:33,2022-03-09 09:00:14,2022-03-09 09:00:14
7007434654,กท.60-4205,2022-03-09 08:10:30,2022-03-09 09:00:14,2022-03-09 09:08:38,2022-03-09 09:08:38
7007434808,กท.79-2717,2022-03-09 08:21:09,2022-03-09 09:08:38,2022-03-09 09:18:11,2022-03-09 09:18:11
7007434635,กท.78-6744,2022-03-09 08:21:38,2022-03-09 09:18:11,2022-03-09 09:25:41,2022-03-09 09:25:41
7007437691,นม.70-6730,2022-03-09 08:31:18,2022-03-09 09:25:41,2022-03-09 09:32:11,2022-03-09 09:32:11
7007437725,กท.79-5842,2022-03-09 08:38:45,2022-03-09 09:32:11,2022-03-09 09:40:37,2022-03-09 09:40:37
7007437911,กท.79-3258,2022-03-09 08:51:52,2022-03-09 09:40:37,2022-03-09 09:50:09,2022-03-09 09:50:09
7007437703,กท.79-3259,2022-03-09 08:53:49,2022-03-09 09:50:09,2022-03-09 09:56:49,2022-03-09 09:56:49
7007438020,ฉช.81-3257,2022-03-09 09:13:55,2022-03-09 09:56:49,2022-03-09 10:05:34,2022-03-09 10:05:34
7007434671,กท.75-1033,2022-03-09 09:16:32,2022-03-09 10:05:34,2022-03-09 10:14:23,2022-03-09 10:14:23
7007438119,กท.79-8105,2022-03-09 09:29:14,2022-03-09 10:14:23,2022-03-09 10:21:25,2022-03-09 10:21:25
7007438117,กท.79-2898,2022-03-09 09:34:38,2022-03-09 10:21:25,2022-03-09 10:31:13,2022-03-09 10:31:13
7007438122,กท.79-7440,2022-03-09 09:38:54,2022-03-09 10:31:13,2022-03-09 10:40:01,2022-03-09 10:40:01
7007438110,ชม.70-5420,2022-03-09 09:43:20,2022-03-09 10:40:01,2022-03-09 10:46:57,2022-03-09 10:46:57
7007438124,กท.79-5840,2022-03-09 09:49:38,2022-03-09 10:46:57,2022-03-09 10:52:20,2022-03-09 10:52:20
7007438196,ฉช.82-2839,2022-03-09 09:53:43,2022-03-09 10:52:20,2022-03-09 10:58:31,2022-03-09 10:58:31
7007438388,นม.70-6720,2022-03-09 10:01:20,2022-03-09 10:58:31,2022-03-09 11:04:45,2022-03-09 11:04:45
7007438156,ชม.70-5302,2022-03-09 10:08:59,2022-03-09 11:04:45,2022-03-09 11:11:32,2022-03-09 11:11:32
7007436689,กท.79-2717,2022-03-09 10:11:10,2022-03-09 11:11:32,2022-03-09 11:19:45,2022-03-09 11:19:45
7007438462,ชบ.83-3599,2022-03-09 10:16:17,2022-03-09 11:19:45,2022-03-09 11:26:30,2022-03-09 11:26:30
7007438586,ชม.70-4219,2022-03-09 10:23:18,2022-03-09 11:26:30,2022-03-09 11:33:51,2022-03-09 11:33:51
7007438109,ฉช.82-3201,2022-03-09 10:24:03,2022-03-09 11:33:51,2022-03-09 11:39:04,2022-03-09 11:39:04
7007434809,กท.79-0641,2022-03-09 10:38:46,2022-03-09 11:39:04,2022-03-09 11:44:10,2022-03-09 11:44:10
7007434634,กท.79-5579,2022-03-09 10:41:54,2022-03-09 11:44:10,2022-03-09 11:51:32,2022-03-09 11:51:32
7007436401,กท.79-0841,2022-03-09 10:54:41,2022-03-09 11:51:32,2022-03-09 11:58:04,2022-03-09 11:58:04
7007438791,กท.61-6876,2022-03-09 11:00:12,2022-03-09 11:58:04,2022-03-09 12:04:15,2022-03-09 12:04:15
7007438768,ชม.70-6751,2022-03-09 11:03:20,2022-03-09 12:04:15,2022-03-09 12:10:03,2022-03-09 12:10:03
7007434632,กท.79-5584,2022-03-09 11:04:01,2022-03-09 12:10:03,2022-03-09 12:18:31,2022-03-09 12:18:31
7007434670,กท.78-6744,2022-03-09 11:12:02,2022-03-09 12:18:31,2022-03-09 12:23:51,2022-03-09 12:23:51
7007438921,สค.70-4074,2022-03-09 11:12:21,2022-03-09 12:23:51,2022-03-09 12:33:22,2022-03-09 12:33:22
7007439036,ชบ.71-8902,2022-03-09 11:28:11,2022-03-09 12:33:22,2022-03-09 12:43:03,2022-03-09 12:43:03
7007439057,ลพ.70-0785,2022-03-09 11:29:02,2022-03-09 12:43:03,2022-03-09 12:50:35,2022-03-09 12:50:35
7007434646,กท.60-4208,2022-03-09 11:39:18,2022-03-09 12:50:35,2022-03-09 12:59:34,2022-03-09 12:59:34
7007439104,ชม.70-5122,2022-03-09 11:41:27,2022-03-09 12:59:34,2022-03-09 13:07:21,2022-03-09 13:07:21
7007439267,กท.78-5932,2022-03-09 11:52:08,2022-03-09 13:07:21,2022-03-09 13:15:11,2022-03-09 13:15:11
7007439287,กท.75-9797,2022-03-09 12:03:49,2022-03-09 13:15:11,2022-03-09 13:21:12,2022-03-09 13:21:12
7007439061,กท.79-1830,2022-03-09 12:10:36,2022-03-09 13:21:12,2022-03-09 13:28:05,2022-03-09 13:28:05
7007439502,ชม.70-5421,2022-03-09 12:25:20,2022-03-09 13:28:05,2022-03-09 13:37:02,2022-03-09 13:37:02
7007439467,จบ.80-3645,2022-03-09 12:29:36,2022-03-09 13:37:02,2022-03-09 13:42:09,2022-03-09 13:42:09
7007439616,ชบ.84-7975,2022-03-09 12:43:54,2022-03-09 13:42:09,2022-03-09 13:51:17,2022-03-09 13:51:17
7007434879,กท.79-0144,2022-03-09 12:43:57,2022-03-09 13:51:17,2022-03-09 13:59:47,2022-03-09 13:59:47
7007437946,กท.77-8133,2022-03-09 12:54:20,2022-03-09 13:59:47,2022-03-09 14:07:02,2022-03-09 14:07:02
7007439673,กท.75-7868,2022-03-09 13:03:39,2022-03-09 14:07:02,2022-03-09 14:14:50,2022-03-09 14:14:50
7007434802,กท.74-9067,2022-03-09 13:06:54,2022-03-09 14:14:50,2022-03-09 14:21:58,2022-03-09 14:21:58
7007434652,กท.79-0644,2022-03-09 13:45:50,2022-03-09 14:21:58,2022-03-09 14:31:16,2022-03-09 14:31:16
7007438063,กท.78-6739,2022-03-09 13:52:07,2022-03-09 14:31:16,2022-03-09 14:40:46,2022-03-09 14:40:46
7007440445,กท.61-8797,2022-03-09 14:05:24,2022-03-09 14:40:46,2022-03-09 14:47:21,2022-03-09 14:47:21
7007435226,กท.79-5843,2022-03-09 14:06:17,2022-03-09 14:47:21,2022-03-09 14:53:26,2022-03-09 14:53:26
7007434663,กท.78-6742,2022-03-09 14:08:24,2022-03-09 14:53:26,2022-03-09 15:01:49,2022-03-09 15:01:49
7007434636,กท.79-0642,2022-03-09 14:13:52,2022-03-09 15:01:49,2022-03-09 15:11:22,2022-03-09 15:11:22
7007434870,ฉช.82-7443,2022-03-09 14:22:11,2022-03-09 15:11:22,2022-03-09 15:16:49,2022-03-09 15:16:49
7007438473,กท.78-7993,2022-03-09 14:22:28,2022-03-09 15:16:49,2022-03-09 15:26:35,2022-03-09 15:26:35
7007434794,กท.79-2716,2022-03-09 14:25:04,2022-03-09 15:26:35,2022-03-09 15:31:58,2022-03-09 15:31:58
7007435382,กท.78-1149,2022-03-09 14:32:14,2022-03-09 15:31:58,2022-03-09 15:39:05,2022-03-09 15:39:05
7007434665,กท.77-8134,2022-03-09 14:38:39,2022-03-09 15:39:05,2022-03-09 15:44:28,2022-03-09 15:44:28
7007439451,กท.79-5578,2022-03-09 14:51:48,2022-03-09 15:44:28,2022-03-09 15:52:08,2022-03-09 15:52:08
7007434633,กท.77-9738,2022-03-09 15:15:56,2022-03-09 15:52:08,2022-03-09 15:58:48,2022-03-09 15:58:48
7007434797,กท.79-1961,2022-03-09 15:20:34,2022-03-09 15:58:48,2022-03-09 16:05:20,2022-03-09 16:05:20
7007441378,กท.79-5840,2022-03-09 15:28:30,2022-03-09 16:05:20,2022-03-09 16:10:40,2022-03-09 16:10:40
7007438210,ฉช.81-4230,2022-03-09 15:42:09,2022-03-09 16:10:40,2022-03-09 16:18:37,2022-03-09 16:18:37
7007441625,ชม.70-5299,2022-03-09 15:54:41,2022-03-09 16:18:37,2022-03-09 16:27:10,2022-03-09 16:27:10
7007438193,ฉช.82-2839,2022-03-09 15:56:25,2022-03-09 16:27:10,2022-03-09 16:33:34,2022-03-09 16:33:34
7007441386,กท.78-6742,2022-03-09 16:29:47,2022-03-09 16:33:34,2022-03-09 16:41:19,2022-03-09 16:41:19
7007442003,ลพ.70-0785,2022-03-09 17:04:36,2022-03-09 17:04:36,2022-03-09 17:11:27,2022-03-09 17:11:27
7007441609,กท.79-5843,2022-03-09 17:45:30,2022-03-09 17:45:30,2022-03-09 17:53:10,2022-03-09 17:53:10
7007438214,กท.78-6739,2022-03-09 17:51:35,2022-03-09 17:53:10,2022-03-09 18:00:21,2022-03-09 18:00:21
7007438219,กท.77-8134,2022-03-09 17:51:52,2022-03-09 18:00:21,2022-03-09 18:07:53,2022-03-09 18:07:53
7007438201,กท.78-7993,2022-03-09 17:53:50,2022-03-09 18:07:53,2022-03-09 18:14:34,2022-03-09 18:14:34
7007438291,กท.79-0642,2022-03-09 18:27:29,2022-03-09 18:27:29,2022-03-09 18:34:00,2022-03-09 18:34:00
7007442506,ชม.70-4355,2022-03-10 00:16:57,2022-03-10 00:16:57,2022-03-10 00:24:22,2022-03-10 00:24:22
7007442570,จบ.80-8222,2022-03-10 00:24:15,2022-03-10 00:24:22,2022-03-10 00:32:24,2022-03-10 00:32:24
7007442507,สค.70-6119,2022-03-10 00:28:30,2022-03-10 00:32:24,2022-03-10 00:38:06,2022-03-10 00:38:06
7007442508,ชม.70-5261,2022-03-10 00:30:49,2022-03-10 00:38:06,2022-03-10 00:44:00,2022-03-10 00:44:00
7007442512,ชม.70-5300,2022-03-10 00:38:05,2022-03-10 00:44:00,2022-03-10 00:50:10,2022-03-10 00:50:10
7007442510,ชม.70-5301,2022-03-10 00:56:50,2022-03-10 00:56:50,2022-03-10 01:04:12,2022-03-10 01:04:12
7007442513,สค.70-3665,2022-03-10 01:00:25,2022-03-10 01:04:12,2022-03-10 01:12:45,2022-03-10 01:12:45
7007442514,กท.79-5840,2022-03-10 01:22:28,2022-03-10 01:22:28,2022-03-10 01:29:11,2022-03-10 01:29:11
7007442553,สค.70-4397,2022-03-10 02:10:10,2022-03-10 02:10:10,2022-03-10 02:18:47,2022-03-10 02:18:47
7007439014,ฉช.82-4812,2022-03-10 02:19:05,2022-03-10 02:19:05,2022-03-10 02:27:27,2022-03-10 02:27:27
7007438271,ฉช.82-7170,2022-03-10 03:03:08,2022-03-10 03:03:08,2022-03-10 03:09:46,2022-03-10 03:09:46
7007439328,ฉช.82-8346,2022-03-10 03:36:13,2022-03-10 03:36:13,2022-03-10 03:43:49,2022-03-10 03:43:49
7007438194,ฉช.82-3201,2022-03-10 03:42:01,2022-03-10 03:43:49,2022-03-10 03:51:57,2022-03-10 03:51:57
7007438258,กท.75-1033,2022-03-10 04:18:03,2022-03-10 04:18:03,2022-03-10 04:26:07,2022-03-10 04:26:07
7007438205,กท.76-4825,2022-03-10 04:33:49,2022-03-10 04:33:49,2022-03-10 04:39:36,2022-03-10 04:39:36
7007442627,กท.79-6704,2022-03-10 05:01:31,2022-03-10 05:01:31,2022-03-10 05:07:22,2022-03-10 05:07:22
7007438183,กท.79-5843,2022-03-10 06:19:03,2022-03-10 06:19:03,2022-03-10 06:24:26,2022-03-10 06:24:26
7007438182,กท.78-6742,2022-03-10 06:19:23,2022-03-10 06:24:26,2022-03-10 06:30:55,2022-03-10 06:30:55
7007442164,กท.78-1149,2022-03-10 06:32:21,2022-03-10 06:32:21,2022-03-10 06:38:05,2022-03-10 06:38:05
7007442656,ชบ.82-4190,2022-03-10 06:32:39,2022-03-10 06:38:05,2022-03-10 06:46:42,2022-03-10 06:46:42
7007442105,กท.79-5584,2022-03-10 06:39:46,2022-03-10 06:46:42,2022-03-10 06:52:07,2022-03-10 06:52:07
7007442676,สค.70-6125,2022-03-10 06:40:22,2022-03-10 06:52:07,2022-03-10 06:57:40,2022-03-10 06:57:40
7007438275,กท.79-0144,2022-03-10 06:49:15,2022-03-10 06:57:40,2022-03-10 07:02:48,2022-03-10 07:02:48
7007442347,กท.79-5578,2022-03-10 06:50:53,2022-03-10 07:02:48,2022-03-10 07:10:22,2022-03-10 07:10:22
7007438264,กท.74-9070,2022-03-10 07:02:30,2022-03-10 07:10:22,2022-03-10 07:18:13,2022-03-10 07:18:13
7007438185,กท.79-2716,2022-03-10 07:03:10,2022-03-10 07:18:13,2022-03-10 07:25:26,2022-03-10 07:25:26
7007442735,สค.70-4335,2022-03-10 07:08:56,2022-03-10 07:25:26,2022-03-10 07:30:27,2022-03-10 07:30:27
7007438179,กท.79-1961,2022-03-10 07:16:14,2022-03-10 07:30:27,2022-03-10 07:36:23,2022-03-10 07:36:23
7007438226,กท.79-1830,2022-03-10 07:19:07,2022-03-10 07:36:23,2022-03-10 07:41:27,2022-03-10 07:41:27
7007438266,กท.77-8133,2022-03-10 07:35:15,2022-03-10 07:41:27,2022-03-10 07:50:27,2022-03-10 07:50:27
7007442761,สค.70-6123,2022-03-10 07:36:11,2022-03-10 07:50:27,2022-03-10 07:56:40,2022-03-10 07:56:40
7007438253,กท.74-9067,2022-03-10 07:41:03,2022-03-10 07:56:40,2022-03-10 08:02:41,2022-03-10 08:02:41
7007438246,กท.79-0641,2022-03-10 07:45:08,2022-03-10 08:02:41,2022-03-10 08:09:59,2022-03-10 08:09:59
7007438191,กท.79-0841,2022-03-10 07:49:14,2022-03-10 08:09:59,2022-03-10 08:16:00,2022-03-10 08:16:00
7007438198,กท.79-5579,2022-03-10 07:55:38,2022-03-10 08:16:00,2022-03-10 08:25:56,2022-03-10 08:25:56
7007438180,กท.77-9738,2022-03-10 07:56:14,2022-03-10 08:25:56,2022-03-10 08:35:20,2022-03-10 08:35:20
7007438293,กท.79-2717,2022-03-10 08:07:17,2022-03-10 08:35:20,2022-03-10 08:43:09,2022-03-10 08:43:09
7007438229,กท.60-4205,2022-03-10 08:09:36,2022-03-10 08:43:09,2022-03-10 08:49:09,2022-03-10 08:49:09
7007439013,กท.60-4208,2022-03-10 08:21:58,2022-03-10 08:49:09,2022-03-10 08:56:02,2022-03-10 08:56:02
7007441162,กท.78-6744,2022-03-10 08:30:33,2022-03-10 08:56:02,2022-03-10 09:05:59,2022-03-10 09:05:59
7007438255,ฉช.82-7443,2022-03-10 08:30:36,2022-03-10 09:05:59,2022-03-10 09:11:15,2022-03-10 09:11:15
7007438200,กท.79-0644,2022-03-10 08:35:18,2022-03-10 09:11:15,2022-03-10 09:17:12,2022-03-10 09:17:12
7007443056,กท.79-5842,2022-03-10 08:38:07,2022-03-10 09:17:12,2022-03-10 09:25:45,2022-03-10 09:25:45
7007443063,กท.79-3258,2022-03-10 08:41:27,2022-03-10 09:25:45,2022-03-10 09:31:57,2022-03-10 09:31:57
7007443062,กท.79-8104,2022-03-10 08:45:38,2022-03-10 09:31:57,2022-03-10 09:40:26,2022-03-10 09:40:26
7007443079,กท.79-3259,2022-03-10 08:54:17,2022-03-10 09:40:26,2022-03-10 09:45:53,2022-03-10 09:45:53
7007443128,ตร.80-2192,2022-03-10 08:55:28,2022-03-10 09:45:53,2022-03-10 09:52:18,2022-03-10 09:52:18
7007443162,กท.79-5841,2022-03-10 09:08:27,2022-03-10 09:52:18,2022-03-10 10:00:53,2022-03-10 10:00:53
7007443266,ชบ.71-4793,2022-03-10 09:15:01,2022-03-10 10:00:53,2022-03-10 10:07:28,2022-03-10 10:07:28
7007443232,ลพ.70-0786,2022-03-10 09:19:18,2022-03-10 10:07:28,2022-03-10 10:13:20,2022-03-10 10:13:20
7007443519,กท.79-3257,2022-03-10 09:28:04,2022-03-10 10:13:20,2022-03-10 10:19:29,2022-03-10 10:19:29
7007443621,กท.79-7440,2022-03-10 09:29:58,2022-03-10 10:19:29,2022-03-10 10:27:55,2022-03-10 10:27:55
7007443090,กท.79-2898,2022-03-10 09:32:33,2022-03-10 10:27:55,2022-03-10 10:33:37,2022-03-10 10:33:37
7007443563,กท.75-6899,2022-03-10 09:39:35,2022-03-10 10:33:37,2022-03-10 10:40:46,2022-03-10 10:40:46
7007443668,ชบ.84-7156,2022-03-10 09:44:29,2022-03-10 10:40:46,2022-03-10 10:48:56,2022-03-10 10:48:56
7007443664,นม.70-5434,2022-03-10 09:47:56,2022-03-10 10:48:56,2022-03-10 10:58:52,2022-03-10 10:58:52
7007441283,กท.78-6742,2022-03-10 09:55:30,2022-03-10 10:58:52,2022-03-10 11:05:09,2022-03-10 11:05:09
7007438189,กท.60-4207,2022-03-10 10:07:25,2022-03-10 11:05:09,2022-03-10 11:12:04,2022-03-10 11:12:04
7007443888,รย.82-4242,2022-03-10 10:08:25,2022-03-10 11:12:04,2022-03-10 11:20:44,2022-03-10 11:20:44
7007443793,ชบ.85-3878,2022-03-10 10:15:08,2022-03-10 11:20:44,2022-03-10 11:28:39,2022-03-10 11:28:39
7007438262,กท.79-0144,2022-03-10 10:15:58,2022-03-10 11:28:39,2022-03-10 11:34:35,2022-03-10 11:34:35
7007438181,กท.79-5584,2022-03-10 10:38:59,2022-03-10 11:34:35,2022-03-10 11:39:51,2022-03-10 11:39:51
7007442102,กท.79-5843,2022-03-10 10:52:47,2022-03-10 11:39:51,2022-03-10 11:49:06,2022-03-10 11:49:06
7007438286,กท.79-1961,2022-03-10 11:06:17,2022-03-10 11:49:06,2022-03-10 11:55:12,2022-03-10 11:55:12
7007444357,ชม.70-5302,2022-03-10 11:07:28,2022-03-10 11:55:12,2022-03-10 12:01:51,2022-03-10 12:01:51
7007442103,กท.79-1830,2022-03-10 11:10:11,2022-03-10 12:01:51,2022-03-10 12:08:35,2022-03-10 12:08:35
7007444407,ชม.70-5420,2022-03-10 11:25:36,2022-03-10 12:08:35,2022-03-10 12:16:31,2022-03-10 12:16:31
7007438190,กท.79-2716,2022-03-10 11:28:13,2022-03-10 12:16:31,2022-03-10 12:22:13,2022-03-10 12:22:13
7007438175,กท.77-8133,2022-03-10 11:29:45,2022-03-10 12:22:13,2022-03-10 12:28:52,2022-03-10 12:28:52
7007444259,ฉช.82-7170,2022-03-10 11:35:37,2022-03-10 12:28:52,2022-03-10 12:37:54,2022-03-10 12:37:54
7007438187,ฉช.82-8346,2022-03-10 11:37:20,2022-03-10 12:37:54,2022-03-10 12:44:13,2022-03-10 12:44:13
7007438273,กท.79-2717,2022-03-10 11:47:44,2022-03-10 12:44:13,2022-03-10 12:50:44,2022-03-10 12:50:44
7007444817,กท.79-8993,2022-03-10 12:08:59,2022-03-10 12:50:44,2022-03-10 12:57:56,2022-03-10 12:57:56
7007444696,ชม.70-5991,2022-03-10 12:11:08,2022-03-10 12:57:56,2022-03-10 13:05:41,2022-03-10 13:05:41
7007438278,กท.74-9067,2022-03-10 12:12:36,2022-03-10 13:05:41,2022-03-10 13:15:20,2022-03-10 13:15:20
7007444929,กท.61-7782,2022-03-10 12:21:46,2022-03-10 13:15:20,2022-03-10 13:23:54,2022-03-10 13:23:54
7007438269,กท.78-6744,2022-03-10 12:31:52,2022-03-10 13:23:54,2022-03-10 13:30:24,2022-03-10 13:30:24
7007444989,นม.70-6730,2022-03-10 12:33:04,2022-03-10 13:30:24,2022-03-10 13:40:18,2022-03-10 13:40:18
7007444963,กท.60-2722,2022-03-10 12:41:27,2022-03-10 13:40:18,2022-03-10 13:46:28,2022-03-10 13:46:28
7007445039,ชม.70-5193,2022-03-10 12:45:08,2022-03-10 13:46:28,2022-03-10 13:52:57,2022-03-10 13:52:57
7007438240,กท.78-1149,2022-03-10 12:53:01,2022-03-10 13:52:57,2022-03-10 14:00:30,2022-03-10 14:00:30
7007445066,กท.78-4646,2022-03-10 12:55:39,2022-03-10 14:00:30,2022-03-10 14:07:01,2022-03-10 14:07:01
7007444962,กท.79-7791,2022-03-10 12:58:46,2022-03-10 14:07:01,2022-03-10 14:13:22,2022-03-10 14:13:22
7007444964,กท.79-7787,2022-03-10 13:06:50,2022-03-10 14:13:22,2022-03-10 14:21:49,2022-03-10 14:21:49
7007438283,กท.79-0641,2022-03-10 13:10:07,2022-03-10 14:21:49,2022-03-10 14:29:53,2022-03-10 14:29:53
7007445160,ชม.70-5299,2022-03-10 13:15:54,2022-03-10 14:29:53,2022-03-10 14:35:17,2022-03-10 14:35:17
7007445210,ชบ.84-7139,2022-03-10 13:19:27,2022-03-10 14:35:17,2022-03-10 14:44:11,2022-03-10 14:44:11
7007439330,ฉช.82-7443,2022-03-10 13:26:46,2022-03-10 14:44:11,2022-03-10 14:49:13,2022-03-10 14:49:13
7007444125,กท.77-8134,2022-03-10 13:33:40,2022-03-10 14:49:13,2022-03-10 14:54:30,2022-03-10 14:54:30
7007438249,กท.74-9070,2022-03-10 13:38:32,2022-03-10 14:54:30,2022-03-10 15:01:02,2022-03-10 15:01:02
7007445251,จบ.80-3645,2022-03-10 13:42:53,2022-03-10 15:01:02,2022-03-10 15:10:14,2022-03-10 15:10:14
7007445376,รย.82-4012,2022-03-10 13:46:58,2022-03-10 15:10:14,2022-03-10 15:16:31,2022-03-10 15:16:31
7007438197,กท.77-9738,2022-03-10 13:49:07,2022-03-10 15:16:31,2022-03-10 15:21:48,2022-03-10 15:21:48
7007445475,ชบ.85-5327,2022-03-10 14:02:09,2022-03-10 15:21:48,2022-03-10 15:31:34,2022-03-10 15:31:34
7007438188,กท.79-0644,2022-03-10 14:14:35,2022-03-10 15:31:34,2022-03-10 15:37:53,2022-03-10 15:37:53
7007444128,กท.79-5579,2022-03-10 14:16:21,2022-03-10 15:37:53,2022-03-10 15:43:53,2022-03-10 15:43:53
7007444762,ชม.70-6755,2022-03-10 14:21:12,2022-03-10 15:43:53,2022-03-10 15:49:56,2022-03-10 15:49:56
7007445590,นม.70-5975,2022-03-10 14:27:58,2022-03-10 15:49:56,2022-03-10 15:56:36,2022-03-10 15:56:36
7007444877,นม.70-6718,2022-03-10 14:31:32,2022-03-10 15:56:36,2022-03-10 16:05:35,2022-03-10 16:05:35
7007445795,กท.79-5841,2022-03-10 14:40:14,2022-03-10 16:05:35,2022-03-10 16:13:41,2022-03-10 16:13:41
7007445841,กท.78-5932,2022-03-10 14:49:13,2022-03-10 16:13:41,2022-03-10 16:20:02,2022-03-10 16:20:02
7007445818,ชม.70-5122,2022-03-10 14:52:14,2022-03-10 16:20:02,2022-03-10 16:29:09,2022-03-10 16:29:09
7007444746,ชม.70-5997,2022-03-10 14:58:47,2022-03-10 16:29:09,2022-03-10 16:36:17,2022-03-10 16:36:17
7007446143,กท.72-3498,2022-03-10 15:06:41,2022-03-10 16:36:17,2022-03-10 16:44:18,2022-03-10 16:44:18
7007446449,ชม.70-4219,2022-03-10 15:31:47,2022-03-10 16:44:18,2022-03-10 16:52:26,2022-03-10 16:52:26
7007446558,นม.70-6720,2022-03-10 15:41:58,2022-03-10 16:52:26,2022-03-10 17:02:15,2022-03-10 17:02:15
7007446830,กท.79-3259,2022-03-10 15:44:54,2022-03-10 17:02:15,2022-03-10 17:09:49,2022-03-10 17:09:49
7007446535,กท.60-2723,2022-03-10 15:58:53,2022-03-10 17:09:49,2022-03-10 17:16:50,2022-03-10 17:16:50
7007446113,ฉช.81-4230,2022-03-10 16:01:42,2022-03-10 17:16:50,2022-03-10 17:24:59,2022-03-10 17:24:59
7007447154,กท.79-0643,2022-03-10 16:21:59,2022-03-10 17:24:59,2022-03-10 17:32:55,2022-03-10 17:32:55
7007447180,กท.79-3257,2022-03-10 16:29:32,2022-03-10 17:32:55,2022-03-10 17:41:24,2022-03-10 17:41:24
7007446377,กท.79-0841,2022-03-10 16:35:08,2022-03-10 17:41:24,2022-03-10 17:49:31,2022-03-10 17:49:31
7007446059,กท.79-0642,2022-03-10 16:40:48,2022-03-10 17:49:31,2022-03-10 17:59:05,2022-03-10 17:59:05
7007445940,กท.79-5843,2022-03-10 16:45:10,2022-03-10 17:59:05,2022-03-10 18:04:24,2022-03-10 18:04:24
7007447260,สค.70-4074,2022-03-10 16:46:54,2022-03-10 18:04:24,2022-03-10 18:12:44,2022-03-10 18:12:44
7007447173,กท.79-2716,2022-03-10 16:56:34,2022-03-10 18:12:44,2022-03-10 18:19:00,2022-03-10 18:19:00
7007447468,ชม.70-5124,2022-03-10 17:00:11,2022-03-10 18:19:00,2022-03-10 18:27:21,2022-03-10 18:27:21
7007447490,ชม.70-5123,2022-03-10 17:05:04,2022-03-10 18:27:21,2022-03-10 18:33:10,2022-03-10 18:33:10
7007447732,กท.79-5842,2022-03-10 17:16:00,2022-03-10 18:33:10,2022-03-10 18:41:48,2022-03-10 18:41:48
7007448155,กท.79-1816,2022-03-10 17:28:43,2022-03-10 18:41:48,2022-03-10 18:47:57,2022-03-10 18:47:57
7007445914,กท.79-0144,2022-03-10 17:50:28,2022-03-10 18:47:57,2022-03-10 18:53:55,2022-03-10 18:53:55
7007450397,สค.70-6119,2022-03-11 00:18:27,2022-03-11 00:18:27,2022-03-11 00:26:11,2022-03-11 00:26:11
7007450398,สค.70-5407,2022-03-11 00:23:04,2022-03-11 00:26:11,2022-03-11 00:33:18,2022-03-11 00:33:18
7007450401,ลพ.70-0785,2022-03-11 00:31:15,2022-03-11 00:33:18,2022-03-11 00:41:57,2022-03-11 00:41:57
7007450399,สค.70-4386,2022-03-11 00:40:22,2022-03-11 00:41:57,2022-03-11 00:47:54,2022-03-11 00:47:54
7007450402,สค.70-4397,2022-03-11 00:41:45,2022-03-11 00:47:54,2022-03-11 00:57:17,2022-03-11 00:57:17
7007450400,ชม.70-5301,2022-03-11 00:48:53,2022-03-11 00:57:17,2022-03-11 01:06:04,2022-03-11 01:06:04
7007450427,ชม.70-5300,2022-03-11 01:02:07,2022-03-11 01:06:04,2022-03-11 01:13:18,2022-03-11 01:13:18
7007450438,สค.70-6125,2022-03-11 01:03:00,2022-03-11 01:13:18,2022-03-11 01:23:16,2022-03-11 01:23:16
7007450445,กท.79-8993,2022-03-11 01:12:30,2022-03-11 01:23:16,2022-03-11 01:29:57,2022-03-11 01:29:57
7007446082,กท.75-1033,2022-03-11 03:18:40,2022-03-11 03:18:40,2022-03-11 03:27:52,2022-03-11 03:27:52
7007450547,กท.79-7691,2022-03-11 04:42:11,2022-03-11 04:42:11,2022-03-11 04:47:43,2022-03-11 04:47:43
7007445938,ฉช.82-7443,2022-03-11 04:51:09,2022-03-11 04:51:09,2022-03-11 04:59:09,2022-03-11 04:59:09
7007450552,ชม.70-5261,2022-03-11 04:59:58,2022-03-11 04:59:58,2022-03-11 05:06:57,2022-03-11 05:06:57
7007446084,กท.76-4825,2022-03-11 06:25:35,2022-03-11 06:25:35,2022-03-11 06:32:18,2022-03-11 06:32:18
7007445921,กท.78-1149,2022-03-11 06:29:43,2022-03-11 06:32:18,2022-03-11 06:39:26,2022-03-11 06:39:26
7007445904,กท.79-0643,2022-03-11 06:30:33,2022-03-11 06:39:26,2022-03-11 06:46:40,2022-03-11 06:46:40
7007450620,สค.70-6123,2022-03-11 06:41:33,2022-03-11 06:46:40,2022-03-11 06:52:14,2022-03-11 06:52:14
7007446110,กท.78-6742,2022-03-11 06:42:31,2022-03-11 06:52:14,2022-03-11 07:00:44,2022-03-11 07:00:44
7007445929,กท.79-1830,2022-03-11 06:43:58,2022-03-11 07:00:44,2022-03-11 07:09:41,2022-03-11 07:09:41
7007446051,กท.74-9067,2022-03-11 06:50:10,2022-03-11 07:09:41,2022-03-11 07:17:31,2022-03-11 07:17:31
7007450638,สค.70-3935,2022-03-11 06:57:51,2022-03-11 07:17:31,2022-03-11 07:25:07,2022-03-11 07:25:07
7007446056,กท.79-5584,2022-03-11 06:59:15,2022-03-11 07:25:07,2022-03-11 07:32:10,2022-03-11 07:32:10
7007446053,กท.74-9070,2022-03-11 07:05:00,2022-03-11 07:32:10,2022-03-11 07:39:32,2022-03-11 07:39:32
7007445924,กท.78-7993,2022-03-11 07:10:34,2022-03-11 07:39:32,2022-03-11 07:48:34,2022-03-11 07:48:34
7007446061,กท.79-0644,2022-03-11 07:14:33,2022-03-11 07:48:34,2022-03-11 07:56:06,2022-03-11 07:56:06
7007445910,กท.78-6744,2022-03-11 07:24:25,2022-03-11 07:56:06,2022-03-11 08:03:06,2022-03-11 08:03:06
7007446076,กท.77-8133,2022-03-11 07:24:32,2022-03-11 08:03:06,2022-03-11 08:08:34,2022-03-11 08:08:34
7007446055,กท.79-2717,2022-03-11 07:36:30,2022-03-11 08:08:34,2022-03-11 08:13:59,2022-03-11 08:13:59
7007450673,ชม.70-5124,2022-03-11 07:36:33,2022-03-11 08:13:59,2022-03-11 08:20:09,2022-03-11 08:20:09
7007450694,ฉช.81-3257,2022-03-11 07:46:58,2022-03-11 08:20:09,2022-03-11 08:26:01,2022-03-11 08:26:01
7007445905,กท.79-5578,2022-03-11 07:54:12,2022-03-11 08:26:01,2022-03-11 08:34:18,2022-03-11 08:34:18
7007445901,กท.79-0641,2022-03-11 07:56:16,2022-03-11 08:34:18,2022-03-11 08:43:47,2022-03-11 08:43:47
7007445927,กท.77-9738,2022-03-11 08:06:29,2022-03-11 08:43:47,2022-03-11 08:50:55,2022-03-11 08:50:55
7007446067,กท.78-6739,2022-03-11 08:11:21,2022-03-11 08:50:55,2022-03-11 08:58:04,2022-03-11 08:58:04
7007450855,กท.79-5840,2022-03-11 08:15:29,2022-03-11 08:58:04,2022-03-11 09:05:54,2022-03-11 09:05:54
7007445917,กท.60-4205,2022-03-11 08:24:42,2022-03-11 09:05:54,2022-03-11 09:13:06,2022-03-11 09:13:06
7007450925,ชม.70-5125,2022-03-11 08:27:50,2022-03-11 09:13:06,2022-03-11 09:19:29,2022-03-11 09:19:29
7007446091,กท.79-1961,2022-03-11 08:28:32,2022-03-11 09:19:29,2022-03-11 09:28:14,2022-03-11 09:28:14
7007450984,ชม.70-5299,2022-03-11 08:37:13,2022-03-11 09:28:14,2022-03-11 09:34:20,2022-03-11 09:34:20
7007451079,นม.70-6589,2022-03-11 08:40:36,2022-03-11 09:34:20,2022-03-11 09:40:43,2022-03-11 09:40:43
7007451038,กท.79-5841,2022-03-11 08:48:54,2022-03-11 09:40:43,2022-03-11 09:46:51,2022-03-11 09:46:51
7007451209,กท.77-8134,2022-03-11 08:59:54,2022-03-11 09:46:51,2022-03-11 09:55:39,2022-03-11 09:55:39
7007451359,กท.79-3258,2022-03-11 09:08:28,2022-03-11 09:55:39,2022-03-11 10:01:05,2022-03-11 10:01:05
7007451473,กท.75-2786,2022-03-11 09:36:21,2022-03-11 10:01:05,2022-03-11 10:09:37,2022-03-11 10:09:37
7007451549,ชบ.85-3878,2022-03-11 09:47:04,2022-03-11 10:09:37,2022-03-11 10:17:00,2022-03-11 10:17:00
7007446058,กท.78-6742,2022-03-11 10:00:38,2022-03-11 10:17:00,2022-03-11 10:22:56,2022-03-11 10:22:56
7007451443,กท.79-0643,2022-03-11 10:01:57,2022-03-11 10:22:56,2022-03-11 10:32:42,2022-03-11 10:32:42
7007451677,ชม.70-4355,2022-03-11 10:16:11,2022-03-11 10:32:42,2022-03-11 10:37:54,2022-03-11 10:37:54
7007446046,กท.79-1830,2022-03-11 10:37:03,2022-03-11 10:37:54,2022-03-11 10:44:06,2022-03-11 10:44:06
7007446052,กท.78-1149,2022-03-11 10:39:39,2022-03-11 10:44:06,2022-03-11 10:50:58,2022-03-11 10:50:58
7007451858,ชบ.82-4190,2022-03-11 10:52:23,2022-03-11 10:52:23,2022-03-11 11:00:23,2022-03-11 11:00:23
7007446065,กท.60-4207,2022-03-11 10:58:36,2022-03-11 11:00:23,2022-03-11 11:10:11,2022-03-11 11:10:11
7007451979,กท.75-9797,2022-03-11 11:01:39,2022-03-11 11:10:11,2022-03-11 11:17:46,2022-03-11 11:17:46
7007451865,กท.77-6494,2022-03-11 11:02:20,2022-03-11 11:17:46,2022-03-11 11:26:53,2022-03-11 11:26:53
7007451932,จบ.80-8222,2022-03-11 11:15:27,2022-03-11 11:26:53,2022-03-11 11:34:02,2022-03-11 11:34:02
7007452041,จบ.80-3645,2022-03-11 11:17:05,2022-03-11 11:34:02,2022-03-11 11:43:49,2022-03-11 11:43:49
7007446079,กท.79-2717,2022-03-11 11:38:34,2022-03-11 11:43:49,2022-03-11 11:52:07,2022-03-11 11:52:07
7007452103,กท.61-8797,2022-03-11 11:48:12,2022-03-11 11:52:07,2022-03-11 12:00:37,2022-03-11 12:00:37
7007452153,กท.79-3257,2022-03-11 11:53:03,2022-03-11 12:00:37,2022-03-11 12:05:52,2022-03-11 12:05:52
7007446086,กท.78-6739,2022-03-11 12:01:50,2022-03-11 12:05:52,2022-03-11 12:11:07,2022-03-11 12:11:07
7007452178,รย.71-2637,2022-03-11 12:09:59,2022-03-11 12:11:07,2022-03-11 12:16:11,2022-03-11 12:16:11
7007452246,ชม.70-5300,2022-03-11 12:16:34,2022-03-11 12:16:34,2022-03-11 12:25:20,2022-03-11 12:25:20
7007446063,กท.74-9070,2022-03-11 12:22:10,2022-03-11 12:25:20,2022-03-11 12:30:30,2022-03-11 12:30:30
7007452349,ลพ.70-0786,2022-03-11 12:28:52,2022-03-11 12:30:30,2022-03-11 12:36:35,2022-03-11 12:36:35
7007452376,กท.77-7979,2022-03-11 12:36:50,2022-03-11 12:36:50,2022-03-11 12:44:25,2022-03-11 12:44:25
7007452375,ชม.70-4219,2022-03-11 12:43:25,2022-03-11 12:44:25,2022-03-11 12:51:11,2022-03-11 12:51:11
7007445912,กท.77-8134,2022-03-11 12:46:13,2022-03-11 12:51:11,2022-03-11 12:58:36,2022-03-11 12:58:36
7007452405,กท.79-3259,2022-03-11 12:52:18,2022-03-11 12:58:36,2022-03-11 13:05:55,2022-03-11 13:05:55
7007452423,กท.61-6077,2022-03-11 12:52:49,2022-03-11 13:05:55,2022-03-11 13:11:37,2022-03-11 13:11:37
7007446048,กท.77-8133,2022-03-11 12:55:54,2022-03-11 13:11:37,2022-03-11 13:20:08,2022-03-11 13:20:08
7007451446,กท.77-9738,2022-03-11 13:03:25,2022-03-11 13:20:08,2022-03-11 13:29:01,2022-03-11 13:29:01
7007446074,กท.78-6744,2022-03-11 13:10:55,2022-03-11 13:29:01,2022-03-11 13:38:39,2022-03-11 13:38:39
7007452488,ชบ.84-7139,2022-03-11 13:18:01,2022-03-11 13:38:39,2022-03-11 13:44:56,2022-03-11 13:44:56
7007445918,กท.78-7993,2022-03-11 13:33:02,2022-03-11 13:44:56,2022-03-11 13:53:43,2022-03-11 13:53:43
7007446080,กท.79-2716,2022-03-11 13:35:04,2022-03-11 13:53:43,2022-03-11 14:01:17,2022-03-11 14:01:17
7007452494,กท.77-6494,2022-03-11 13:45:07,2022-03-11 14:01:17,2022-03-11 14:08:42,2022-03-11 14:08:42
7007452699,กท.79-7691,2022-03-11 13:46:17,2022-03-11 14:08:42,2022-03-11 14:13:48,2022-03-11 14:13:48
7007452696,ชม.70-5302,2022-03-11 13:55:37,2022-03-11 14:13:48,2022-03-11 14:21:01,2022-03-11 14:21:01
7007452807,รย.82-0448,2022-03-11 13:57:38,2022-03-11 14:21:01,2022-03-11 14:27:28,2022-03-11 14:27:28
7007452792,ชม.70-4355,2022-03-11 13:59:06,2022-03-11 14:27:28,2022-03-11 14:37:26,2022-03-11 14:37:26
7007452835,ชบ.84-7975,2022-03-11 14:01:17,2022-03-11 14:37:26,2022-03-11 14:43:10,2022-03-11 14:43:10
7007452845,กท.79-5841,2022-03-11 14:10:46,2022-03-11 14:43:10,2022-03-11 14:48:39,2022-03-11 14:48:39
7007452851,กท.79-8995,2022-03-11 14:14:25,2022-03-11 14:48:39,2022-03-11 14:56:37,2022-03-11 14:56:37
7007452035,กท.79-5578,2022-03-11 14:21:15,2022-03-11 14:56:37,2022-03-11 15:05:15,2022-03-11 15:05:15
7007446072,กท.79-0641,2022-03-11 14:28:52,2022-03-11 15:05:15,2022-03-11 15:12:58,2022-03-11 15:12:58
7007451445,กท.79-0642,2022-03-11 14:32:11,2022-03-11 15:12:58,2022-03-11 15:20:27,2022-03-11 15:20:27
7007452962,กท.78-4646,2022-03-11 14:38:43,2022-03-11 15:20:27,2022-03-11 15:26:37,2022-03-11 15:26:37
7007453009,ชม.70-5261,2022-03-11 14:38:57,2022-03-11 15:26:37,2022-03-11 15:36:27,2022-03-11 15:36:27
7007452227,ฉช.81-4230,2022-03-11 14:53:20,2022-03-11 15:36:27,2022-03-11 15:41:43,2022-03-11 15:41:43
7007453091,ชบ.85-3878,2022-03-11 14:54:17,2022-03-11 15:41:43,2022-03-11 15:49:09,2022-03-11 15:49:09
7007453105,ชม.70-5123,2022-03-11 15:04:58,2022-03-11 15:49:09,2022-03-11 15:59:09,2022-03-11 15:59:09
7007453162,นม.70-6730,2022-03-11 15:20:56,2022-03-11 15:59:09,2022-03-11 16:07:24,2022-03-11 16:07:24
7007453236,ชม.70-5420,2022-03-11 15:21:21,2022-03-11 16:07:24,2022-03-11 16:16:44,2022-03-11 16:16:44
7007453277,ชบ.85-5327,2022-03-11 15:23:25,2022-03-11 16:16:44,2022-03-11 16:24:13,2022-03-11 16:24:13
7007453561,กท.79-5842,2022-03-11 16:17:19,2022-03-11 16:24:13,2022-03-11 16:30:07,2022-03-11 16:30:07
7007454041,จบ.80-8222,2022-03-12 06:08:34,2022-03-12 06:08:34,2022-03-12 06:17:52,2022-03-12 06:17:52
7007454061,สค.70-4397,2022-03-12 06:20:10,2022-03-12 06:20:10,2022-03-12 06:30:08,2022-03-12 06:30:08
7007454060,สค.70-5407,2022-03-12 06:26:18,2022-03-12 06:30:08,2022-03-12 06:38:44,2022-03-12 06:38:44
7007454069,สค.70-6119,2022-03-12 06:34:47,2022-03-12 06:38:44,2022-03-12 06:45:59,2022-03-12 06:45:59
7007454063,ชม.70-5299,2022-03-12 06:35:44,2022-03-12 06:45:59,2022-03-12 06:51:37,2022-03-12 06:51:37
7007454070,รย.71-2638,2022-03-12 06:38:12,2022-03-12 06:51:37,2022-03-12 06:56:48,2022-03-12 06:56:48
7007452207,กท.79-5843,2022-03-12 06:46:06,2022-03-12 06:56:48,2022-03-12 07:02:13,2022-03-12 07:02:13
7007454076,กท.79-8993,2022-03-12 06:49:29,2022-03-12 07:02:13,2022-03-12 07:10:16,2022-03-12 07:10:16
7007454093,ลพ.70-0785,2022-03-12 07:06:29,2022-03-12 07:10:16,2022-03-12 07:17:23,2022-03-12 07:17:23
7007452202,กท.79-1830,2022-03-12 07:06:34,2022-03-12 07:17:23,2022-03-12 07:25:20,2022-03-12 07:25:20
7007454065,สค.70-2507,2022-03-12 07:08:29,2022-03-12 07:25:20,2022-03-12 07:31:48,2022-03-12 07:31:48
7007453695,กท.79-5584,2022-03-12 07:14:33,2022-03-12 07:31:48,2022-03-12 07:40:03,2022-03-12 07:40:03
7007452204,กท.74-9067,2022-03-12 07:22:44,2022-03-12 07:40:03,2022-03-12 07:46:43,2022-03-12 07:46:43
7007454107,สค.70-6125,2022-03-12 07:23:48,2022-03-12 07:46:43,2022-03-12 07:54:30,2022-03-12 07:54:30
7007454105,รย.81-6767,2022-03-12 07:31:43,2022-03-12 07:54:30,2022-03-12 08:02:33,2022-03-12 08:02:33
7007454072,สค.70-3480,2022-03-12 07:36:57,2022-03-12 08:02:33,2022-03-12 08:09:00,2022-03-12 08:09:00
7007454108,สค.70-4335,2022-03-12 07:38:17,2022-03-12 08:09:00,2022-03-12 08:14:12,2022-03-12 08:14:12
7007452206,กท.79-5578,2022-03-12 07:49:43,2022-03-12 08:14:12,2022-03-12 08:22:35,2022-03-12 08:22:35
7007454135,ลพ.70-1223,2022-03-12 07:52:15,2022-03-12 08:22:35,2022-03-12 08:29:30,2022-03-12 08:29:30
7007452195,กท.79-2716,2022-03-12 07:58:23,2022-03-12 08:29:30,2022-03-12 08:38:50,2022-03-12 08:38:50
7007452196,กท.78-6744,2022-03-12 08:03:00,2022-03-12 08:38:50,2022-03-12 08:45:55,2022-03-12 08:45:55
7007452199,กท.77-9738,2022-03-12 08:11:57,2022-03-12 08:45:55,2022-03-12 08:52:41,2022-03-12 08:52:41
7007454147,นม.70-6589,2022-03-12 08:13:21,2022-03-12 08:52:41,2022-03-12 09:01:07,2022-03-12 09:01:07
7007452225,กท.79-2717,2022-03-12 08:29:39,2022-03-12 09:01:07,2022-03-12 09:10:13,2022-03-12 09:10:13
7007452208,กท.79-5579,2022-03-12 08:33:07,2022-03-12 09:10:13,2022-03-12 09:15:59,2022-03-12 09:15:59
7007454180,ชม.70-4219,2022-03-12 08:34:01,2022-03-12 09:15:59,2022-03-12 09:22:26,2022-03-12 09:22:26
7007452198,กท.79-0643,2022-03-12 08:35:29,2022-03-12 09:22:26,2022-03-12 09:28:47,2022-03-12 09:28:47
7007454182,ชม.70-5301,2022-03-12 08:43:01,2022-03-12 09:28:47,2022-03-12 09:35:57,2022-03-12 09:35:57
7007454198,กท.77-7979,2022-03-12 08:43:58,2022-03-12 09:35:57,2022-03-12 09:45:13,2022-03-12 09:45:13
7007454190,กท.79-7440,2022-03-12 08:53:56,2022-03-12 09:45:13,2022-03-12 09:50:53,2022-03-12 09:50:53
7007454212,ชม.70-4355,2022-03-12 08:54:01,2022-03-12 09:50:53,2022-03-12 09:59:02,2022-03-12 09:59:02
7007454214,กท.75-3041,2022-03-12 09:09:54,2022-03-12 09:59:02,2022-03-12 10:04:09,2022-03-12 10:04:09
7007452200,ฉช.82-7443,2022-03-12 09:15:13,2022-03-12 10:04:09,2022-03-12 10:12:17,2022-03-12 10:12:17
7007452861,กท.74-9070,2022-03-12 09:21:01,2022-03-12 10:12:17,2022-03-12 10:20:20,2022-03-12 10:20:20
7007454268,ชบ.84-7139,2022-03-12 09:25:01,2022-03-12 10:20:20,2022-03-12 10:27:03,2022-03-12 10:27:03
7007454295,กท.79-5840,2022-03-12 09:45:20,2022-03-12 10:27:03,2022-03-12 10:36:13,2022-03-12 10:36:13
7007452194,กท.79-5843,2022-03-12 09:45:53,2022-03-12 10:36:13,2022-03-12 10:44:57,2022-03-12 10:44:57
7007452248,กท.79-5578,2022-03-12 10:05:37,2022-03-12 10:44:57,2022-03-12 10:52:26,2022-03-12 10:52:26
7007452274,กท.79-0643,2022-03-12 10:51:12,2022-03-12 10:52:26,2022-03-12 11:00:11,2022-03-12 11:00:11
7007453408,กท.79-2716,2022-03-12 10:52:44,2022-03-12 11:00:11,2022-03-12 11:06:27,2022-03-12 11:06:27
7007454400,กท.79-7691,2022-03-12 10:56:11,2022-03-12 11:06:27,2022-03-12 11:15:04,2022-03-12 11:15:04
7007454411,กท.79-3259,2022-03-12 10:58:13,2022-03-12 11:15:04,2022-03-12 11:24:37,2022-03-12 11:24:37
7007452731,กท.78-7993,2022-03-12 11:14:01,2022-03-12 11:24:37,2022-03-12 11:32:51,2022-03-12 11:32:51
7007454449,กท.79-6705,2022-03-12 11:43:20,2022-03-12 11:43:20,2022-03-12 11:48:28,2022-03-12 11:48:28
7007454444,ชม.70-5300,2022-03-12 11:52:02,2022-03-12 11:52:02,2022-03-12 11:58:41,2022-03-12 11:58:41
7007454466,กท.79-3257,2022-03-12 12:08:37,2022-03-12 12:08:37,2022-03-12 12:17:57,2022-03-12 12:17:57
7007454474,สค.70-4074,2022-03-12 12:16:58,2022-03-12 12:17:57,2022-03-12 12:27:21,2022-03-12 12:27:21
7007454478,ชบ.82-4190,2022-03-12 12:18:57,2022-03-12 12:27:21,2022-03-12 12:37:04,2022-03-12 12:37:04
7007452205,กท.75-1033,2022-03-12 12:26:59,2022-03-12 12:37:04,2022-03-12 12:45:38,2022-03-12 12:45:38
7007454490,กท.79-5841,2022-03-12 12:28:44,2022-03-12 12:45:38,2022-03-12 12:53:21,2022-03-12 12:53:21
7007454531,กท.75-3041,2022-03-12 13:13:37,2022-03-12 13:13:37,2022-03-12 13:23:06,2022-03-12 13:23:06
7007454520,กท.79-3258,2022-03-12 13:24:20,2022-03-12 13:24:20,2022-03-12 13:30:51,2022-03-12 13:30:51
7007454537,กท.79-8993,2022-03-12 13:34:44,2022-03-12 13:34:44,2022-03-12 13:42:49,2022-03-12 13:42:49
7007454552,ชม.70-4355,2022-03-12 13:44:44,2022-03-12 13:44:44,2022-03-12 13:54:31,2022-03-12 13:54:31
7007452232,กท.78-6739,2022-03-12 13:50:52,2022-03-12 13:54:31,2022-03-12 14:00:28,2022-03-12 14:00:28
7007454602,สค.70-6123,2022-03-12 13:53:03,2022-03-12 14:00:28,2022-03-12 14:07:51,2022-03-12 14:07:51
7007452305,กท.78-6744,2022-03-12 14:19:17,2022-03-12 14:19:17,2022-03-12 14:28:21,2022-03-12 14:28:21
7007454615,กท.61-8797,2022-03-12 14:24:28,2022-03-12 14:28:21,2022-03-12 14:36:54,2022-03-12 14:36:54
7007454625,ชม.70-5122,2022-03-12 14:36:43,2022-03-12 14:36:54,2022-03-12 14:42:31,2022-03-12 14:42:31
7007454624,ชม.70-5123,2022-03-12 14:42:06,2022-03-12 14:42:31,2022-03-12 14:49:09,2022-03-12 14:49:09
7007454641,ชม.70-5421,2022-03-12 14:50:18,2022-03-12 14:50:18,2022-03-12 14:59:31,2022-03-12 14:59:31
7007454888,สค.70-4386,2022-03-13 00:24:53,2022-03-13 00:24:53,2022-03-13 00:32:26,2022-03-13 00:32:26
7007454889,สค.70-6119,2022-03-13 00:26:11,2022-03-13 00:32:26,2022-03-13 00:42:26,2022-03-13 00:42:26
7007454890,สค.70-3937,2022-03-13 00:36:07,2022-03-13 00:42:26,2022-03-13 00:49:39,2022-03-13 00:49:39
7007454891,ชม.70-5299,2022-03-13 00:44:06,2022-03-13 00:49:39,2022-03-13 00:58:50,2022-03-13 00:58:50
7007454894,ลพ.70-0785,2022-03-13 00:56:00,2022-03-13 00:58:50,2022-03-13 01:07:05,2022-03-13 01:07:05
7007454898,สค.70-4397,2022-03-13 01:25:58,2022-03-13 01:25:58,2022-03-13 01:34:39,2022-03-13 01:34:39
7007454910,ชม.70-5261,2022-03-13 03:07:17,2022-03-13 03:07:17,2022-03-13 03:15:00,2022-03-13 03:15:00
7007454915,ฉช.81-3257,2022-03-13 03:34:25,2022-03-13 03:34:25,2022-03-13 03:41:25,2022-03-13 03:41:25
7007452326,ฉช.82-8528,2022-03-13 03:39:33,2022-03-13 03:41:25,2022-03-13 03:50:09,2022-03-13 03:50:09
7007454918,ลพ.70-0786,2022-03-13 03:51:45,2022-03-13 03:51:45,2022-03-13 04:00:16,2022-03-13 04:00:16
7007452292,กท.75-1033,2022-03-13 04:04:38,2022-03-13 04:04:38,2022-03-13 04:09:42,2022-03-13 04:09:42
7007452329,ฉช.82-8346,2022-03-13 04:34:17,2022-03-13 04:34:17,2022-03-13 04:40:30,2022-03-13 04:40:30
7007454938,ชม.70-5301,2022-03-13 04:35:28,2022-03-13 04:40:30,2022-03-13 04:46:45,2022-03-13 04:46:45
7007452234,กท.79-5584,2022-03-13 06:28:05,2022-03-13 06:28:05,2022-03-13 06:35:42,2022-03-13 06:35:42
7007452299,กท.78-6742,2022-03-13 06:29:46,2022-03-13 06:35:42,2022-03-13 06:45:08,2022-03-13 06:45:08
7007452293,กท.79-5843,2022-03-13 06:31:33,2022-03-13 06:45:08,2022-03-13 06:51:30,2022-03-13 06:51:30
7007452271,กท.78-1149,2022-03-13 06:34:41,2022-03-13 06:51:30,2022-03-13 06:57:56,2022-03-13 06:57:56
7007455016,สค.70-6123,2022-03-13 06:39:26,2022-03-13 06:57:56,2022-03-13 07:04:20,2022-03-13 07:04:20
7007455010,สค.70-6125,2022-03-13 06:45:34,2022-03-13 07:04:20,2022-03-13 07:09:40,2022-03-13 07:09:40
7007452269,กท.79-0841,2022-03-13 06:50:32,2022-03-13 07:09:40,2022-03-13 07:17:04,2022-03-13 07:17:04
7007452253,กท.74-9067,2022-03-13 06:54:06,2022-03-13 07:17:04,2022-03-13 07:24:17,2022-03-13 07:24:17
7007452238,กท.77-8133,2022-03-13 07:04:51,2022-03-13 07:24:17,2022-03-13 07:30:40,2022-03-13 07:30:40
7007452277,กท.79-1830,2022-03-13 07:05:19,2022-03-13 07:30:40,2022-03-13 07:36:34,2022-03-13 07:36:34
7007455043,สค.70-4335,2022-03-13 07:15:19,2022-03-13 07:36:34,2022-03-13 07:42:52,2022-03-13 07:42:52
7007452294,กท.79-0642,2022-03-13 07:19:07,2022-03-13 07:42:52,2022-03-13 07:51:56,2022-03-13 07:51:56
7007452233,กท.77-9738,2022-03-13 07:31:13,2022-03-13 07:51:56,2022-03-13 07:56:59,2022-03-13 07:56:59
7007452301,กท.76-4825,2022-03-13 07:36:52,2022-03-13 07:56:59,2022-03-13 08:04:01,2022-03-13 08:04:01
7007452310,กท.79-5579,2022-03-13 07:37:23,2022-03-13 08:04:01,2022-03-13 08:09:14,2022-03-13 08:09:14
7007452300,กท.79-0644,2022-03-13 07:39:09,2022-03-13 08:09:14,2022-03-13 08:19:12,2022-03-13 08:19:12
7007452281,กท.79-0144,2022-03-13 07:49:10,2022-03-13 08:19:12,2022-03-13 08:27:26,2022-03-13 08:27:26
7007455187,ชม.70-5302,2022-03-13 07:50:48,2022-03-13 08:27:26,2022-03-13 08:36:13,2022-03-13 08:36:13
7007452243,กท.79-0641,2022-03-13 07:59:57,2022-03-13 08:36:13,2022-03-13 08:43:59,2022-03-13 08:43:59
7007452245,กท.77-8134,2022-03-13 08:10:28,2022-03-13 08:43:59,2022-03-13 08:51:02,2022-03-13 08:51:02
7007452303,กท.79-2717,2022-03-13 08:11:34,2022-03-13 08:51:02,2022-03-13 08:58:08,2022-03-13 08:58:08
7007452250,กท.79-1961,2022-03-13 08:21:32,2022-03-13 08:58:08,2022-03-13 09:04:57,2022-03-13 09:04:57
7007455503,กท.79-3257,2022-03-13 08:30:58,2022-03-13 09:04:57,2022-03-13 09:10:33,2022-03-13 09:10:33
7007455489,กท.79-5842,2022-03-13 08:38:57,2022-03-13 09:10:33,2022-03-13 09:16:04,2022-03-13 09:16:04
7007452240,ฉช.82-7443,2022-03-13 08:41:11,2022-03-13 09:16:04,2022-03-13 09:22:04,2022-03-13 09:22:04
7007455510,ชบ.83-3599,2022-03-13 08:45:36,2022-03-13 09:22:04,2022-03-13 09:31:10,2022-03-13 09:31:10
7007453412,กท.78-7993,2022-03-13 09:08:40,2022-03-13 09:31:10,2022-03-13 09:36:19,2022-03-13 09:36:19
7007455802,ชบ.84-7139,2022-03-13 09:21:20,2022-03-13 09:36:19,2022-03-13 09:41:28,2022-03-13 09:41:28
7007455856,ชบ.84-7237,2022-03-13 09:23:10,2022-03-13 09:41:28,2022-03-13 09:48:41,2022-03-13 09:48:41
7007455998,กท.75-6899,2022-03-13 09:43:13,2022-03-13 09:48:41,2022-03-13 09:57:32,2022-03-13 09:57:32
7007455993,กท.77-6494,2022-03-13 09:48:52,2022-03-13 09:57:32,2022-03-13 10:06:14,2022-03-13 10:06:14
7007456141,กท.78-5932,2022-03-13 09:52:28,2022-03-13 10:06:14,2022-03-13 10:13:37,2022-03-13 10:13:37
7007456293,กท.78-4646,2022-03-13 10:00:58,2022-03-13 10:13:37,2022-03-13 10:22:52,2022-03-13 10:22:52
7007456183,ชม.70-4219,2022-03-13 10:10:49,2022-03-13 10:22:52,2022-03-13 10:29:56,2022-03-13 10:29:56
7007452275,กท.79-0144,2022-03-13 10:18:38,2022-03-13 10:29:56,2022-03-13 10:39:00,2022-03-13 10:39:00
7007452297,กท.79-0841,2022-03-13 10:23:16,2022-03-13 10:39:00,2022-03-13 10:44:37,2022-03-13 10:44:37
7007456461,สค.70-5407,2022-03-13 10:24:39,2022-03-13 10:44:37,2022-03-13 10:51:26,2022-03-13 10:51:26
7007452296,กท.60-4207,2022-03-13 10:28:41,2022-03-13 10:51:26,2022-03-13 10:58:02,2022-03-13 10:58:02
7007456709,กท.61-4383,2022-03-13 10:44:15,2022-03-13 10:58:02,2022-03-13 11:07:39,2022-03-13 11:07:39
7007456769,ชม.70-5420,2022-03-13 10:52:42,2022-03-13 11:07:39,2022-03-13 11:13:12,2022-03-13 11:13:12
7007456981,ชม.70-5997,2022-03-13 11:12:37,2022-03-13 11:13:12,2022-03-13 11:21:47,2022-03-13 11:21:47
7007457021,ชบ.71-8902,2022-03-13 11:16:35,2022-03-13 11:21:47,2022-03-13 11:26:47,2022-03-13 11:26:47
7007456974,ชม.70-6755,2022-03-13 11:17:57,2022-03-13 11:26:47,2022-03-13 11:33:59,2022-03-13 11:33:59
7007457053,ชบ.71-4792,2022-03-13 11:25:05,2022-03-13 11:33:59,2022-03-13 11:40:50,2022-03-13 11:40:50
7007455797,กท.79-0642,2022-03-13 11:29:20,2022-03-13 11:40:50,2022-03-13 11:49:43,2022-03-13 11:49:43
7007457253,ชม.70-5123,2022-03-13 11:47:42,2022-03-13 11:49:43,2022-03-13 11:55:56,2022-03-13 11:55:56
7007452322,กท.79-2717,2022-03-13 11:52:47,2022-03-13 11:55:56,2022-03-13 12:01:04,2022-03-13 12:01:04
7007455803,กท.79-5584,2022-03-13 12:02:39,2022-03-13 12:02:39,2022-03-13 12:12:25,2022-03-13 12:12:25
7007452272,กท.79-5579,2022-03-13 12:04:12,2022-03-13 12:12:25,2022-03-13 12:19:54,2022-03-13 12:19:54
7007452280,กท.79-0641,2022-03-13 12:09:17,2022-03-13 12:19:54,2022-03-13 12:25:03,2022-03-13 12:25:03
7007452247,ฉช.82-7443,2022-03-13 12:19:18,2022-03-13 12:25:03,2022-03-13 12:34:49,2022-03-13 12:34:49
7007452262,กท.78-1149,2022-03-13 12:21:03,2022-03-13 12:34:49,2022-03-13 12:42:05,2022-03-13 12:42:05
7007457620,กท.79-3257,2022-03-13 12:28:11,2022-03-13 12:42:05,2022-03-13 12:50:41,2022-03-13 12:50:41
7007453423,กท.74-9067,2022-03-13 12:33:13,2022-03-13 12:50:41,2022-03-13 12:56:41,2022-03-13 12:56:41
7007457685,กท.75-6899,2022-03-13 12:44:56,2022-03-13 12:56:41,2022-03-13 13:05:53,2022-03-13 13:05:53
7007452236,กท.78-6742,2022-03-13 12:48:31,2022-03-13 13:05:53,2022-03-13 13:11:45,2022-03-13 13:11:45
7007457694,นม.70-7498,2022-03-13 12:58:34,2022-03-13 13:11:45,2022-03-13 13:18:22,2022-03-13 13:18:22
7007457717,ชบ.82-4190,2022-03-13 13:01:01,2022-03-13 13:18:22,2022-03-13 13:23:24,2022-03-13 13:23:24
7007452304,กท.79-5843,2022-03-13 13:07:53,2022-03-13 13:23:24,2022-03-13 13:29:04,2022-03-13 13:29:04
7007457696,นม.70-7497,2022-03-13 13:08:10,2022-03-13 13:29:04,2022-03-13 13:38:05,2022-03-13 13:38:05
7007457734,ชบ.85-3878,2022-03-13 13:25:44,2022-03-13 13:38:05,2022-03-13 13:44:42,2022-03-13 13:44:42
7007457729,ชบ.84-7975,2022-03-13 13:27:35,2022-03-13 13:44:42,2022-03-13 13:49:42,2022-03-13 13:49:42
7007453418,กท.79-0643,2022-03-13 13:31:37,2022-03-13 13:49:42,2022-03-13 13:56:34,2022-03-13 13:56:34
7007457692,นม.70-6721,2022-03-13 13:33:21,2022-03-13 13:56:34,2022-03-13 14:04:09,2022-03-13 14:04:09
7007457819,จบ.80-8222,2022-03-13 13:42:41,2022-03-13 14:04:09,2022-03-13 14:10:24,2022-03-13 14:10:24
7007452244,กท.79-5578,2022-03-13 13:52:07,2022-03-13 14:10:24,2022-03-13 14:15:55,2022-03-13 14:15:55
7007452267,กท.77-8134,2022-03-13 13:54:48,2022-03-13 14:15:55,2022-03-13 14:23:36,2022-03-13 14:23:36
7007452276,กท.77-9738,2022-03-13 14:12:17,2022-03-13 14:23:36,2022-03-13 14:30:52,2022-03-13 14:30:52
7007458212,กท.77-7979,2022-03-13 14:18:12,2022-03-13 14:30:52,2022-03-13 14:39:28,2022-03-13 14:39:28
7007458412,ตร.80-5209,2022-03-13 14:23:11,2022-03-13 14:39:28,2022-03-13 14:44:46,2022-03-13 14:44:46
7007457580,กท.78-6744,2022-03-13 14:34:23,2022-03-13 14:44:46,2022-03-13 14:52:13,2022-03-13 14:52:13
7007458616,สค.70-4074,2022-03-13 14:38:32,2022-03-13 14:52:13,2022-03-13 15:01:36,2022-03-13 15:01:36
7007452263,กท.79-1830,2022-03-13 14:38:45,2022-03-13 15:01:36,2022-03-13 15:09:21,2022-03-13 15:09:21
7007456176,กท.78-6739,2022-03-13 14:50:20,2022-03-13 15:09:21,2022-03-13 15:16:59,2022-03-13 15:16:59
7007458603,นม.70-6589,2022-03-13 14:54:00,2022-03-13 15:16:59,2022-03-13 15:22:06,2022-03-13 15:22:06
7007452286,กท.79-0644,2022-03-13 15:13:05,2022-03-13 15:22:06,2022-03-13 15:30:31,2022-03-13 15:30:31
7007457825,กท.79-2716,2022-03-13 15:18:55,2022-03-13 15:30:31,2022-03-13 15:37:19,2022-03-13 15:37:19
7007459909,ลพ.70-0786,2022-03-13 15:34:34,2022-03-13 15:37:19,2022-03-13 15:45:15,2022-03-13 15:45:15
7007456616,ฉช.81-4230,2022-03-13 15:45:42,2022-03-13 15:45:42,2022-03-13 15:52:10,2022-03-13 15:52:10
7007460310,ชม.70-5125,2022-03-13 15:46:36,2022-03-13 15:52:10,2022-03-13 15:59:17,2022-03-13 15:59:17
7007460395,กท.61-4383,2022-03-13 15:47:39,2022-03-13 15:59:17,2022-03-13 16:06:57,2022-03-13 16:06:57
7007452287,กท.78-7993,2022-03-13 15:47:41,2022-03-13 16:06:57,2022-03-13 16:13:05,2022-03-13 16:13:05
7007456470,กท.79-1961,2022-03-13 16:01:16,2022-03-13 16:13:05,2022-03-13 16:22:53,2022-03-13 16:22:53
7007458280,กท.78-6742,2022-03-13 16:11:35,2022-03-13 16:22:53,2022-03-13 16:28:57,2022-03-13 16:28:57
7007462032,ชม.70-5299,2022-03-13 16:28:46,2022-03-13 16:28:57,2022-03-13 16:34:25,2022-03-13 16:34:25
7007456602,กท.79-5579,2022-03-13 16:50:50,2022-03-13 16:50:50,2022-03-13 16:55:59,2022-03-13 16:55:59
7007456725,กท.77-8134,2022-03-13 17:00:52,2022-03-13 17:00:52,2022-03-13 17:10:22,2022-03-13 17:10:22
7007462602,ชม.70-5301,2022-03-13 17:01:46,2022-03-13 17:10:22,2022-03-13 17:19:28,2022-03-13 17:19:28
7007456589,กท.79-5843,2022-03-13 17:36:51,2022-03-13 17:36:51,2022-03-13 17:46:30,2022-03-13 17:46:30
7007462140,กท.79-0644,2022-03-13 17:45:06,2022-03-13 17:46:30,2022-03-13 17:52:45,2022-03-13 17:52:45
7007463216,ลพ.70-0785,2022-03-14 00:21:37,2022-03-14 00:21:37,2022-03-14 00:31:17,2022-03-14 00:31:17
7007463213,ชม.70-5300,2022-03-14 00:24:41,2022-03-14 00:31:17,2022-03-14 00:38:55,2022-03-14 00:38:55
7007463214,ชม.70-4355,2022-03-14 00:28:57,2022-03-14 00:38:55,2022-03-14 00:48:09,2022-03-14 00:48:09
7007463217,สค.70-2919,2022-03-14 00:34:07,2022-03-14 00:48:09,2022-03-14 00:55:09,2022-03-14 00:55:09
7007463215,สค.70-6119,2022-03-14 00:41:30,2022-03-14 00:55:09,2022-03-14 01:03:32,2022-03-14 01:03:32
7007463218,ชม.70-4219,2022-03-14 00:57:49,2022-03-14 01:03:32,2022-03-14 01:09:43,2022-03-14 01:09:43
7007463243,สค.70-4397,2022-03-14 00:58:39,2022-03-14 01:09:43,2022-03-14 01:17:27,2022-03-14 01:17:27
7007463251,ชม.70-5302,2022-03-14 01:38:29,2022-03-14 01:38:29,2022-03-14 01:44:51,2022-03-14 01:44:51
7007463263,ฉช.82-4812,2022-03-14 02:06:24,2022-03-14 02:06:24,2022-03-14 02:12:08,2022-03-14 02:12:08
7007460186,ฉช.82-3201,2022-03-14 02:18:09,2022-03-14 02:18:09,2022-03-14 02:27:57,2022-03-14 02:27:57
7007460153,ฉช.82-8528,2022-03-14 02:30:23,2022-03-14 02:30:23,2022-03-14 02:38:44,2022-03-14 02:38:44
7007463273,ชม.70-5261,2022-03-14 02:32:26,2022-03-14 02:38:44,2022-03-14 02:44:23,2022-03-14 02:44:23
7007456633,ฉช.82-7170,2022-03-14 03:13:31,2022-03-14 03:13:31,2022-03-14 03:22:03,2022-03-14 03:22:03
7007463296,สค.70-3935,2022-03-14 03:20:21,2022-03-14 03:22:03,2022-03-14 03:29:19,2022-03-14 03:29:19
7007456632,กท.75-1033,2022-03-14 05:06:54,2022-03-14 05:06:54,2022-03-14 05:14:42,2022-03-14 05:14:42
7007456612,กท.78-1149,2022-03-14 06:23:41,2022-03-14 06:23:41,2022-03-14 06:31:43,2022-03-14 06:31:43
7007456743,กท.79-5584,2022-03-14 06:27:00,2022-03-14 06:31:43,2022-03-14 06:37:35,2022-03-14 06:37:35
7007463369,สค.70-6125,2022-03-14 06:27:08,2022-03-14 06:37:35,2022-03-14 06:45:33,2022-03-14 06:45:33
7007456599,กท.79-0643,2022-03-14 06:35:43,2022-03-14 06:45:33,2022-03-14 06:53:09,2022-03-14 06:53:09
7007462146,กท.79-2716,2022-03-14 06:35:57,2022-03-14 06:53:09,2022-03-14 07:02:38,2022-03-14 07:02:38
7007456617,กท.79-1830,2022-03-14 06:41:12,2022-03-14 07:02:38,2022-03-14 07:08:28,2022-03-14 07:08:28
7007458014,กท.78-6742,2022-03-14 06:51:10,2022-03-14 07:08:28,2022-03-14 07:17:07,2022-03-14 07:17:07
7007456630,กท.79-5578,2022-03-14 06:55:19,2022-03-14 07:17:07,2022-03-14 07:26:27,2022-03-14 07:26:27
7007456619,กท.74-9067,2022-03-14 06:59:16,2022-03-14 07:26:27,2022-03-14 07:32:00,2022-03-14 07:32:00
7007456718,กท.78-7993,2022-03-14 07:04:38,2022-03-14 07:32:00,2022-03-14 07:38:09,2022-03-14 07:38:09
7007456592,กท.79-0841,2022-03-14 07:14:30,2022-03-14 07:38:09,2022-03-14 07:44:11,2022-03-14 07:44:11
7007456724,กท.77-8133,2022-03-14 07:16:20,2022-03-14 07:44:11,2022-03-14 07:51:10,2022-03-14 07:51:10
7007456605,กท.77-9738,2022-03-14 07:22:14,2022-03-14 07:51:10,2022-03-14 07:59:25,2022-03-14 07:59:25
7007456722,กท.79-0144,2022-03-14 07:24:14,2022-03-14 07:59:25,2022-03-14 08:08:43,2022-03-14 08:08:43
7007463446,สค.70-4335,2022-03-14 07:30:58,2022-03-14 08:08:43,2022-03-14 08:14:14,2022-03-14 08:14:14
7007456618,กท.79-2717,2022-03-14 07:45:38,2022-03-14 08:14:14,2022-03-14 08:22:21,2022-03-14 08:22:21
7007456628,กท.79-1961,2022-03-14 07:45:55,2022-03-14 08:22:21,2022-03-14 08:28:10,2022-03-14 08:28:10
7007462109,กท.79-0642,2022-03-14 07:50:27,2022-03-14 08:28:10,2022-03-14 08:35:35,2022-03-14 08:35:35
7007456623,ฉช.82-7443,2022-03-14 08:00:48,2022-03-14 08:35:35,2022-03-14 08:43:17,2022-03-14 08:43:17
7007456595,กท.78-6739,2022-03-14 08:07:13,2022-03-14 08:43:17,2022-03-14 08:49:51,2022-03-14 08:49:51
7007462130,กท.60-4205,2022-03-14 08:11:51,2022-03-14 08:49:51,2022-03-14 08:55:50,2022-03-14 08:55:50
7007456744,กท.74-9070,2022-03-14 08:16:25,2022-03-14 08:55:50,2022-03-14 09:03:46,2022-03-14 09:03:46
7007463727,กท.75-0640,2022-03-14 08:25:33,2022-03-14 09:03:46,2022-03-14 09:12:26,2022-03-14 09:12:26
7007463495,ลพ.70-0786,2022-03-14 08:31:00,2022-03-14 09:12:26,2022-03-14 09:19:38,2022-03-14 09:19:38
7007456727,กท.78-6744,2022-03-14 08:35:08,2022-03-14 09:19:38,2022-03-14 09:29:01,2022-03-14 09:29:01
7007463826,กท.79-5842,2022-03-14 08:35:45,2022-03-14 09:29:01,2022-03-14 09:37:41,2022-03-14 09:37:41
7007463832,กท.79-5841,2022-03-14 08:38:21,2022-03-14 09:37:41,2022-03-14 09:44:38,2022-03-14 09:44:38
7007456609,กท.60-4207,2022-03-14 09:16:32,2022-03-14 09:44:38,2022-03-14 09:50:40,2022-03-14 09:50:40
7007456622,กท.60-4208,2022-03-14 09:16:47,2022-03-14 09:50:40,2022-03-14 09:59:49,2022-03-14 09:59:49
7007464390,นม.70-5434,2022-03-14 09:39:22,2022-03-14 09:59:49,2022-03-14 10:07:53,2022-03-14 10:07:53
7007464310,กท.75-3041,2022-03-14 09:43:29,2022-03-14 10:07:53,2022-03-14 10:13:02,2022-03-14 10:13:02
7007464395,กท.61-4720,2022-03-14 09:46:51,2022-03-14 10:13:02,2022-03-14 10:18:27,2022-03-14 10:18:27
7007456627,ฉช.82-2839,2022-03-14 09:53:01,2022-03-14 10:18:27,2022-03-14 10:27:19,2022-03-14 10:27:19
7007464440,กท.72-3498,2022-03-14 09:55:08,2022-03-14 10:27:19,2022-03-14 10:34:13,2022-03-14 10:34:13
7007464464,กท.79-7691,2022-03-14 10:00:11,2022-03-14 10:34:13,2022-03-14 10:41:09,2022-03-14 10:41:09
7007464513,ฉช.82-4812,2022-03-14 10:08:35,2022-03-14 10:41:09,2022-03-14 10:46:33,2022-03-14 10:46:33
7007462116,กท.78-7993,2022-03-14 10:16:14,2022-03-14 10:46:33,2022-03-14 10:53:43,2022-03-14 10:53:43
7007464575,รย.71-2637,2022-03-14 10:17:55,2022-03-14 10:53:43,2022-03-14 10:59:35,2022-03-14 10:59:35
7007464545,จบ.80-8222,2022-03-14 10:23:11,2022-03-14 10:59:35,2022-03-14 11:05:10,2022-03-14 11:05:10
7007456721,กท.79-0841,2022-03-14 10:39:01,2022-03-14 11:05:10,2022-03-14 11:11:22,2022-03-14 11:11:22
7007456740,กท.78-1149,2022-03-14 10:48:39,2022-03-14 11:11:22,2022-03-14 11:21:09,2022-03-14 11:21:09
7007456601,กท.79-0642,2022-03-14 10:55:07,2022-03-14 11:21:09,2022-03-14 11:30:05,2022-03-14 11:30:05
7007465044,ชบ.85-5327,2022-03-14 11:04:57,2022-03-14 11:30:05,2022-03-14 11:35:09,2022-03-14 11:35:09
7007456731,กท.78-6742,2022-03-14 11:08:46,2022-03-14 11:35:09,2022-03-14 11:41:06,2022-03-14 11:41:06
7007465108,ชม.70-5122,2022-03-14 11:10:04,2022-03-14 11:41:06,2022-03-14 11:46:32,2022-03-14 11:46:32
7007465118,ชม.70-4355,2022-03-14 11:12:05,2022-03-14 11:46:32,2022-03-14 11:52:05,2022-03-14 11:52:05
7007465204,สค.70-5407,2022-03-14 11:30:09,2022-03-14 11:52:05,2022-03-14 11:58:39,2022-03-14 11:58:39
7007465278,ชม.70-5125,2022-03-14 11:31:08,2022-03-14 11:58:39,2022-03-14 12:06:58,2022-03-14 12:06:58
7007465103,ชม.70-5123,2022-03-14 11:34:29,2022-03-14 12:06:58,2022-03-14 12:16:05,2022-03-14 12:16:05
7007465347,ฉช.81-3257,2022-03-14 11:39:04,2022-03-14 12:16:05,2022-03-14 12:24:19,2022-03-14 12:24:19
7007464506,กท.79-1961,2022-03-14 11:43:26,2022-03-14 12:24:19,2022-03-14 12:31:15,2022-03-14 12:31:15
7007465627,กท.79-3259,2022-03-14 11:55:16,2022-03-14 12:31:15,2022-03-14 12:36:36,2022-03-14 12:36:36
7007456726,กท.79-0643,2022-03-14 12:04:22,2022-03-14 12:36:36,2022-03-14 12:42:07,2022-03-14 12:42:07
7007456746,กท.78-6744,2022-03-14 12:23:15,2022-03-14 12:42:07,2022-03-14 12:49:46,2022-03-14 12:49:46
7007456723,กท.79-5584,2022-03-14 12:26:18,2022-03-14 12:49:46,2022-03-14 12:55:28,2022-03-14 12:55:28
7007465733,นม.70-6730,2022-03-14 12:28:35,2022-03-14 12:55:28,2022-03-14 13:01:14,2022-03-14 13:01:14
7007456598,กท.74-9067,2022-03-14 12:37:54,2022-03-14 13:01:14,2022-03-14 13:08:49,2022-03-14 13:08:49
7007465752,กท.79-7440,2022-03-14 12:42:47,2022-03-14 13:08:49,2022-03-14 13:14:10,2022-03-14 13:14:10
7007464509,ฉช.82-7443,2022-03-14 12:47:30,2022-03-14 13:14:10,2022-03-14 13:22:54,2022-03-14 13:22:54
7007465828,ชบ.85-3878,2022-03-14 12:52:48,2022-03-14 13:22:54,2022-03-14 13:28:12,2022-03-14 13:28:12
7007465861,จบ.80-3645,2022-03-14 12:56:47,2022-03-14 13:28:12,2022-03-14 13:37:13,2022-03-14 13:37:13
7007465870,กท.75-2786,2022-03-14 13:04:20,2022-03-14 13:37:13,2022-03-14 13:42:41,2022-03-14 13:42:41
7007465897,ชม.70-5299,2022-03-14 13:08:58,2022-03-14 13:42:41,2022-03-14 13:51:53,2022-03-14 13:51:53
7007464991,กท.79-1830,2022-03-14 13:15:44,2022-03-14 13:51:53,2022-03-14 14:01:21,2022-03-14 14:01:21
7007464969,กท.78-6739,2022-03-14 13:44:03,2022-03-14 14:01:21,2022-03-14 14:06:33,2022-03-14 14:06:33
7007464982,กท.79-2716,2022-03-14 13:54:29,2022-03-14 14:06:33,2022-03-14 14:15:39,2022-03-14 14:15:39
7007466195,รย.82-4012,2022-03-14 14:02:15,2022-03-14 14:15:39,2022-03-14 14:21:14,2022-03-14 14:21:14
7007466223,ชม.70-5301,2022-03-14 14:02:41,2022-03-14 14:21:14,2022-03-14 14:26:23,2022-03-14 14:26:23
7007466190,กท.79-6706,2022-03-14 14:10:17,2022-03-14 14:26:23,2022-03-14 14:36:10,2022-03-14 14:36:10
7007466230,ชม.70-5300,2022-03-14 14:10:35,2022-03-14 14:36:10,2022-03-14 14:42:24,2022-03-14 14:42:24
7007466349,กท.78-5932,2022-03-14 14:13:07,2022-03-14 14:42:24,2022-03-14 14:47:35,2022-03-14 14:47:35
7007456742,กท.79-2717,2022-03-14 14:23:15,2022-03-14 14:47:35,2022-03-14 14:56:46,2022-03-14 14:56:46
7007458018,กท.77-9738,2022-03-14 14:28:33,2022-03-14 14:56:46,2022-03-14 15:03:13,2022-03-14 15:03:13
7007456729,กท.79-5843,2022-03-14 14:46:32,2022-03-14 15:03:13,2022-03-14 15:12:23,2022-03-14 15:12:23
7007465768,ฉช.81-4230,2022-03-14 14:49:24,2022-03-14 15:12:23,2022-03-14 15:18:20,2022-03-14 15:18:20
7007467122,กท.79-7786,2022-03-14 15:01:19,2022-03-14 15:18:20,2022-03-14 15:26:13,2022-03-14 15:26:13
7007467309,กท.79-3258,2022-03-14 15:05:50,2022-03-14 15:26:13,2022-03-14 15:34:49,2022-03-14 15:34:49
7007467225,กท.79-3257,2022-03-14 15:05:51,2022-03-14 15:34:49,2022-03-14 15:41:46,2022-03-14 15:41:46
7007456606,กท.79-5578,2022-03-14 15:13:55,2022-03-14 15:41:46,2022-03-14 15:50:14,2022-03-14 15:50:14
7007467139,กท.60-2724,2022-03-14 15:16:00,2022-03-14 15:50:14,2022-03-14 15:57:26,2022-03-14 15:57:26
7007466012,กท.78-6739,2022-03-14 15:45:49,2022-03-14 15:57:26,2022-03-14 16:06:39,2022-03-14 16:06:39
7007467714,สค.70-4074,2022-03-14 15:50:11,2022-03-14 16:06:39,2022-03-14 16:15:39,2022-03-14 16:15:39
7007467774,นม.70-6589,2022-03-14 16:03:34,2022-03-14 16:15:39,2022-03-14 16:20:46,2022-03-14 16:20:46
7007467925,ชม.70-5122,2022-03-14 16:16:17,2022-03-14 16:20:46,2022-03-14 16:26:32,2022-03-14 16:26:32
7007465832,กท.79-0643,2022-03-14 16:26:53,2022-03-14 16:26:53,2022-03-14 16:34:36,2022-03-14 16:34:36
7007465804,ฉช.82-4812,2022-03-14 16:28:56,2022-03-14 16:34:36,2022-03-14 16:43:46,2022-03-14 16:43:46
7007465784,กท.74-9070,2022-03-14 16:35:59,2022-03-14 16:43:46,2022-03-14 16:52:20,2022-03-14 16:52:20
7007468281,นม.70-6730,2022-03-14 17:00:29,2022-03-14 17:00:29,2022-03-14 17:08:07,2022-03-14 17:08:07
7007468319,ชบ.84-7975,2022-03-14 17:00:36,2022-03-14 17:08:07,2022-03-14 17:13:08,2022-03-14 17:13:08
7007465827,กท.79-1961,2022-03-14 17:27:04,2022-03-14 17:27:04,2022-03-14 17:33:26,2022-03-14 17:33:26
7007465791,กท.79-2716,2022-03-14 18:00:48,2022-03-14 18:00:48,2022-03-14 18:06:28,2022-03-14 18:06:28
7007469538,สค.70-6119,2022-03-15 00:19:11,2022-03-15 00:19:11,2022-03-15 00:27:43,2022-03-15 00:27:43
7007469537,ชม.70-4355,2022-03-15 00:30:59,2022-03-15 00:30:59,2022-03-15 00:40:47,2022-03-15 00:40:47
7007469540,ชม.70-4219,2022-03-15 00:35:56,2022-03-15 00:40:47,2022-03-15 00:46:35,2022-03-15 00:46:35
7007469542,สค.70-2507,2022-03-15 00:38:54,2022-03-15 00:46:35,2022-03-15 00:52:38,2022-03-15 00:52:38
7007469539,สค.70-5407,2022-03-15 00:40:09,2022-03-15 00:52:38,2022-03-15 01:00:44,2022-03-15 01:00:44
7007469541,ชม.70-5302,2022-03-15 00:42:35,2022-03-15 01:00:44,2022-03-15 01:05:54,2022-03-15 01:05:54
7007469553,รย.71-2638,2022-03-15 00:51:10,2022-03-15 01:05:54,2022-03-15 01:12:57,2022-03-15 01:12:57
7007469564,สค.70-4397,2022-03-15 01:23:00,2022-03-15 01:23:00,2022-03-15 01:28:29,2022-03-15 01:28:29
7007469563,สค.70-6125,2022-03-15 01:23:01,2022-03-15 01:28:29,2022-03-15 01:37:14,2022-03-15 01:37:14
7007465797,ฉช.82-3201,2022-03-15 02:36:31,2022-03-15 02:36:31,2022-03-15 02:45:02,2022-03-15 02:45:02
7007465802,ฉช.82-8528,2022-03-15 02:51:45,2022-03-15 02:51:45,2022-03-15 02:57:54,2022-03-15 02:57:54
7007465811,ฉช.82-8346,2022-03-15 03:07:02,2022-03-15 03:07:02,2022-03-15 03:16:28,2022-03-15 03:16:28
7007467955,กท.76-4825,2022-03-15 04:19:44,2022-03-15 04:19:44,2022-03-15 04:25:57,2022-03-15 04:25:57
7007469644,กท.61-8383,2022-03-15 04:50:12,2022-03-15 04:50:12,2022-03-15 04:58:58,2022-03-15 04:58:58
7007469656,ชบ.82-4190,2022-03-15 06:14:36,2022-03-15 06:14:36,2022-03-15 06:22:49,2022-03-15 06:22:49
7007465780,กท.78-6742,2022-03-15 06:24:03,2022-03-15 06:24:03,2022-03-15 06:31:10,2022-03-15 06:31:10
7007465833,กท.79-1830,2022-03-15 06:31:13,2022-03-15 06:31:13,2022-03-15 06:40:57,2022-03-15 06:40:57
7007465800,กท.79-5584,2022-03-15 06:35:14,2022-03-15 06:40:57,2022-03-15 06:49:35,2022-03-15 06:49:35
7007465813,กท.78-7993,2022-03-15 06:36:31,2022-03-15 06:49:35,2022-03-15 06:55:14,2022-03-15 06:55:14
7007465836,กท.79-5843,2022-03-15 06:50:59,2022-03-15 06:55:14,2022-03-15 07:03:32,2022-03-15 07:03:32
7007469679,กท.61-7782,2022-03-15 06:51:17,2022-03-15 07:03:32,2022-03-15 07:08:38,2022-03-15 07:08:38
7007465817,ฉช.82-7443,2022-03-15 06:59:34,2022-03-15 07:08:38,2022-03-15 07:18:25,2022-03-15 07:18:25
7007469667,สค.70-6123,2022-03-15 07:01:36,2022-03-15 07:18:25,2022-03-15 07:23:51,2022-03-15 07:23:51
7007469676,กท.79-7440,2022-03-15 07:11:44,2022-03-15 07:23:51,2022-03-15 07:32:43,2022-03-15 07:32:43
7007466364,กท.79-5578,2022-03-15 07:19:21,2022-03-15 07:32:43,2022-03-15 07:38:58,2022-03-15 07:38:58
7007467950,กท.77-9738,2022-03-15 07:20:02,2022-03-15 07:38:58,2022-03-15 07:46:10,2022-03-15 07:46:10
7007468382,กท.77-8133,2022-03-15 07:24:16,2022-03-15 07:46:10,2022-03-15 07:51:28,2022-03-15 07:51:28
7007465798,กท.79-0841,2022-03-15 07:38:29,2022-03-15 07:51:28,2022-03-15 07:58:31,2022-03-15 07:58:31
7007465807,กท.60-4205,2022-03-15 07:46:00,2022-03-15 07:58:31,2022-03-15 08:08:23,2022-03-15 08:08:23
7007469762,จบ.81-2529,2022-03-15 07:50:46,2022-03-15 08:08:23,2022-03-15 08:16:22,2022-03-15 08:16:22
7007467483,กท.74-9067,2022-03-15 07:53:32,2022-03-15 08:16:22,2022-03-15 08:21:35,2022-03-15 08:21:35
7007468433,กท.79-5579,2022-03-15 07:57:53,2022-03-15 08:21:35,2022-03-15 08:30:47,2022-03-15 08:30:47
7007465814,กท.79-2717,2022-03-15 08:01:21,2022-03-15 08:30:47,2022-03-15 08:36:41,2022-03-15 08:36:41
7007468388,กท.79-0144,2022-03-15 08:08:42,2022-03-15 08:36:41,2022-03-15 08:46:18,2022-03-15 08:46:18
7007465781,กท.77-8134,2022-03-15 08:19:21,2022-03-15 08:46:18,2022-03-15 08:54:15,2022-03-15 08:54:15
7007465809,กท.79-0642,2022-03-15 08:21:14,2022-03-15 08:54:15,2022-03-15 09:02:35,2022-03-15 09:02:35
7007465810,กท.75-1033,2022-03-15 08:23:11,2022-03-15 09:02:35,2022-03-15 09:09:16,2022-03-15 09:09:16
7007465774,กท.78-6739,2022-03-15 08:29:04,2022-03-15 09:09:16,2022-03-15 09:17:36,2022-03-15 09:17:36
7007469913,ชม.70-5261,2022-03-15 08:40:31,2022-03-15 09:17:36,2022-03-15 09:22:50,2022-03-15 09:22:50
7007465820,กท.78-6744,2022-03-15 08:42:21,2022-03-15 09:22:50,2022-03-15 09:32:22,2022-03-15 09:32:22
7007465837,กท.79-0641,2022-03-15 08:44:04,2022-03-15 09:32:22,2022-03-15 09:38:49,2022-03-15 09:38:49
7007469993,กท.75-7868,2022-03-15 08:50:47,2022-03-15 09:38:49,2022-03-15 09:44:33,2022-03-15 09:44:33
7007469967,กท.79-5841,2022-03-15 08:51:38,2022-03-15 09:44:33,2022-03-15 09:51:16,2022-03-15 09:51:16
7007470023,กท.78-1149,2022-03-15 09:01:54,2022-03-15 09:51:16,2022-03-15 10:01:01,2022-03-15 10:01:01
7007470032,ชบ.71-4793,2022-03-15 09:03:35,2022-03-15 10:01:01,2022-03-15 10:10:43,2022-03-15 10:10:43
7007465771,ฉช.82-7170,2022-03-15 09:20:32,2022-03-15 10:10:43,2022-03-15 10:19:53,2022-03-15 10:19:53
7007465795,กท.60-4208,2022-03-15 09:23:13,2022-03-15 10:19:53,2022-03-15 10:28:40,2022-03-15 10:28:40
7007470114,กท.61-6471,2022-03-15 09:24:52,2022-03-15 10:28:40,2022-03-15 10:36:05,2022-03-15 10:36:05
7007465770,ฉช.82-2839,2022-03-15 09:30:31,2022-03-15 10:36:05,2022-03-15 10:42:45,2022-03-15 10:42:45
7007470526,ชม.70-5299,2022-03-15 09:48:42,2022-03-15 10:42:45,2022-03-15 10:52:01,2022-03-15 10:52:01
7007470535,ตร.80-2192,2022-03-15 09:53:11,2022-03-15 10:52:01,2022-03-15 11:01:18,2022-03-15 11:01:18
7007470569,ชบ.84-7139,2022-03-15 10:14:58,2022-03-15 11:01:18,2022-03-15 11:10:59,2022-03-15 11:10:59
7007470719,กท.79-3259,2022-03-15 10:28:07,2022-03-15 11:10:59,2022-03-15 11:18:44,2022-03-15 11:18:44
7007468375,กท.79-2717,2022-03-15 10:32:12,2022-03-15 11:18:44,2022-03-15 11:25:32,2022-03-15 11:25:32
7007468395,กท.78-7993,2022-03-15 10:34:32,2022-03-15 11:25:32,2022-03-15 11:31:22,2022-03-15 11:31:22
7007470974,ชม.70-5124,2022-03-15 10:55:36,2022-03-15 11:31:22,2022-03-15 11:40:57,2022-03-15 11:40:57
7007465816,กท.77-9738,2022-03-15 11:16:47,2022-03-15 11:40:57,2022-03-15 11:49:43,2022-03-15 11:49:43
7007471203,ชบ.85-3878,2022-03-15 11:22:54,2022-03-15 11:49:43,2022-03-15 11:58:39,2022-03-15 11:58:39
7007471395,ลพ.70-0785,2022-03-15 11:36:16,2022-03-15 11:58:39,2022-03-15 12:05:32,2022-03-15 12:05:32
7007470875,กท.77-8133,2022-03-15 11:38:42,2022-03-15 12:05:32,2022-03-15 12:13:30,2022-03-15 12:13:30
7007471288,ฉช.82-8346,2022-03-15 11:43:07,2022-03-15 12:13:30,2022-03-15 12:21:36,2022-03-15 12:21:36
7007471301,กท.75-7868,2022-03-15 11:47:28,2022-03-15 12:21:36,2022-03-15 12:27:47,2022-03-15 12:27:47
7007471283,ชม.70-5192,2022-03-15 11:53:41,2022-03-15 12:27:47,2022-03-15 12:35:31,2022-03-15 12:35:31
7007468188,กท.78-6742,2022-03-15 12:08:47,2022-03-15 12:35:31,2022-03-15 12:44:32,2022-03-15 12:44:32
7007465796,กท.79-1830,2022-03-15 12:24:25,2022-03-15 12:44:32,2022-03-15 12:49:52,2022-03-15 12:49:52
7007472013,กท.61-8383,2022-03-15 12:35:19,2022-03-15 12:49:52,2022-03-15 12:57:07,2022-03-15 12:57:07
7007468398,กท.79-1961,2022-03-15 12:51:09,2022-03-15 12:57:07,2022-03-15 13:04:37,2022-03-15 13:04:37
7007472041,นม.70-5380,2022-03-15 12:55:23,2022-03-15 13:04:37,2022-03-15 13:09:42,2022-03-15 13:09:42
7007472036,นม.70-6719,2022-03-15 12:57:30,2022-03-15 13:09:42,2022-03-15 13:15:07,2022-03-15 13:15:07
7007465777,กท.79-0641,2022-03-15 13:01:42,2022-03-15 13:15:07,2022-03-15 13:24:34,2022-03-15 13:24:34
7007472030,กท.60-2723,2022-03-15 13:11:27,2022-03-15 13:24:34,2022-03-15 13:30:33,2022-03-15 13:30:33
7007472057,กท.79-3258,2022-03-15 13:16:39,2022-03-15 13:30:33,2022-03-15 13:37:14,2022-03-15 13:37:14
7007465778,กท.74-9067,2022-03-15 13:22:32,2022-03-15 13:37:14,2022-03-15 13:42:53,2022-03-15 13:42:53
7007465767,กท.79-0144,2022-03-15 13:27:36,2022-03-15 13:42:53,2022-03-15 13:48:38,2022-03-15 13:48:38
7007465773,กท.79-0841,2022-03-15 13:40:52,2022-03-15 13:48:38,2022-03-15 13:56:47,2022-03-15 13:56:47
7007472184,กท.79-0642,2022-03-15 13:41:01,2022-03-15 13:56:47,2022-03-15 14:02:34,2022-03-15 14:02:34
7007465793,กท.79-5584,2022-03-15 13:44:35,2022-03-15 14:02:34,2022-03-15 14:09:47,2022-03-15 14:09:47
7007467706,กท.78-1149,2022-03-15 13:54:44,2022-03-15 14:09:47,2022-03-15 14:19:23,2022-03-15 14:19:23
7007472347,ชบ.84-7156,2022-03-15 13:56:59,2022-03-15 14:19:23,2022-03-15 14:28:10,2022-03-15 14:28:10
7007470924,กท.79-5579,2022-03-15 14:01:55,2022-03-15 14:28:10,2022-03-15 14:37:26,2022-03-15 14:37:26
7007472407,กท.79-5842,2022-03-15 14:04:24,2022-03-15 14:37:26,2022-03-15 14:43:30,2022-03-15 14:43:30
7007465830,กท.79-2716,2022-03-15 14:08:14,2022-03-15 14:43:30,2022-03-15 14:51:39,2022-03-15 14:51:39
7007471455,ฉช.81-4230,2022-03-15 14:29:28,2022-03-15 14:51:39,2022-03-15 14:57:20,2022-03-15 14:57:20
7007472779,กท.79-8993,2022-03-15 14:32:52,2022-03-15 14:57:20,2022-03-15 15:04:34,2022-03-15 15:04:34
7007465834,กท.74-9070,2022-03-15 14:53:02,2022-03-15 15:04:34,2022-03-15 15:10:57,2022-03-15 15:10:57
7007465775,ฉช.82-7443,2022-03-15 14:56:08,2022-03-15 15:10:57,2022-03-15 15:18:54,2022-03-15 15:18:54
7007473086,กท.79-5841,2022-03-15 15:14:27,2022-03-15 15:18:54,2022-03-15 15:25:49,2022-03-15 15:25:49
7007473397,ลพ.70-0786,2022-03-15 15:38:21,2022-03-15 15:38:21,2022-03-15 15:44:07,2022-03-15 15:44:07
7007465835,กท.79-0643,2022-03-15 15:40:12,2022-03-15 15:44:07,2022-03-15 15:49:49,2022-03-15 15:49:49
7007473799,ชม.70-5300,2022-03-15 16:01:29,2022-03-15 16:01:29,2022-03-15 16:07:58,2022-03-15 16:07:58
7007473808,กท.79-3259,2022-03-15 16:12:26,2022-03-15 16:12:26,2022-03-15 16:19:29,2022-03-15 16:19:29
7007471982,กท.78-6739,2022-03-15 16:39:21,2022-03-15 16:39:21,2022-03-15 16:47:17,2022-03-15 16:47:17
7007473999,ชม.70-5122,2022-03-15 16:47:38,2022-03-15 16:47:38,2022-03-15 16:55:06,2022-03-15 16:55:06
7007465766,กท.79-0642,2022-03-15 16:49:15,2022-03-15 16:55:06,2022-03-15 17:01:12,2022-03-15 17:01:12
7007470716,กท.78-6742,2022-03-15 17:19:35,2022-03-15 17:19:35,2022-03-15 17:26:46,2022-03-15 17:26:46
7007471944,กท.74-9067,2022-03-15 17:45:49,2022-03-15 17:45:49,2022-03-15 17:50:55,2022-03-15 17:50:55
7007465826,กท.79-5579,2022-03-15 17:51:24,2022-03-15 17:51:24,2022-03-15 18:01:04,2022-03-15 18:01:04
7007465824,กท.77-8134,2022-03-15 18:05:03,2022-03-15 18:05:03,2022-03-15 18:12:33,2022-03-15 18:12:33
7007465819,กท.79-0144,2022-03-15 18:34:25,2022-03-15 18:34:25,2022-03-15 18:40:14,2022-03-15 18:40:14
7007471927,กท.78-6739,2022-03-15 18:39:16,2022-03-15 18:40:14,2022-03-15 18:49:57,2022-03-15 18:49:57
7007465883,กท.79-0841,2022-03-15 18:54:05,2022-03-15 18:54:05,2022-03-15 19:00:20,2022-03-15 19:00:20
7007471972,ฉช.82-7443,2022-03-15 18:59:07,2022-03-15 19:00:20,2022-03-15 19:09:41,2022-03-15 19:09:41
7007472149,กท.79-5584,2022-03-15 19:06:25,2022-03-15 19:09:41,2022-03-15 19:17:43,2022-03-15 19:17:43
7007471967,กท.78-7993,2022-03-15 19:13:43,2022-03-15 19:17:43,2022-03-15 19:24:17,2022-03-15 19:24:17
7007471969,กท.77-8133,2022-03-15 19:22:24,2022-03-15 19:24:17,2022-03-15 19:33:03,2022-03-15 19:33:03
7007474620,ชม.70-4355,2022-03-16 00:17:21,2022-03-16 00:17:21,2022-03-16 00:23:13,2022-03-16 00:23:13
7007474619,สค.70-6119,2022-03-16 00:25:07,2022-03-16 00:25:07,2022-03-16 00:32:37,2022-03-16 00:32:37
7007474621,ชม.70-4219,2022-03-16 00:27:37,2022-03-16 00:32:37,2022-03-16 00:41:05,2022-03-16 00:41:05
7007474618,สค.70-4386,2022-03-16 00:38:58,2022-03-16 00:41:05,2022-03-16 00:49:12,2022-03-16 00:49:12
7007474629,สค.70-6125,2022-03-16 00:44:25,2022-03-16 00:49:12,2022-03-16 00:56:09,2022-03-16 00:56:09
7007474625,สค.70-4335,2022-03-16 00:52:28,2022-03-16 00:56:09,2022-03-16 01:05:37,2022-03-16 01:05:37
7007471945,ฉช.82-3201,2022-03-16 02:02:02,2022-03-16 02:02:02,2022-03-16 02:10:55,2022-03-16 02:10:55
7007474678,ลพ.70-0785,2022-03-16 02:40:26,2022-03-16 02:40:26,2022-03-16 02:46:47,2022-03-16 02:46:47
7007474680,ชม.70-5299,2022-03-16 02:51:30,2022-03-16 02:51:30,2022-03-16 02:59:22,2022-03-16 02:59:22
7007471956,ฉช.82-2839,2022-03-16 03:04:52,2022-03-16 03:04:52,2022-03-16 03:11:00,2022-03-16 03:11:00
7007474718,กท.79-6703,2022-03-16 04:05:52,2022-03-16 04:05:52,2022-03-16 04:14:18,2022-03-16 04:14:18
7007474728,สค.70-4333,2022-03-16 04:26:26,2022-03-16 04:26:26,2022-03-16 04:34:57,2022-03-16 04:34:57
7007471939,กท.79-0644,2022-03-16 04:29:10,2022-03-16 04:34:57,2022-03-16 04:40:26,2022-03-16 04:40:26
7007474729,กท.79-7691,2022-03-16 04:34:23,2022-03-16 04:40:26,2022-03-16 04:49:05,2022-03-16 04:49:05
7007471963,กท.79-0144,2022-03-16 06:23:43,2022-03-16 06:23:43,2022-03-16 06:30:25,2022-03-16 06:30:25
7007474779,สค.70-6123,2022-03-16 06:34:08,2022-03-16 06:34:08,2022-03-16 06:39:39,2022-03-16 06:39:39
7007471959,กท.79-0841,2022-03-16 06:34:53,2022-03-16 06:39:39,2022-03-16 06:45:01,2022-03-16 06:45:01
7007471952,กท.78-6742,2022-03-16 06:40:55,2022-03-16 06:45:01,2022-03-16 06:52:42,2022-03-16 06:52:42
7007473631,กท.78-1149,2022-03-16 06:44:18,2022-03-16 06:52:42,2022-03-16 07:00:45,2022-03-16 07:00:45
7007471936,กท.75-1033,2022-03-16 06:51:36,2022-03-16 07:00:45,2022-03-16 07:05:51,2022-03-16 07:05:51
7007471923,กท.79-2716,2022-03-16 06:55:57,2022-03-16 07:05:51,2022-03-16 07:13:02,2022-03-16 07:13:02
7007471948,กท.77-8134,2022-03-16 07:06:54,2022-03-16 07:13:02,2022-03-16 07:22:27,2022-03-16 07:22:27
7007474815,ชม.70-5261,2022-03-16 07:07:06,2022-03-16 07:22:27,2022-03-16 07:27:35,2022-03-16 07:27:35
7007473609,กท.79-5578,2022-03-16 07:08:56,2022-03-16 07:27:35,2022-03-16 07:34:35,2022-03-16 07:34:35
7007471931,กท.77-9738,2022-03-16 07:20:03,2022-03-16 07:34:35,2022-03-16 07:39:55,2022-03-16 07:39:55
7007471943,กท.79-5843,2022-03-16 07:25:19,2022-03-16 07:39:55,2022-03-16 07:49:51,2022-03-16 07:49:51
7007471975,กท.79-0642,2022-03-16 07:31:31,2022-03-16 07:49:51,2022-03-16 07:58:54,2022-03-16 07:58:54
7007471929,กท.74-9070,2022-03-16 07:34:25,2022-03-16 07:58:54,2022-03-16 08:04:27,2022-03-16 08:04:27
7007471951,กท.76-4825,2022-03-16 07:41:15,2022-03-16 08:04:27,2022-03-16 08:12:34,2022-03-16 08:12:34
7007471953,กท.79-0643,2022-03-16 07:46:44,2022-03-16 08:12:34,2022-03-16 08:20:06,2022-03-16 08:20:06
7007471935,กท.79-5579,2022-03-16 07:49:00,2022-03-16 08:20:06,2022-03-16 08:27:00,2022-03-16 08:27:00
7007471957,กท.79-2717,2022-03-16 08:03:01,2022-03-16 08:27:00,2022-03-16 08:35:06,2022-03-16 08:35:06
7007474964,ชม.70-5301,2022-03-16 08:09:18,2022-03-16 08:35:06,2022-03-16 08:42:50,2022-03-16 08:42:50
7007471949,กท.79-0641,2022-03-16 08:09:50,2022-03-16 08:42:50,2022-03-16 08:51:55,2022-03-16 08:51:55
7007471933,กท.78-6744,2022-03-16 08:13:38,2022-03-16 08:51:55,2022-03-16 09:00:38,2022-03-16 09:00:38
7007475200,กท.75-7868,2022-03-16 08:27:06,2022-03-16 09:00:38,2022-03-16 09:08:48,2022-03-16 09:08:48
7007475216,กท.61-4720,2022-03-16 08:39:21,2022-03-16 09:08:48,2022-03-16 09:18:25,2022-03-16 09:18:25
7007475379,กท.79-5842,2022-03-16 09:25:15,2022-03-16 09:25:15,2022-03-16 09:32:06,2022-03-16 09:32:06
7007475610,ชบ.82-4190,2022-03-16 09:46:25,2022-03-16 09:46:25,2022-03-16 09:51:55,2022-03-16 09:51:55
7007475621,ชม.70-5302,2022-03-16 09:51:20,2022-03-16 09:51:55,2022-03-16 10:01:12,2022-03-16 10:01:12
7007471950,กท.79-0841,2022-03-16 09:57:09,2022-03-16 10:01:12,2022-03-16 10:09:24,2022-03-16 10:09:24
7007471954,กท.60-4207,2022-03-16 10:07:23,2022-03-16 10:09:24,2022-03-16 10:17:32,2022-03-16 10:17:32
7007471966,กท.78-1149,2022-03-16 10:10:17,2022-03-16 10:17:32,2022-03-16 10:24:37,2022-03-16 10:24:37
7007476268,นม.70-5434,2022-03-16 10:29:48,2022-03-16 10:29:48,2022-03-16 10:37:40,2022-03-16 10:37:40
7007471918,กท.78-6742,2022-03-16 10:31:25,2022-03-16 10:37:40,2022-03-16 10:45:22,2022-03-16 10:45:22
7007476426,ฉช.81-3257,2022-03-16 10:41:43,2022-03-16 10:45:22,2022-03-16 10:51:09,2022-03-16 10:51:09
7007476117,สบ.71-0828,2022-03-16 10:42:15,2022-03-16 10:51:09,2022-03-16 10:59:37,2022-03-16 10:59:37
7007476471,ชบ.84-7975,2022-03-16 10:47:58,2022-03-16 10:59:37,2022-03-16 11:04:41,2022-03-16 11:04:41
7007471932,กท.78-6744,2022-03-16 10:49:56,2022-03-16 11:04:41,2022-03-16 11:12:24,2022-03-16 11:12:24
7007476106,สบ.71-0408,2022-03-16 11:00:41,2022-03-16 11:12:24,2022-03-16 11:21:20,2022-03-16 11:21:20
7007476610,ชบ.71-8902,2022-03-16 11:08:20,2022-03-16 11:21:20,2022-03-16 11:27:25,2022-03-16 11:27:25
7007471974,กท.77-8134,2022-03-16 11:08:25,2022-03-16 11:27:25,2022-03-16 11:36:41,2022-03-16 11:36:41
7007471922,กท.79-2717,2022-03-16 11:18:26,2022-03-16 11:36:41,2022-03-16 11:42:08,2022-03-16 11:42:08
7007477035,ชบ.85-3878,2022-03-16 11:26:46,2022-03-16 11:42:08,2022-03-16 11:50:46,2022-03-16 11:50:46
7007477042,ชบ.71-4792,2022-03-16 11:35:26,2022-03-16 11:50:46,2022-03-16 11:57:27,2022-03-16 11:57:27
7007476929,กท.79-6705,2022-03-16 11:36:03,2022-03-16 11:57:27,2022-03-16 12:06:45,2022-03-16 12:06:45
7007476986,นม.70-7496,2022-03-16 11:47:28,2022-03-16 12:06:45,2022-03-16 12:13:55,2022-03-16 12:13:55
7007476996,นม.70-6737,2022-03-16 11:53:59,2022-03-16 12:13:55,2022-03-16 12:23:38,2022-03-16 12:23:38
7007477007,นม.70-6891,2022-03-16 12:00:03,2022-03-16 12:23:38,2022-03-16 12:31:44,2022-03-16 12:31:44
7007471962,กท.79-5578,2022-03-16 12:05:43,2022-03-16 12:31:44,2022-03-16 12:39:56,2022-03-16 12:39:56
7007477251,รย.82-0448,2022-03-16 12:08:07,2022-03-16 12:39:56,2022-03-16 12:46:09,2022-03-16 12:46:09
7007477257,จบ.70-0722,2022-03-16 12:20:26,2022-03-16 12:46:09,2022-03-16 12:53:38,2022-03-16 12:53:38
7007471965,กท.79-2716,2022-03-16 12:24:54,2022-03-16 12:53:38,2022-03-16 12:58:49,2022-03-16 12:58:49
7007477347,สค.70-4074,2022-03-16 12:42:55,2022-03-16 12:58:49,2022-03-16 13:08:14,2022-03-16 13:08:14
7007477380,ลพ.70-0786,2022-03-16 12:42:56,2022-03-16 13:08:14,2022-03-16 13:18:04,2022-03-16 13:18:04
7007477246,กท.79-5841,2022-03-16 12:49:27,2022-03-16 13:18:04,2022-03-16 13:23:11,2022-03-16 13:23:11
7007473584,กท.74-9070,2022-03-16 12:53:48,2022-03-16 13:23:11,2022-03-16 13:33:06,2022-03-16 13:33:06
7007477407,ชม.70-5122,2022-03-16 13:00:12,2022-03-16 13:33:06,2022-03-16 13:41:28,2022-03-16 13:41:28
7007477408,จบ.80-3645,2022-03-16 13:05:51,2022-03-16 13:41:28,2022-03-16 13:49:51,2022-03-16 13:49:51
7007471971,กท.79-0641,2022-03-16 13:10:42,2022-03-16 13:49:51,2022-03-16 13:55:29,2022-03-16 13:55:29
7007471942,กท.77-9738,2022-03-16 13:23:31,2022-03-16 13:55:29,2022-03-16 14:04:06,2022-03-16 14:04:06
7007471926,กท.79-0644,2022-03-16 13:34:10,2022-03-16 14:04:06,2022-03-16 14:09:40,2022-03-16 14:09:40
7007477676,กท.78-5932,2022-03-16 13:47:20,2022-03-16 14:09:40,2022-03-16 14:16:12,2022-03-16 14:16:12
7007471970,กท.79-0144,2022-03-16 13:51:48,2022-03-16 14:16:12,2022-03-16 14:22:14,2022-03-16 14:22:14
7007471925,กท.79-5843,2022-03-16 13:59:54,2022-03-16 14:22:14,2022-03-16 14:29:03,2022-03-16 14:29:03
7007476398,กท.79-0643,2022-03-16 14:01:15,2022-03-16 14:29:03,2022-03-16 14:37:36,2022-03-16 14:37:36
7007471941,กท.78-6739,2022-03-16 14:08:13,2022-03-16 14:37:36,2022-03-16 14:43:59,2022-03-16 14:43:59
7007477397,กท.79-5584,2022-03-16 14:08:59,2022-03-16 14:43:59,2022-03-16 14:49:48,2022-03-16 14:49:48
7007477829,นม.70-6730,2022-03-16 14:22:45,2022-03-16 14:49:48,2022-03-16 14:55:25,2022-03-16 14:55:25
7007477235,กท.79-0642,2022-03-16 14:23:50,2022-03-16 14:55:25,2022-03-16 15:04:06,2022-03-16 15:04:06
7007477878,ชม.70-5300,2022-03-16 14:29:39,2022-03-16 15:04:06,2022-03-16 15:12:10,2022-03-16 15:12:10
7007476389,กท.77-8133,2022-03-16 14:39:36,2022-03-16 15:12:10,2022-03-16 15:18:01,2022-03-16 15:18:01
7007471938,กท.79-5579,2022-03-16 14:46:24,2022-03-16 15:18:01,2022-03-16 15:26:42,2022-03-16 15:26:42
7007478086,กท.79-3257,2022-03-16 14:51:10,2022-03-16 15:26:42,2022-03-16 15:36:09,2022-03-16 15:36:09
7007473618,กท.74-9067,2022-03-16 15:14:43,2022-03-16 15:36:09,2022-03-16 15:45:11,2022-03-16 15:45:11
7007476861,กท.78-7993,2022-03-16 16:18:20,2022-03-16 16:18:20,2022-03-16 16:24:05,2022-03-16 16:24:05
7007476848,กท.79-2717,2022-03-16 16:20:48,2022-03-16 16:24:05,2022-03-16 16:32:34,2022-03-16 16:32:34
7007476866,กท.79-5584,2022-03-16 17:01:25,2022-03-16 17:01:25,2022-03-16 17:09:45,2022-03-16 17:09:45
7007480941,ชม.70-5420,2022-03-16 17:07:58,2022-03-16 17:09:45,2022-03-16 17:17:49,2022-03-16 17:17:49
7007480898,ชม.70-5125,2022-03-16 17:21:19,2022-03-16 17:21:19,2022-03-16 17:27:48,2022-03-16 17:27:48
7007476748,ฉช.81-4230,2022-03-16 17:31:58,2022-03-16 17:31:58,2022-03-16 17:37:21,2022-03-16 17:37:21
7007487613,สค.70-6119,2022-03-17 00:20:50,2022-03-17 00:20:50,2022-03-17 00:30:24,2022-03-17 00:30:24
7007487614,ชม.70-4219,2022-03-17 00:22:19,2022-03-17 00:30:24,2022-03-17 00:36:05,2022-03-17 00:36:05
7007487615,ลพ.70-0785,2022-03-17 00:31:26,2022-03-17 00:36:05,2022-03-17 00:44:03,2022-03-17 00:44:03
7007487628,ชม.70-5299,2022-03-17 00:46:15,2022-03-17 00:46:15,2022-03-17 00:53:15,2022-03-17 00:53:15
7007487612,ชม.70-4355,2022-03-17 00:51:04,2022-03-17 00:53:15,2022-03-17 01:01:10,2022-03-17 01:01:10
7007478790,ฉช.82-8346,2022-03-17 00:53:26,2022-03-17 01:01:10,2022-03-17 01:07:21,2022-03-17 01:07:21
7007487631,ลพ.70-0786,2022-03-17 00:58:24,2022-03-17 01:07:21,2022-03-17 01:14:18,2022-03-17 01:14:18
7007487632,สค.70-4397,2022-03-17 01:14:40,2022-03-17 01:14:40,2022-03-17 01:23:47,2022-03-17 01:23:47
7007487634,สค.70-6123,2022-03-17 01:35:14,2022-03-17 01:35:14,2022-03-17 01:40:53,2022-03-17 01:40:53
7007487652,สค.70-4333,2022-03-17 02:20:42,2022-03-17 02:20:42,2022-03-17 02:28:06,2022-03-17 02:28:06
7007487653,ฉช.82-4812,2022-03-17 02:23:28,2022-03-17 02:28:06,2022-03-17 02:35:39,2022-03-17 02:35:39
7007476833,ฉช.82-8528,2022-03-17 02:28:18,2022-03-17 02:35:39,2022-03-17 02:45:34,2022-03-17 02:45:34
7007487647,ชม.70-5302,2022-03-17 02:31:46,2022-03-17 02:45:34,2022-03-17 02:51:09,2022-03-17 02:51:09
7007476669,ฉช.82-7170,2022-03-17 02:45:42,2022-03-17 02:51:09,2022-03-17 02:56:31,2022-03-17 02:56:31
7007487660,ชม.70-5301,2022-03-17 02:51:59,2022-03-17 02:56:31,2022-03-17 03:01:41,2022-03-17 03:01:41
7007487678,ชม.70-5193,2022-03-17 03:18:05,2022-03-17 03:18:05,2022-03-17 03:27:02,2022-03-17 03:27:02
7007476832,กท.76-4825,2022-03-17 03:34:13,2022-03-17 03:34:13,2022-03-17 03:42:22,2022-03-17 03:42:22
7007487685,สค.70-4335,2022-03-17 03:41:01,2022-03-17 03:42:22,2022-03-17 03:48:05,2022-03-17 03:48:05
7007487692,กท.79-1818,2022-03-17 04:04:37,2022-03-17 04:04:37,2022-03-17 04:12:20,2022-03-17 04:12:20
7007476836,กท.79-0641,2022-03-17 04:10:09,2022-03-17 04:12:20,2022-03-17 04:19:25,2022-03-17 04:19:25
7007476744,กท.60-4205,2022-03-17 06:20:35,2022-03-17 06:20:35,2022-03-17 06:27:20,2022-03-17 06:27:20
7007476764,กท.79-1961,2022-03-17 06:26:25,2022-03-17 06:27:20,2022-03-17 06:34:34,2022-03-17 06:34:34
7007487731,ชม.70-5261,2022-03-17 06:29:05,2022-03-17 06:34:34,2022-03-17 06:44:24,2022-03-17 06:44:24
7007487725,สค.70-6125,2022-03-17 06:33:49,2022-03-17 06:44:24,2022-03-17 06:49:43,2022-03-17 06:49:43
7007476828,กท.78-1149,2022-03-17 06:43:04,2022-03-17 06:49:43,2022-03-17 06:56:59,2022-03-17 06:56:59
7007476768,กท.79-1830,2022-03-17 06:56:20,2022-03-17 06:56:59,2022-03-17 07:06:15,2022-03-17 07:06:15
7007476827,กท.79-0643,2022-03-17 06:58:38,2022-03-17 07:06:15,2022-03-17 07:12:05,2022-03-17 07:12:05
7007476675,กท.74-9070,2022-03-17 07:07:43,2022-03-17 07:12:05,2022-03-17 07:17:52,2022-03-17 07:17:52
7007476741,กท.79-0644,2022-03-17 07:09:48,2022-03-17 07:17:52,2022-03-17 07:22:55,2022-03-17 07:22:55
7007487806,สค.70-3935,2022-03-17 07:15:15,2022-03-17 07:22:55,2022-03-17 07:29:47,2022-03-17 07:29:47
7007476683,กท.77-9738,2022-03-17 07:16:37,2022-03-17 07:29:47,2022-03-17 07:37:38,2022-03-17 07:37:38
7007476688,กท.77-8133,2022-03-17 07:21:23,2022-03-17 07:37:38,2022-03-17 07:44:46,2022-03-17 07:44:46
7007476749,กท.79-0841,2022-03-17 07:28:13,2022-03-17 07:44:46,2022-03-17 07:54:18,2022-03-17 07:54:18
7007476819,กท.74-9067,2022-03-17 07:34:04,2022-03-17 07:54:18,2022-03-17 08:02:14,2022-03-17 08:02:14
7007476777,กท.79-5843,2022-03-17 07:40:15,2022-03-17 08:02:14,2022-03-17 08:11:11,2022-03-17 08:11:11
7007476831,กท.79-0642,2022-03-17 07:43:26,2022-03-17 08:11:11,2022-03-17 08:18:45,2022-03-17 08:18:45
7007476822,กท.79-2716,2022-03-17 08:02:17,2022-03-17 08:18:45,2022-03-17 08:23:46,2022-03-17 08:23:46
7007487825,ชม.70-5122,2022-03-17 08:04:25,2022-03-17 08:23:46,2022-03-17 08:28:56,2022-03-17 08:28:56
7007476869,กท.78-6739,2022-03-17 08:06:06,2022-03-17 08:28:56,2022-03-17 08:35:09,2022-03-17 08:35:09
7007476743,กท.79-0144,2022-03-17 08:08:26,2022-03-17 08:35:09,2022-03-17 08:41:41,2022-03-17 08:41:41
7007478762,กท.79-5579,2022-03-17 08:12:40,2022-03-17 08:41:41,2022-03-17 08:47:03,2022-03-17 08:47:03
7007487893,กท.78-5932,2022-03-17 08:16:46,2022-03-17 08:47:03,2022-03-17 08:53:18,2022-03-17 08:53:18
7007476765,ฉช.82-7443,2022-03-17 08:24:28,2022-03-17 08:53:18,2022-03-17 09:02:18,2022-03-17 09:02:18
7007476745,กท.77-8134,2022-03-17 08:29:13,2022-03-17 09:02:18,2022-03-17 09:10:20,2022-03-17 09:10:20
7007476834,กท.78-6742,2022-03-17 08:39:22,2022-03-17 09:10:20,2022-03-17 09:18:58,2022-03-17 09:18:58
7007487928,นม.70-6589,2022-03-17 08:41:21,2022-03-17 09:18:58,2022-03-17 09:25:22,2022-03-17 09:25:22
7007476826,กท.78-6744,2022-03-17 08:43:30,2022-03-17 09:25:22,2022-03-17 09:32:16,2022-03-17 09:32:16
7007488124,กท.79-8997,2022-03-17 09:00:33,2022-03-17 09:32:16,2022-03-17 09:38:46,2022-03-17 09:38:46
7007488571,กท.79-3259,2022-03-17 09:02:40,2022-03-17 09:38:46,2022-03-17 09:47:16,2022-03-17 09:47:16
7007476846,กท.79-0641,2022-03-17 09:05:13,2022-03-17 09:47:16,2022-03-17 09:54:40,2022-03-17 09:54:40
7007489037,กท.79-3258,2022-03-17 09:13:39,2022-03-17 09:54:40,2022-03-17 10:00:34,2022-03-17 10:00:34
7007489189,กท.75-0640,2022-03-17 09:17:10,2022-03-17 10:00:34,2022-03-17 10:06:12,2022-03-17 10:06:12
7007489245,ชบ.83-3599,2022-03-17 09:21:27,2022-03-17 10:06:12,2022-03-17 10:15:28,2022-03-17 10:15:28
7007476825,ฉช.82-7170,2022-03-17 09:27:15,2022-03-17 10:15:28,2022-03-17 10:23:26,2022-03-17 10:23:26
7007490267,กท.79-7440,2022-03-17 09:36:43,2022-03-17 10:23:26,2022-03-17 10:31:52,2022-03-17 10:31:52
7007490332,ชบ.84-7237,2022-03-17 09:39:49,2022-03-17 10:31:52,2022-03-17 10:39:53,2022-03-17 10:39:53
7007490371,ชบ.85-5327,2022-03-17 09:41:36,2022-03-17 10:39:53,2022-03-17 10:48:30,2022-03-17 10:48:30
7007476841,กท.60-4208,2022-03-17 09:52:33,2022-03-17 10:48:30,2022-03-17 10:57:26,2022-03-17 10:57:26
7007490661,ชบ.84-7139,2022-03-17 09:53:55,2022-03-17 10:57:26,2022-03-17 11:02:49,2022-03-17 11:02:49
7007476758,กท.60-4207,2022-03-17 09:57:07,2022-03-17 11:02:49,2022-03-17 11:09:05,2022-03-17 11:09:05
7007491248,จบ.81-3588,2022-03-17 10:10:01,2022-03-17 11:09:05,2022-03-17 11:15:44,2022-03-17 11:15:44
7007492338,ชม.70-5991,2022-03-17 10:21:23,2022-03-17 11:15:44,2022-03-17 11:22:47,2022-03-17 11:22:47
7007492734,กท.78-6739,2022-03-17 10:28:11,2022-03-17 11:22:47,2022-03-17 11:30:11,2022-03-17 11:30:11
7007476837,กท.79-0643,2022-03-17 10:41:02,2022-03-17 11:30:11,2022-03-17 11:39:10,2022-03-17 11:39:10
7007493413,จบ.81-3588,2022-03-17 10:50:07,2022-03-17 11:39:10,2022-03-17 11:46:30,2022-03-17 11:46:30
7007493715,กท.75-3041,2022-03-17 10:54:36,2022-03-17 11:46:30,2022-03-17 11:53:30,2022-03-17 11:53:30
7007476829,กท.79-1830,2022-03-17 11:32:25,2022-03-17 11:53:30,2022-03-17 12:00:33,2022-03-17 12:00:33
7007494713,ชบ.85-3878,2022-03-17 11:33:31,2022-03-17 12:00:33,2022-03-17 12:05:54,2022-03-17 12:05:54
7007494865,สค.70-4074,2022-03-17 11:45:01,2022-03-17 12:05:54,2022-03-17 12:13:47,2022-03-17 12:13:47
7007476679,ฉช.82-8528,2022-03-17 11:52:44,2022-03-17 12:13:47,2022-03-17 12:19:47,2022-03-17 12:19:47
7007476754,ฉช.82-7443,2022-03-17 11:58:49,2022-03-17 12:19:47,2022-03-17 12:26:41,2022-03-17 12:26:41
7007495426,ชม.70-5420,2022-03-17 12:06:08,2022-03-17 12:26:41,2022-03-17 12:31:46,2022-03-17 12:31:46
7007476874,กท.77-8133,2022-03-17 12:09:04,2022-03-17 12:31:46,2022-03-17 12:41:16,2022-03-17 12:41:16
7007495683,กท.75-0640,2022-03-17 12:21:11,2022-03-17 12:41:16,2022-03-17 12:50:40,2022-03-17 12:50:40
7007490456,กท.78-6742,2022-03-17 12:25:09,2022-03-17 12:50:40,2022-03-17 13:00:00,2022-03-17 13:00:00
7007476830,กท.75-1033,2022-03-17 12:34:33,2022-03-17 13:00:00,2022-03-17 13:07:05,2022-03-17 13:07:05
7007496206,ตร.80-2192,2022-03-17 12:41:08,2022-03-17 13:07:05,2022-03-17 13:13:33,2022-03-17 13:13:33
7007496016,จบ.80-3645,2022-03-17 12:42:42,2022-03-17 13:13:33,2022-03-17 13:20:44,2022-03-17 13:20:44
7007496073,ชบ.82-4190,2022-03-17 12:49:00,2022-03-17 13:20:44,2022-03-17 13:28:20,2022-03-17 13:28:20
7007494452,กท.74-9067,2022-03-17 12:58:39,2022-03-17 13:28:20,2022-03-17 13:34:27,2022-03-17 13:34:27
7007497256,ชม.70-4219,2022-03-17 13:13:38,2022-03-17 13:34:27,2022-03-17 13:43:26,2022-03-17 13:43:26
7007497124,รย.81-6767,2022-03-17 13:20:27,2022-03-17 13:43:26,2022-03-17 13:52:41,2022-03-17 13:52:41
7007476856,กท.78-1149,2022-03-17 13:25:21,2022-03-17 13:52:41,2022-03-17 14:01:48,2022-03-17 14:01:48
7007476761,กท.79-5843,2022-03-17 13:42:45,2022-03-17 14:01:48,2022-03-17 14:10:32,2022-03-17 14:10:32
7007476747,กท.79-1961,2022-03-17 13:51:41,2022-03-17 14:10:32,2022-03-17 14:16:08,2022-03-17 14:16:08
7007490427,กท.79-0144,2022-03-17 13:59:40,2022-03-17 14:16:08,2022-03-17 14:22:14,2022-03-17 14:22:14
7007476823,กท.79-0841,2022-03-17 14:05:29,2022-03-17 14:22:14,2022-03-17 14:29:53,2022-03-17 14:29:53
7007476696,กท.79-5584,2022-03-17 14:11:56,2022-03-17 14:29:53,2022-03-17 14:38:56,2022-03-17 14:38:56
7007498809,ชม.70-5122,2022-03-17 14:13:49,2022-03-17 14:38:56,2022-03-17 14:46:45,2022-03-17 14:46:45
7007476853,กท.78-7993,2022-03-17 14:22:58,2022-03-17 14:46:45,2022-03-17 14:53:27,2022-03-17 14:53:27
7007498888,กท.75-2786,2022-03-17 14:30:34,2022-03-17 14:53:27,2022-03-17 14:59:19,2022-03-17 14:59:19
7007476751,กท.79-0642,2022-03-17 14:32:05,2022-03-17 14:59:19,2022-03-17 15:04:24,2022-03-17 15:04:24
7007476791,กท.79-0644,2022-03-17 14:38:06,2022-03-17 15:04:24,2022-03-17 15:13:00,2022-03-17 15:13:00
7007498392,ชม.70-5302,2022-03-17 14:44:41,2022-03-17 15:13:00,2022-03-17 15:20:57,2022-03-17 15:20:57
7007498939,กท.79-8998,2022-03-17 14:47:15,2022-03-17 15:20:57,2022-03-17 15:29:05,2022-03-17 15:29:05
7007494478,กท.78-6744,2022-03-17 14:57:29,2022-03-17 15:29:05,2022-03-17 15:36:30,2022-03-17 15:36:30
7007476843,กท.79-2716,2022-03-17 15:05:30,2022-03-17 15:36:30,2022-03-17 15:42:23,2022-03-17 15:42:23
7007490515,กท.79-2717,2022-03-17 15:19:43,2022-03-17 15:42:23,2022-03-17 15:49:57,2022-03-17 15:49:57
7007476850,กท.77-9738,2022-03-17 15:30:08,2022-03-17 15:49:57,2022-03-17 15:55:57,2022-03-17 15:55:57
7007502442,ชม.70-5300,2022-03-17 16:03:50,2022-03-17 16:03:50,2022-03-17 16:12:10,2022-03-17 16:12:10
7007502422,ชม.70-4355,2022-03-17 16:08:46,2022-03-17 16:12:10,2022-03-17 16:18:24,2022-03-17 16:18:24
7007502514,กท.79-7791,2022-03-17 16:13:06,2022-03-17 16:18:24,2022-03-17 16:27:53,2022-03-17 16:27:53
7007502435,นม.70-7501,2022-03-17 16:28:45,2022-03-17 16:28:45,2022-03-17 16:38:34,2022-03-17 16:38:34
7007502484,นม.70-7144,2022-03-17 16:31:51,2022-03-17 16:38:34,2022-03-17 16:44:44,2022-03-17 16:44:44
7007476674,กท.79-5579,2022-03-17 16:32:05,2022-03-17 16:44:44,2022-03-17 16:51:52,2022-03-17 16:51:52
7007503466,กท.79-5842,2022-03-17 16:47:45,2022-03-17 16:51:52,2022-03-17 17:01:09,2022-03-17 17:01:09
7007503847,ชม.70-5299,2022-03-17 16:50:52,2022-03-17 17:01:09,2022-03-17 17:07:47,2022-03-17 17:07:47
7007497686,กท.78-6739,2022-03-17 17:04:52,2022-03-17 17:07:47,2022-03-17 17:13:26,2022-03-17 17:13:26
7007503679,ชบ.84-7975,2022-03-17 17:06:20,2022-03-17 17:13:26,2022-03-17 17:21:17,2022-03-17 17:21:17
7007504152,ลพ.70-0785,2022-03-17 17:20:22,2022-03-17 17:21:17,2022-03-17 17:27:05,2022-03-17 17:27:05
7007498234,ฉช.81-4230,2022-03-17 17:21:34,2022-03-17 17:27:05,2022-03-17 17:32:26,2022-03-17 17:32:26
7007504654,กท.79-3257,2022-03-17 17:24:16,2022-03-17 17:32:26,2022-03-17 17:41:15,2022-03-17 17:41:15
7007497574,กท.79-0644,2022-03-17 17:25:30,2022-03-17 17:41:15,2022-03-17 17:47:45,2022-03-17 17:47:45
7007501379,กท.77-9738,2022-03-17 17:35:28,2022-03-17 17:47:45,2022-03-17 17:56:30,2022-03-17 17:56:30
7007497664,กท.78-1149,2022-03-17 18:01:39,2022-03-17 18:01:39,2022-03-17 18:11:26,2022-03-17 18:11:26
7007509966,สค.70-6119,2022-03-18 00:26:17,2022-03-18 00:26:17,2022-03-18 00:35:19,2022-03-18 00:35:19
7007509968,สค.70-4386,2022-03-18 00:26:50,2022-03-18 00:35:19,2022-03-18 00:44:55,2022-03-18 00:44:55
7007509967,นม.70-6589,2022-03-18 00:37:25,2022-03-18 00:44:55,2022-03-18 00:54:21,2022-03-18 00:54:21
7007509992,สค.70-4397,2022-03-18 01:01:15,2022-03-18 01:01:15,2022-03-18 01:10:16,2022-03-18 01:10:16
7007510011,สค.70-3937,2022-03-18 01:38:00,2022-03-18 01:38:00,2022-03-18 01:45:32,2022-03-18 01:45:32
7007510019,ชม.70-5301,2022-03-18 01:57:43,2022-03-18 01:57:43,2022-03-18 02:03:09,2022-03-18 02:03:09
7007498240,ฉช.82-4812,2022-03-18 02:18:55,2022-03-18 02:18:55,2022-03-18 02:26:24,2022-03-18 02:26:24
7007510040,นม.70-6730,2022-03-18 03:00:39,2022-03-18 03:00:39,2022-03-18 03:07:54,2022-03-18 03:07:54
7007510056,กท.79-6706,2022-03-18 04:13:01,2022-03-18 04:13:01,2022-03-18 04:21:59,2022-03-18 04:21:59
7007497645,กท.60-4208,2022-03-18 05:03:59,2022-03-18 05:03:59,2022-03-18 05:10:31,2022-03-18 05:10:31
7007500322,กท.79-0643,2022-03-18 06:19:05,2022-03-18 06:19:05,2022-03-18 06:26:42,2022-03-18 06:26:42
7007510129,สค.70-6123,2022-03-18 06:21:50,2022-03-18 06:26:42,2022-03-18 06:35:45,2022-03-18 06:35:45
7007497635,กท.79-5584,2022-03-18 06:28:38,2022-03-18 06:35:45,2022-03-18 06:42:50,2022-03-18 06:42:50
7007497613,กท.79-1830,2022-03-18 06:46:13,2022-03-18 06:46:13,2022-03-18 06:52:49,2022-03-18 06:52:49
7007502845,กท.74-9067,2022-03-18 06:47:15,2022-03-18 06:52:49,2022-03-18 07:00:58,2022-03-18 07:00:58
7007497642,กท.79-5578,2022-03-18 06:49:13,2022-03-18 07:00:58,2022-03-18 07:09:21,2022-03-18 07:09:21
7007497694,กท.77-8133,2022-03-18 06:52:52,2022-03-18 07:09:21,2022-03-18 07:16:04,2022-03-18 07:16:04
7007510148,สค.70-4335,2022-03-18 06:56:07,2022-03-18 07:16:04,2022-03-18 07:25:54,2022-03-18 07:25:54
7007510229,กท.79-2899,2022-03-18 07:02:23,2022-03-18 07:25:54,2022-03-18 07:33:30,2022-03-18 07:33:30
7007497609,กท.79-0642,2022-03-18 07:11:41,2022-03-18 07:33:30,2022-03-18 07:42:57,2022-03-18 07:42:57
7007501889,กท.77-8134,2022-03-18 07:16:49,2022-03-18 07:42:57,2022-03-18 07:48:12,2022-03-18 07:48:12
7007498229,กท.79-5843,2022-03-18 07:20:29,2022-03-18 07:48:12,2022-03-18 07:54:18,2022-03-18 07:54:18
7007497715,กท.78-7993,2022-03-18 07:23:58,2022-03-18 07:54:18,2022-03-18 08:00:06,2022-03-18 08:00:06
7007497678,กท.79-0641,2022-03-18 07:28:36,2022-03-18 08:00:06,2022-03-18 08:07:18,2022-03-18 08:07:18
7007497625,กท.79-0841,2022-03-18 07:33:51,2022-03-18 08:07:18,2022-03-18 08:15:57,2022-03-18 08:15:57
7007497669,กท.79-1961,2022-03-18 07:37:07,2022-03-18 08:15:57,2022-03-18 08:24:04,2022-03-18 08:24:04
7007497700,กท.60-4205,2022-03-18 07:48:41,2022-03-18 08:24:04,2022-03-18 08:33:25,2022-03-18 08:33:25
7007497710,กท.78-6742,2022-03-18 07:55:43,2022-03-18 08:33:25,2022-03-18 08:42:31,2022-03-18 08:42:31
7007497629,กท.79-0144,2022-03-18 07:58:06,2022-03-18 08:42:31,2022-03-18 08:52:04,2022-03-18 08:52:04
7007510507,กท.79-7691,2022-03-18 08:00:58,2022-03-18 08:52:04,2022-03-18 08:57:09,2022-03-18 08:57:09
7007497649,กท.79-5579,2022-03-18 08:11:54,2022-03-18 08:57:09,2022-03-18 09:06:58,2022-03-18 09:06:58
7007497691,กท.78-6744,2022-03-18 08:12:56,2022-03-18 09:06:58,2022-03-18 09:14:20,2022-03-18 09:14:20
7007510511,สค.70-4333,2022-03-18 08:19:13,2022-03-18 09:14:20,2022-03-18 09:22:21,2022-03-18 09:22:21
7007497682,กท.79-2717,2022-03-18 08:25:20,2022-03-18 09:22:21,2022-03-18 09:29:40,2022-03-18 09:29:40
7007497697,ฉช.82-7443,2022-03-18 08:29:08,2022-03-18 09:29:40,2022-03-18 09:39:26,2022-03-18 09:39:26
7007510649,กท.79-3259,2022-03-18 08:37:16,2022-03-18 09:39:26,2022-03-18 09:45:50,2022-03-18 09:45:50
7007510710,กท.79-5841,2022-03-18 08:45:11,2022-03-18 09:45:50,2022-03-18 09:53:32,2022-03-18 09:53:32
7007510774,กท.75-7868,2022-03-18 08:58:09,2022-03-18 09:53:32,2022-03-18 09:59:17,2022-03-18 09:59:17
7007510882,รย.82-0448,2022-03-18 09:09:56,2022-03-18 09:59:17,2022-03-18 10:08:34,2022-03-18 10:08:34
7007511211,นม.70-6589,2022-03-18 09:52:45,2022-03-18 10:08:34,2022-03-18 10:16:00,2022-03-18 10:16:00
7007511187,ฉช.82-2839,2022-03-18 09:54:25,2022-03-18 10:16:00,2022-03-18 10:23:00,2022-03-18 10:23:00
7007497621,กท.77-8134,2022-03-18 10:01:55,2022-03-18 10:23:00,2022-03-18 10:30:36,2022-03-18 10:30:36
7007497606,กท.79-0642,2022-03-18 10:05:22,2022-03-18 10:30:36,2022-03-18 10:36:07,2022-03-18 10:36:07
7007511530,ชม.70-5299,2022-03-18 10:28:59,2022-03-18 10:36:07,2022-03-18 10:45:03,2022-03-18 10:45:03
7007497675,กท.79-5584,2022-03-18 10:35:42,2022-03-18 10:45:03,2022-03-18 10:50:16,2022-03-18 10:50:16
7007511562,จบ.80-8222,2022-03-18 10:41:39,2022-03-18 10:50:16,2022-03-18 10:55:55,2022-03-18 10:55:55
7007511571,ชม.70-5302,2022-03-18 10:48:49,2022-03-18 10:55:55,2022-03-18 11:04:09,2022-03-18 11:04:09
7007497719,กท.79-5843,2022-03-18 11:00:49,2022-03-18 11:04:09,2022-03-18 11:12:07,2022-03-18 11:12:07
7007497616,กท.79-0643,2022-03-18 11:07:59,2022-03-18 11:12:07,2022-03-18 11:19:02,2022-03-18 11:19:02
7007511708,กท.78-7993,2022-03-18 11:12:23,2022-03-18 11:19:02,2022-03-18 11:26:16,2022-03-18 11:26:16
7007511023,ฉช.82-7443,2022-03-18 11:25:50,2022-03-18 11:26:16,2022-03-18 11:34:39,2022-03-18 11:34:39
7007511956,ฉช.81-3257,2022-03-18 11:51:13,2022-03-18 11:51:13,2022-03-18 11:59:43,2022-03-18 11:59:43
7007497672,กท.79-1961,2022-03-18 11:57:13,2022-03-18 11:59:43,2022-03-18 12:07:04,2022-03-18 12:07:04
7007511961,ชม.70-5124,2022-03-18 12:01:36,2022-03-18 12:07:04,2022-03-18 12:13:03,2022-03-18 12:13:03
7007497659,กท.79-0641,2022-03-18 12:18:19,2022-03-18 12:18:19,2022-03-18 12:24:24,2022-03-18 12:24:24
7007511548,กท.78-6739,2022-03-18 12:30:36,2022-03-18 12:30:36,2022-03-18 12:36:54,2022-03-18 12:36:54
7007512123,ชม.70-5125,2022-03-18 12:35:11,2022-03-18 12:36:54,2022-03-18 12:46:46,2022-03-18 12:46:46
7007512128,ลพ.70-0786,2022-03-18 12:45:59,2022-03-18 12:46:46,2022-03-18 12:55:56,2022-03-18 12:55:56
7007512199,ชบ.85-3878,2022-03-18 12:48:16,2022-03-18 12:55:56,2022-03-18 13:04:34,2022-03-18 13:04:34
7007512173,รย.82-0448,2022-03-18 12:59:46,2022-03-18 13:04:34,2022-03-18 13:11:46,2022-03-18 13:11:46
7007512175,ชบ.82-4190,2022-03-18 13:07:26,2022-03-18 13:11:46,2022-03-18 13:20:42,2022-03-18 13:20:42
7007497632,กท.79-1830,2022-03-18 13:10:20,2022-03-18 13:20:42,2022-03-18 13:29:15,2022-03-18 13:29:15
7007512220,กท.79-3258,2022-03-18 13:14:24,2022-03-18 13:29:15,2022-03-18 13:35:35,2022-03-18 13:35:35
7007497570,กท.78-6742,2022-03-18 13:22:14,2022-03-18 13:35:35,2022-03-18 13:44:57,2022-03-18 13:44:57
7007512240,ชม.70-4219,2022-03-18 13:23:00,2022-03-18 13:44:57,2022-03-18 13:50:14,2022-03-18 13:50:14
7007511557,กท.79-0144,2022-03-18 13:40:02,2022-03-18 13:50:14,2022-03-18 13:57:15,2022-03-18 13:57:15
7007512346,ชบ.84-7139,2022-03-18 13:46:04,2022-03-18 13:57:15,2022-03-18 14:05:40,2022-03-18 14:05:40
7007497723,กท.79-2717,2022-03-18 13:49:53,2022-03-18 14:05:40,2022-03-18 14:10:41,2022-03-18 14:10:41
7007512429,กท.79-5842,2022-03-18 13:53:17,2022-03-18 14:10:41,2022-03-18 14:20:15,2022-03-18 14:20:15
7007512453,สค.70-6125,2022-03-18 14:06:07,2022-03-18 14:20:15,2022-03-18 14:28:38,2022-03-18 14:28:38
7007512494,ชม.70-4355,2022-03-18 14:13:51,2022-03-18 14:28:38,2022-03-18 14:38:09,2022-03-18 14:38:09
7007512371,ชม.70-5261,2022-03-18 14:18:06,2022-03-18 14:38:09,2022-03-18 14:46:26,2022-03-18 14:46:26
7007511553,กท.78-1149,2022-03-18 14:34:55,2022-03-18 14:46:26,2022-03-18 14:53:11,2022-03-18 14:53:11
7007512506,ชม.70-5122,2022-03-18 14:36:41,2022-03-18 14:53:11,2022-03-18 15:02:42,2022-03-18 15:02:42
7007512557,กท.79-8994,2022-03-18 14:43:05,2022-03-18 15:02:42,2022-03-18 15:08:15,2022-03-18 15:08:15
7007511019,กท.78-6744,2022-03-18 14:47:31,2022-03-18 15:08:15,2022-03-18 15:13:42,2022-03-18 15:13:42
7007511672,ฉช.81-4230,2022-03-18 14:50:20,2022-03-18 15:13:42,2022-03-18 15:23:15,2022-03-18 15:23:15
7007511836,กท.77-8134,2022-03-18 14:56:31,2022-03-18 15:23:15,2022-03-18 15:31:55,2022-03-18 15:31:55
7007511814,กท.78-6742,2022-03-18 15:34:04,2022-03-18 15:34:04,2022-03-18 15:39:32,2022-03-18 15:39:32
7007513031,กท.79-3258,2022-03-18 16:30:33,2022-03-18 16:30:33,2022-03-18 16:36:52,2022-03-18 16:36:52
7007513083,รย.71-2637,2022-03-18 16:48:37,2022-03-18 16:48:37,2022-03-18 16:55:52,2022-03-18 16:55:52
7007513109,กท.79-3257,2022-03-18 16:59:19,2022-03-18 16:59:19,2022-03-18 17:04:20,2022-03-18 17:04:20
7007513394,สค.70-6125,2022-03-19 00:23:01,2022-03-19 00:23:01,2022-03-19 00:28:35,2022-03-19 00:28:35
7007513395,ชม.70-5300,2022-03-19 00:28:46,2022-03-19 00:28:46,2022-03-19 00:34:47,2022-03-19 00:34:47
7007513397,สค.70-2507,2022-03-19 00:29:53,2022-03-19 00:34:47,2022-03-19 00:41:15,2022-03-19 00:41:15
7007513399,ลพ.70-0785,2022-03-19 00:32:42,2022-03-19 00:41:15,2022-03-19 00:46:39,2022-03-19 00:46:39
7007513396,สค.70-6119,2022-03-19 00:41:50,2022-03-19 00:46:39,2022-03-19 00:55:00,2022-03-19 00:55:00
7007513400,สค.70-3665,2022-03-19 00:44:40,2022-03-19 00:55:00,2022-03-19 01:03:15,2022-03-19 01:03:15
7007513412,สค.70-4397,2022-03-19 01:09:32,2022-03-19 01:09:32,2022-03-19 01:18:31,2022-03-19 01:18:31
7007513417,ชม.70-4355,2022-03-19 01:42:51,2022-03-19 01:42:51,2022-03-19 01:47:52,2022-03-19 01:47:52
7007513424,ชม.70-5301,2022-03-19 02:00:43,2022-03-19 02:00:43,2022-03-19 02:07:16,2022-03-19 02:07:16
7007513427,สค.70-4074,2022-03-19 02:15:53,2022-03-19 02:15:53,2022-03-19 02:22:46,2022-03-19 02:22:46
7007513432,ชม.70-5261,2022-03-19 02:30:30,2022-03-19 02:30:30,2022-03-19 02:36:06,2022-03-19 02:36:06
7007513435,รย.71-2638,2022-03-19 02:55:33,2022-03-19 02:55:33,2022-03-19 03:02:24,2022-03-19 03:02:24
7007513453,ชม.70-5420,2022-03-19 04:11:23,2022-03-19 04:11:23,2022-03-19 04:21:13,2022-03-19 04:21:13
7007513459,กท.79-8993,2022-03-19 04:20:27,2022-03-19 04:21:13,2022-03-19 04:30:47,2022-03-19 04:30:47
7007513460,กท.79-7691,2022-03-19 04:40:58,2022-03-19 04:40:58,2022-03-19 04:47:04,2022-03-19 04:47:04
7007513503,สค.70-6123,2022-03-19 06:25:55,2022-03-19 06:25:55,2022-03-19 06:31:32,2022-03-19 06:31:32
7007513501,สค.70-4335,2022-03-19 06:26:17,2022-03-19 06:31:32,2022-03-19 06:37:01,2022-03-19 06:37:01
7007511822,กท.76-4825,2022-03-19 06:34:06,2022-03-19 06:37:01,2022-03-19 06:43:54,2022-03-19 06:43:54
7007512366,กท.79-5843,2022-03-19 06:44:53,2022-03-19 06:44:53,2022-03-19 06:52:23,2022-03-19 06:52:23
7007513494,ชม.70-5302,2022-03-19 06:45:42,2022-03-19 06:52:23,2022-03-19 06:58:22,2022-03-19 06:58:22
7007511825,กท.77-8133,2022-03-19 06:55:01,2022-03-19 06:58:22,2022-03-19 07:05:43,2022-03-19 07:05:43
7007511818,กท.79-0144,2022-03-19 06:55:26,2022-03-19 07:05:43,2022-03-19 07:12:09,2022-03-19 07:12:09
7007511824,กท.79-0642,2022-03-19 06:58:23,2022-03-19 07:12:09,2022-03-19 07:17:31,2022-03-19 07:17:31
7007511830,กท.79-1961,2022-03-19 07:03:06,2022-03-19 07:17:31,2022-03-19 07:25:36,2022-03-19 07:25:36
7007511823,กท.78-7993,2022-03-19 07:11:58,2022-03-19 07:25:36,2022-03-19 07:31:03,2022-03-19 07:31:03
7007513549,ชม.70-5299,2022-03-19 07:16:30,2022-03-19 07:31:03,2022-03-19 07:37:59,2022-03-19 07:37:59
7007513551,สค.70-5407,2022-03-19 07:24:46,2022-03-19 07:37:59,2022-03-19 07:44:41,2022-03-19 07:44:41
7007511834,กท.77-9738,2022-03-19 07:26:34,2022-03-19 07:44:41,2022-03-19 07:54:36,2022-03-19 07:54:36
7007511828,กท.78-6739,2022-03-19 07:41:49,2022-03-19 07:54:36,2022-03-19 08:04:10,2022-03-19 08:04:10
7007511826,กท.74-9070,2022-03-19 07:44:56,2022-03-19 08:04:10,2022-03-19 08:11:20,2022-03-19 08:11:20
7007513566,รย.81-6767,2022-03-19 07:54:15,2022-03-19 08:11:20,2022-03-19 08:17:33,2022-03-19 08:17:33
7007513569,สค.70-2306,2022-03-19 08:01:34,2022-03-19 08:17:33,2022-03-19 08:24:34,2022-03-19 08:24:34
7007513584,กท.79-5842,2022-03-19 08:14:48,2022-03-19 08:24:34,2022-03-19 08:33:01,2022-03-19 08:33:01
7007513586,กท.75-0640,2022-03-19 08:23:55,2022-03-19 08:33:01,2022-03-19 08:42:28,2022-03-19 08:42:28
7007513587,กท.72-3498,2022-03-19 08:24:05,2022-03-19 08:42:28,2022-03-19 08:52:19,2022-03-19 08:52:19
7007513594,ชม.70-5123,2022-03-19 08:26:20,2022-03-19 08:52:19,2022-03-19 08:59:44,2022-03-19 08:59:44
7007511820,กท.78-6744,2022-03-19 08:33:55,2022-03-19 08:59:44,2022-03-19 09:06:36,2022-03-19 09:06:36
7007513595,กท.79-3258,2022-03-19 08:44:39,2022-03-19 09:06:36,2022-03-19 09:11:37,2022-03-19 09:11:37
7007511815,กท.79-0644,2022-03-19 08:44:46,2022-03-19 09:11:37,2022-03-19 09:16:43,2022-03-19 09:16:43
7007513597,กท.79-8997,2022-03-19 08:47:31,2022-03-19 09:16:43,2022-03-19 09:21:50,2022-03-19 09:21:50
7007513600,กท.79-5841,2022-03-19 08:57:07,2022-03-19 09:21:50,2022-03-19 09:28:45,2022-03-19 09:28:45
7007511821,ฉช.82-7443,2022-03-19 08:59:24,2022-03-19 09:28:45,2022-03-19 09:35:04,2022-03-19 09:35:04
7007513782,ชบ.84-7139,2022-03-19 09:37:13,2022-03-19 09:37:13,2022-03-19 09:44:52,2022-03-19 09:44:52
7007511831,กท.79-0144,2022-03-19 10:10:15,2022-03-19 10:10:15,2022-03-19 10:16:10,2022-03-19 10:16:10
7007513967,ชม.70-5300,2022-03-19 10:15:04,2022-03-19 10:16:10,2022-03-19 10:23:02,2022-03-19 10:23:02
7007511829,กท.79-5843,2022-03-19 10:17:44,2022-03-19 10:23:02,2022-03-19 10:30:15,2022-03-19 10:30:15
7007513157,กท.79-0644,2022-03-19 10:26:00,2022-03-19 10:30:15,2022-03-19 10:37:18,2022-03-19 10:37:18
7007513958,ลพ.70-0786,2022-03-19 10:27:29,2022-03-19 10:37:18,2022-03-19 10:46:54,2022-03-19 10:46:54
7007513991,ชบ.84-7975,2022-03-19 10:46:04,2022-03-19 10:46:54,2022-03-19 10:52:14,2022-03-19 10:52:14
7007513994,ชม.70-5124,2022-03-19 10:47:35,2022-03-19 10:52:14,2022-03-19 10:58:46,2022-03-19 10:58:46
7007513977,กท.79-3257,2022-03-19 10:47:57,2022-03-19 10:58:46,2022-03-19 11:05:06,2022-03-19 11:05:06
7007513997,สค.70-3890,2022-03-19 10:57:04,2022-03-19 11:05:06,2022-03-19 11:13:31,2022-03-19 11:13:31
7007513012,กท.79-0642,2022-03-19 11:26:11,2022-03-19 11:26:11,2022-03-19 11:32:45,2022-03-19 11:32:45
7007511857,กท.79-1961,2022-03-19 11:34:14,2022-03-19 11:34:14,2022-03-19 11:42:59,2022-03-19 11:42:59
7007514028,กท.61-8797,2022-03-19 11:40:24,2022-03-19 11:42:59,2022-03-19 11:51:09,2022-03-19 11:51:09
7007511812,กท.78-6744,2022-03-19 11:46:11,2022-03-19 11:51:09,2022-03-19 11:58:18,2022-03-19 11:58:18
7007514046,ชบ.82-4190,2022-03-19 11:49:01,2022-03-19 11:58:18,2022-03-19 12:07:28,2022-03-19 12:07:28
7007514042,กท.79-7691,2022-03-19 11:57:17,2022-03-19 12:07:28,2022-03-19 12:13:48,2022-03-19 12:13:48
7007514051,ชม.70-5421,2022-03-19 12:07:59,2022-03-19 12:13:48,2022-03-19 12:22:17,2022-03-19 12:22:17
7007514061,จบ.80-3645,2022-03-19 12:29:45,2022-03-19 12:29:45,2022-03-19 12:36:56,2022-03-19 12:36:56
7007514076,กท.79-3259,2022-03-19 12:37:13,2022-03-19 12:37:13,2022-03-19 12:46:59,2022-03-19 12:46:59
7007514092,ชม.70-5301,2022-03-19 13:03:17,2022-03-19 13:03:17,2022-03-19 13:11:43,2022-03-19 13:11:43
7007511927,กท.77-9738,2022-03-19 13:09:30,2022-03-19 13:11:43,2022-03-19 13:20:00,2022-03-19 13:20:00
7007514111,กท.75-6899,2022-03-19 13:12:58,2022-03-19 13:20:00,2022-03-19 13:27:14,2022-03-19 13:27:14
7007514140,ลพ.70-0785,2022-03-19 13:57:19,2022-03-19 13:57:19,2022-03-19 14:04:14,2022-03-19 14:04:14
7007511856,กท.78-6742,2022-03-19 14:01:53,2022-03-19 14:04:14,2022-03-19 14:13:47,2022-03-19 14:13:47
7007511859,กท.74-9070,2022-03-19 14:16:13,2022-03-19 14:16:13,2022-03-19 14:23:04,2022-03-19 14:23:04
7007514222,กท.79-6703,2022-03-19 16:30:25,2022-03-19 16:30:25,2022-03-19 16:38:50,2022-03-19 16:38:50
7007512489,ฉช.82-8528,2022-03-20 00:03:33,2022-03-20 00:03:33,2022-03-20 00:11:25,2022-03-20 00:11:25
7007514401,ชม.70-4355,2022-03-20 00:23:10,2022-03-20 00:23:10,2022-03-20 00:31:10,2022-03-20 00:31:10
7007514403,ชม.70-4219,2022-03-20 00:30:11,2022-03-20 00:31:10,2022-03-20 00:40:57,2022-03-20 00:40:57
7007514398,สค.70-6119,2022-03-20 00:31:45,2022-03-20 00:40:57,2022-03-20 00:47:59,2022-03-20 00:47:59
7007514402,สค.70-4073,2022-03-20 00:32:10,2022-03-20 00:47:59,2022-03-20 00:55:15,2022-03-20 00:55:15
7007514418,ฉช.82-8346,2022-03-20 00:53:52,2022-03-20 00:55:15,2022-03-20 01:03:55,2022-03-20 01:03:55
7007514417,ชม.70-5302,2022-03-20 00:56:51,2022-03-20 01:03:55,2022-03-20 01:09:51,2022-03-20 01:09:51
7007514419,สค.70-4397,2022-03-20 01:02:15,2022-03-20 01:09:51,2022-03-20 01:16:04,2022-03-20 01:16:04
7007514420,ชม.70-5261,2022-03-20 01:04:26,2022-03-20 01:16:04,2022-03-20 01:22:58,2022-03-20 01:22:58
7007514428,สค.70-5407,2022-03-20 01:25:06,2022-03-20 01:25:06,2022-03-20 01:30:11,2022-03-20 01:30:11
7007512051,ฉช.82-2839,2022-03-20 02:41:22,2022-03-20 02:41:22,2022-03-20 02:47:04,2022-03-20 02:47:04
7007512049,ฉช.82-7170,2022-03-20 03:02:48,2022-03-20 03:02:48,2022-03-20 03:11:42,2022-03-20 03:11:42
7007514454,ชม.70-5300,2022-03-20 03:20:20,2022-03-20 03:20:20,2022-03-20 03:25:41,2022-03-20 03:25:41
7007511865,กท.79-0841,2022-03-20 04:40:22,2022-03-20 04:40:22,2022-03-20 04:45:25,2022-03-20 04:45:25
7007511931,กท.60-4208,2022-03-20 06:24:33,2022-03-20 06:24:33,2022-03-20 06:29:38,2022-03-20 06:29:38
7007511842,กท.78-1149,2022-03-20 06:29:09,2022-03-20 06:29:38,2022-03-20 06:34:54,2022-03-20 06:34:54
7007511863,กท.75-1033,2022-03-20 06:29:35,2022-03-20 06:34:54,2022-03-20 06:43:57,2022-03-20 06:43:57
7007514525,สค.70-6123,2022-03-20 06:37:44,2022-03-20 06:43:57,2022-03-20 06:52:47,2022-03-20 06:52:47
7007511884,กท.79-5843,2022-03-20 06:42:17,2022-03-20 06:52:47,2022-03-20 06:58:05,2022-03-20 06:58:05
7007513026,กท.74-9067,2022-03-20 06:51:02,2022-03-20 06:58:05,2022-03-20 07:07:46,2022-03-20 07:07:46
7007513119,กท.79-1830,2022-03-20 06:52:42,2022-03-20 07:07:46,2022-03-20 07:17:00,2022-03-20 07:17:00
7007511885,กท.79-5578,2022-03-20 07:01:50,2022-03-20 07:17:00,2022-03-20 07:23:06,2022-03-20 07:23:06
7007511951,กท.79-0144,2022-03-20 07:08:00,2022-03-20 07:23:06,2022-03-20 07:30:41,2022-03-20 07:30:41
7007511970,กท.79-0643,2022-03-20 07:11:08,2022-03-20 07:30:41,2022-03-20 07:37:22,2022-03-20 07:37:22
7007511944,กท.60-4207,2022-03-20 07:18:28,2022-03-20 07:37:22,2022-03-20 07:46:53,2022-03-20 07:46:53
7007511845,กท.79-0642,2022-03-20 07:24:34,2022-03-20 07:46:53,2022-03-20 07:56:01,2022-03-20 07:56:01
7007511878,กท.78-7993,2022-03-20 07:29:16,2022-03-20 07:56:01,2022-03-20 08:04:42,2022-03-20 08:04:42
7007514554,ชม.70-5299,2022-03-20 07:35:12,2022-03-20 08:04:42,2022-03-20 08:10:04,2022-03-20 08:10:04
7007511976,กท.78-6739,2022-03-20 07:36:02,2022-03-20 08:10:04,2022-03-20 08:19:03,2022-03-20 08:19:03
7007511934,กท.79-5584,2022-03-20 07:45:10,2022-03-20 08:19:03,2022-03-20 08:27:21,2022-03-20 08:27:21
7007511860,กท.79-0841,2022-03-20 07:49:02,2022-03-20 08:27:21,2022-03-20 08:33:54,2022-03-20 08:33:54
7007511933,กท.79-2716,2022-03-20 07:52:27,2022-03-20 08:33:54,2022-03-20 08:39:33,2022-03-20 08:39:33
7007511964,กท.79-0641,2022-03-20 07:54:14,2022-03-20 08:39:33,2022-03-20 08:46:54,2022-03-20 08:46:54
7007511876,กท.60-4205,2022-03-20 08:12:22,2022-03-20 08:46:54,2022-03-20 08:52:35,2022-03-20 08:52:35
7007513053,กท.76-4825,2022-03-20 08:15:19,2022-03-20 08:52:35,2022-03-20 08:58:06,2022-03-20 08:58:06
7007511953,กท.77-8134,2022-03-20 08:15:33,2022-03-20 08:58:06,2022-03-20 09:05:26,2022-03-20 09:05:26
7007511973,กท.79-2717,2022-03-20 08:20:51,2022-03-20 09:05:26,2022-03-20 09:11:43,2022-03-20 09:11:43
7007511892,กท.79-0644,2022-03-20 08:28:10,2022-03-20 09:11:43,2022-03-20 09:18:01,2022-03-20 09:18:01
7007514802,สค.70-2918,2022-03-20 08:32:18,2022-03-20 09:18:01,2022-03-20 09:26:57,2022-03-20 09:26:57
7007514946,นม.70-6730,2022-03-20 08:37:00,2022-03-20 09:26:57,2022-03-20 09:34:03,2022-03-20 09:34:03
7007511925,ฉช.82-7443,2022-03-20 08:38:28,2022-03-20 09:34:03,2022-03-20 09:43:51,2022-03-20 09:43:51
7007515014,ชม.70-5123,2022-03-20 08:47:45,2022-03-20 09:43:51,2022-03-20 09:51:19,2022-03-20 09:51:19
7007515051,กท.77-7979,2022-03-20 08:51:58,2022-03-20 09:51:19,2022-03-20 09:59:06,2022-03-20 09:59:06
7007515112,กท.79-5842,2022-03-20 09:00:19,2022-03-20 09:59:06,2022-03-20 10:06:51,2022-03-20 10:06:51
7007515176,กท.79-5841,2022-03-20 09:25:44,2022-03-20 10:06:51,2022-03-20 10:14:39,2022-03-20 10:14:39
7007515744,รย.71-2637,2022-03-20 09:35:14,2022-03-20 10:14:39,2022-03-20 10:24:25,2022-03-20 10:24:25
7007516028,ชบ.85-3878,2022-03-20 09:57:52,2022-03-20 10:24:25,2022-03-20 10:29:27,2022-03-20 10:29:27
7007516092,ฉช.82-8346,2022-03-20 10:08:12,2022-03-20 10:29:27,2022-03-20 10:35:49,2022-03-20 10:35:49
7007516365,ลพ.70-0785,2022-03-20 10:12:23,2022-03-20 10:35:49,2022-03-20 10:41:11,2022-03-20 10:41:11
7007516222,ชบ.84-7139,2022-03-20 10:13:28,2022-03-20 10:41:11,2022-03-20 10:47:44,2022-03-20 10:47:44
7007516533,กท.77-6494,2022-03-20 10:22:06,2022-03-20 10:47:44,2022-03-20 10:53:57,2022-03-20 10:53:57
7007516282,นม.70-6721,2022-03-20 10:29:57,2022-03-20 10:53:57,2022-03-20 11:00:08,2022-03-20 11:00:08
7007516536,จบ.80-8222,2022-03-20 10:30:08,2022-03-20 11:00:08,2022-03-20 11:06:12,2022-03-20 11:06:12
7007515850,ชบ.84-7156,2022-03-20 10:32:26,2022-03-20 11:06:12,2022-03-20 11:13:37,2022-03-20 11:13:37
7007516453,สบ.71-0408,2022-03-20 10:41:52,2022-03-20 11:13:37,2022-03-20 11:22:06,2022-03-20 11:22:06
7007511850,กท.78-7993,2022-03-20 10:52:46,2022-03-20 11:22:06,2022-03-20 11:29:21,2022-03-20 11:29:21
7007511864,กท.74-9067,2022-03-20 10:54:54,2022-03-20 11:29:21,2022-03-20 11:34:32,2022-03-20 11:34:32
7007511958,กท.79-0644,2022-03-20 11:00:24,2022-03-20 11:34:32,2022-03-20 11:42:00,2022-03-20 11:42:00
7007517364,กท.62-1291,2022-03-20 11:05:47,2022-03-20 11:42:00,2022-03-20 11:49:20,2022-03-20 11:49:20
7007518150,กท.61-4380,2022-03-20 11:17:51,2022-03-20 11:49:20,2022-03-20 11:54:48,2022-03-20 11:54:48
7007515136,กท.79-0643,2022-03-20 11:19:06,2022-03-20 11:54:48,2022-03-20 12:02:52,2022-03-20 12:02:52
7007518131,รย.71-2638,2022-03-20 11:26:34,2022-03-20 12:02:52,2022-03-20 12:10:44,2022-03-20 12:10:44
7007518342,นม.70-7498,2022-03-20 11:36:53,2022-03-20 12:10:44,2022-03-20 12:18:13,2022-03-20 12:18:13
7007511941,กท.79-5578,2022-03-20 11:37:08,2022-03-20 12:18:13,2022-03-20 12:27:43,2022-03-20 12:27:43
7007518334,ฉช.81-3257,2022-03-20 11:40:09,2022-03-20 12:27:43,2022-03-20 12:35:49,2022-03-20 12:35:49
7007518539,กท.61-6634,2022-03-20 11:47:18,2022-03-20 12:35:49,2022-03-20 12:42:09,2022-03-20 12:42:09
7007518913,สค.70-4074,2022-03-20 12:08:51,2022-03-20 12:42:09,2022-03-20 12:47:10,2022-03-20 12:47:10
7007511854,กท.78-6739,2022-03-20 12:11:09,2022-03-20 12:47:10,2022-03-20 12:55:28,2022-03-20 12:55:28
7007518939,ชบ.83-3599,2022-03-20 12:12:58,2022-03-20 12:55:28,2022-03-20 13:03:55,2022-03-20 13:03:55
7007518950,ชม.70-5301,2022-03-20 12:21:13,2022-03-20 13:03:55,2022-03-20 13:10:22,2022-03-20 13:10:22
7007511886,กท.77-8134,2022-03-20 12:24:22,2022-03-20 13:10:22,2022-03-20 13:16:03,2022-03-20 13:16:03
7007518988,กท.78-4646,2022-03-20 12:27:02,2022-03-20 13:16:03,2022-03-20 13:21:22,2022-03-20 13:21:22
7007515751,กท.79-0642,2022-03-20 12:36:36,2022-03-20 13:21:22,2022-03-20 13:28:23,2022-03-20 13:28:23
7007519046,ชม.70-5300,2022-03-20 12:36:57,2022-03-20 13:28:23,2022-03-20 13:34:25,2022-03-20 13:34:25
7007518548,กท.79-0641,2022-03-20 12:48:31,2022-03-20 13:34:25,2022-03-20 13:41:41,2022-03-20 13:41:41
7007511947,กท.79-1830,2022-03-20 12:53:45,2022-03-20 13:41:41,2022-03-20 13:51:08,2022-03-20 13:51:08
7007519160,กท.61-4720,2022-03-20 12:56:30,2022-03-20 13:51:08,2022-03-20 13:57:11,2022-03-20 13:57:11
7007511975,ฉช.82-7443,2022-03-20 12:59:28,2022-03-20 13:57:11,2022-03-20 14:03:30,2022-03-20 14:03:30
7007515784,กท.60-4208,2022-03-20 13:06:45,2022-03-20 14:03:30,2022-03-20 14:12:54,2022-03-20 14:12:54
7007519185,ชม.70-5261,2022-03-20 13:09:20,2022-03-20 14:12:54,2022-03-20 14:19:59,2022-03-20 14:19:59
7007519187,ชบ.82-4190,2022-03-20 13:21:57,2022-03-20 14:19:59,2022-03-20 14:29:02,2022-03-20 14:29:02
7007517939,ฉช.81-4230,2022-03-20 13:22:23,2022-03-20 14:29:02,2022-03-20 14:34:17,2022-03-20 14:34:17
7007511929,กท.79-0144,2022-03-20 13:33:08,2022-03-20 14:34:17,2022-03-20 14:42:45,2022-03-20 14:42:45
7007515761,กท.77-9738,2022-03-20 13:44:57,2022-03-20 14:42:45,2022-03-20 14:49:56,2022-03-20 14:49:56
7007511883,กท.78-6742,2022-03-20 13:46:36,2022-03-20 14:49:56,2022-03-20 14:58:15,2022-03-20 14:58:15
7007519299,กท.79-3259,2022-03-20 13:51:06,2022-03-20 14:58:15,2022-03-20 15:03:57,2022-03-20 15:03:57
7007520430,กท.75-9797,2022-03-20 14:03:46,2022-03-20 15:03:57,2022-03-20 15:09:45,2022-03-20 15:09:45
7007511942,กท.78-1149,2022-03-20 14:04:23,2022-03-20 15:09:45,2022-03-20 15:16:00,2022-03-20 15:16:00
7007520472,ชบ.71-8902,2022-03-20 14:14:47,2022-03-20 15:16:00,2022-03-20 15:24:49,2022-03-20 15:24:49
7007511949,กท.79-0643,2022-03-20 14:27:01,2022-03-20 15:24:49,2022-03-20 15:33:40,2022-03-20 15:33:40
7007520781,ชบ.71-4793,2022-03-20 14:28:28,2022-03-20 15:33:40,2022-03-20 15:41:45,2022-03-20 15:41:45
7007519802,กท.79-2159,2022-03-20 14:29:14,2022-03-20 15:41:45,2022-03-20 15:49:38,2022-03-20 15:49:38
7007519386,กท.79-1961,2022-03-20 14:33:37,2022-03-20 15:49:38,2022-03-20 15:56:11,2022-03-20 15:56:11
7007511963,กท.79-5843,2022-03-20 14:45:36,2022-03-20 15:56:11,2022-03-20 16:04:38,2022-03-20 16:04:38
7007520679,ชบ.71-4792,2022-03-20 14:49:15,2022-03-20 16:04:38,2022-03-20 16:12:45,2022-03-20 16:12:45
7007521718,ชม.70-5421,2022-03-20 14:50:46,2022-03-20 16:12:45,2022-03-20 16:18:08,2022-03-20 16:18:08
7007511935,กท.79-5584,2022-03-20 14:55:32,2022-03-20 16:18:08,2022-03-20 16:25:54,2022-03-20 16:25:54
7007522669,ชบ.85-0496,2022-03-20 15:05:49,2022-03-20 16:25:54,2022-03-20 16:35:01,2022-03-20 16:35:01
7007523538,ชม.70-4355,2022-03-20 15:34:59,2022-03-20 16:35:01,2022-03-20 16:43:17,2022-03-20 16:43:17
7007523570,รย.81-6767,2022-03-20 15:38:02,2022-03-20 16:43:17,2022-03-20 16:50:26,2022-03-20 16:50:26
7007519026,กท.77-8133,2022-03-20 15:49:13,2022-03-20 16:50:26,2022-03-20 16:56:18,2022-03-20 16:56:18
7007523454,กท.77-6494,2022-03-20 15:51:17,2022-03-20 16:56:18,2022-03-20 17:04:59,2022-03-20 17:04:59
7007515772,กท.79-0644,2022-03-20 15:54:02,2022-03-20 17:04:59,2022-03-20 17:14:55,2022-03-20 17:14:55
7007511962,กท.78-6739,2022-03-20 15:57:46,2022-03-20 17:14:55,2022-03-20 17:23:17,2022-03-20 17:23:17
7007523761,ตร.80-2192,2022-03-20 16:00:17,2022-03-20 17:23:17,2022-03-20 17:32:31,2022-03-20 17:32:31
7007511974,กท.74-9070,2022-03-20 16:19:12,2022-03-20 17:32:31,2022-03-20 17:38:31,2022-03-20 17:38:31
7007511867,กท.77-9738,2022-03-20 17:04:50,2022-03-20 17:38:31,2022-03-20 17:46:50,2022-03-20 17:46:50
7007518034,กท.78-6742,2022-03-20 17:44:54,2022-03-20 17:46:50,2022-03-20 17:54:20,2022-03-20 17:54:20
7007511858,ฉช.82-7443,2022-03-20 18:00:04,2022-03-20 18:00:04,2022-03-20 18:07:38,2022-03-20 18:07:38
7007511861,กท.79-1961,2022-03-20 18:01:24,2022-03-20 18:07:38,2022-03-20 18:16:17,2022-03-20 18:16:17
7007518070,กท.78-7993,2022-03-20 18:36:27,2022-03-20 18:36:27,2022-03-20 18:41:54,2022-03-20 18:41:54
7007521035,กท.79-5843,2022-03-20 18:46:41,2022-03-20 18:46:41,2022-03-20 18:54:09,2022-03-20 18:54:09
7007517997,กท.79-1830,2022-03-20 18:53:29,2022-03-20 18:54:09,2022-03-20 19:02:17,2022-03-20 19:02:17
7007518075,กท.79-0841,2022-03-20 19:00:37,2022-03-20 19:02:17,2022-03-20 19:08:40,2022-03-20 19:08:40
7007517778,กท.79-0643,2022-03-20 19:18:05,2022-03-20 19:18:05,2022-03-20 19:27:36,2022-03-20 19:27:36
7007517962,กท.74-9067,2022-03-20 20:09:02,2022-03-20 20:09:02,2022-03-20 20:16:18,2022-03-20 20:16:18
7007525449,สค.70-6119,2022-03-21 00:19:06,2022-03-21 00:19:06,2022-03-21 00:28:46,2022-03-21 00:28:46
7007525450,ชม.70-4219,2022-03-21 00:21:35,2022-03-21 00:28:46,2022-03-21 00:35:27,2022-03-21 00:35:27
7007525448,สค.70-4073,2022-03-21 00:32:40,2022-03-21 00:35:27,2022-03-21 00:40:45,2022-03-21 00:40:45
7007525493,สค.70-6125,2022-03-21 01:04:16,2022-03-21 01:04:16,2022-03-21 01:10:33,2022-03-21 01:10:33
7007525494,ชม.70-5301,2022-03-21 01:23:46,2022-03-21 01:23:46,2022-03-21 01:29:36,2022-03-21 01:29:36
7007525510,สค.70-5407,2022-03-21 01:48:13,2022-03-21 01:48:13,2022-03-21 01:56:25,2022-03-21 01:56:25
7007525534,กท.79-3257,2022-03-21 02:22:13,2022-03-21 02:22:13,2022-03-21 02:29:08,2022-03-21 02:29:08
7007525537,กท.61-7782,2022-03-21 02:52:27,2022-03-21 02:52:27,2022-03-21 02:58:47,2022-03-21 02:58:47
7007521059,ฉช.82-0002,2022-03-21 03:19:25,2022-03-21 03:19:25,2022-03-21 03:27:13,2022-03-21 03:27:13
7007517965,ฉช.82-4812,2022-03-21 03:34:52,2022-03-21 03:34:52,2022-03-21 03:43:51,2022-03-21 03:43:51
7007525561,สค.70-4335,2022-03-21 03:35:40,2022-03-21 03:43:51,2022-03-21 03:50:27,2022-03-21 03:50:27
7007525563,กท.79-2899,2022-03-21 03:42:38,2022-03-21 03:50:27,2022-03-21 03:57:03,2022-03-21 03:57:03
7007525564,ชม.70-5194,2022-03-21 03:47:16,2022-03-21 03:57:03,2022-03-21 04:02:38,2022-03-21 04:02:38
7007518022,กท.75-1033,2022-03-21 03:51:31,2022-03-21 04:02:38,2022-03-21 04:11:15,2022-03-21 04:11:15
7007525576,ลพ.70-0785,2022-03-21 04:09:38,2022-03-21 04:11:15,2022-03-21 04:18:40,2022-03-21 04:18:40
7007525643,ลพ.70-0786,2022-03-21 04:45:26,2022-03-21 04:45:26,2022-03-21 04:52:11,2022-03-21 04:52:11
7007517867,กท.79-0644,2022-03-21 05:12:37,2022-03-21 05:12:37,2022-03-21 05:19:26,2022-03-21 05:19:26
7007517813,กท.78-1149,2022-03-21 06:19:25,2022-03-21 06:19:25,2022-03-21 06:25:32,2022-03-21 06:25:32
7007518046,กท.79-5584,2022-03-21 06:24:36,2022-03-21 06:25:32,2022-03-21 06:35:18,2022-03-21 06:35:18
7007521065,ฉช.82-3201,2022-03-21 06:30:44,2022-03-21 06:35:18,2022-03-21 06:42:39,2022-03-21 06:42:39
7007525692,สค.70-6123,2022-03-21 06:35:41,2022-03-21 06:42:39,2022-03-21 06:48:36,2022-03-21 06:48:36
7007517981,กท.74-9070,2022-03-21 06:40:11,2022-03-21 06:48:36,2022-03-21 06:54:30,2022-03-21 06:54:30
7007525728,กท.78-4646,2022-03-21 06:56:15,2022-03-21 06:56:15,2022-03-21 07:05:01,2022-03-21 07:05:01
7007518051,กท.77-8133,2022-03-21 07:04:06,2022-03-21 07:05:01,2022-03-21 07:11:14,2022-03-21 07:11:14
7007517853,กท.79-5578,2022-03-21 07:10:38,2022-03-21 07:11:14,2022-03-21 07:19:55,2022-03-21 07:19:55
7007517886,ฉช.82-7443,2022-03-21 07:11:48,2022-03-21 07:19:55,2022-03-21 07:28:33,2022-03-21 07:28:33
7007517890,กท.79-0642,2022-03-21 07:13:37,2022-03-21 07:28:33,2022-03-21 07:33:44,2022-03-21 07:33:44
7007525734,ชม.70-5299,2022-03-21 07:19:00,2022-03-21 07:33:44,2022-03-21 07:39:48,2022-03-21 07:39:48
7007517908,กท.77-9738,2022-03-21 07:29:03,2022-03-21 07:39:48,2022-03-21 07:47:49,2022-03-21 07:47:49
7007525751,กท.79-3156,2022-03-21 07:31:47,2022-03-21 07:47:49,2022-03-21 07:53:26,2022-03-21 07:53:26
7007525746,กท.79-7691,2022-03-21 07:34:37,2022-03-21 07:53:26,2022-03-21 08:01:54,2022-03-21 08:01:54
7007525740,สค.70-3935,2022-03-21 07:38:15,2022-03-21 08:01:54,2022-03-21 08:11:38,2022-03-21 08:11:38
7007518038,กท.79-5579,2022-03-21 07:44:20,2022-03-21 08:11:38,2022-03-21 08:21:29,2022-03-21 08:21:29
7007518011,กท.79-1961,2022-03-21 07:48:58,2022-03-21 08:21:29,2022-03-21 08:27:43,2022-03-21 08:27:43
7007517749,กท.79-0144,2022-03-21 07:54:52,2022-03-21 08:27:43,2022-03-21 08:33:57,2022-03-21 08:33:57
7007517945,กท.78-6739,2022-03-21 08:04:48,2022-03-21 08:33:57,2022-03-21 08:39:14,2022-03-21 08:39:14
7007517759,กท.79-0641,2022-03-21 08:06:32,2022-03-21 08:39:14,2022-03-21 08:45:11,2022-03-21 08:45:11
7007521026,กท.78-6744,2022-03-21 08:17:40,2022-03-21 08:45:11,2022-03-21 08:51:31,2022-03-21 08:51:31
7007518005,กท.79-2717,2022-03-21 08:19:47,2022-03-21 08:51:31,2022-03-21 09:00:02,2022-03-21 09:00:02
7007517862,กท.77-8134,2022-03-21 08:19:56,2022-03-21 09:00:02,2022-03-21 09:07:35,2022-03-21 09:07:35
7007526114,กท.75-6899,2022-03-21 08:37:32,2022-03-21 09:07:35,2022-03-21 09:14:29,2022-03-21 09:14:29
7007517955,กท.79-0644,2022-03-21 08:41:01,2022-03-21 09:14:29,2022-03-21 09:20:30,2022-03-21 09:20:30
7007526144,กท.79-5842,2022-03-21 08:45:04,2022-03-21 09:20:30,2022-03-21 09:28:35,2022-03-21 09:28:35
7007526018,รย.82-0448,2022-03-21 08:46:03,2022-03-21 09:28:35,2022-03-21 09:34:33,2022-03-21 09:34:33
7007526151,กท.79-3258,2022-03-21 08:57:27,2022-03-21 09:34:33,2022-03-21 09:39:36,2022-03-21 09:39:36
7007526595,กท.75-2786,2022-03-21 09:23:12,2022-03-21 09:39:36,2022-03-21 09:44:49,2022-03-21 09:44:49
7007517791,กท.60-4205,2022-03-21 09:27:26,2022-03-21 09:44:49,2022-03-21 09:52:27,2022-03-21 09:52:27
7007526946,ชบ.85-3878,2022-03-21 09:36:56,2022-03-21 09:52:27,2022-03-21 09:59:14,2022-03-21 09:59:14
7007517989,กท.79-0642,2022-03-21 09:42:43,2022-03-21 09:59:14,2022-03-21 10:07:12,2022-03-21 10:07:12
7007527377,จบ.80-8222,2022-03-21 10:04:53,2022-03-21 10:07:12,2022-03-21 10:16:42,2022-03-21 10:16:42
7007527539,นม.70-5434,2022-03-21 10:10:48,2022-03-21 10:16:42,2022-03-21 10:25:11,2022-03-21 10:25:11
7007527360,ชร.70-6493,2022-03-21 10:18:21,2022-03-21 10:25:11,2022-03-21 10:34:44,2022-03-21 10:34:44
7007527332,ชม.70-6753,2022-03-21 10:22:30,2022-03-21 10:34:44,2022-03-21 10:41:43,2022-03-21 10:41:43
7007517968,กท.79-0641,2022-03-21 10:25:06,2022-03-21 10:41:43,2022-03-21 10:46:52,2022-03-21 10:46:52
7007517878,กท.77-8134,2022-03-21 10:48:57,2022-03-21 10:48:57,2022-03-21 10:56:22,2022-03-21 10:56:22
7007528373,นม.70-6589,2022-03-21 10:56:01,2022-03-21 10:56:22,2022-03-21 11:02:22,2022-03-21 11:02:22
7007528726,ชม.70-5302,2022-03-21 11:00:32,2022-03-21 11:02:22,2022-03-21 11:11:33,2022-03-21 11:11:33
7007517804,กท.75-1033,2022-03-21 11:12:41,2022-03-21 11:12:41,2022-03-21 11:20:31,2022-03-21 11:20:31
7007529145,ชม.70-5122,2022-03-21 11:21:24,2022-03-21 11:21:24,2022-03-21 11:28:18,2022-03-21 11:28:18
7007529215,กท.75-6899,2022-03-21 11:21:33,2022-03-21 11:28:18,2022-03-21 11:36:33,2022-03-21 11:36:33
7007517985,กท.77-9738,2022-03-21 11:31:06,2022-03-21 11:36:33,2022-03-21 11:42:49,2022-03-21 11:42:49
7007529299,กท.79-6697,2022-03-21 11:37:16,2022-03-21 11:42:49,2022-03-21 11:49:36,2022-03-21 11:49:36
7007517899,กท.74-9070,2022-03-21 11:44:53,2022-03-21 11:49:36,2022-03-21 11:58:54,2022-03-21 11:58:54
7007522560,กท.78-6742,2022-03-21 11:47:03,2022-03-21 11:58:54,2022-03-21 12:05:28,2022-03-21 12:05:28
7007529907,นม.70-8646,2022-03-21 11:57:27,2022-03-21 12:05:28,2022-03-21 12:14:47,2022-03-21 12:14:47
7007529848,นม.70-6736,2022-03-21 12:00:39,2022-03-21 12:14:47,2022-03-21 12:23:05,2022-03-21 12:23:05
7007530277,กท.79-3259,2022-03-21 12:09:15,2022-03-21 12:23:05,2022-03-21 12:31:03,2022-03-21 12:31:03
7007530283,กท.77-6494,2022-03-21 12:13:52,2022-03-21 12:31:03,2022-03-21 12:37:44,2022-03-21 12:37:44
7007530394,ชม.70-5261,2022-03-21 12:18:49,2022-03-21 12:37:44,2022-03-21 12:45:45,2022-03-21 12:45:45
7007529536,ฉช.82-4812,2022-03-21 12:24:51,2022-03-21 12:45:45,2022-03-21 12:55:26,2022-03-21 12:55:26
7007517993,กท.79-5584,2022-03-21 12:27:57,2022-03-21 12:55:26,2022-03-21 13:01:19,2022-03-21 13:01:19
7007517827,กท.78-6744,2022-03-21 12:40:25,2022-03-21 13:01:19,2022-03-21 13:08:15,2022-03-21 13:08:15
7007531032,จบ.80-3645,2022-03-21 12:41:17,2022-03-21 13:08:15,2022-03-21 13:14:30,2022-03-21 13:14:30
7007531181,กท.79-8994,2022-03-21 12:55:38,2022-03-21 13:14:30,2022-03-21 13:22:47,2022-03-21 13:22:47
7007524231,กท.78-1149,2022-03-21 12:55:58,2022-03-21 13:22:47,2022-03-21 13:31:54,2022-03-21 13:31:54
7007517766,กท.79-1830,2022-03-21 13:16:18,2022-03-21 13:31:54,2022-03-21 13:37:23,2022-03-21 13:37:23
7007517820,กท.77-8133,2022-03-21 13:33:10,2022-03-21 13:37:23,2022-03-21 13:46:37,2022-03-21 13:46:37
7007531511,ชบ.84-7975,2022-03-21 13:40:39,2022-03-21 13:46:37,2022-03-21 13:54:03,2022-03-21 13:54:03
7007522064,กท.79-0643,2022-03-21 13:44:03,2022-03-21 13:54:03,2022-03-21 14:00:12,2022-03-21 14:00:12
7007528305,กท.78-6739,2022-03-21 13:55:38,2022-03-21 14:00:12,2022-03-21 14:08:22,2022-03-21 14:08:22
7007531141,นม.70-6892,2022-03-21 14:00:41,2022-03-21 14:08:22,2022-03-21 14:14:47,2022-03-21 14:14:47
7007531649,กท.79-7691,2022-03-21 14:01:01,2022-03-21 14:14:47,2022-03-21 14:20:02,2022-03-21 14:20:02
7007531636,ชม.70-5300,2022-03-21 14:02:15,2022-03-21 14:20:02,2022-03-21 14:27:07,2022-03-21 14:27:07
7007531605,กท.79-5841,2022-03-21 14:06:15,2022-03-21 14:27:07,2022-03-21 14:35:44,2022-03-21 14:35:44
7007531681,ชม.70-4219,2022-03-21 14:09:37,2022-03-21 14:35:44,2022-03-21 14:41:07,2022-03-21 14:41:07
7007517841,กท.79-2717,2022-03-21 14:18:32,2022-03-21 14:41:07,2022-03-21 14:49:07,2022-03-21 14:49:07
7007517833,กท.79-5579,2022-03-21 14:18:37,2022-03-21 14:49:07,2022-03-21 14:58:56,2022-03-21 14:58:56
7007518041,กท.79-1961,2022-03-21 14:21:47,2022-03-21 14:58:56,2022-03-21 15:06:43,2022-03-21 15:06:43
7007531376,กท.79-0642,2022-03-21 14:31:53,2022-03-21 15:06:43,2022-03-21 15:11:51,2022-03-21 15:11:51
7007532371,ชม.70-5301,2022-03-21 14:32:29,2022-03-21 15:11:51,2022-03-21 15:19:52,2022-03-21 15:19:52
7007532749,ชบ.85-3878,2022-03-21 14:42:50,2022-03-21 15:19:52,2022-03-21 15:27:59,2022-03-21 15:27:59
7007532685,นม.70-6730,2022-03-21 14:45:46,2022-03-21 15:27:59,2022-03-21 15:37:51,2022-03-21 15:37:51
7007518084,กท.79-5843,2022-03-21 14:59:57,2022-03-21 15:37:51,2022-03-21 15:44:27,2022-03-21 15:44:27
7007523002,กท.78-7993,2022-03-21 15:04:42,2022-03-21 15:44:27,2022-03-21 15:54:05,2022-03-21 15:54:05
7007533025,ฉช.81-3257,2022-03-21 15:08:22,2022-03-21 15:54:05,2022-03-21 16:00:49,2022-03-21 16:00:49
7007528313,ฉช.82-7443,2022-03-21 15:15:03,2022-03-21 16:00:49,2022-03-21 16:06:09,2022-03-21 16:06:09
7007531565,กท.60-4208,2022-03-21 15:17:08,2022-03-21 16:06:09,2022-03-21 16:13:36,2022-03-21 16:13:36
7007533252,ชม.70-4355,2022-03-21 15:21:00,2022-03-21 16:13:36,2022-03-21 16:20:16,2022-03-21 16:20:16
7007528322,กท.79-0144,2022-03-21 15:25:38,2022-03-21 16:20:16,2022-03-21 16:29:54,2022-03-21 16:29:54
7007517951,กท.79-0841,2022-03-21 15:45:37,2022-03-21 16:29:54,2022-03-21 16:39:01,2022-03-21 16:39:01
7007531670,ฉช.81-4230,2022-03-21 15:58:03,2022-03-21 16:39:01,2022-03-21 16:47:01,2022-03-21 16:47:01
7007534088,นม.70-6589,2022-03-21 16:12:15,2022-03-21 16:47:01,2022-03-21 16:52:44,2022-03-21 16:52:44
7007533946,กท.78-4444,2022-03-21 16:15:39,2022-03-21 16:52:44,2022-03-21 17:02:25,2022-03-21 17:02:25
7007518056,กท.78-6742,2022-03-21 16:19:47,2022-03-21 17:02:25,2022-03-21 17:11:13,2022-03-21 17:11:13
7007534306,ชม.70-5299,2022-03-21 16:22:14,2022-03-21 17:11:13,2022-03-21 17:18:08,2022-03-21 17:18:08
7007534684,ชม.70-5421,2022-03-21 16:47:40,2022-03-21 17:18:08,2022-03-21 17:27:26,2022-03-21 17:27:26
7007534715,กท.78-5932,2022-03-21 16:55:53,2022-03-21 17:27:26,2022-03-21 17:34:45,2022-03-21 17:34:45
7007518062,กท.79-5578,2022-03-21 17:13:09,2022-03-21 17:34:45,2022-03-21 17:42:56,2022-03-21 17:42:56
7007531571,กท.79-5843,2022-03-21 17:23:52,2022-03-21 17:42:56,2022-03-21 17:50:43,2022-03-21 17:50:43
7007531579,กท.79-5584,2022-03-21 17:36:12,2022-03-21 17:50:43,2022-03-21 17:58:24,2022-03-21 17:58:24
7007518026,กท.79-0643,2022-03-21 18:12:42,2022-03-21 18:12:42,2022-03-21 18:17:43,2022-03-21 18:17:43
7007531567,กท.79-5579,2022-03-21 18:30:21,2022-03-21 18:30:21,2022-03-21 18:36:12,2022-03-21 18:36:12
7007531509,กท.78-1149,2022-03-21 18:30:55,2022-03-21 18:36:12,2022-03-21 18:44:08,2022-03-21 18:44:08
7007531524,กท.79-1830,2022-03-21 18:52:24,2022-03-21 18:52:24,2022-03-21 18:57:26,2022-03-21 18:57:26
7007535398,ชม.70-5300,2022-03-22 00:19:18,2022-03-22 00:19:18,2022-03-22 00:27:11,2022-03-22 00:27:11
7007535399,สค.70-6119,2022-03-22 00:22:20,2022-03-22 00:27:11,2022-03-22 00:36:08,2022-03-22 00:36:08
7007535401,ลพ.70-0785,2022-03-22 00:30:04,2022-03-22 00:36:08,2022-03-22 00:45:24,2022-03-22 00:45:24
7007535402,ลพ.70-0786,2022-03-22 00:31:24,2022-03-22 00:45:24,2022-03-22 00:50:35,2022-03-22 00:50:35
7007535403,สค.70-2507,2022-03-22 00:49:42,2022-03-22 00:50:35,2022-03-22 00:57:10,2022-03-22 00:57:10
7007535404,ชม.70-5261,2022-03-22 00:50:48,2022-03-22 00:57:10,2022-03-22 01:04:37,2022-03-22 01:04:37
7007535431,สค.70-3665,2022-03-22 01:09:07,2022-03-22 01:09:07,2022-03-22 01:15:48,2022-03-22 01:15:48
7007535428,รย.71-2638,2022-03-22 01:24:26,2022-03-22 01:24:26,2022-03-22 01:30:46,2022-03-22 01:30:46
7007535454,ชม.70-5302,2022-03-22 02:10:19,2022-03-22 02:10:19,2022-03-22 02:20:06,2022-03-22 02:20:06
7007531677,ฉช.82-2839,2022-03-22 02:19:19,2022-03-22 02:20:06,2022-03-22 02:27:49,2022-03-22 02:27:49
7007531672,ฉช.82-7170,2022-03-22 02:56:13,2022-03-22 02:56:13,2022-03-22 03:04:01,2022-03-22 03:04:01
7007535476,สค.70-4074,2022-03-22 03:11:30,2022-03-22 03:11:30,2022-03-22 03:20:36,2022-03-22 03:20:36
7007531673,ฉช.82-8528,2022-03-22 03:17:07,2022-03-22 03:20:36,2022-03-22 03:27:57,2022-03-22 03:27:57
7007535486,ชบ.82-4190,2022-03-22 03:40:47,2022-03-22 03:40:47,2022-03-22 03:50:02,2022-03-22 03:50:02
7007535488,กท.79-7440,2022-03-22 03:47:27,2022-03-22 03:50:02,2022-03-22 03:56:15,2022-03-22 03:56:15
7007535481,กท.61-7782,2022-03-22 03:53:44,2022-03-22 03:56:15,2022-03-22 04:02:37,2022-03-22 04:02:37
7007535492,สค.70-5407,2022-03-22 04:17:32,2022-03-22 04:17:32,2022-03-22 04:26:53,2022-03-22 04:26:53
7007531534,กท.78-6742,2022-03-22 04:37:17,2022-03-22 04:37:17,2022-03-22 04:42:42,2022-03-22 04:42:42
7007535531,กท.61-8383,2022-03-22 06:20:13,2022-03-22 06:20:13,2022-03-22 06:27:24,2022-03-22 06:27:24
7007531526,กท.78-6742,2022-03-22 06:29:28,2022-03-22 06:29:28,2022-03-22 06:38:32,2022-03-22 06:38:32
7007531539,กท.79-0144,2022-03-22 06:31:27,2022-03-22 06:38:32,2022-03-22 06:46:45,2022-03-22 06:46:45
7007535529,สค.70-6125,2022-03-22 06:32:27,2022-03-22 06:46:45,2022-03-22 06:53:29,2022-03-22 06:53:29
7007531959,กท.79-5578,2022-03-22 06:46:22,2022-03-22 06:53:29,2022-03-22 07:02:17,2022-03-22 07:02:17
7007531514,กท.74-9070,2022-03-22 06:54:36,2022-03-22 07:02:17,2022-03-22 07:11:46,2022-03-22 07:11:46
7007531541,กท.79-0642,2022-03-22 06:54:47,2022-03-22 07:11:46,2022-03-22 07:17:14,2022-03-22 07:17:14
7007535554,สค.70-4335,2022-03-22 06:58:02,2022-03-22 07:17:14,2022-03-22 07:23:41,2022-03-22 07:23:41
7007531554,ฉช.82-7443,2022-03-22 07:07:27,2022-03-22 07:23:41,2022-03-22 07:30:06,2022-03-22 07:30:06
7007531515,กท.74-9067,2022-03-22 07:11:57,2022-03-22 07:30:06,2022-03-22 07:38:57,2022-03-22 07:38:57
7007535574,ชม.70-6510,2022-03-22 07:18:15,2022-03-22 07:38:57,2022-03-22 07:46:42,2022-03-22 07:46:42
7007531542,กท.79-2717,2022-03-22 07:18:35,2022-03-22 07:46:42,2022-03-22 07:52:44,2022-03-22 07:52:44
7007531512,กท.79-0841,2022-03-22 07:38:56,2022-03-22 07:52:44,2022-03-22 08:01:29,2022-03-22 08:01:29
7007531506,กท.78-7993,2022-03-22 07:40:29,2022-03-22 08:01:29,2022-03-22 08:07:14,2022-03-22 08:07:14
7007534752,กท.79-2716,2022-03-22 07:40:30,2022-03-22 08:07:14,2022-03-22 08:12:54,2022-03-22 08:12:54
7007531530,กท.77-8133,2022-03-22 07:44:40,2022-03-22 08:12:54,2022-03-22 08:21:06,2022-03-22 08:21:06
7007531508,กท.79-0643,2022-03-22 07:49:17,2022-03-22 08:21:06,2022-03-22 08:30:01,2022-03-22 08:30:01
7007531558,กท.77-9738,2022-03-22 07:52:01,2022-03-22 08:30:01,2022-03-22 08:37:22,2022-03-22 08:37:22
7007531503,กท.79-0641,2022-03-22 08:05:18,2022-03-22 08:37:22,2022-03-22 08:45:48,2022-03-22 08:45:48
7007531548,กท.79-1961,2022-03-22 08:09:19,2022-03-22 08:45:48,2022-03-22 08:53:39,2022-03-22 08:53:39
7007531562,กท.76-4825,2022-03-22 08:10:27,2022-03-22 08:53:39,2022-03-22 09:03:23,2022-03-22 09:03:23
7007531505,กท.77-8134,2022-03-22 08:12:12,2022-03-22 09:03:23,2022-03-22 09:10:13,2022-03-22 09:10:13
7007535844,กท.79-3259,2022-03-22 08:20:28,2022-03-22 09:10:13,2022-03-22 09:18:00,2022-03-22 09:18:00
7007531519,กท.78-6744,2022-03-22 08:23:23,2022-03-22 09:18:00,2022-03-22 09:25:20,2022-03-22 09:25:20
7007531536,กท.79-0644,2022-03-22 08:31:39,2022-03-22 09:25:20,2022-03-22 09:30:51,2022-03-22 09:30:51
7007535839,กท.79-5842,2022-03-22 08:36:22,2022-03-22 09:30:51,2022-03-22 09:37:25,2022-03-22 09:37:25
7007535819,กท.79-3257,2022-03-22 08:44:16,2022-03-22 09:37:25,2022-03-22 09:46:06,2022-03-22 09:46:06
7007535941,กท.79-5841,2022-03-22 08:53:44,2022-03-22 09:46:06,2022-03-22 09:55:27,2022-03-22 09:55:27
7007536141,กท.79-8995,2022-03-22 08:59:44,2022-03-22 09:55:27,2022-03-22 10:02:20,2022-03-22 10:02:20
7007531674,ฉช.82-2839,2022-03-22 09:01:45,2022-03-22 10:02:20,2022-03-22 10:11:23,2022-03-22 10:11:23
7007531537,กท.74-9070,2022-03-22 09:12:45,2022-03-22 10:11:23,2022-03-22 10:20:51,2022-03-22 10:20:51
7007536246,สค.70-6124,2022-03-22 09:18:51,2022-03-22 10:20:51,2022-03-22 10:29:47,2022-03-22 10:29:47
7007536367,ชบ.84-7139,2022-03-22 09:26:54,2022-03-22 10:29:47,2022-03-22 10:35:44,2022-03-22 10:35:44
7007536605,กท.75-6899,2022-03-22 09:38:31,2022-03-22 10:35:44,2022-03-22 10:44:52,2022-03-22 10:44:52
7007536479,ชบ.84-7237,2022-03-22 09:42:15,2022-03-22 10:44:52,2022-03-22 10:50:04,2022-03-22 10:50:04
7007536700,กท.75-9797,2022-03-22 09:58:48,2022-03-22 10:50:04,2022-03-22 10:57:42,2022-03-22 10:57:42
7007537062,กท.79-6697,2022-03-22 10:04:00,2022-03-22 10:57:42,2022-03-22 11:03:18,2022-03-22 11:03:18
7007533183,กท.79-5578,2022-03-22 10:11:45,2022-03-22 11:03:18,2022-03-22 11:08:41,2022-03-22 11:08:41
7007531533,กท.79-2717,2022-03-22 10:15:45,2022-03-22 11:08:41,2022-03-22 11:17:51,2022-03-22 11:17:51
7007531518,กท.79-0642,2022-03-22 10:23:37,2022-03-22 11:17:51,2022-03-22 11:25:54,2022-03-22 11:25:54
7007531553,กท.79-0841,2022-03-22 10:41:32,2022-03-22 11:25:54,2022-03-22 11:32:39,2022-03-22 11:32:39
7007531583,กท.79-2716,2022-03-22 11:26:46,2022-03-22 11:32:39,2022-03-22 11:39:45,2022-03-22 11:39:45
7007538526,ฉช.82-8528,2022-03-22 11:28:00,2022-03-22 11:39:45,2022-03-22 11:47:19,2022-03-22 11:47:19
7007538521,ชม.70-5991,2022-03-22 11:36:07,2022-03-22 11:47:19,2022-03-22 11:53:50,2022-03-22 11:53:50
7007534281,กท.78-1149,2022-03-22 11:39:40,2022-03-22 11:53:50,2022-03-22 11:59:46,2022-03-22 11:59:46
7007538704,ชม.70-5421,2022-03-22 11:47:42,2022-03-22 11:59:46,2022-03-22 12:09:18,2022-03-22 12:09:18
7007538511,ชม.70-6755,2022-03-22 11:56:04,2022-03-22 12:09:18,2022-03-22 12:18:51,2022-03-22 12:18:51
7007537019,กท.78-7993,2022-03-22 12:04:29,2022-03-22 12:18:51,2022-03-22 12:28:29,2022-03-22 12:28:29
7007538713,ชม.70-5124,2022-03-22 12:14:05,2022-03-22 12:28:29,2022-03-22 12:34:49,2022-03-22 12:34:49
7007537043,กท.79-0641,2022-03-22 12:15:22,2022-03-22 12:34:49,2022-03-22 12:42:32,2022-03-22 12:42:32
7007531556,กท.60-4207,2022-03-22 12:21:53,2022-03-22 12:42:32,2022-03-22 12:49:31,2022-03-22 12:49:31
7007531574,กท.79-0644,2022-03-22 12:46:03,2022-03-22 12:49:31,2022-03-22 12:56:31,2022-03-22 12:56:31
7007539038,จบ.80-8222,2022-03-22 12:46:51,2022-03-22 12:56:31,2022-03-22 13:05:08,2022-03-22 13:05:08
7007531510,กท.78-6744,2022-03-22 12:51:17,2022-03-22 13:05:08,2022-03-22 13:14:00,2022-03-22 13:14:00
7007539028,ชม.70-4219,2022-03-22 12:58:44,2022-03-22 13:14:00,2022-03-22 13:21:44,2022-03-22 13:21:44
7007531504,ฉช.82-7443,2022-03-22 13:03:23,2022-03-22 13:21:44,2022-03-22 13:28:41,2022-03-22 13:28:41
7007531522,กท.79-0841,2022-03-22 13:03:42,2022-03-22 13:28:41,2022-03-22 13:36:15,2022-03-22 13:36:15
7007539079,ชม.70-4355,2022-03-22 13:10:10,2022-03-22 13:36:15,2022-03-22 13:43:39,2022-03-22 13:43:39
7007539185,กท.61-8383,2022-03-22 13:27:04,2022-03-22 13:43:39,2022-03-22 13:49:28,2022-03-22 13:49:28
7007538978,กท.74-9067,2022-03-22 13:30:55,2022-03-22 13:49:28,2022-03-22 13:58:14,2022-03-22 13:58:14
7007539347,ชม.70-5299,2022-03-22 13:47:14,2022-03-22 13:58:14,2022-03-22 14:06:10,2022-03-22 14:06:10
7007534750,กท.79-5579,2022-03-22 13:51:40,2022-03-22 14:06:10,2022-03-22 14:14:35,2022-03-22 14:14:35
7007537035,กท.79-0643,2022-03-22 13:53:55,2022-03-22 14:14:35,2022-03-22 14:22:11,2022-03-22 14:22:11
7007537048,กท.79-5584,2022-03-22 13:55:43,2022-03-22 14:22:11,2022-03-22 14:31:35,2022-03-22 14:31:35
7007539443,ชม.70-5300,2022-03-22 14:04:06,2022-03-22 14:31:35,2022-03-22 14:41:11,2022-03-22 14:41:11
7007539666,กท.79-3258,2022-03-22 14:16:10,2022-03-22 14:41:11,2022-03-22 14:48:45,2022-03-22 14:48:45
7007539534,รย.81-1375,2022-03-22 14:17:53,2022-03-22 14:48:45,2022-03-22 14:58:27,2022-03-22 14:58:27
7007539640,รย.81-6767,2022-03-22 14:22:39,2022-03-22 14:58:27,2022-03-22 15:07:26,2022-03-22 15:07:26
7007539721,กท.78-4646,2022-03-22 14:25:44,2022-03-22 15:07:26,2022-03-22 15:15:17,2022-03-22 15:15:17
7007538833,ฉช.81-4230,2022-03-22 14:38:07,2022-03-22 15:15:17,2022-03-22 15:20:58,2022-03-22 15:20:58
7007539904,กท.72-3498,2022-03-22 14:44:55,2022-03-22 15:20:58,2022-03-22 15:27:02,2022-03-22 15:27:02
7007531580,กท.79-5843,2022-03-22 14:46:31,2022-03-22 15:27:02,2022-03-22 15:36:48,2022-03-22 15:36:48
7007540035,สค.70-6123,2022-03-22 14:49:25,2022-03-22 15:36:48,2022-03-22 15:44:27,2022-03-22 15:44:27
7007538334,กท.79-1830,2022-03-22 15:02:16,2022-03-22 15:44:27,2022-03-22 15:53:08,2022-03-22 15:53:08
7007531528,กท.77-8134,2022-03-22 15:03:31,2022-03-22 15:53:08,2022-03-22 16:00:08,2022-03-22 16:00:08
7007540421,นม.70-6589,2022-03-22 15:19:12,2022-03-22 16:00:08,2022-03-22 16:05:33,2022-03-22 16:05:33
7007537041,กท.77-8133,2022-03-22 15:57:21,2022-03-22 16:05:33,2022-03-22 16:14:18,2022-03-22 16:14:18
7007541285,ชม.70-5122,2022-03-22 16:05:32,2022-03-22 16:14:18,2022-03-22 16:23:05,2022-03-22 16:23:05
7007537039,กท.79-0144,2022-03-22 16:08:30,2022-03-22 16:23:05,2022-03-22 16:30:42,2022-03-22 16:30:42
7007541592,กท.61-4380,2022-03-22 16:33:59,2022-03-22 16:33:59,2022-03-22 16:40:02,2022-03-22 16:40:02
7007539381,กท.79-0644,2022-03-22 16:46:20,2022-03-22 16:46:20,2022-03-22 16:52:22,2022-03-22 16:52:22
7007539409,กท.79-5579,2022-03-22 17:19:03,2022-03-22 17:19:03,2022-03-22 17:28:46,2022-03-22 17:28:46
7007539406,กท.79-0641,2022-03-22 17:33:14,2022-03-22 17:33:14,2022-03-22 17:40:42,2022-03-22 17:40:42
7007538314,กท.79-1961,2022-03-22 17:51:15,2022-03-22 17:51:15,2022-03-22 17:56:41,2022-03-22 17:56:41
7007539418,กท.79-5584,2022-03-22 18:05:09,2022-03-22 18:05:09,2022-03-22 18:15:06,2022-03-22 18:15:06
7007539597,กท.79-0642,2022-03-22 18:07:58,2022-03-22 18:15:06,2022-03-22 18:20:54,2022-03-22 18:20:54
7007542992,สค.70-4073,2022-03-23 00:23:17,2022-03-23 00:23:17,2022-03-23 00:32:22,2022-03-23 00:32:22
7007542996,ชม.70-5301,2022-03-23 00:27:22,2022-03-23 00:32:22,2022-03-23 00:38:57,2022-03-23 00:38:57
7007542995,ลพ.70-0785,2022-03-23 00:31:49,2022-03-23 00:38:57,2022-03-23 00:47:33,2022-03-23 00:47:33
7007542993,สค.70-6119,2022-03-23 00:41:49,2022-03-23 00:47:33,2022-03-23 00:54:40,2022-03-23 00:54:40
7007542994,ลพ.70-0786,2022-03-23 00:45:19,2022-03-23 00:54:40,2022-03-23 01:00:37,2022-03-23 01:00:37
7007543033,สค.70-3937,2022-03-23 01:06:52,2022-03-23 01:06:52,2022-03-23 01:13:17,2022-03-23 01:13:17
7007539656,ฉช.82-8346,2022-03-23 01:23:57,2022-03-23 01:23:57,2022-03-23 01:32:58,2022-03-23 01:32:58
7007543048,กท.79-3257,2022-03-23 02:05:17,2022-03-23 02:05:17,2022-03-23 02:12:38,2022-03-23 02:12:38
7007539498,กท.79-0644,2022-03-23 02:12:05,2022-03-23 02:12:38,2022-03-23 02:20:03,2022-03-23 02:20:03
7007543058,ชม.70-5261,2022-03-23 02:30:12,2022-03-23 02:30:12,2022-03-23 02:35:57,2022-03-23 02:35:57
7007539653,ฉช.82-7170,2022-03-23 02:38:00,2022-03-23 02:38:00,2022-03-23 02:44:29,2022-03-23 02:44:29
7007539654,ฉช.82-2839,2022-03-23 02:40:02,2022-03-23 02:44:29,2022-03-23 02:53:20,2022-03-23 02:53:20
7007539417,กท.79-1830,2022-03-23 06:18:16,2022-03-23 06:18:16,2022-03-23 06:25:03,2022-03-23 06:25:03
7007539486,กท.78-1149,2022-03-23 06:22:39,2022-03-23 06:25:03,2022-03-23 06:31:47,2022-03-23 06:31:47
7007543149,ฉช.82-3201,2022-03-23 06:34:37,2022-03-23 06:34:37,2022-03-23 06:44:10,2022-03-23 06:44:10
7007543140,กท.79-5842,2022-03-23 06:36:43,2022-03-23 06:44:10,2022-03-23 06:49:20,2022-03-23 06:49:20
7007543167,สค.70-4335,2022-03-23 06:44:27,2022-03-23 06:49:20,2022-03-23 06:55:16,2022-03-23 06:55:16
7007539604,กท.79-5843,2022-03-23 06:45:58,2022-03-23 06:55:16,2022-03-23 07:00:38,2022-03-23 07:00:38
7007543168,สค.70-6123,2022-03-23 06:53:31,2022-03-23 07:00:38,2022-03-23 07:05:44,2022-03-23 07:05:44
7007539410,กท.79-0643,2022-03-23 07:10:18,2022-03-23 07:10:18,2022-03-23 07:19:55,2022-03-23 07:19:55
7007539502,กท.78-7993,2022-03-23 07:10:57,2022-03-23 07:19:55,2022-03-23 07:27:42,2022-03-23 07:27:42
7007539423,กท.79-1961,2022-03-23 07:12:06,2022-03-23 07:27:42,2022-03-23 07:37:33,2022-03-23 07:37:33
7007539484,กท.79-5578,2022-03-23 07:12:32,2022-03-23 07:37:33,2022-03-23 07:46:16,2022-03-23 07:46:16
7007543177,กท.79-8994,2022-03-23 07:23:50,2022-03-23 07:46:16,2022-03-23 07:54:15,2022-03-23 07:54:15
7007539485,กท.77-8133,2022-03-23 07:26:40,2022-03-23 07:54:15,2022-03-23 08:03:06,2022-03-23 08:03:06
7007539487,กท.77-8134,2022-03-23 07:27:36,2022-03-23 08:03:06,2022-03-23 08:08:29,2022-03-23 08:08:29
7007539601,กท.79-2716,2022-03-23 07:35:13,2022-03-23 08:08:29,2022-03-23 08:15:33,2022-03-23 08:15:33
7007539615,กท.74-9067,2022-03-23 07:39:07,2022-03-23 08:15:33,2022-03-23 08:25:27,2022-03-23 08:25:27
7007539610,กท.79-0144,2022-03-23 07:47:47,2022-03-23 08:25:27,2022-03-23 08:33:58,2022-03-23 08:33:58
7007543203,จบ.81-2529,2022-03-23 07:51:53,2022-03-23 08:33:58,2022-03-23 08:39:44,2022-03-23 08:39:44
7007539650,กท.79-0841,2022-03-23 08:05:06,2022-03-23 08:39:44,2022-03-23 08:48:28,2022-03-23 08:48:28
7007539428,กท.74-9070,2022-03-23 08:09:15,2022-03-23 08:48:28,2022-03-23 08:53:51,2022-03-23 08:53:51
7007539477,กท.78-6742,2022-03-23 08:10:28,2022-03-23 08:53:51,2022-03-23 09:00:07,2022-03-23 09:00:07
7007539494,กท.78-6744,2022-03-23 08:14:17,2022-03-23 09:00:07,2022-03-23 09:08:22,2022-03-23 09:08:22
7007539427,กท.78-6739,2022-03-23 08:24:44,2022-03-23 09:08:22,2022-03-23 09:18:17,2022-03-23 09:18:17
7007539609,กท.79-2717,2022-03-23 08:28:39,2022-03-23 09:18:17,2022-03-23 09:25:21,2022-03-23 09:25:21
7007539482,กท.60-4205,2022-03-23 08:31:25,2022-03-23 09:25:21,2022-03-23 09:33:26,2022-03-23 09:33:26
7007543315,ชม.70-5299,2022-03-23 08:34:02,2022-03-23 09:33:26,2022-03-23 09:39:44,2022-03-23 09:39:44
7007543557,กท.79-6706,2022-03-23 08:53:45,2022-03-23 09:39:44,2022-03-23 09:49:26,2022-03-23 09:49:26
7007544252,ชบ.82-4190,2022-03-23 09:06:33,2022-03-23 09:49:26,2022-03-23 09:55:30,2022-03-23 09:55:30
7007543834,ชม.70-5302,2022-03-23 09:59:19,2022-03-23 09:59:19,2022-03-23 10:08:08,2022-03-23 10:08:08
7007539425,กท.60-4207,2022-03-23 10:06:06,2022-03-23 10:08:08,2022-03-23 10:16:49,2022-03-23 10:16:49
7007539607,กท.79-5578,2022-03-23 10:26:24,2022-03-23 10:26:24,2022-03-23 10:31:32,2022-03-23 10:31:32
7007545797,ชบ.85-3878,2022-03-23 10:40:35,2022-03-23 10:40:35,2022-03-23 10:45:59,2022-03-23 10:45:59
7007545880,จบ.80-8222,2022-03-23 10:46:05,2022-03-23 10:46:05,2022-03-23 10:51:44,2022-03-23 10:51:44
7007544058,กท.79-1961,2022-03-23 10:49:08,2022-03-23 10:51:44,2022-03-23 10:59:05,2022-03-23 10:59:05
7007545943,กท.75-2786,2022-03-23 11:08:24,2022-03-23 11:08:24,2022-03-23 11:13:46,2022-03-23 11:13:46
7007539603,กท.79-2717,2022-03-23 11:08:52,2022-03-23 11:13:46,2022-03-23 11:23:07,2022-03-23 11:23:07
7007545426,ชม.70-4355,2022-03-23 11:09:37,2022-03-23 11:23:07,2022-03-23 11:29:49,2022-03-23 11:29:49
7007546071,ชม.70-5421,2022-03-23 11:10:06,2022-03-23 11:29:49,2022-03-23 11:35:31,2022-03-23 11:35:31
7007539424,กท.79-0144,2022-03-23 11:25:27,2022-03-23 11:35:31,2022-03-23 11:44:36,2022-03-23 11:44:36
7007539466,กท.79-1830,2022-03-23 11:30:32,2022-03-23 11:44:36,2022-03-23 11:50:38,2022-03-23 11:50:38
7007539599,กท.77-8133,2022-03-23 11:30:47,2022-03-23 11:50:38,2022-03-23 11:59:41,2022-03-23 11:59:41
7007541924,กท.78-7993,2022-03-23 11:34:18,2022-03-23 11:59:41,2022-03-23 12:08:04,2022-03-23 12:08:04
7007539455,กท.79-5584,2022-03-23 11:42:29,2022-03-23 12:08:04,2022-03-23 12:17:06,2022-03-23 12:17:06
7007539478,กท.75-1033,2022-03-23 11:49:30,2022-03-23 12:17:06,2022-03-23 12:22:22,2022-03-23 12:22:22
7007545803,กท.79-2159,2022-03-23 11:57:01,2022-03-23 12:22:22,2022-03-23 12:30:37,2022-03-23 12:30:37
7007546456,กท.75-6899,2022-03-23 12:05:07,2022-03-23 12:30:37,2022-03-23 12:40:13,2022-03-23 12:40:13
7007545671,ฉช.82-8346,2022-03-23 12:05:41,2022-03-23 12:40:13,2022-03-23 12:48:56,2022-03-23 12:48:56
7007546454,กท.61-8797,2022-03-23 12:09:15,2022-03-23 12:48:56,2022-03-23 12:57:54,2022-03-23 12:57:54
7007545704,ชม.70-5995,2022-03-23 12:15:07,2022-03-23 12:57:54,2022-03-23 13:06:28,2022-03-23 13:06:28
7007546493,ชบ.84-7975,2022-03-23 12:26:36,2022-03-23 13:06:28,2022-03-23 13:13:23,2022-03-23 13:13:23
7007539416,กท.78-1149,2022-03-23 12:35:12,2022-03-23 13:13:23,2022-03-23 13:21:35,2022-03-23 13:21:35
7007546519,กท.79-5841,2022-03-23 12:36:46,2022-03-23 13:21:35,2022-03-23 13:28:43,2022-03-23 13:28:43
7007545660,ชม.70-5993,2022-03-23 12:40:15,2022-03-23 13:28:43,2022-03-23 13:33:59,2022-03-23 13:33:59
7007539506,กท.74-9070,2022-03-23 12:40:40,2022-03-23 13:33:59,2022-03-23 13:42:21,2022-03-23 13:42:21
7007539501,กท.79-0643,2022-03-23 13:03:51,2022-03-23 13:42:21,2022-03-23 13:47:39,2022-03-23 13:47:39
7007539489,กท.79-5579,2022-03-23 13:11:02,2022-03-23 13:47:39,2022-03-23 13:55:29,2022-03-23 13:55:29
7007546661,สค.70-4074,2022-03-23 13:24:06,2022-03-23 13:55:29,2022-03-23 14:00:58,2022-03-23 14:00:58
7007539480,กท.78-6739,2022-03-23 13:29:19,2022-03-23 14:00:58,2022-03-23 14:10:37,2022-03-23 14:10:37
7007539436,กท.78-6742,2022-03-23 13:31:53,2022-03-23 14:10:37,2022-03-23 14:15:49,2022-03-23 14:15:49
7007541921,กท.79-0841,2022-03-23 13:36:05,2022-03-23 14:15:49,2022-03-23 14:23:13,2022-03-23 14:23:13
7007539419,กท.77-8134,2022-03-23 13:45:36,2022-03-23 14:23:13,2022-03-23 14:28:35,2022-03-23 14:28:35
7007546386,กท.79-5843,2022-03-23 13:48:30,2022-03-23 14:28:35,2022-03-23 14:35:19,2022-03-23 14:35:19
7007546901,ลพ.70-0786,2022-03-23 13:58:54,2022-03-23 14:35:19,2022-03-23 14:42:35,2022-03-23 14:42:35
7007546945,ตร.80-2192,2022-03-23 14:06:50,2022-03-23 14:42:35,2022-03-23 14:49:13,2022-03-23 14:49:13
7007546958,กท.79-6154,2022-03-23 14:16:35,2022-03-23 14:49:13,2022-03-23 14:55:46,2022-03-23 14:55:46
7007547074,กท.79-3259,2022-03-23 14:27:42,2022-03-23 14:55:46,2022-03-23 15:04:11,2022-03-23 15:04:11
7007539490,กท.79-0641,2022-03-23 14:34:53,2022-03-23 15:04:11,2022-03-23 15:10:15,2022-03-23 15:10:15
7007539602,กท.79-2716,2022-03-23 14:39:47,2022-03-23 15:10:15,2022-03-23 15:15:48,2022-03-23 15:15:48
7007547122,ชบ.85-5327,2022-03-23 14:42:21,2022-03-23 15:15:48,2022-03-23 15:24:36,2022-03-23 15:24:36
7007547127,สค.70-6125,2022-03-23 14:51:18,2022-03-23 15:24:36,2022-03-23 15:33:34,2022-03-23 15:33:34
7007547179,ลพ.70-0674,2022-03-23 15:01:35,2022-03-23 15:33:34,2022-03-23 15:39:04,2022-03-23 15:39:04
7007547136,กท.78-4444,2022-03-23 15:03:59,2022-03-23 15:39:04,2022-03-23 15:46:59,2022-03-23 15:46:59
7007545489,ฉช.81-4230,2022-03-23 15:05:57,2022-03-23 15:46:59,2022-03-23 15:55:50,2022-03-23 15:55:50
7007544494,กท.79-0642,2022-03-23 15:40:23,2022-03-23 15:55:50,2022-03-23 16:03:43,2022-03-23 16:03:43
7007540428,กท.79-0643,2022-03-23 16:06:38,2022-03-23 16:06:38,2022-03-23 16:13:25,2022-03-23 16:13:25
7007547650,ลพ.70-0785,2022-03-23 16:13:25,2022-03-23 16:13:25,2022-03-23 16:22:47,2022-03-23 16:22:47
7007539464,กท.78-1149,2022-03-23 16:16:48,2022-03-23 16:22:47,2022-03-23 16:27:59,2022-03-23 16:27:59
7007539429,กท.74-9067,2022-03-23 16:22:05,2022-03-23 16:27:59,2022-03-23 16:33:33,2022-03-23 16:33:33
7007547321,กท.79-5584,2022-03-23 16:31:26,2022-03-23 16:33:33,2022-03-23 16:39:38,2022-03-23 16:39:38
7007539430,กท.78-7993,2022-03-23 16:37:53,2022-03-23 16:39:38,2022-03-23 16:49:19,2022-03-23 16:49:19
7007539431,กท.78-6742,2022-03-23 16:38:30,2022-03-23 16:49:19,2022-03-23 16:56:49,2022-03-23 16:56:49
7007539600,กท.79-0644,2022-03-23 16:44:53,2022-03-23 16:56:49,2022-03-23 17:06:42,2022-03-23 17:06:42
7007547106,กท.79-5843,2022-03-23 16:54:33,2022-03-23 17:06:42,2022-03-23 17:11:54,2022-03-23 17:11:54
7007539434,กท.79-1830,2022-03-23 17:10:50,2022-03-23 17:11:54,2022-03-23 17:20:03,2022-03-23 17:20:03
7007547999,กท.79-3257,2022-03-23 17:16:00,2022-03-23 17:20:03,2022-03-23 17:27:46,2022-03-23 17:27:46
7007545574,กท.60-4207,2022-03-23 17:23:40,2022-03-23 17:27:46,2022-03-23 17:33:39,2022-03-23 17:33:39
7007545676,กท.79-2717,2022-03-23 17:36:08,2022-03-23 17:36:08,2022-03-23 17:44:54,2022-03-23 17:44:54
7007545661,กท.79-1961,2022-03-23 18:48:16,2022-03-23 18:48:16,2022-03-23 18:58:08,2022-03-23 18:58:08
7007545566,กท.78-1149,2022-03-23 18:51:38,2022-03-23 18:58:08,2022-03-23 19:03:28,2022-03-23 19:03:28
7007545688,กท.78-6739,2022-03-23 19:25:07,2022-03-23 19:25:07,2022-03-23 19:30:14,2022-03-23 19:30:14
7007548319,สค.70-4073,2022-03-24 00:20:39,2022-03-24 00:20:39,2022-03-24 00:27:35,2022-03-24 00:27:35
7007548320,สค.70-6119,2022-03-24 00:26:05,2022-03-24 00:27:35,2022-03-24 00:37:20,2022-03-24 00:37:20
7007548322,ชม.70-5301,2022-03-24 00:38:05,2022-03-24 00:38:05,2022-03-24 00:47:57,2022-03-24 00:47:57
7007548348,ชม.70-5300,2022-03-24 00:51:31,2022-03-24 00:51:31,2022-03-24 00:57:35,2022-03-24 00:57:35
7007548347,ชม.70-4355,2022-03-24 01:00:48,2022-03-24 01:00:48,2022-03-24 01:07:28,2022-03-24 01:07:28
7007548378,ชม.70-5302,2022-03-24 02:22:14,2022-03-24 02:22:14,2022-03-24 02:28:38,2022-03-24 02:28:38
7007548377,ฉช.82-8528,2022-03-24 02:23:34,2022-03-24 02:28:38,2022-03-24 02:38:04,2022-03-24 02:38:04
7007548380,สค.70-5407,2022-03-24 02:33:28,2022-03-24 02:38:04,2022-03-24 02:45:15,2022-03-24 02:45:15
7007545665,ฉช.82-4812,2022-03-24 02:37:47,2022-03-24 02:45:15,2022-03-24 02:53:49,2022-03-24 02:53:49
7007545648,ฉช.82-7170,2022-03-24 02:56:55,2022-03-24 02:56:55,2022-03-24 03:06:13,2022-03-24 03:06:13
7007548398,ชม.70-5261,2022-03-24 03:14:04,2022-03-24 03:14:04,2022-03-24 03:21:27,2022-03-24 03:21:27
7007545712,ฉช.82-2839,2022-03-24 04:11:35,2022-03-24 04:11:35,2022-03-24 04:19:21,2022-03-24 04:19:21
7007545634,กท.77-8133,2022-03-24 04:45:48,2022-03-24 04:45:48,2022-03-24 04:52:38,2022-03-24 04:52:38
7007545719,กท.76-4825,2022-03-24 05:11:04,2022-03-24 05:11:04,2022-03-24 05:17:34,2022-03-24 05:17:34
7007545640,กท.75-1033,2022-03-24 06:18:50,2022-03-24 06:18:50,2022-03-24 06:26:19,2022-03-24 06:26:19
7007545480,ฉช.82-3201,2022-03-24 06:30:59,2022-03-24 06:30:59,2022-03-24 06:36:53,2022-03-24 06:36:53
7007545537,กท.79-5584,2022-03-24 06:33:10,2022-03-24 06:36:53,2022-03-24 06:45:04,2022-03-24 06:45:04
7007548452,นม.70-6589,2022-03-24 06:36:52,2022-03-24 06:45:04,2022-03-24 06:53:02,2022-03-24 06:53:02
7007548459,สค.70-6124,2022-03-24 06:41:11,2022-03-24 06:53:02,2022-03-24 06:58:43,2022-03-24 06:58:43
7007548456,สค.70-6125,2022-03-24 06:53:24,2022-03-24 06:58:43,2022-03-24 07:06:35,2022-03-24 07:06:35
7007545607,กท.79-5578,2022-03-24 06:54:32,2022-03-24 07:06:35,2022-03-24 07:15:21,2022-03-24 07:15:21
7007545708,กท.79-1830,2022-03-24 06:55:10,2022-03-24 07:15:21,2022-03-24 07:23:04,2022-03-24 07:23:04
7007546982,กท.79-2716,2022-03-24 07:02:52,2022-03-24 07:23:04,2022-03-24 07:28:58,2022-03-24 07:28:58
7007545468,กท.79-5579,2022-03-24 07:07:04,2022-03-24 07:28:58,2022-03-24 07:37:07,2022-03-24 07:37:07
7007545457,กท.79-0643,2022-03-24 07:22:15,2022-03-24 07:37:07,2022-03-24 07:45:03,2022-03-24 07:45:03
7007545650,กท.79-0144,2022-03-24 07:22:23,2022-03-24 07:45:03,2022-03-24 07:52:27,2022-03-24 07:52:27
7007545531,กท.78-7993,2022-03-24 07:27:49,2022-03-24 07:52:27,2022-03-24 08:00:31,2022-03-24 08:00:31
7007545548,กท.79-0644,2022-03-24 07:31:59,2022-03-24 08:00:31,2022-03-24 08:09:02,2022-03-24 08:09:02
7007545449,กท.79-0642,2022-03-24 07:45:31,2022-03-24 08:09:02,2022-03-24 08:14:56,2022-03-24 08:14:56
7007548493,สค.70-3935,2022-03-24 07:46:01,2022-03-24 08:14:56,2022-03-24 08:21:07,2022-03-24 08:21:07
7007548509,นม.70-6730,2022-03-24 07:48:58,2022-03-24 08:21:07,2022-03-24 08:30:38,2022-03-24 08:30:38
7007545518,กท.79-0841,2022-03-24 07:51:46,2022-03-24 08:30:38,2022-03-24 08:37:18,2022-03-24 08:37:18
7007545622,ฉช.82-7443,2022-03-24 07:56:43,2022-03-24 08:37:18,2022-03-24 08:44:42,2022-03-24 08:44:42
7007545693,กท.74-9070,2022-03-24 07:58:15,2022-03-24 08:44:42,2022-03-24 08:52:22,2022-03-24 08:52:22
7007545729,กท.78-6742,2022-03-24 08:10:38,2022-03-24 08:52:22,2022-03-24 08:59:41,2022-03-24 08:59:41
7007548533,กท.75-9389,2022-03-24 08:19:57,2022-03-24 08:59:41,2022-03-24 09:09:06,2022-03-24 09:09:06
7007545595,กท.79-0641,2022-03-24 08:20:43,2022-03-24 09:09:06,2022-03-24 09:18:26,2022-03-24 09:18:26
7007545599,กท.60-4205,2022-03-24 08:21:10,2022-03-24 09:18:26,2022-03-24 09:24:10,2022-03-24 09:24:10
7007545654,กท.77-8133,2022-03-24 08:32:32,2022-03-24 09:24:10,2022-03-24 09:31:19,2022-03-24 09:31:19
7007548680,ชม.70-5299,2022-03-24 08:34:05,2022-03-24 09:31:19,2022-03-24 09:40:46,2022-03-24 09:40:46
7007548883,กท.79-6154,2022-03-24 08:42:51,2022-03-24 09:40:46,2022-03-24 09:48:00,2022-03-24 09:48:00
7007545768,กท.78-6744,2022-03-24 08:43:20,2022-03-24 09:48:00,2022-03-24 09:55:55,2022-03-24 09:55:55
7007548906,กท.79-6705,2022-03-24 08:50:30,2022-03-24 09:55:55,2022-03-24 10:02:09,2022-03-24 10:02:09
7007549013,ชบ.71-8902,2022-03-24 09:12:52,2022-03-24 10:02:09,2022-03-24 10:08:54,2022-03-24 10:08:54
7007545576,กท.60-4208,2022-03-24 09:20:44,2022-03-24 10:08:54,2022-03-24 10:18:42,2022-03-24 10:18:42
7007549172,กท.74-8931,2022-03-24 09:30:14,2022-03-24 10:18:42,2022-03-24 10:28:12,2022-03-24 10:28:12
7007549261,กท.76-4900,2022-03-24 09:32:49,2022-03-24 10:28:12,2022-03-24 10:37:32,2022-03-24 10:37:32
7007549282,กท.60-1462,2022-03-24 09:33:57,2022-03-24 10:37:32,2022-03-24 10:45:14,2022-03-24 10:45:14
7007549208,กท.74-8933,2022-03-24 09:43:20,2022-03-24 10:45:14,2022-03-24 10:53:34,2022-03-24 10:53:34
7007545649,ฉช.82-8528,2022-03-24 09:51:55,2022-03-24 10:53:34,2022-03-24 11:01:08,2022-03-24 11:01:08
7007549306,กท.60-1463,2022-03-24 09:53:08,2022-03-24 11:01:08,2022-03-24 11:09:16,2022-03-24 11:09:16
7007545445,กท.79-5579,2022-03-24 10:02:21,2022-03-24 11:09:16,2022-03-24 11:18:16,2022-03-24 11:18:16
7007549601,กท.78-4646,2022-03-24 10:08:15,2022-03-24 11:18:16,2022-03-24 11:27:38,2022-03-24 11:27:38
7007549684,ชบ.85-3878,2022-03-24 10:08:55,2022-03-24 11:27:38,2022-03-24 11:37:27,2022-03-24 11:37:27
7007549765,กท.79-9002,2022-03-24 10:12:10,2022-03-24 11:37:27,2022-03-24 11:45:49,2022-03-24 11:45:49
7007549892,จบ.80-8222,2022-03-24 10:17:34,2022-03-24 11:45:49,2022-03-24 11:50:55,2022-03-24 11:50:55
7007545646,กท.79-0644,2022-03-24 10:29:48,2022-03-24 11:50:55,2022-03-24 11:57:32,2022-03-24 11:57:32
7007545525,กท.79-0642,2022-03-24 10:35:05,2022-03-24 11:57:32,2022-03-24 12:05:53,2022-03-24 12:05:53
7007550891,ชบ.84-7156,2022-03-24 10:50:32,2022-03-24 12:05:53,2022-03-24 12:15:06,2022-03-24 12:15:06
7007550634,ลพ.70-0785,2022-03-24 10:52:20,2022-03-24 12:15:06,2022-03-24 12:23:28,2022-03-24 12:23:28
7007550509,ชม.70-4219,2022-03-24 10:56:17,2022-03-24 12:23:28,2022-03-24 12:30:52,2022-03-24 12:30:52
7007545636,กท.79-0641,2022-03-24 11:18:21,2022-03-24 12:30:52,2022-03-24 12:39:38,2022-03-24 12:39:38
7007551095,ฉช.81-3257,2022-03-24 11:18:43,2022-03-24 12:39:38,2022-03-24 12:46:46,2022-03-24 12:46:46
7007551015,รย.81-6767,2022-03-24 11:22:37,2022-03-24 12:46:46,2022-03-24 12:52:07,2022-03-24 12:52:07
7007551244,กท.74-8933,2022-03-24 11:26:54,2022-03-24 12:52:07,2022-03-24 13:01:04,2022-03-24 13:01:04
7007551254,กท.76-4900,2022-03-24 11:31:40,2022-03-24 13:01:04,2022-03-24 13:08:25,2022-03-24 13:08:25
7007551149,กท.79-6148,2022-03-24 11:40:46,2022-03-24 13:08:25,2022-03-24 13:13:27,2022-03-24 13:13:27
7007551170,กท.79-3259,2022-03-24 11:50:34,2022-03-24 13:13:27,2022-03-24 13:18:38,2022-03-24 13:18:38
7007551076,ฉช.82-4812,2022-03-24 11:53:21,2022-03-24 13:18:38,2022-03-24 13:24:44,2022-03-24 13:24:44
7007545543,กท.78-1149,2022-03-24 11:59:35,2022-03-24 13:24:44,2022-03-24 13:33:50,2022-03-24 13:33:50
7007549886,กท.79-2716,2022-03-24 12:04:08,2022-03-24 13:33:50,2022-03-24 13:40:37,2022-03-24 13:40:37
7007551259,กท.60-1462,2022-03-24 12:05:58,2022-03-24 13:40:37,2022-03-24 13:47:41,2022-03-24 13:47:41
7007551208,กท.74-8931,2022-03-24 12:12:09,2022-03-24 13:47:41,2022-03-24 13:53:51,2022-03-24 13:53:51
7007551267,กท.60-1463,2022-03-24 12:14:20,2022-03-24 13:53:51,2022-03-24 14:01:31,2022-03-24 14:01:31
7007545561,กท.78-7993,2022-03-24 12:20:45,2022-03-24 14:01:31,2022-03-24 14:11:23,2022-03-24 14:11:23
7007545745,กท.79-0643,2022-03-24 12:22:37,2022-03-24 14:11:23,2022-03-24 14:19:41,2022-03-24 14:19:41
7007551271,กท.61-6471,2022-03-24 12:31:38,2022-03-24 14:19:41,2022-03-24 14:25:33,2022-03-24 14:25:33
7007551268,กท.61-6634,2022-03-24 12:44:20,2022-03-24 14:25:33,2022-03-24 14:31:38,2022-03-24 14:31:38
7007551283,นม.70-6920,2022-03-24 12:45:22,2022-03-24 14:31:38,2022-03-24 14:38:51,2022-03-24 14:38:51
7007551363,ชบ.82-4190,2022-03-24 12:46:50,2022-03-24 14:38:51,2022-03-24 14:46:24,2022-03-24 14:46:24
7007551428,กท.75-9389,2022-03-24 12:58:39,2022-03-24 14:46:24,2022-03-24 14:53:10,2022-03-24 14:53:10
7007551379,ลพ.70-0674,2022-03-24 13:01:45,2022-03-24 14:53:10,2022-03-24 15:01:38,2022-03-24 15:01:38
7007551445,รย.81-6316,2022-03-24 13:08:32,2022-03-24 15:01:38,2022-03-24 15:09:41,2022-03-24 15:09:41
7007545699,กท.79-5578,2022-03-24 13:10:14,2022-03-24 15:09:41,2022-03-24 15:15:35,2022-03-24 15:15:35
7007545556,กท.78-6739,2022-03-24 13:16:42,2022-03-24 15:15:35,2022-03-24 15:20:53,2022-03-24 15:20:53
7007545631,กท.78-6744,2022-03-24 13:26:54,2022-03-24 15:20:53,2022-03-24 15:28:50,2022-03-24 15:28:50
7007551517,จบ.80-8540,2022-03-24 13:27:35,2022-03-24 15:28:50,2022-03-24 15:34:09,2022-03-24 15:34:09
7007551464,ชบ.84-7139,2022-03-24 13:32:21,2022-03-24 15:34:09,2022-03-24 15:39:29,2022-03-24 15:39:29
7007545681,กท.79-2716,2022-03-24 13:36:00,2022-03-24 15:39:29,2022-03-24 15:45:48,2022-03-24 15:45:48
7007545552,กท.79-1830,2022-03-24 13:40:11,2022-03-24 15:45:48,2022-03-24 15:52:34,2022-03-24 15:52:34
7007545652,กท.78-6742,2022-03-24 13:55:32,2022-03-24 15:52:34,2022-03-24 15:59:42,2022-03-24 15:59:42
7007545506,กท.79-0144,2022-03-24 14:04:05,2022-03-24 15:59:42,2022-03-24 16:06:53,2022-03-24 16:06:53
7007551723,กท.79-6154,2022-03-24 14:08:44,2022-03-24 16:06:53,2022-03-24 16:12:12,2022-03-24 16:12:12
7007551854,ลพ.70-0786,2022-03-24 14:12:47,2022-03-24 16:12:12,2022-03-24 16:21:59,2022-03-24 16:21:59
7007545497,กท.79-2717,2022-03-24 14:21:21,2022-03-24 16:21:59,2022-03-24 16:29:32,2022-03-24 16:29:32
7007549895,กท.79-5843,2022-03-24 14:33:27,2022-03-24 16:29:32,2022-03-24 16:38:38,2022-03-24 16:38:38
7007545740,ฉช.82-7443,2022-03-24 14:37:01,2022-03-24 16:38:38,2022-03-24 16:44:45,2022-03-24 16:44:45
7007552038,ฉช.81-4230,2022-03-24 14:53:08,2022-03-24 16:44:45,2022-03-24 16:52:24,2022-03-24 16:52:24
7007552141,กท.74-9070,2022-03-24 15:03:43,2022-03-24 16:52:24,2022-03-24 16:58:05,2022-03-24 16:58:05
7007552139,กท.79-5584,2022-03-24 15:05:12,2022-03-24 16:58:05,2022-03-24 17:06:46,2022-03-24 17:06:46
7007552603,ชม.70-5122,2022-03-24 15:27:15,2022-03-24 17:06:46,2022-03-24 17:13:08,2022-03-24 17:13:08
7007552586,กท.77-7979,2022-03-24 15:28:19,2022-03-24 17:13:08,2022-03-24 17:20:12,2022-03-24 17:20:12
7007551947,กท.79-0841,2022-03-24 15:44:57,2022-03-24 17:20:12,2022-03-24 17:27:54,2022-03-24 17:27:54
7007552799,ชบ.85-3878,2022-03-24 16:00:17,2022-03-24 17:27:54,2022-03-24 17:36:53,2022-03-24 17:36:53
7007553238,ชม.70-5421,2022-03-24 16:56:04,2022-03-24 17:36:53,2022-03-24 17:46:49,2022-03-24 17:46:49
7007551888,กท.78-6742,2022-03-24 17:10:22,2022-03-24 17:46:49,2022-03-24 17:52:26,2022-03-24 17:52:26
7007551758,กท.79-2716,2022-03-24 17:11:08,2022-03-24 17:52:26,2022-03-24 18:00:01,2022-03-24 18:00:01
7007553241,นม.70-6730,2022-03-24 17:16:41,2022-03-24 18:00:01,2022-03-24 18:07:23,2022-03-24 18:07:23
7007551740,กท.79-0643,2022-03-24 17:43:28,2022-03-24 18:07:23,2022-03-24 18:14:32,2022-03-24 18:14:32
7007554652,สค.70-5407,2022-03-25 00:17:42,2022-03-25 00:17:42,2022-03-25 00:22:54,2022-03-25 00:22:54
7007554651,ชม.70-5302,2022-03-25 00:22:46,2022-03-25 00:22:54,2022-03-25 00:29:17,2022-03-25 00:29:17
7007554653,ชม.70-5301,2022-03-25 00:23:41,2022-03-25 00:29:17,2022-03-25 00:38:57,2022-03-25 00:38:57
7007554650,สค.70-6119,2022-03-25 00:27:52,2022-03-25 00:38:57,2022-03-25 00:48:34,2022-03-25 00:48:34
7007551966,กท.79-0644,2022-03-25 00:36:27,2022-03-25 00:48:34,2022-03-25 00:57:12,2022-03-25 00:57:12
7007554669,กท.79-6154,2022-03-25 01:16:11,2022-03-25 01:16:11,2022-03-25 01:21:25,2022-03-25 01:21:25
7007554674,สค.70-6123,2022-03-25 01:20:06,2022-03-25 01:21:25,2022-03-25 01:27:30,2022-03-25 01:27:30
7007554681,กท.79-3257,2022-03-25 01:49:26,2022-03-25 01:49:26,2022-03-25 01:55:47,2022-03-25 01:55:47
7007554689,รย.71-2637,2022-03-25 02:02:56,2022-03-25 02:02:56,2022-03-25 02:09:10,2022-03-25 02:09:10
7007552017,ฉช.82-3201,2022-03-25 02:14:20,2022-03-25 02:14:20,2022-03-25 02:20:02,2022-03-25 02:20:02
7007554692,ชม.70-5261,2022-03-25 02:17:33,2022-03-25 02:20:02,2022-03-25 02:27:47,2022-03-25 02:27:47
7007554697,ชม.70-4355,2022-03-25 02:36:29,2022-03-25 02:36:29,2022-03-25 02:46:21,2022-03-25 02:46:21
7007554703,สค.70-4074,2022-03-25 03:02:39,2022-03-25 03:02:39,2022-03-25 03:09:20,2022-03-25 03:09:20
7007554711,กท.79-3259,2022-03-25 03:23:18,2022-03-25 03:23:18,2022-03-25 03:32:36,2022-03-25 03:32:36
7007554722,กท.79-8994,2022-03-25 03:47:45,2022-03-25 03:47:45,2022-03-25 03:54:06,2022-03-25 03:54:06
7007551941,ฉช.82-7443,2022-03-25 05:07:19,2022-03-25 05:07:19,2022-03-25 05:14:42,2022-03-25 05:14:42
7007551901,กท.79-5843,2022-03-25 06:12:58,2022-03-25 06:12:58,2022-03-25 06:21:06,2022-03-25 06:21:06
7007551750,กท.78-7993,2022-03-25 06:16:57,2022-03-25 06:21:06,2022-03-25 06:29:15,2022-03-25 06:29:15
7007551747,กท.60-4207,2022-03-25 06:26:19,2022-03-25 06:29:15,2022-03-25 06:36:36,2022-03-25 06:36:36
7007551877,กท.60-4205,2022-03-25 06:37:53,2022-03-25 06:37:53,2022-03-25 06:45:10,2022-03-25 06:45:10
7007554836,สค.70-4335,2022-03-25 06:46:21,2022-03-25 06:46:21,2022-03-25 06:54:24,2022-03-25 06:54:24
7007551874,กท.79-5584,2022-03-25 06:49:28,2022-03-25 06:54:24,2022-03-25 07:02:14,2022-03-25 07:02:14
7007551873,กท.79-1961,2022-03-25 06:56:27,2022-03-25 07:02:14,2022-03-25 07:08:17,2022-03-25 07:08:17
7007551909,กท.79-0144,2022-03-25 07:11:00,2022-03-25 07:11:00,2022-03-25 07:16:39,2022-03-25 07:16:39
7007554989,กท.60-9333,2022-03-25 07:11:43,2022-03-25 07:16:39,2022-03-25 07:21:54,2022-03-25 07:21:54
7007554810,สค.70-6125,2022-03-25 07:11:47,2022-03-25 07:21:54,2022-03-25 07:31:44,2022-03-25 07:31:44
7007551921,กท.77-8134,2022-03-25 07:18:37,2022-03-25 07:31:44,2022-03-25 07:41:29,2022-03-25 07:41:29
7007551880,กท.79-0642,2022-03-25 07:19:04,2022-03-25 07:41:29,2022-03-25 07:49:50,2022-03-25 07:49:50
7007551746,กท.79-0641,2022-03-25 07:24:35,2022-03-25 07:49:50,2022-03-25 07:57:51,2022-03-25 07:57:51
7007551751,กท.74-9067,2022-03-25 07:30:01,2022-03-25 07:57:51,2022-03-25 08:07:49,2022-03-25 08:07:49
7007551870,กท.77-8133,2022-03-25 07:36:15,2022-03-25 08:07:49,2022-03-25 08:14:03,2022-03-25 08:14:03
7007551756,กท.78-1149,2022-03-25 07:44:39,2022-03-25 08:14:03,2022-03-25 08:20:43,2022-03-25 08:20:43
7007551948,กท.79-5579,2022-03-25 07:47:29,2022-03-25 08:20:43,2022-03-25 08:27:11,2022-03-25 08:27:11
7007551904,กท.78-6739,2022-03-25 07:56:19,2022-03-25 08:27:11,2022-03-25 08:34:03,2022-03-25 08:34:03
7007551937,กท.79-2717,2022-03-25 07:56:20,2022-03-25 08:34:03,2022-03-25 08:39:15,2022-03-25 08:39:15
7007555042,กท.79-7691,2022-03-25 08:05:24,2022-03-25 08:39:15,2022-03-25 08:47:00,2022-03-25 08:47:00
7007551915,กท.79-1830,2022-03-25 08:08:16,2022-03-25 08:47:00,2022-03-25 08:56:45,2022-03-25 08:56:45
7007555207,ชม.70-5124,2022-03-25 08:19:12,2022-03-25 08:56:45,2022-03-25 09:04:09,2022-03-25 09:04:09
7007553298,กท.78-6744,2022-03-25 08:23:50,2022-03-25 09:04:09,2022-03-25 09:10:32,2022-03-25 09:10:32
7007555230,สค.70-6124,2022-03-25 08:24:02,2022-03-25 09:10:32,2022-03-25 09:18:08,2022-03-25 09:18:08
7007555295,กท.79-5841,2022-03-25 08:30:49,2022-03-25 09:18:08,2022-03-25 09:27:59,2022-03-25 09:27:59
7007555339,สค.70-4073,2022-03-25 08:35:36,2022-03-25 09:27:59,2022-03-25 09:36:52,2022-03-25 09:36:52
7007555614,ชบ.83-3599,2022-03-25 09:03:48,2022-03-25 09:36:52,2022-03-25 09:45:35,2022-03-25 09:45:35
7007551963,กท.75-1033,2022-03-25 09:06:13,2022-03-25 09:45:35,2022-03-25 09:54:50,2022-03-25 09:54:50
7007552018,ฉช.82-8528,2022-03-25 09:17:02,2022-03-25 09:54:50,2022-03-25 10:01:23,2022-03-25 10:01:23
7007555728,ชบ.84-7139,2022-03-25 09:25:48,2022-03-25 10:01:23,2022-03-25 10:09:07,2022-03-25 10:09:07
7007555964,กท.61-6077,2022-03-25 09:45:56,2022-03-25 10:09:07,2022-03-25 10:18:26,2022-03-25 10:18:26
7007555857,ลพ.70-0674,2022-03-25 09:46:52,2022-03-25 10:18:26,2022-03-25 10:24:28,2022-03-25 10:24:28
7007555878,กท.77-7979,2022-03-25 09:49:21,2022-03-25 10:24:28,2022-03-25 10:30:15,2022-03-25 10:30:15
7007556065,ชม.70-5299,2022-03-25 10:14:22,2022-03-25 10:30:15,2022-03-25 10:36:58,2022-03-25 10:36:58
7007556087,ชม.70-4219,2022-03-25 10:15:02,2022-03-25 10:36:58,2022-03-25 10:43:25,2022-03-25 10:43:25
7007551761,กท.79-5579,2022-03-25 10:27:14,2022-03-25 10:43:25,2022-03-25 10:50:30,2022-03-25 10:50:30
7007553208,กท.79-0644,2022-03-25 10:28:58,2022-03-25 10:50:30,2022-03-25 10:58:48,2022-03-25 10:58:48
7007556196,ชบ.84-7975,2022-03-25 10:33:54,2022-03-25 10:58:48,2022-03-25 11:07:23,2022-03-25 11:07:23
7007552962,กท.78-6742,2022-03-25 10:55:21,2022-03-25 11:07:23,2022-03-25 11:12:49,2022-03-25 11:12:49
7007556339,กท.75-6899,2022-03-25 11:00:53,2022-03-25 11:12:49,2022-03-25 11:21:15,2022-03-25 11:21:15
7007555697,ฉช.82-3201,2022-03-25 11:04:03,2022-03-25 11:21:15,2022-03-25 11:27:11,2022-03-25 11:27:11
7007555446,กท.78-1149,2022-03-25 11:10:13,2022-03-25 11:27:11,2022-03-25 11:33:49,2022-03-25 11:33:49
7007551872,กท.77-8134,2022-03-25 11:32:02,2022-03-25 11:33:49,2022-03-25 11:39:24,2022-03-25 11:39:24
7007551918,กท.79-0641,2022-03-25 11:32:40,2022-03-25 11:39:24,2022-03-25 11:46:17,2022-03-25 11:46:17
7007551890,กท.79-5843,2022-03-25 11:47:29,2022-03-25 11:47:29,2022-03-25 11:54:12,2022-03-25 11:54:12
7007552964,กท.79-5584,2022-03-25 11:49:06,2022-03-25 11:54:12,2022-03-25 12:03:55,2022-03-25 12:03:55
7007555885,กท.79-0642,2022-03-25 12:00:58,2022-03-25 12:03:55,2022-03-25 12:09:01,2022-03-25 12:09:01
7007556658,ชบ.82-4190,2022-03-25 12:04:10,2022-03-25 12:09:01,2022-03-25 12:14:19,2022-03-25 12:14:19
7007556729,ชบ.85-3878,2022-03-25 12:30:52,2022-03-25 12:30:52,2022-03-25 12:38:07,2022-03-25 12:38:07
7007556761,จบ.80-8222,2022-03-25 12:34:41,2022-03-25 12:38:07,2022-03-25 12:47:35,2022-03-25 12:47:35
7007556735,กท.78-4646,2022-03-25 12:36:05,2022-03-25 12:47:35,2022-03-25 12:55:25,2022-03-25 12:55:25
7007556771,กท.79-6697,2022-03-25 12:42:47,2022-03-25 12:55:25,2022-03-25 13:00:54,2022-03-25 13:00:54
7007551763,กท.78-7993,2022-03-25 12:45:00,2022-03-25 13:00:54,2022-03-25 13:06:39,2022-03-25 13:06:39
7007551957,กท.78-6739,2022-03-25 12:51:29,2022-03-25 13:06:39,2022-03-25 13:16:03,2022-03-25 13:16:03
7007551876,กท.60-4207,2022-03-25 13:06:24,2022-03-25 13:16:03,2022-03-25 13:22:41,2022-03-25 13:22:41
7007552958,กท.79-0144,2022-03-25 13:07:31,2022-03-25 13:22:41,2022-03-25 13:29:07,2022-03-25 13:29:07
7007556812,ชม.70-5420,2022-03-25 13:11:48,2022-03-25 13:29:07,2022-03-25 13:36:49,2022-03-25 13:36:49
7007551906,กท.79-2717,2022-03-25 13:11:59,2022-03-25 13:36:49,2022-03-25 13:44:20,2022-03-25 13:44:20
7007556261,กท.79-1830,2022-03-25 13:31:29,2022-03-25 13:44:20,2022-03-25 13:52:15,2022-03-25 13:52:15
7007551926,กท.74-9070,2022-03-25 13:38:12,2022-03-25 13:52:15,2022-03-25 14:01:57,2022-03-25 14:01:57
7007556971,ชบ.85-0496,2022-03-25 13:47:28,2022-03-25 14:01:57,2022-03-25 14:09:39,2022-03-25 14:09:39
7007551898,กท.78-6744,2022-03-25 14:00:40,2022-03-25 14:09:39,2022-03-25 14:17:29,2022-03-25 14:17:29
7007556279,กท.74-9067,2022-03-25 14:24:39,2022-03-25 14:24:39,2022-03-25 14:29:54,2022-03-25 14:29:54
7007551933,กท.79-0643,2022-03-25 14:30:40,2022-03-25 14:30:40,2022-03-25 14:38:56,2022-03-25 14:38:56
7007557298,กท.79-6154,2022-03-25 14:40:36,2022-03-25 14:40:36,2022-03-25 14:45:41,2022-03-25 14:45:41
7007557318,ชม.70-5301,2022-03-25 14:50:49,2022-03-25 14:50:49,2022-03-25 14:56:08,2022-03-25 14:56:08
7007556444,ฉช.81-4230,2022-03-25 15:06:35,2022-03-25 15:06:35,2022-03-25 15:15:58,2022-03-25 15:15:58
7007551755,กท.79-0841,2022-03-25 15:13:34,2022-03-25 15:15:58,2022-03-25 15:22:35,2022-03-25 15:22:35
7007557423,นม.70-6730,2022-03-25 15:19:18,2022-03-25 15:22:35,2022-03-25 15:29:17,2022-03-25 15:29:17
7007557496,สค.70-2507,2022-03-25 15:27:12,2022-03-25 15:29:17,2022-03-25 15:37:35,2022-03-25 15:37:35
7007557492,ลพ.70-0785,2022-03-25 15:30:45,2022-03-25 15:37:35,2022-03-25 15:44:07,2022-03-25 15:44:07
7007557543,นม.70-6589,2022-03-25 15:42:06,2022-03-25 15:44:07,2022-03-25 15:49:39,2022-03-25 15:49:39
7007557011,กท.77-8133,2022-03-25 16:13:39,2022-03-25 16:13:39,2022-03-25 16:20:36,2022-03-25 16:20:36
7007557664,ลพ.70-0786,2022-03-25 16:23:07,2022-03-25 16:23:07,2022-03-25 16:32:38,2022-03-25 16:32:38
7007556400,กท.79-2716,2022-03-25 16:23:28,2022-03-25 16:32:38,2022-03-25 16:40:34,2022-03-25 16:40:34
7007557798,กท.61-8797,2022-03-25 16:57:38,2022-03-25 16:57:38,2022-03-25 17:03:44,2022-03-25 17:03:44
7007557732,ชม.70-5993,2022-03-25 17:15:05,2022-03-25 17:15:05,2022-03-25 17:22:49,2022-03-25 17:22:49
7007558084,สค.70-3936,2022-03-26 00:27:37,2022-03-26 00:27:37,2022-03-26 00:35:47,2022-03-26 00:35:47
7007558087,สค.70-6119,2022-03-26 00:32:49,2022-03-26 00:35:47,2022-03-26 00:42:38,2022-03-26 00:42:38
7007558085,ชม.70-5300,2022-03-26 00:37:02,2022-03-26 00:42:38,2022-03-26 00:50:19,2022-03-26 00:50:19
7007558090,ชม.70-4355,2022-03-26 00:47:35,2022-03-26 00:50:19,2022-03-26 00:59:26,2022-03-26 00:59:26
7007558092,ชม.70-5301,2022-03-26 00:58:19,2022-03-26 00:59:26,2022-03-26 01:09:02,2022-03-26 01:09:02
7007558091,สค.70-3665,2022-03-26 01:00:22,2022-03-26 01:09:02,2022-03-26 01:16:05,2022-03-26 01:16:05
7007558105,ชม.70-5261,2022-03-26 01:02:01,2022-03-26 01:16:05,2022-03-26 01:21:42,2022-03-26 01:21:42
7007558109,ชม.70-5302,2022-03-26 01:20:18,2022-03-26 01:21:42,2022-03-26 01:26:52,2022-03-26 01:26:52
7007558112,รย.71-2637,2022-03-26 01:34:01,2022-03-26 01:34:01,2022-03-26 01:43:26,2022-03-26 01:43:26
7007558121,สค.70-5407,2022-03-26 02:09:45,2022-03-26 02:09:45,2022-03-26 02:19:05,2022-03-26 02:19:05
7007556410,กท.79-5843,2022-03-26 03:44:32,2022-03-26 03:44:32,2022-03-26 03:53:36,2022-03-26 03:53:36
7007556396,กท.79-5584,2022-03-26 06:13:22,2022-03-26 06:13:22,2022-03-26 06:22:40,2022-03-26 06:22:40
7007556406,กท.79-5579,2022-03-26 06:23:15,2022-03-26 06:23:15,2022-03-26 06:29:24,2022-03-26 06:29:24
7007556418,กท.76-4825,2022-03-26 06:24:58,2022-03-26 06:29:24,2022-03-26 06:37:44,2022-03-26 06:37:44
7007558229,สค.70-6123,2022-03-26 06:32:30,2022-03-26 06:37:44,2022-03-26 06:44:15,2022-03-26 06:44:15
7007558242,สค.70-3480,2022-03-26 06:36:24,2022-03-26 06:44:15,2022-03-26 06:52:40,2022-03-26 06:52:40
7007556413,กท.77-8134,2022-03-26 06:45:55,2022-03-26 06:52:40,2022-03-26 07:02:24,2022-03-26 07:02:24
7007558251,ลพ.70-1223,2022-03-26 06:50:08,2022-03-26 07:02:24,2022-03-26 07:09:33,2022-03-26 07:09:33
7007556428,กท.74-9067,2022-03-26 06:52:19,2022-03-26 07:09:33,2022-03-26 07:17:21,2022-03-26 07:17:21
7007556435,กท.78-1149,2022-03-26 06:56:27,2022-03-26 07:17:21,2022-03-26 07:23:04,2022-03-26 07:23:04
7007556399,กท.79-1830,2022-03-26 07:00:41,2022-03-26 07:23:04,2022-03-26 07:32:07,2022-03-26 07:32:07
7007557697,กท.78-6742,2022-03-26 07:13:07,2022-03-26 07:32:07,2022-03-26 07:41:45,2022-03-26 07:41:45
7007558275,รย.81-6767,2022-03-26 07:23:47,2022-03-26 07:41:45,2022-03-26 07:51:31,2022-03-26 07:51:31
7007558262,สค.70-4335,2022-03-26 07:25:05,2022-03-26 07:51:31,2022-03-26 07:59:31,2022-03-26 07:59:31
7007558284,สค.70-3890,2022-03-26 07:30:02,2022-03-26 07:59:31,2022-03-26 08:06:34,2022-03-26 08:06:34
7007558293,กท.75-6688,2022-03-26 07:35:46,2022-03-26 08:06:34,2022-03-26 08:13:54,2022-03-26 08:13:54
7007556407,กท.79-2717,2022-03-26 07:39:50,2022-03-26 08:13:54,2022-03-26 08:20:51,2022-03-26 08:20:51
7007558292,กท.75-7868,2022-03-26 07:45:21,2022-03-26 08:20:51,2022-03-26 08:30:38,2022-03-26 08:30:38
7007558301,กท.79-5842,2022-03-26 08:04:09,2022-03-26 08:30:38,2022-03-26 08:36:03,2022-03-26 08:36:03
7007558308,กท.79-3259,2022-03-26 08:25:58,2022-03-26 08:36:03,2022-03-26 08:44:07,2022-03-26 08:44:07
7007557010,กท.79-2717,2022-03-26 09:08:50,2022-03-26 09:08:50,2022-03-26 09:14:56,2022-03-26 09:14:56
7007558373,ชม.70-4219,2022-03-26 09:09:53,2022-03-26 09:14:56,2022-03-26 09:23:35,2022-03-26 09:23:35
7007558374,ชบ.84-7139,2022-03-26 09:13:17,2022-03-26 09:23:35,2022-03-26 09:31:27,2022-03-26 09:31:27
7007558386,กท.79-9002,2022-03-26 09:18:32,2022-03-26 09:31:27,2022-03-26 09:40:11,2022-03-26 09:40:11
7007556437,กท.78-1149,2022-03-26 09:23:07,2022-03-26 09:40:11,2022-03-26 09:49:47,2022-03-26 09:49:47
7007558404,กท.79-6154,2022-03-26 09:42:59,2022-03-26 09:49:47,2022-03-26 09:57:45,2022-03-26 09:57:45
7007558407,กท.75-2786,2022-03-26 09:43:42,2022-03-26 09:57:45,2022-03-26 10:05:25,2022-03-26 10:05:25
7007556426,กท.79-5579,2022-03-26 09:49:27,2022-03-26 10:05:25,2022-03-26 10:12:14,2022-03-26 10:12:14
7007558467,กท.75-3041,2022-03-26 10:14:30,2022-03-26 10:14:30,2022-03-26 10:21:56,2022-03-26 10:21:56
7007558445,สค.70-6124,2022-03-26 10:19:53,2022-03-26 10:21:56,2022-03-26 10:27:07,2022-03-26 10:27:07
7007558447,ลพ.70-0785,2022-03-26 10:24:38,2022-03-26 10:27:07,2022-03-26 10:34:35,2022-03-26 10:34:35
7007556432,กท.79-5584,2022-03-26 10:25:19,2022-03-26 10:34:35,2022-03-26 10:40:59,2022-03-26 10:40:59
7007558469,ลพ.70-0674,2022-03-26 10:34:49,2022-03-26 10:40:59,2022-03-26 10:50:40,2022-03-26 10:50:40
7007556482,กท.79-5843,2022-03-26 11:17:57,2022-03-26 11:17:57,2022-03-26 11:25:34,2022-03-26 11:25:34
7007558556,กท.79-3258,2022-03-26 11:26:29,2022-03-26 11:26:29,2022-03-26 11:34:04,2022-03-26 11:34:04
7007558566,กท.75-7868,2022-03-26 11:32:02,2022-03-26 11:34:04,2022-03-26 11:39:16,2022-03-26 11:39:16
7007558577,จบ.80-8540,2022-03-26 11:41:58,2022-03-26 11:41:58,2022-03-26 11:47:53,2022-03-26 11:47:53
7007556440,กท.77-8134,2022-03-26 11:59:51,2022-03-26 11:59:51,2022-03-26 12:05:57,2022-03-26 12:05:57
7007558592,ชม.70-5300,2022-03-26 12:04:01,2022-03-26 12:05:57,2022-03-26 12:11:13,2022-03-26 12:11:13
7007558612,สค.70-6125,2022-03-26 12:28:52,2022-03-26 12:28:52,2022-03-26 12:34:25,2022-03-26 12:34:25
7007558627,ชม.70-5261,2022-03-26 12:49:16,2022-03-26 12:49:16,2022-03-26 12:55:10,2022-03-26 12:55:10
7007557444,กท.74-9067,2022-03-26 12:56:53,2022-03-26 12:56:53,2022-03-26 13:03:01,2022-03-26 13:03:01
7007558630,ชบ.82-4190,2022-03-26 13:00:30,2022-03-26 13:03:01,2022-03-26 13:11:59,2022-03-26 13:11:59
7007558641,ชม.70-5123,2022-03-26 13:05:43,2022-03-26 13:11:59,2022-03-26 13:18:14,2022-03-26 13:18:14
7007556685,กท.79-1830,2022-03-26 13:06:54,2022-03-26 13:18:14,2022-03-26 13:27:53,2022-03-26 13:27:53
7007558637,กท.78-4444,2022-03-26 13:15:07,2022-03-26 13:27:53,2022-03-26 13:37:32,2022-03-26 13:37:32
7007558664,กท.79-8998,2022-03-26 13:20:38,2022-03-26 13:37:32,2022-03-26 13:45:36,2022-03-26 13:45:36
7007558671,ชม.70-5125,2022-03-26 13:45:30,2022-03-26 13:45:36,2022-03-26 13:53:10,2022-03-26 13:53:10
7007558691,กท.79-3258,2022-03-26 14:03:51,2022-03-26 14:03:51,2022-03-26 14:13:37,2022-03-26 14:13:37
7007558696,กท.79-3259,2022-03-26 14:10:50,2022-03-26 14:13:37,2022-03-26 14:22:03,2022-03-26 14:22:03
7007556475,กท.76-4825,2022-03-26 14:16:33,2022-03-26 14:22:03,2022-03-26 14:28:43,2022-03-26 14:28:43
7007556453,กท.78-6742,2022-03-26 14:43:30,2022-03-26 14:43:30,2022-03-26 14:51:10,2022-03-26 14:51:10
7007558713,ชม.70-5302,2022-03-26 14:46:19,2022-03-26 14:51:10,2022-03-26 14:59:06,2022-03-26 14:59:06
7007558736,สค.70-4386,2022-03-26 15:12:54,2022-03-26 15:12:54,2022-03-26 15:22:25,2022-03-26 15:22:25
7007558956,ชม.70-4355,2022-03-27 00:19:47,2022-03-27 00:19:47,2022-03-27 00:29:01,2022-03-27 00:29:01
7007558959,ชม.70-4219,2022-03-27 00:30:12,2022-03-27 00:30:12,2022-03-27 00:36:00,2022-03-27 00:36:00
7007558957,ลพ.70-0785,2022-03-27 00:31:34,2022-03-27 00:36:00,2022-03-27 00:43:53,2022-03-27 00:43:53
7007558955,สค.70-6119,2022-03-27 00:39:58,2022-03-27 00:43:53,2022-03-27 00:50:06,2022-03-27 00:50:06
7007558961,สค.70-6125,2022-03-27 00:40:31,2022-03-27 00:50:06,2022-03-27 00:59:32,2022-03-27 00:59:32
7007558974,สค.70-3937,2022-03-27 00:59:35,2022-03-27 00:59:35,2022-03-27 01:06:22,2022-03-27 01:06:22
7007558975,ลพ.70-0786,2022-03-27 01:00:34,2022-03-27 01:06:22,2022-03-27 01:16:19,2022-03-27 01:16:19
7007559012,ลพ.70-0674,2022-03-27 02:24:17,2022-03-27 02:24:17,2022-03-27 02:31:52,2022-03-27 02:31:52
7007557459,ฉช.82-2839,2022-03-27 02:31:44,2022-03-27 02:31:52,2022-03-27 02:41:18,2022-03-27 02:41:18
7007557008,ฉช.82-8528,2022-03-27 02:34:37,2022-03-27 02:41:18,2022-03-27 02:48:08,2022-03-27 02:48:08
7007559018,สค.70-4335,2022-03-27 02:48:19,2022-03-27 02:48:19,2022-03-27 02:53:37,2022-03-27 02:53:37
7007559022,สค.70-5407,2022-03-27 02:54:38,2022-03-27 02:54:38,2022-03-27 03:04:04,2022-03-27 03:04:04
7007559016,ฉช.82-3201,2022-03-27 02:55:50,2022-03-27 03:04:04,2022-03-27 03:13:18,2022-03-27 03:13:18
7007559024,นม.70-6730,2022-03-27 02:59:08,2022-03-27 03:13:18,2022-03-27 03:20:09,2022-03-27 03:20:09
7007559027,สค.70-4074,2022-03-27 03:03:36,2022-03-27 03:20:09,2022-03-27 03:25:35,2022-03-27 03:25:35
7007559032,กท.79-1812,2022-03-27 03:44:15,2022-03-27 03:44:15,2022-03-27 03:49:44,2022-03-27 03:49:44
7007559042,นม.70-6589,2022-03-27 04:31:26,2022-03-27 04:31:26,2022-03-27 04:39:32,2022-03-27 04:39:32
7007556470,กท.78-1149,2022-03-27 06:20:16,2022-03-27 06:20:16,2022-03-27 06:29:36,2022-03-27 06:29:36
7007559101,สค.70-6124,2022-03-27 06:27:31,2022-03-27 06:29:36,2022-03-27 06:38:35,2022-03-27 06:38:35
7007556549,กท.60-4205,2022-03-27 06:29:42,2022-03-27 06:38:35,2022-03-27 06:44:11,2022-03-27 06:44:11
7007559093,กท.78-4646,2022-03-27 06:32:38,2022-03-27 06:44:11,2022-03-27 06:51:44,2022-03-27 06:51:44
7007559138,สค.70-6123,2022-03-27 06:41:15,2022-03-27 06:51:44,2022-03-27 06:59:51,2022-03-27 06:59:51
7007556504,กท.79-0643,2022-03-27 06:42:55,2022-03-27 06:59:51,2022-03-27 07:07:04,2022-03-27 07:07:04
7007556518,กท.77-8133,2022-03-27 06:55:05,2022-03-27 07:07:04,2022-03-27 07:14:06,2022-03-27 07:14:06
7007559169,สค.70-3935,2022-03-27 07:04:36,2022-03-27 07:14:06,2022-03-27 07:22:11,2022-03-27 07:22:11
7007556455,ฉช.82-7443,2022-03-27 07:08:44,2022-03-27 07:22:11,2022-03-27 07:28:22,2022-03-27 07:28:22
7007556496,กท.79-2716,2022-03-27 07:12:00,2022-03-27 07:28:22,2022-03-27 07:33:37,2022-03-27 07:33:37
7007556684,กท.79-0644,2022-03-27 07:16:30,2022-03-27 07:33:37,2022-03-27 07:39:52,2022-03-27 07:39:52
7007556529,กท.79-1961,2022-03-27 07:21:22,2022-03-27 07:39:52,2022-03-27 07:47:55,2022-03-27 07:47:55
7007556458,กท.74-9067,2022-03-27 07:30:47,2022-03-27 07:47:55,2022-03-27 07:57:49,2022-03-27 07:57:49
7007556553,กท.78-7993,2022-03-27 07:35:55,2022-03-27 07:57:49,2022-03-27 08:05:01,2022-03-27 08:05:01
7007556515,กท.79-5584,2022-03-27 07:36:50,2022-03-27 08:05:01,2022-03-27 08:14:57,2022-03-27 08:14:57
7007556500,กท.60-4207,2022-03-27 07:41:11,2022-03-27 08:14:57,2022-03-27 08:24:25,2022-03-27 08:24:25
7007556510,กท.79-5579,2022-03-27 07:51:19,2022-03-27 08:24:25,2022-03-27 08:29:59,2022-03-27 08:29:59
7007556511,กท.74-9070,2022-03-27 07:52:23,2022-03-27 08:29:59,2022-03-27 08:37:09,2022-03-27 08:37:09
7007556683,กท.79-0841,2022-03-27 08:04:51,2022-03-27 08:37:09,2022-03-27 08:43:40,2022-03-27 08:43:40
7007556550,กท.79-0642,2022-03-27 08:06:11,2022-03-27 08:43:40,2022-03-27 08:52:33,2022-03-27 08:52:33
7007556528,กท.77-8134,2022-03-27 08:10:08,2022-03-27 08:52:33,2022-03-27 09:00:58,2022-03-27 09:00:58
7007556690,กท.79-2717,2022-03-27 08:10:41,2022-03-27 09:00:58,2022-03-27 09:09:59,2022-03-27 09:09:59
7007556526,กท.79-0641,2022-03-27 08:21:17,2022-03-27 09:09:59,2022-03-27 09:16:28,2022-03-27 09:16:28
7007556462,กท.79-0144,2022-03-27 08:24:41,2022-03-27 09:16:28,2022-03-27 09:21:40,2022-03-27 09:21:40
7007559378,กท.79-8997,2022-03-27 08:36:15,2022-03-27 09:21:40,2022-03-27 09:29:21,2022-03-27 09:29:21
7007556477,กท.78-6744,2022-03-27 08:38:15,2022-03-27 09:29:21,2022-03-27 09:34:38,2022-03-27 09:34:38
7007559487,กท.79-5841,2022-03-27 08:41:03,2022-03-27 09:34:38,2022-03-27 09:43:54,2022-03-27 09:43:54
7007559552,ชม.70-5301,2022-03-27 08:44:37,2022-03-27 09:43:54,2022-03-27 09:50:09,2022-03-27 09:50:09
7007559564,กท.79-7691,2022-03-27 08:50:13,2022-03-27 09:50:09,2022-03-27 09:57:51,2022-03-27 09:57:51
7007559668,ชม.70-5300,2022-03-27 08:55:35,2022-03-27 09:57:51,2022-03-27 10:05:11,2022-03-27 10:05:11
7007559648,กท.79-5842,2022-03-27 09:05:35,2022-03-27 10:05:11,2022-03-27 10:11:32,2022-03-27 10:11:32
7007556487,กท.79-0643,2022-03-27 09:05:46,2022-03-27 10:11:32,2022-03-27 10:20:38,2022-03-27 10:20:38
7007560108,ชม.70-5124,2022-03-27 09:17:36,2022-03-27 10:20:38,2022-03-27 10:25:58,2022-03-27 10:25:58
7007557486,กท.60-4208,2022-03-27 09:23:14,2022-03-27 10:25:58,2022-03-27 10:34:20,2022-03-27 10:34:20
7007557693,กท.79-0644,2022-03-27 09:26:32,2022-03-27 10:34:20,2022-03-27 10:42:51,2022-03-27 10:42:51
7007560708,ชบ.85-3878,2022-03-27 09:34:35,2022-03-27 10:42:51,2022-03-27 10:50:38,2022-03-27 10:50:38
7007561294,กท.76-4829,2022-03-27 09:59:59,2022-03-27 10:50:38,2022-03-27 10:59:12,2022-03-27 10:59:12
7007561588,ชบ.84-7139,2022-03-27 10:02:00,2022-03-27 10:59:12,2022-03-27 11:06:15,2022-03-27 11:06:15
7007561330,กท.60-1460,2022-03-27 10:10:16,2022-03-27 11:06:15,2022-03-27 11:14:12,2022-03-27 11:14:12
7007561229,กท.74-8932,2022-03-27 10:12:30,2022-03-27 11:14:12,2022-03-27 11:20:19,2022-03-27 11:20:19
7007557007,ฉช.82-3201,2022-03-27 10:29:28,2022-03-27 11:20:19,2022-03-27 11:25:28,2022-03-27 11:25:28
7007561367,กท.74-2888,2022-03-27 10:29:36,2022-03-27 11:25:28,2022-03-27 11:35:23,2022-03-27 11:35:23
7007562076,ชม.70-4355,2022-03-27 10:33:59,2022-03-27 11:35:23,2022-03-27 11:42:21,2022-03-27 11:42:21
7007563627,ชบ.84-7237,2022-03-27 11:07:41,2022-03-27 11:42:21,2022-03-27 11:50:37,2022-03-27 11:50:37
7007556459,กท.79-0841,2022-03-27 11:14:18,2022-03-27 11:50:37,2022-03-27 11:56:51,2022-03-27 11:56:51
7007556501,กท.78-6744,2022-03-27 11:16:13,2022-03-27 11:56:51,2022-03-27 12:03:26,2022-03-27 12:03:26
7007563408,สบ.71-0408,2022-03-27 11:19:11,2022-03-27 12:03:26,2022-03-27 12:10:55,2022-03-27 12:10:55
7007564256,กท.79-5841,2022-03-27 11:25:51,2022-03-27 12:10:55,2022-03-27 12:19:12,2022-03-27 12:19:12
7007564599,ชม.70-5420,2022-03-27 11:29:02,2022-03-27 12:19:12,2022-03-27 12:27:36,2022-03-27 12:27:36
7007564728,ฉช.82-2839,2022-03-27 11:39:21,2022-03-27 12:27:36,2022-03-27 12:34:15,2022-03-27 12:34:15
7007557005,กท.78-7993,2022-03-27 11:40:40,2022-03-27 12:34:15,2022-03-27 12:43:00,2022-03-27 12:43:00
7007565243,ชบ.71-4793,2022-03-27 11:47:39,2022-03-27 12:43:00,2022-03-27 12:50:26,2022-03-27 12:50:26
7007564916,ฉช.82-8528,2022-03-27 11:50:13,2022-03-27 12:50:26,2022-03-27 12:56:13,2022-03-27 12:56:13
7007556472,กท.79-0641,2022-03-27 12:00:35,2022-03-27 12:56:13,2022-03-27 13:03:27,2022-03-27 13:03:27
7007562415,กท.79-1961,2022-03-27 12:18:53,2022-03-27 13:03:27,2022-03-27 13:08:29,2022-03-27 13:08:29
7007565176,ชบ.71-4792,2022-03-27 12:20:00,2022-03-27 13:08:29,2022-03-27 13:18:14,2022-03-27 13:18:14
7007565914,ชบ.82-4190,2022-03-27 12:25:44,2022-03-27 13:18:14,2022-03-27 13:25:55,2022-03-27 13:25:55
7007566053,จบ.80-8222,2022-03-27 12:38:52,2022-03-27 13:25:55,2022-03-27 13:32:03,2022-03-27 13:32:03
7007566045,ตร.80-2192,2022-03-27 12:43:39,2022-03-27 13:32:03,2022-03-27 13:38:03,2022-03-27 13:38:03
7007565881,ฉช.81-3257,2022-03-27 12:44:41,2022-03-27 13:38:03,2022-03-27 13:43:10,2022-03-27 13:43:10
7007566123,กท.79-6148,2022-03-27 12:51:27,2022-03-27 13:43:10,2022-03-27 13:51:26,2022-03-27 13:51:26
7007556461,กท.74-9067,2022-03-27 12:59:20,2022-03-27 13:51:26,2022-03-27 13:58:23,2022-03-27 13:58:23
7007566189,กท.75-6899,2022-03-27 13:07:24,2022-03-27 13:58:23,2022-03-27 14:05:19,2022-03-27 14:05:19
7007556473,กท.77-8133,2022-03-27 13:12:29,2022-03-27 14:05:19,2022-03-27 14:11:21,2022-03-27 14:11:21
7007563515,กท.74-9070,2022-03-27 13:14:46,2022-03-27 14:11:21,2022-03-27 14:18:05,2022-03-27 14:18:05
7007557003,กท.79-1830,2022-03-27 13:26:55,2022-03-27 14:18:05,2022-03-27 14:25:57,2022-03-27 14:25:57
7007562347,กท.78-1149,2022-03-27 13:31:55,2022-03-27 14:25:57,2022-03-27 14:32:49,2022-03-27 14:32:49
7007556463,กท.79-2717,2022-03-27 13:41:18,2022-03-27 14:32:49,2022-03-27 14:39:54,2022-03-27 14:39:54
7007562375,กท.79-0144,2022-03-27 13:46:13,2022-03-27 14:39:54,2022-03-27 14:48:51,2022-03-27 14:48:51
7007556520,ฉช.82-7443,2022-03-27 13:53:04,2022-03-27 14:48:51,2022-03-27 14:56:15,2022-03-27 14:56:15
7007556506,กท.79-5579,2022-03-27 14:05:07,2022-03-27 14:56:15,2022-03-27 15:03:33,2022-03-27 15:03:33
7007556468,กท.79-0641,2022-03-27 14:09:33,2022-03-27 15:03:33,2022-03-27 15:08:48,2022-03-27 15:08:48
7007568106,ลพ.70-0786,2022-03-27 14:12:15,2022-03-27 15:08:48,2022-03-27 15:15:49,2022-03-27 15:15:49
7007568422,กท.72-3498,2022-03-27 14:19:43,2022-03-27 15:15:49,2022-03-27 15:24:28,2022-03-27 15:24:28
7007556519,กท.79-0642,2022-03-27 14:30:41,2022-03-27 15:24:28,2022-03-27 15:32:58,2022-03-27 15:32:58
7007556465,กท.79-2716,2022-03-27 14:31:50,2022-03-27 15:32:58,2022-03-27 15:41:46,2022-03-27 15:41:46
7007557001,กท.79-1961,2022-03-27 14:34:11,2022-03-27 15:41:46,2022-03-27 15:48:03,2022-03-27 15:48:03
7007568999,ชม.70-5261,2022-03-27 14:47:23,2022-03-27 15:48:03,2022-03-27 15:53:43,2022-03-27 15:53:43
7007568937,นม.70-6920,2022-03-27 14:51:41,2022-03-27 15:53:43,2022-03-27 16:00:27,2022-03-27 16:00:27
7007557705,กท.77-8134,2022-03-27 15:02:09,2022-03-27 16:00:27,2022-03-27 16:08:47,2022-03-27 16:08:47
7007556495,กท.77-8133,2022-03-27 15:04:12,2022-03-27 16:08:47,2022-03-27 16:14:32,2022-03-27 16:14:32
7007566994,กท.78-6742,2022-03-27 15:11:06,2022-03-27 16:14:32,2022-03-27 16:23:00,2022-03-27 16:23:00
7007564991,ฉช.81-4230,2022-03-27 15:13:03,2022-03-27 16:23:00,2022-03-27 16:31:22,2022-03-27 16:31:22
7007569844,ชบ.85-3878,2022-03-27 15:22:48,2022-03-27 16:31:22,2022-03-27 16:37:34,2022-03-27 16:37:34
7007569604,ชม.70-5124,2022-03-27 15:26:20,2022-03-27 16:37:34,2022-03-27 16:45:41,2022-03-27 16:45:41
7007568979,กท.79-7787,2022-03-27 15:36:33,2022-03-27 16:45:41,2022-03-27 16:51:02,2022-03-27 16:51:02
7007569005,กท.79-7784,2022-03-27 15:39:08,2022-03-27 16:51:02,2022-03-27 16:56:14,2022-03-27 16:56:14
7007570426,ชม.70-5302,2022-03-27 15:44:00,2022-03-27 16:56:14,2022-03-27 17:03:57,2022-03-27 17:03:57
7007556530,กท.79-5843,2022-03-27 15:52:54,2022-03-27 17:03:57,2022-03-27 17:10:19,2022-03-27 17:10:19
7007556687,กท.79-2717,2022-03-27 16:37:42,2022-03-27 17:10:19,2022-03-27 17:19:53,2022-03-27 17:19:53
7007562530,กท.79-5579,2022-03-27 16:58:54,2022-03-27 17:19:53,2022-03-27 17:28:35,2022-03-27 17:28:35
7007562400,กท.79-0644,2022-03-27 17:17:28,2022-03-27 17:28:35,2022-03-27 17:38:23,2022-03-27 17:38:23
7007573360,กท.79-1816,2022-03-27 17:43:20,2022-03-27 17:43:20,2022-03-27 17:50:12,2022-03-27 17:50:12
7007562364,กท.79-0144,2022-03-27 17:54:08,2022-03-27 17:54:08,2022-03-27 18:00:42,2022-03-27 18:00:42
7007564964,กท.77-8133,2022-03-27 18:13:13,2022-03-27 18:13:13,2022-03-27 18:18:21,2022-03-27 18:18:21
7007565658,กท.79-5578,2022-03-27 18:57:18,2022-03-27 18:57:18,2022-03-27 19:05:50,2022-03-27 19:05:50
7007565628,กท.78-1149,2022-03-27 19:16:21,2022-03-27 19:16:21,2022-03-27 19:22:28,2022-03-27 19:22:28
7007565673,กท.79-2716,2022-03-27 19:17:10,2022-03-27 19:22:28,2022-03-27 19:29:06,2022-03-27 19:29:06
7007574371,สค.70-4386,2022-03-28 00:21:00,2022-03-28 00:21:00,2022-03-28 00:30:42,2022-03-28 00:30:42
7007574370,สค.70-6119,2022-03-28 00:27:08,2022-03-28 00:30:42,2022-03-28 00:37:50,2022-03-28 00:37:50
7007574374,ลพ.70-0785,2022-03-28 00:31:09,2022-03-28 00:37:50,2022-03-28 00:46:36,2022-03-28 00:46:36
7007574372,ชม.70-4219,2022-03-28 00:33:07,2022-03-28 00:46:36,2022-03-28 00:56:33,2022-03-28 00:56:33
7007574399,ชม.70-5300,2022-03-28 01:05:50,2022-03-28 01:05:50,2022-03-28 01:15:16,2022-03-28 01:15:16
7007574405,สค.70-6124,2022-03-28 01:18:53,2022-03-28 01:18:53,2022-03-28 01:26:07,2022-03-28 01:26:07
7007574430,สค.70-5407,2022-03-28 01:48:25,2022-03-28 01:48:25,2022-03-28 01:54:55,2022-03-28 01:54:55
7007574439,ชม.70-5299,2022-03-28 02:20:45,2022-03-28 02:20:45,2022-03-28 02:27:52,2022-03-28 02:27:52
7007574442,รย.71-2635,2022-03-28 02:38:07,2022-03-28 02:38:07,2022-03-28 02:44:49,2022-03-28 02:44:49
7007564990,ฉช.82-4812,2022-03-28 02:39:06,2022-03-28 02:44:49,2022-03-28 02:53:37,2022-03-28 02:53:37
7007574452,ชม.70-5301,2022-03-28 02:57:33,2022-03-28 02:57:33,2022-03-28 03:05:39,2022-03-28 03:05:39
7007565624,ฉช.82-7170,2022-03-28 03:01:41,2022-03-28 03:05:39,2022-03-28 03:11:02,2022-03-28 03:11:02
7007574456,ฉช.82-3201,2022-03-28 03:13:38,2022-03-28 03:13:38,2022-03-28 03:20:25,2022-03-28 03:20:25
7007574469,สค.70-4074,2022-03-28 03:33:45,2022-03-28 03:33:45,2022-03-28 03:41:34,2022-03-28 03:41:34
7007565639,กท.76-4825,2022-03-28 04:00:16,2022-03-28 04:00:16,2022-03-28 04:10:15,2022-03-28 04:10:15
7007565643,กท.79-5584,2022-03-28 05:01:52,2022-03-28 05:01:52,2022-03-28 05:10:18,2022-03-28 05:10:18
7007565648,กท.78-6739,2022-03-28 05:27:00,2022-03-28 05:27:00,2022-03-28 05:34:04,2022-03-28 05:34:04
7007565198,กท.77-8134,2022-03-28 06:13:23,2022-03-28 06:13:23,2022-03-28 06:19:31,2022-03-28 06:19:31
7007565644,กท.79-5843,2022-03-28 06:21:54,2022-03-28 06:21:54,2022-03-28 06:30:18,2022-03-28 06:30:18
7007574601,กท.78-4646,2022-03-28 06:26:28,2022-03-28 06:30:18,2022-03-28 06:36:16,2022-03-28 06:36:16
7007574606,สค.70-6123,2022-03-28 06:31:56,2022-03-28 06:36:16,2022-03-28 06:45:25,2022-03-28 06:45:25
7007565631,กท.79-1830,2022-03-28 06:32:33,2022-03-28 06:45:25,2022-03-28 06:52:22,2022-03-28 06:52:22
7007565636,กท.74-9070,2022-03-28 06:43:44,2022-03-28 06:52:22,2022-03-28 06:59:42,2022-03-28 06:59:42
7007565661,กท.79-0144,2022-03-28 06:48:54,2022-03-28 06:59:42,2022-03-28 07:06:12,2022-03-28 07:06:12
7007570587,กท.60-4207,2022-03-28 06:51:55,2022-03-28 07:06:12,2022-03-28 07:14:31,2022-03-28 07:14:31
7007565235,กท.79-0642,2022-03-28 06:51:58,2022-03-28 07:14:31,2022-03-28 07:21:15,2022-03-28 07:21:15
7007565652,กท.79-0841,2022-03-28 07:08:14,2022-03-28 07:21:15,2022-03-28 07:29:32,2022-03-28 07:29:32
7007565269,กท.79-0643,2022-03-28 07:13:08,2022-03-28 07:29:32,2022-03-28 07:38:11,2022-03-28 07:38:11
7007565647,กท.78-7993,2022-03-28 07:22:08,2022-03-28 07:38:11,2022-03-28 07:47:38,2022-03-28 07:47:38
7007565664,กท.79-0644,2022-03-28 07:23:17,2022-03-28 07:47:38,2022-03-28 07:53:42,2022-03-28 07:53:42
7007565655,กท.78-6742,2022-03-28 07:29:21,2022-03-28 07:53:42,2022-03-28 08:00:04,2022-03-28 08:00:04
7007565216,กท.74-9067,2022-03-28 07:30:21,2022-03-28 08:00:04,2022-03-28 08:09:17,2022-03-28 08:09:17
7007564979,กท.79-1961,2022-03-28 07:41:18,2022-03-28 08:09:17,2022-03-28 08:17:59,2022-03-28 08:17:59
7007565621,กท.79-0641,2022-03-28 07:41:58,2022-03-28 08:17:59,2022-03-28 08:23:42,2022-03-28 08:23:42
7007565668,กท.78-6744,2022-03-28 07:52:59,2022-03-28 08:23:42,2022-03-28 08:33:30,2022-03-28 08:33:30
7007565660,กท.78-6739,2022-03-28 07:57:17,2022-03-28 08:33:30,2022-03-28 08:39:13,2022-03-28 08:39:13
7007574949,นม.70-6730,2022-03-28 07:59:50,2022-03-28 08:39:13,2022-03-28 08:48:29,2022-03-28 08:48:29
7007565641,ฉช.82-7443,2022-03-28 08:09:13,2022-03-28 08:48:29,2022-03-28 08:57:45,2022-03-28 08:57:45
7007575249,ชม.70-5123,2022-03-28 08:25:29,2022-03-28 08:57:45,2022-03-28 09:07:11,2022-03-28 09:07:11
7007575482,นม.70-6720,2022-03-28 08:31:41,2022-03-28 09:07:11,2022-03-28 09:13:21,2022-03-28 09:13:21
7007575622,กท.79-3258,2022-03-28 08:39:13,2022-03-28 09:13:21,2022-03-28 09:19:00,2022-03-28 09:19:00
7007575823,กท.79-5842,2022-03-28 08:44:03,2022-03-28 09:19:00,2022-03-28 09:26:29,2022-03-28 09:26:29
7007564985,กท.75-1033,2022-03-28 08:52:17,2022-03-28 09:26:29,2022-03-28 09:32:41,2022-03-28 09:32:41
7007576391,นม.70-6589,2022-03-28 08:52:23,2022-03-28 09:32:41,2022-03-28 09:41:08,2022-03-28 09:41:08
7007576618,กท.75-7868,2022-03-28 09:09:07,2022-03-28 09:41:08,2022-03-28 09:49:18,2022-03-28 09:49:18
7007577438,กท.75-9797,2022-03-28 09:28:53,2022-03-28 09:49:18,2022-03-28 09:56:58,2022-03-28 09:56:58
7007564968,ฉช.82-4812,2022-03-28 09:30:16,2022-03-28 09:56:58,2022-03-28 10:02:30,2022-03-28 10:02:30
7007565247,กท.60-4208,2022-03-28 09:45:10,2022-03-28 10:02:30,2022-03-28 10:07:31,2022-03-28 10:07:31
7007577419,กท.74-1615,2022-03-28 09:45:33,2022-03-28 10:07:31,2022-03-28 10:12:41,2022-03-28 10:12:41
7007577390,กท.75-4314,2022-03-28 09:55:43,2022-03-28 10:12:41,2022-03-28 10:19:05,2022-03-28 10:19:05
7007577360,กท.75-1034,2022-03-28 09:57:25,2022-03-28 10:19:05,2022-03-28 10:27:03,2022-03-28 10:27:03
7007577807,ชบ.85-3878,2022-03-28 10:06:14,2022-03-28 10:27:03,2022-03-28 10:35:46,2022-03-28 10:35:46
7007577845,ชบ.83-3599,2022-03-28 10:07:06,2022-03-28 10:35:46,2022-03-28 10:42:29,2022-03-28 10:42:29
7007578162,กท.79-6148,2022-03-28 10:15:36,2022-03-28 10:42:29,2022-03-28 10:51:24,2022-03-28 10:51:24
7007578196,จบ.80-8222,2022-03-28 10:34:48,2022-03-28 10:51:24,2022-03-28 10:57:03,2022-03-28 10:57:03
7007578344,ชบ.84-7975,2022-03-28 10:37:07,2022-03-28 10:57:03,2022-03-28 11:06:11,2022-03-28 11:06:11
7007578301,ชม.70-5261,2022-03-28 10:41:46,2022-03-28 11:06:11,2022-03-28 11:11:21,2022-03-28 11:11:21
7007565626,กท.78-7993,2022-03-28 10:42:11,2022-03-28 11:11:21,2022-03-28 11:20:40,2022-03-28 11:20:40
7007578194,ชบ.84-6354,2022-03-28 10:50:08,2022-03-28 11:20:40,2022-03-28 11:29:56,2022-03-28 11:29:56
7007577043,กท.79-1830,2022-03-28 10:51:47,2022-03-28 11:29:56,2022-03-28 11:37:01,2022-03-28 11:37:01
7007565256,กท.79-0642,2022-03-28 10:56:57,2022-03-28 11:37:01,2022-03-28 11:46:25,2022-03-28 11:46:25
7007578895,ชม.70-4355,2022-03-28 11:05:37,2022-03-28 11:46:25,2022-03-28 11:55:07,2022-03-28 11:55:07
7007578766,ชม.70-5122,2022-03-28 11:13:40,2022-03-28 11:55:07,2022-03-28 12:00:21,2022-03-28 12:00:21
7007578880,กท.62-1291,2022-03-28 11:16:14,2022-03-28 12:00:21,2022-03-28 12:09:25,2022-03-28 12:09:25
7007565650,กท.74-9070,2022-03-28 11:18:13,2022-03-28 12:09:25,2022-03-28 12:15:35,2022-03-28 12:15:35
7007577454,กท.76-2788,2022-03-28 11:24:57,2022-03-28 12:15:35,2022-03-28 12:22:59,2022-03-28 12:22:59
7007578877,ลพ.70-0674,2022-03-28 11:25:37,2022-03-28 12:22:59,2022-03-28 12:28:55,2022-03-28 12:28:55
7007579067,นม.70-7502,2022-03-28 11:37:22,2022-03-28 12:28:55,2022-03-28 12:37:13,2022-03-28 12:37:13
7007567102,กท.78-1149,2022-03-28 11:41:11,2022-03-28 12:37:13,2022-03-28 12:43:32,2022-03-28 12:43:32
7007579134,ชม.70-6755,2022-03-28 11:50:03,2022-03-28 12:43:32,2022-03-28 12:52:58,2022-03-28 12:52:58
7007579046,นม.70-5975,2022-03-28 11:59:06,2022-03-28 12:52:58,2022-03-28 13:01:11,2022-03-28 13:01:11
7007579566,กท.79-0144,2022-03-28 12:08:06,2022-03-28 13:01:11,2022-03-28 13:09:48,2022-03-28 13:09:48
7007564983,กท.79-5579,2022-03-28 12:08:25,2022-03-28 13:09:48,2022-03-28 13:18:17,2022-03-28 13:18:17
7007579254,กท.79-3259,2022-03-28 12:11:46,2022-03-28 13:18:17,2022-03-28 13:25:18,2022-03-28 13:25:18
7007578869,ฉช.82-2839,2022-03-28 12:16:04,2022-03-28 13:25:18,2022-03-28 13:30:26,2022-03-28 13:30:26
7007579390,รย.82-4012,2022-03-28 12:24:27,2022-03-28 13:30:26,2022-03-28 13:37:51,2022-03-28 13:37:51
7007579426,ชม.70-5124,2022-03-28 12:30:25,2022-03-28 13:37:51,2022-03-28 13:44:29,2022-03-28 13:44:29
7007565226,กท.79-0643,2022-03-28 12:38:05,2022-03-28 13:44:29,2022-03-28 13:53:43,2022-03-28 13:53:43
7007579463,ชบ.82-4190,2022-03-28 13:07:42,2022-03-28 13:53:43,2022-03-28 14:01:59,2022-03-28 14:01:59
7007579558,จบ.80-8540,2022-03-28 13:12:22,2022-03-28 14:01:59,2022-03-28 14:10:56,2022-03-28 14:10:56
7007577051,กท.79-0644,2022-03-28 13:14:41,2022-03-28 14:10:56,2022-03-28 14:17:53,2022-03-28 14:17:53
7007579563,ชบ.71-8902,2022-03-28 13:18:53,2022-03-28 14:17:53,2022-03-28 14:23:57,2022-03-28 14:23:57
7007579587,ชม.70-5302,2022-03-28 13:23:04,2022-03-28 14:23:57,2022-03-28 14:33:54,2022-03-28 14:33:54
7007565642,กท.79-5843,2022-03-28 13:28:02,2022-03-28 14:33:54,2022-03-28 14:42:27,2022-03-28 14:42:27
7007564973,กท.79-1961,2022-03-28 13:36:31,2022-03-28 14:42:27,2022-03-28 14:47:32,2022-03-28 14:47:32
7007567109,กท.77-8134,2022-03-28 13:44:26,2022-03-28 14:47:32,2022-03-28 14:54:46,2022-03-28 14:54:46
7007564988,กท.79-0841,2022-03-28 13:47:58,2022-03-28 14:54:46,2022-03-28 15:00:07,2022-03-28 15:00:07
7007579868,รย.71-2637,2022-03-28 14:00:39,2022-03-28 15:00:07,2022-03-28 15:06:51,2022-03-28 15:06:51
7007580322,ชม.70-4219,2022-03-28 14:07:37,2022-03-28 15:06:51,2022-03-28 15:15:15,2022-03-28 15:15:15
7007564982,ฉช.82-7443,2022-03-28 14:11:38,2022-03-28 15:15:15,2022-03-28 15:24:02,2022-03-28 15:24:02
7007580528,ลพ.70-0786,2022-03-28 14:24:56,2022-03-28 15:24:02,2022-03-28 15:31:14,2022-03-28 15:31:14
7007565630,กท.79-5584,2022-03-28 14:41:08,2022-03-28 15:31:14,2022-03-28 15:39:12,2022-03-28 15:39:12
7007565208,กท.79-0641,2022-03-28 14:43:49,2022-03-28 15:39:12,2022-03-28 15:45:07,2022-03-28 15:45:07
7007577030,กท.78-6742,2022-03-28 14:49:19,2022-03-28 15:45:07,2022-03-28 15:53:39,2022-03-28 15:53:39
7007579696,ฉช.82-4812,2022-03-28 15:01:51,2022-03-28 15:53:39,2022-03-28 15:59:06,2022-03-28 15:59:06
7007580574,กท.79-2716,2022-03-28 15:05:32,2022-03-28 15:59:06,2022-03-28 16:05:38,2022-03-28 16:05:38
7007581795,ชบ.85-3878,2022-03-28 15:12:43,2022-03-28 16:05:38,2022-03-28 16:12:51,2022-03-28 16:12:51
7007581736,กท.78-4444,2022-03-28 15:17:14,2022-03-28 16:12:51,2022-03-28 16:21:36,2022-03-28 16:21:36
7007565622,กท.78-6744,2022-03-28 15:22:38,2022-03-28 16:21:36,2022-03-28 16:31:26,2022-03-28 16:31:26
7007579036,กท.77-8133,2022-03-28 15:25:17,2022-03-28 16:31:26,2022-03-28 16:40:22,2022-03-28 16:40:22
7007579041,กท.79-0643,2022-03-28 15:26:50,2022-03-28 16:40:22,2022-03-28 16:46:58,2022-03-28 16:46:58
7007565656,กท.79-5578,2022-03-28 15:40:19,2022-03-28 16:46:58,2022-03-28 16:55:55,2022-03-28 16:55:55
7007582423,กท.79-5840,2022-03-28 15:46:09,2022-03-28 16:55:55,2022-03-28 17:01:16,2022-03-28 17:01:16
7007582748,กท.79-5841,2022-03-28 16:13:25,2022-03-28 17:01:16,2022-03-28 17:08:54,2022-03-28 17:08:54
7007582837,กท.79-8992,2022-03-28 16:20:22,2022-03-28 17:08:54,2022-03-28 17:15:26,2022-03-28 17:15:26
7007579052,กท.77-8134,2022-03-28 16:43:48,2022-03-28 17:15:26,2022-03-28 17:22:33,2022-03-28 17:22:33
7007583079,ลพ.70-0785,2022-03-28 16:52:44,2022-03-28 17:22:33,2022-03-28 17:27:47,2022-03-28 17:27:47
7007579522,กท.60-4208,2022-03-28 16:57:23,2022-03-28 17:27:47,2022-03-28 17:35:59,2022-03-28 17:35:59
7007583008,กท.79-3259,2022-03-28 17:03:48,2022-03-28 17:35:59,2022-03-28 17:43:26,2022-03-28 17:43:26
7007583283,ลพ.70-0674,2022-03-28 17:09:46,2022-03-28 17:43:26,2022-03-28 17:50:37,2022-03-28 17:50:37
7007583293,กท.79-6704,2022-03-28 17:20:50,2022-03-28 17:50:37,2022-03-28 17:56:41,2022-03-28 17:56:41
7007579492,กท.79-0841,2022-03-28 17:37:37,2022-03-28 17:56:41,2022-03-28 18:03:40,2022-03-28 18:03:40
7007579524,กท.78-7993,2022-03-28 17:37:48,2022-03-28 18:03:40,2022-03-28 18:09:18,2022-03-28 18:09:18
7007579452,กท.79-1961,2022-03-28 18:27:26,2022-03-28 18:27:26,2022-03-28 18:35:59,2022-03-28 18:35:59
7007583033,กท.79-0144,2022-03-28 18:35:23,2022-03-28 18:35:59,2022-03-28 18:45:12,2022-03-28 18:45:12
7007583023,กท.78-6744,2022-03-28 18:54:26,2022-03-28 18:54:26,2022-03-28 19:00:23,2022-03-28 19:00:23
7007582290,กท.79-5843,2022-03-28 18:58:10,2022-03-28 19:00:23,2022-03-28 19:06:30,2022-03-28 19:06:30
7007583609,ชม.70-5301,2022-03-29 00:24:34,2022-03-29 00:24:34,2022-03-29 00:31:48,2022-03-29 00:31:48
7007583614,สค.70-6124,2022-03-29 00:38:29,2022-03-29 00:38:29,2022-03-29 00:44:26,2022-03-29 00:44:26
7007583613,สค.70-2507,2022-03-29 00:44:11,2022-03-29 00:44:26,2022-03-29 00:52:57,2022-03-29 00:52:57
7007583610,สค.70-6119,2022-03-29 00:45:02,2022-03-29 00:52:57,2022-03-29 00:59:07,2022-03-29 00:59:07
7007583635,สค.70-6125,2022-03-29 01:16:31,2022-03-29 01:16:31,2022-03-29 01:26:11,2022-03-29 01:26:11
7007583636,สค.70-3665,2022-03-29 01:55:05,2022-03-29 01:55:05,2022-03-29 02:01:16,2022-03-29 02:01:16
7007583663,ชม.70-5299,2022-03-29 01:56:51,2022-03-29 02:01:16,2022-03-29 02:08:41,2022-03-29 02:08:41
7007583694,สค.70-5407,2022-03-29 03:33:54,2022-03-29 03:33:54,2022-03-29 03:40:26,2022-03-29 03:40:26
7007583699,สค.70-4335,2022-03-29 03:52:51,2022-03-29 03:52:51,2022-03-29 04:00:29,2022-03-29 04:00:29
7007583698,สค.70-4074,2022-03-29 03:57:42,2022-03-29 04:00:29,2022-03-29 04:09:13,2022-03-29 04:09:13
7007583708,กท.61-6634,2022-03-29 04:18:17,2022-03-29 04:18:17,2022-03-29 04:23:21,2022-03-29 04:23:21
7007579487,กท.75-1033,2022-03-29 04:33:11,2022-03-29 04:33:11,2022-03-29 04:40:46,2022-03-29 04:40:46
7007579485,กท.78-1149,2022-03-29 06:16:28,2022-03-29 06:16:28,2022-03-29 06:25:01,2022-03-29 06:25:01
7007579471,กท.79-0641,2022-03-29 06:18:26,2022-03-29 06:25:01,2022-03-29 06:34:23,2022-03-29 06:34:23
7007579444,กท.79-1830,2022-03-29 06:29:27,2022-03-29 06:34:23,2022-03-29 06:41:07,2022-03-29 06:41:07
7007579482,กท.77-8134,2022-03-29 06:32:43,2022-03-29 06:41:07,2022-03-29 06:50:36,2022-03-29 06:50:36
7007579460,กท.79-5584,2022-03-29 06:39:35,2022-03-29 06:50:36,2022-03-29 06:58:54,2022-03-29 06:58:54
7007583795,สค.70-6123,2022-03-29 06:40:22,2022-03-29 06:58:54,2022-03-29 07:07:45,2022-03-29 07:07:45
7007579483,กท.79-5578,2022-03-29 06:48:51,2022-03-29 07:07:45,2022-03-29 07:16:40,2022-03-29 07:16:40
7007579475,ฉช.82-7443,2022-03-29 06:50:36,2022-03-29 07:16:40,2022-03-29 07:26:35,2022-03-29 07:26:35
7007579536,กท.79-0644,2022-03-29 07:05:14,2022-03-29 07:26:35,2022-03-29 07:33:14,2022-03-29 07:33:14
7007579538,กท.74-9070,2022-03-29 07:06:44,2022-03-29 07:33:14,2022-03-29 07:41:18,2022-03-29 07:41:18
7007579446,กท.74-9067,2022-03-29 07:11:14,2022-03-29 07:41:18,2022-03-29 07:48:57,2022-03-29 07:48:57
7007579498,กท.77-8133,2022-03-29 07:17:46,2022-03-29 07:48:57,2022-03-29 07:56:24,2022-03-29 07:56:24
7007579448,กท.79-2716,2022-03-29 07:19:04,2022-03-29 07:56:24,2022-03-29 08:05:49,2022-03-29 08:05:49
7007579490,กท.79-0642,2022-03-29 07:26:56,2022-03-29 08:05:49,2022-03-29 08:11:50,2022-03-29 08:11:50
7007579495,กท.79-5579,2022-03-29 07:35:38,2022-03-29 08:11:50,2022-03-29 08:21:15,2022-03-29 08:21:15
7007579447,กท.79-0643,2022-03-29 07:36:55,2022-03-29 08:21:15,2022-03-29 08:28:03,2022-03-29 08:28:03
7007579508,กท.60-4207,2022-03-29 07:37:46,2022-03-29 08:28:03,2022-03-29 08:38:03,2022-03-29 08:38:03
7007583900,ชม.70-5122,2022-03-29 07:47:27,2022-03-29 08:38:03,2022-03-29 08:45:35,2022-03-29 08:45:35
7007579449,กท.79-2717,2022-03-29 07:54:18,2022-03-29 08:45:35,2022-03-29 08:53:03,2022-03-29 08:53:03
7007582840,กท.78-6742,2022-03-29 08:00:02,2022-03-29 08:53:03,2022-03-29 09:02:20,2022-03-29 09:02:20
7007579520,กท.78-6739,2022-03-29 08:05:23,2022-03-29 09:02:20,2022-03-29 09:07:52,2022-03-29 09:07:52
7007579523,กท.76-4825,2022-03-29 08:07:47,2022-03-29 09:07:52,2022-03-29 09:13:28,2022-03-29 09:13:28
7007579516,กท.79-5843,2022-03-29 08:12:59,2022-03-29 09:13:28,2022-03-29 09:19:12,2022-03-29 09:19:12
7007584466,นม.70-6730,2022-03-29 09:11:17,2022-03-29 09:19:12,2022-03-29 09:28:40,2022-03-29 09:28:40
7007584720,ชบ.84-7139,2022-03-29 09:19:24,2022-03-29 09:28:40,2022-03-29 09:34:18,2022-03-29 09:34:18
7007585176,นม.70-6589,2022-03-29 09:44:24,2022-03-29 09:44:24,2022-03-29 09:52:35,2022-03-29 09:52:35
7007585280,กท.77-7979,2022-03-29 09:45:44,2022-03-29 09:52:35,2022-03-29 09:59:46,2022-03-29 09:59:46
7007585829,จบ.80-8222,2022-03-29 10:12:34,2022-03-29 10:12:34,2022-03-29 10:17:49,2022-03-29 10:17:49
7007585892,ชม.70-5300,2022-03-29 10:14:58,2022-03-29 10:17:49,2022-03-29 10:24:04,2022-03-29 10:24:04
7007579455,กท.77-8134,2022-03-29 10:16:50,2022-03-29 10:24:04,2022-03-29 10:31:39,2022-03-29 10:31:39
7007586316,ชม.70-4355,2022-03-29 10:46:22,2022-03-29 10:46:22,2022-03-29 10:55:26,2022-03-29 10:55:26
7007586360,กท.75-3041,2022-03-29 10:52:54,2022-03-29 10:55:26,2022-03-29 11:00:28,2022-03-29 11:00:28
7007586676,ชม.70-5420,2022-03-29 11:14:51,2022-03-29 11:14:51,2022-03-29 11:21:48,2022-03-29 11:21:48
7007579527,กท.79-1830,2022-03-29 11:16:55,2022-03-29 11:21:48,2022-03-29 11:29:54,2022-03-29 11:29:54
7007586580,กท.79-6704,2022-03-29 11:19:11,2022-03-29 11:29:54,2022-03-29 11:36:23,2022-03-29 11:36:23
7007584407,กท.78-6742,2022-03-29 11:33:58,2022-03-29 11:36:23,2022-03-29 11:45:34,2022-03-29 11:45:34
7007586753,ฉช.81-3257,2022-03-29 11:36:05,2022-03-29 11:45:34,2022-03-29 11:53:35,2022-03-29 11:53:35
7007586977,ชม.70-5997,2022-03-29 11:40:20,2022-03-29 11:53:35,2022-03-29 11:58:45,2022-03-29 11:58:45
7007586923,ชม.70-5421,2022-03-29 11:41:23,2022-03-29 11:58:45,2022-03-29 12:04:53,2022-03-29 12:04:53
7007587181,รย.81-6316,2022-03-29 11:52:08,2022-03-29 12:04:53,2022-03-29 12:10:34,2022-03-29 12:10:34
7007586958,ชม.70-6753,2022-03-29 11:53:00,2022-03-29 12:10:34,2022-03-29 12:18:44,2022-03-29 12:18:44
7007587346,ชบ.82-4190,2022-03-29 12:02:58,2022-03-29 12:18:44,2022-03-29 12:26:35,2022-03-29 12:26:35
7007587268,ชบ.85-3878,2022-03-29 12:04:53,2022-03-29 12:26:35,2022-03-29 12:34:16,2022-03-29 12:34:16
7007579517,กท.79-0641,2022-03-29 12:21:03,2022-03-29 12:34:16,2022-03-29 12:43:41,2022-03-29 12:43:41
7007579494,กท.79-5579,2022-03-29 12:27:20,2022-03-29 12:43:41,2022-03-29 12:48:48,2022-03-29 12:48:48
7007579481,กท.79-0841,2022-03-29 12:29:29,2022-03-29 12:48:48,2022-03-29 12:56:04,2022-03-29 12:56:04
7007587248,ลพ.70-0786,2022-03-29 12:31:43,2022-03-29 12:56:04,2022-03-29 13:05:20,2022-03-29 13:05:20
7007587467,กท.78-4444,2022-03-29 12:41:21,2022-03-29 13:05:20,2022-03-29 13:14:51,2022-03-29 13:14:51
7007579456,กท.79-0643,2022-03-29 12:51:43,2022-03-29 13:14:51,2022-03-29 13:20:11,2022-03-29 13:20:11
7007587235,ชบ.84-7156,2022-03-29 12:57:47,2022-03-29 13:20:11,2022-03-29 13:28:16,2022-03-29 13:28:16
7007587625,นม.70-8647,2022-03-29 12:57:51,2022-03-29 13:28:16,2022-03-29 13:36:10,2022-03-29 13:36:10
7007579502,กท.79-0642,2022-03-29 13:02:45,2022-03-29 13:36:10,2022-03-29 13:43:02,2022-03-29 13:43:02
7007579479,กท.74-9067,2022-03-29 13:14:50,2022-03-29 13:43:02,2022-03-29 13:48:10,2022-03-29 13:48:10
7007586475,กท.74-9070,2022-03-29 13:16:21,2022-03-29 13:48:10,2022-03-29 13:56:53,2022-03-29 13:56:53
7007579513,กท.79-2717,2022-03-29 13:18:56,2022-03-29 13:56:53,2022-03-29 14:02:34,2022-03-29 14:02:34
7007579521,กท.78-7993,2022-03-29 13:24:50,2022-03-29 14:02:34,2022-03-29 14:10:36,2022-03-29 14:10:36
7007587117,ฉช.82-3201,2022-03-29 13:27:20,2022-03-29 14:10:36,2022-03-29 14:18:48,2022-03-29 14:18:48
7007587928,กท.75-0640,2022-03-29 13:43:08,2022-03-29 14:18:48,2022-03-29 14:24:43,2022-03-29 14:24:43
7007587951,กท.60-2722,2022-03-29 13:47:54,2022-03-29 14:24:43,2022-03-29 14:34:41,2022-03-29 14:34:41
7007587936,กท.79-7786,2022-03-29 13:49:00,2022-03-29 14:34:41,2022-03-29 14:42:45,2022-03-29 14:42:45
7007587887,นม.70-7497,2022-03-29 14:00:28,2022-03-29 14:42:45,2022-03-29 14:50:52,2022-03-29 14:50:52
7007587915,นม.70-7501,2022-03-29 14:01:08,2022-03-29 14:50:52,2022-03-29 14:59:22,2022-03-29 14:59:22
7007587926,นม.70-6720,2022-03-29 14:01:09,2022-03-29 14:59:22,2022-03-29 15:08:31,2022-03-29 15:08:31
7007579531,กท.78-6739,2022-03-29 14:03:57,2022-03-29 15:08:31,2022-03-29 15:17:02,2022-03-29 15:17:02
7007579459,กท.79-2716,2022-03-29 14:15:18,2022-03-29 15:17:02,2022-03-29 15:24:15,2022-03-29 15:24:15
7007588258,กท.79-5840,2022-03-29 14:16:52,2022-03-29 15:24:15,2022-03-29 15:30:25,2022-03-29 15:30:25
7007579518,กท.77-8133,2022-03-29 14:26:06,2022-03-29 15:30:25,2022-03-29 15:35:28,2022-03-29 15:35:28
7007588433,ชม.70-5301,2022-03-29 14:29:40,2022-03-29 15:35:28,2022-03-29 15:43:22,2022-03-29 15:43:22
7007579451,กท.79-0644,2022-03-29 14:39:51,2022-03-29 15:43:22,2022-03-29 15:50:47,2022-03-29 15:50:47
7007589133,กท.79-7691,2022-03-29 14:42:59,2022-03-29 15:50:47,2022-03-29 15:58:33,2022-03-29 15:58:33
7007589129,กท.79-8998,2022-03-29 14:53:38,2022-03-29 15:58:33,2022-03-29 16:07:14,2022-03-29 16:07:14
7007589249,กท.79-3258,2022-03-29 15:00:07,2022-03-29 16:07:14,2022-03-29 16:14:09,2022-03-29 16:14:09
7007579450,กท.78-1149,2022-03-29 15:05:42,2022-03-29 16:14:09,2022-03-29 16:21:47,2022-03-29 16:21:47
7007589276,นม.70-6719,2022-03-29 15:07:13,2022-03-29 16:21:47,2022-03-29 16:31:27,2022-03-29 16:31:27
7007586375,กท.79-0841,2022-03-29 15:17:54,2022-03-29 16:31:27,2022-03-29 16:36:44,2022-03-29 16:36:44
7007589862,นม.70-7498,2022-03-29 15:24:51,2022-03-29 16:36:44,2022-03-29 16:46:03,2022-03-29 16:46:03
7007590223,กท.79-6148,2022-03-29 15:37:53,2022-03-29 16:46:03,2022-03-29 16:56:01,2022-03-29 16:56:01
7007579509,ฉช.82-7443,2022-03-29 15:46:52,2022-03-29 16:56:01,2022-03-29 17:01:58,2022-03-29 17:01:58
7007584415,กท.79-5578,2022-03-29 15:47:42,2022-03-29 17:01:58,2022-03-29 17:10:05,2022-03-29 17:10:05
7007589024,กท.78-6744,2022-03-29 15:58:24,2022-03-29 17:10:05,2022-03-29 17:16:56,2022-03-29 17:16:56
7007589036,กท.79-1961,2022-03-29 16:18:23,2022-03-29 17:16:56,2022-03-29 17:26:26,2022-03-29 17:26:26
7007591881,กท.79-3259,2022-03-29 16:33:38,2022-03-29 17:26:26,2022-03-29 17:32:45,2022-03-29 17:32:45
7007592081,กท.78-5932,2022-03-29 16:47:36,2022-03-29 17:32:45,2022-03-29 17:38:43,2022-03-29 17:38:43
7007582721,กท.79-2717,2022-03-29 16:52:24,2022-03-29 17:38:43,2022-03-29 17:48:01,2022-03-29 17:48:01
7007589043,กท.79-0643,2022-03-29 17:06:56,2022-03-29 17:48:01,2022-03-29 17:54:10,2022-03-29 17:54:10
7007579462,กท.78-7993,2022-03-29 17:22:03,2022-03-29 17:54:10,2022-03-29 18:02:59,2022-03-29 18:02:59
7007592382,กท.79-3258,2022-03-29 17:30:21,2022-03-29 18:02:59,2022-03-29 18:08:48,2022-03-29 18:08:48
7007586397,กท.79-0144,2022-03-29 17:33:27,2022-03-29 18:08:48,2022-03-29 18:15:54,2022-03-29 18:15:54
7007592472,กท.60-9334,2022-03-29 17:44:45,2022-03-29 18:15:54,2022-03-29 18:25:36,2022-03-29 18:25:36
7007582866,กท.79-1830,2022-03-29 17:51:24,2022-03-29 18:25:36,2022-03-29 18:30:46,2022-03-29 18:30:46
7007584427,ฉช.82-7443,2022-03-29 18:23:33,2022-03-29 18:30:46,2022-03-29 18:39:20,2022-03-29 18:39:20
7007579537,กท.79-5579,2022-03-29 18:27:49,2022-03-29 18:39:20,2022-03-29 18:44:43,2022-03-29 18:44:43
7007579472,กท.77-8134,2022-03-29 19:25:11,2022-03-29 19:25:11,2022-03-29 19:34:03,2022-03-29 19:34:03
7007590113,กท.77-8133,2022-03-29 19:30:07,2022-03-29 19:34:03,2022-03-29 19:41:56,2022-03-29 19:41:56
7007584458,กท.79-5843,2022-03-29 19:31:47,2022-03-29 19:41:56,2022-03-29 19:47:28,2022-03-29 19:47:28
7007586383,กท.78-1149,2022-03-29 19:33:03,2022-03-29 19:47:28,2022-03-29 19:54:50,2022-03-29 19:54:50
7007593377,ชม.70-5300,2022-03-30 00:23:28,2022-03-30 00:23:28,2022-03-30 00:29:50,2022-03-30 00:29:50
7007593382,ลพ.70-0674,2022-03-30 00:25:17,2022-03-30 00:29:50,2022-03-30 00:35:17,2022-03-30 00:35:17
7007593381,ชม.70-4219,2022-03-30 00:35:29,2022-03-30 00:35:29,2022-03-30 00:43:53,2022-03-30 00:43:53
7007593378,สค.70-6119,2022-03-30 00:36:25,2022-03-30 00:43:53,2022-03-30 00:53:04,2022-03-30 00:53:04
7007593387,ชม.70-5261,2022-03-30 00:46:00,2022-03-30 00:53:04,2022-03-30 01:00:15,2022-03-30 01:00:15
7007593388,ลพ.70-0785,2022-03-30 00:49:36,2022-03-30 01:00:15,2022-03-30 01:06:12,2022-03-30 01:06:12
7007593383,นม.70-7496,2022-03-30 01:01:29,2022-03-30 01:06:12,2022-03-30 01:15:14,2022-03-30 01:15:14
7007593525,กท.79-7691,2022-03-30 04:08:37,2022-03-30 04:08:37,2022-03-30 04:16:13,2022-03-30 04:16:13
7007593516,ชม.70-5302,2022-03-30 04:27:17,2022-03-30 04:27:17,2022-03-30 04:36:16,2022-03-30 04:36:16
7007587136,กท.79-0644,2022-03-30 05:09:55,2022-03-30 05:09:55,2022-03-30 05:16:23,2022-03-30 05:16:23
7007587077,กท.75-1033,2022-03-30 06:16:51,2022-03-30 06:16:51,2022-03-30 06:24:28,2022-03-30 06:24:28
7007587093,กท.77-8134,2022-03-30 06:30:05,2022-03-30 06:30:05,2022-03-30 06:36:23,2022-03-30 06:36:23
7007593561,สค.70-6123,2022-03-30 06:34:56,2022-03-30 06:36:23,2022-03-30 06:44:57,2022-03-30 06:44:57
7007587114,กท.79-1830,2022-03-30 06:37:57,2022-03-30 06:44:57,2022-03-30 06:54:53,2022-03-30 06:54:53
7007591934,กท.78-1149,2022-03-30 06:39:07,2022-03-30 06:54:53,2022-03-30 07:00:40,2022-03-30 07:00:40
7007593577,ชม.70-5993,2022-03-30 06:42:50,2022-03-30 07:00:40,2022-03-30 07:08:25,2022-03-30 07:08:25
7007593584,สค.70-4335,2022-03-30 06:52:52,2022-03-30 07:08:25,2022-03-30 07:15:56,2022-03-30 07:15:56
7007593576,ชม.70-5995,2022-03-30 06:55:54,2022-03-30 07:15:56,2022-03-30 07:24:25,2022-03-30 07:24:25
7007587096,กท.74-9067,2022-03-30 07:09:21,2022-03-30 07:24:25,2022-03-30 07:31:08,2022-03-30 07:31:08
7007587099,กท.78-6742,2022-03-30 07:14:35,2022-03-30 07:31:08,2022-03-30 07:37:58,2022-03-30 07:37:58
7007587147,กท.74-9070,2022-03-30 07:20:09,2022-03-30 07:37:58,2022-03-30 07:44:42,2022-03-30 07:44:42
7007587088,กท.79-0642,2022-03-30 07:29:36,2022-03-30 07:44:42,2022-03-30 07:50:38,2022-03-30 07:50:38
7007587133,กท.79-5578,2022-03-30 07:35:16,2022-03-30 07:50:38,2022-03-30 07:57:43,2022-03-30 07:57:43
7007587083,กท.79-2717,2022-03-30 07:36:48,2022-03-30 07:57:43,2022-03-30 08:04:58,2022-03-30 08:04:58
7007587144,กท.78-6739,2022-03-30 07:45:28,2022-03-30 08:04:58,2022-03-30 08:10:59,2022-03-30 08:10:59
7007587111,กท.79-0841,2022-03-30 07:47:51,2022-03-30 08:10:59,2022-03-30 08:19:41,2022-03-30 08:19:41
7007587151,กท.79-5579,2022-03-30 07:51:00,2022-03-30 08:19:41,2022-03-30 08:28:51,2022-03-30 08:28:51
7007587188,กท.78-7993,2022-03-30 08:01:05,2022-03-30 08:28:51,2022-03-30 08:34:23,2022-03-30 08:34:23
7007593699,นม.70-6589,2022-03-30 08:17:04,2022-03-30 08:34:23,2022-03-30 08:41:31,2022-03-30 08:41:31
7007592711,ฉช.82-7443,2022-03-30 08:22:08,2022-03-30 08:41:31,2022-03-30 08:47:24,2022-03-30 08:47:24
7007593785,กท.75-0640,2022-03-30 08:24:24,2022-03-30 08:47:24,2022-03-30 08:53:01,2022-03-30 08:53:01
7007587130,กท.60-4205,2022-03-30 08:31:19,2022-03-30 08:53:01,2022-03-30 08:59:55,2022-03-30 08:59:55
7007587138,กท.79-0641,2022-03-30 08:41:17,2022-03-30 08:59:55,2022-03-30 09:05:28,2022-03-30 09:05:28
7007590026,กท.78-6744,2022-03-30 08:46:44,2022-03-30 09:05:28,2022-03-30 09:14:11,2022-03-30 09:14:11
7007587103,กท.79-5843,2022-03-30 08:49:52,2022-03-30 09:14:11,2022-03-30 09:22:50,2022-03-30 09:22:50
7007593867,กท.79-5842,2022-03-30 08:57:39,2022-03-30 09:22:50,2022-03-30 09:31:30,2022-03-30 09:31:30
7007587183,กท.79-0643,2022-03-30 09:02:42,2022-03-30 09:31:30,2022-03-30 09:36:43,2022-03-30 09:36:43
7007588981,กท.79-2716,2022-03-30 09:30:26,2022-03-30 09:36:43,2022-03-30 09:46:17,2022-03-30 09:46:17
7007594001,ชม.70-4355,2022-03-30 09:43:31,2022-03-30 09:46:17,2022-03-30 09:55:55,2022-03-30 09:55:55
7007593984,ลพ.70-0786,2022-03-30 09:49:31,2022-03-30 09:55:55,2022-03-30 10:03:27,2022-03-30 10:03:27
7007594087,กท.79-5840,2022-03-30 10:10:21,2022-03-30 10:10:21,2022-03-30 10:15:26,2022-03-30 10:15:26
7007594099,จบ.80-8222,2022-03-30 10:13:59,2022-03-30 10:15:26,2022-03-30 10:23:41,2022-03-30 10:23:41
7007594162,กท.78-4646,2022-03-30 10:20:33,2022-03-30 10:23:41,2022-03-30 10:30:06,2022-03-30 10:30:06
7007594210,สค.70-5407,2022-03-30 10:51:24,2022-03-30 10:51:24,2022-03-30 10:56:34,2022-03-30 10:56:34
7007594204,รย.81-6767,2022-03-30 10:54:22,2022-03-30 10:56:34,2022-03-30 11:04:19,2022-03-30 11:04:19
7007587150,กท.78-6739,2022-03-30 11:00:50,2022-03-30 11:04:19,2022-03-30 11:13:15,2022-03-30 11:13:15
7007587091,กท.79-5584,2022-03-30 11:06:57,2022-03-30 11:13:15,2022-03-30 11:22:07,2022-03-30 11:22:07
7007594228,กท.79-7691,2022-03-30 11:14:51,2022-03-30 11:22:07,2022-03-30 11:27:58,2022-03-30 11:27:58
7007594420,ชม.70-5301,2022-03-30 11:48:32,2022-03-30 11:48:32,2022-03-30 11:57:14,2022-03-30 11:57:14
7007594171,กท.78-6742,2022-03-30 12:11:26,2022-03-30 12:11:26,2022-03-30 12:19:30,2022-03-30 12:19:30
7007592296,กท.79-1961,2022-03-30 12:12:46,2022-03-30 12:19:30,2022-03-30 12:26:29,2022-03-30 12:26:29
7007594518,นม.70-6721,2022-03-30 12:22:28,2022-03-30 12:26:29,2022-03-30 12:36:24,2022-03-30 12:36:24
7007594510,ชบ.85-0496,2022-03-30 12:23:01,2022-03-30 12:36:24,2022-03-30 12:45:29,2022-03-30 12:45:29
7007594538,กท.75-7868,2022-03-30 12:32:32,2022-03-30 12:45:29,2022-03-30 12:52:29,2022-03-30 12:52:29
7007594547,ลพ.70-0785,2022-03-30 12:50:48,2022-03-30 12:52:29,2022-03-30 13:02:23,2022-03-30 13:02:23
7007594577,ชม.70-5125,2022-03-30 13:06:12,2022-03-30 13:06:12,2022-03-30 13:12:36,2022-03-30 13:12:36
7007594600,จบ.80-8540,2022-03-30 13:17:01,2022-03-30 13:17:01,2022-03-30 13:25:39,2022-03-30 13:25:39
7007594642,กท.75-0640,2022-03-30 13:19:29,2022-03-30 13:25:39,2022-03-30 13:33:09,2022-03-30 13:33:09
7007594301,กท.77-8133,2022-03-30 13:31:48,2022-03-30 13:33:09,2022-03-30 13:40:28,2022-03-30 13:40:28
7007594693,กท.79-3259,2022-03-30 13:47:56,2022-03-30 13:47:56,2022-03-30 13:54:15,2022-03-30 13:54:15
7007594685,นม.70-6730,2022-03-30 13:51:20,2022-03-30 13:54:15,2022-03-30 14:00:44,2022-03-30 14:00:44
7007594727,ชม.70-5991,2022-03-30 13:59:37,2022-03-30 14:00:44,2022-03-30 14:10:36,2022-03-30 14:10:36
7007594717,กท.79-3258,2022-03-30 14:08:39,2022-03-30 14:10:36,2022-03-30 14:20:04,2022-03-30 14:20:04
7007594777,ชม.70-4219,2022-03-30 14:15:51,2022-03-30 14:20:04,2022-03-30 14:25:29,2022-03-30 14:25:29
7007594771,ตร.80-5209,2022-03-30 14:25:12,2022-03-30 14:25:29,2022-03-30 14:30:34,2022-03-30 14:30:34
7007594795,สค.70-6125,2022-03-30 14:38:20,2022-03-30 14:38:20,2022-03-30 14:45:06,2022-03-30 14:45:06
7007594324,กท.75-1033,2022-03-30 14:54:43,2022-03-30 14:54:43,2022-03-30 15:01:10,2022-03-30 15:01:10
7007595234,กท.72-3498,2022-03-30 15:07:07,2022-03-30 15:07:07,2022-03-30 15:14:27,2022-03-30 15:14:27
7007595248,ชม.70-5420,2022-03-30 15:37:39,2022-03-30 15:37:39,2022-03-30 15:42:44,2022-03-30 15:42:44
7007595252,ชม.70-6751,2022-03-30 15:37:51,2022-03-30 15:42:44,2022-03-30 15:50:16,2022-03-30 15:50:16
7007595299,กท.79-1819,2022-03-30 15:41:16,2022-03-30 15:50:16,2022-03-30 15:59:01,2022-03-30 15:59:01
7007595323,สค.70-4074,2022-03-30 16:04:24,2022-03-30 16:04:24,2022-03-30 16:10:51,2022-03-30 16:10:51
7007595336,กท.79-6148,2022-03-30 16:29:43,2022-03-30 16:29:43,2022-03-30 16:36:42,2022-03-30 16:36:42
7007596162,สค.70-6119,2022-03-31 00:15:07,2022-03-31 00:15:07,2022-03-31 00:23:07,2022-03-31 00:23:07
7007596166,สค.70-4333,2022-03-31 00:21:33,2022-03-31 00:23:07,2022-03-31 00:30:13,2022-03-31 00:30:13
7007596164,สค.70-4386,2022-03-31 00:28:02,2022-03-31 00:30:13,2022-03-31 00:37:06,2022-03-31 00:37:06
7007596171,ชม.70-4219,2022-03-31 00:33:33,2022-03-31 00:37:06,2022-03-31 00:44:42,2022-03-31 00:44:42
7007596165,ชม.70-5300,2022-03-31 00:42:14,2022-03-31 00:44:42,2022-03-31 00:53:53,2022-03-31 00:53:53
7007596168,ลพ.70-0785,2022-03-31 00:51:23,2022-03-31 00:53:53,2022-03-31 00:59:01,2022-03-31 00:59:01
7007596169,สค.70-6124,2022-03-31 00:55:40,2022-03-31 00:59:01,2022-03-31 01:04:02,2022-03-31 01:04:02
7007596167,ชม.70-5299,2022-03-31 01:05:23,2022-03-31 01:05:23,2022-03-31 01:14:06,2022-03-31 01:14:06
7007596170,นม.70-5975,2022-03-31 01:08:06,2022-03-31 01:14:06,2022-03-31 01:19:25,2022-03-31 01:19:25
7007596183,นม.70-7502,2022-03-31 01:11:03,2022-03-31 01:19:25,2022-03-31 01:26:08,2022-03-31 01:26:08
7007596174,นม.70-7498,2022-03-31 01:16:39,2022-03-31 01:26:08,2022-03-31 01:32:37,2022-03-31 01:32:37
7007596188,ลพ.70-0674,2022-03-31 01:18:11,2022-03-31 01:32:37,2022-03-31 01:39:08,2022-03-31 01:39:08
7007596218,รย.71-2637,2022-03-31 01:59:42,2022-03-31 01:59:42,2022-03-31 02:07:03,2022-03-31 02:07:03
7007594328,กท.76-4825,2022-03-31 02:05:15,2022-03-31 02:07:03,2022-03-31 02:13:36,2022-03-31 02:13:36
7007596219,ฉช.81-3257,2022-03-31 02:17:47,2022-03-31 02:17:47,2022-03-31 02:23:31,2022-03-31 02:23:31
7007596222,ชม.70-5302,2022-03-31 02:26:09,2022-03-31 02:26:09,2022-03-31 02:31:57,2022-03-31 02:31:57
7007596237,ชม.70-4355,2022-03-31 02:45:02,2022-03-31 02:45:02,2022-03-31 02:54:31,2022-03-31 02:54:31
7007596249,นม.70-6719,2022-03-31 03:21:01,2022-03-31 03:21:01,2022-03-31 03:28:17,2022-03-31 03:28:17
7007596250,ชบ.82-4190,2022-03-31 03:28:13,2022-03-31 03:28:17,2022-03-31 03:36:27,2022-03-31 03:36:27
7007596255,ชม.70-5261,2022-03-31 03:43:42,2022-03-31 03:43:42,2022-03-31 03:49:27,2022-03-31 03:49:27
7007594302,กท.77-8134,2022-03-31 04:12:27,2022-03-31 04:12:27,2022-03-31 04:20:36,2022-03-31 04:20:36
7007594294,กท.79-5584,2022-03-31 04:19:10,2022-03-31 04:20:36,2022-03-31 04:26:20,2022-03-31 04:26:20
7007594304,กท.60-4207,2022-03-31 06:15:51,2022-03-31 06:15:51,2022-03-31 06:22:49,2022-03-31 06:22:49
7007594316,กท.79-5843,2022-03-31 06:19:44,2022-03-31 06:22:49,2022-03-31 06:31:01,2022-03-31 06:31:01
7007595327,กท.79-1830,2022-03-31 06:29:10,2022-03-31 06:31:01,2022-03-31 06:38:13,2022-03-31 06:38:13
7007594293,กท.78-1149,2022-03-31 06:33:19,2022-03-31 06:38:13,2022-03-31 06:43:42,2022-03-31 06:43:42
7007594311,กท.79-1961,2022-03-31 06:42:53,2022-03-31 06:43:42,2022-03-31 06:50:11,2022-03-31 06:50:11
7007596363,สค.70-4335,2022-03-31 06:46:04,2022-03-31 06:50:11,2022-03-31 06:59:05,2022-03-31 06:59:05
7007594318,กท.79-0643,2022-03-31 06:54:18,2022-03-31 06:59:05,2022-03-31 07:08:48,2022-03-31 07:08:48
7007594308,กท.79-0144,2022-03-31 06:59:04,2022-03-31 07:08:48,2022-03-31 07:14:22,2022-03-31 07:14:22
7007594330,กท.79-5578,2022-03-31 07:16:09,2022-03-31 07:16:09,2022-03-31 07:22:45,2022-03-31 07:22:45
7007596387,สค.70-3935,2022-03-31 07:21:02,2022-03-31 07:22:45,2022-03-31 07:31:13,2022-03-31 07:31:13
7007596441,ชร.70-6493,2022-03-31 07:34:47,2022-03-31 07:34:47,2022-03-31 07:41:38,2022-03-31 07:41:38
7007594291,กท.74-9070,2022-03-31 07:38:19,2022-03-31 07:41:38,2022-03-31 07:51:15,2022-03-31 07:51:15
7007594290,กท.79-5579,2022-03-31 07:42:03,2022-03-31 07:51:15,2022-03-31 08:00:23,2022-03-31 08:00:23
7007596527,กท.79-5842,2022-03-31 07:46:35,2022-03-31 08:00:23,2022-03-31 08:05:34,2022-03-31 08:05:34
7007594793,กท.79-2716,2022-03-31 07:51:09,2022-03-31 08:05:34,2022-03-31 08:12:30,2022-03-31 08:12:30
7007594312,ฉช.82-7443,2022-03-31 07:51:27,2022-03-31 08:12:30,2022-03-31 08:19:26,2022-03-31 08:19:26
7007596611,สค.70-6123,2022-03-31 08:09:05,2022-03-31 08:19:26,2022-03-31 08:28:01,2022-03-31 08:28:01
7007596542,กท.79-7691,2022-03-31 08:09:27,2022-03-31 08:28:01,2022-03-31 08:37:39,2022-03-31 08:37:39
7007596631,กท.61-6634,2022-03-31 08:13:42,2022-03-31 08:37:39,2022-03-31 08:42:41,2022-03-31 08:42:41
7007594296,กท.79-0644,2022-03-31 08:17:24,2022-03-31 08:42:41,2022-03-31 08:52:16,2022-03-31 08:52:16
7007594336,กท.79-0641,2022-03-31 08:22:13,2022-03-31 08:52:16,2022-03-31 09:00:37,2022-03-31 09:00:37
7007594314,กท.79-5584,2022-03-31 08:23:17,2022-03-31 09:00:37,2022-03-31 09:09:09,2022-03-31 09:09:09
7007594292,กท.78-6742,2022-03-31 08:32:54,2022-03-31 09:09:09,2022-03-31 09:14:29,2022-03-31 09:14:29
7007594315,กท.79-2717,2022-03-31 08:39:21,2022-03-31 09:14:29,2022-03-31 09:21:29,2022-03-31 09:21:29
7007594306,กท.79-0642,2022-03-31 08:42:46,2022-03-31 09:21:29,2022-03-31 09:29:28,2022-03-31 09:29:28
7007594326,กท.76-4825,2022-03-31 09:05:59,2022-03-31 09:29:28,2022-03-31 09:35:40,2022-03-31 09:35:40
7007594335,กท.78-6744,2022-03-31 09:08:31,2022-03-31 09:35:40,2022-03-31 09:43:48,2022-03-31 09:43:48
7007596977,สค.70-3893,2022-03-31 09:21:46,2022-03-31 09:43:48,2022-03-31 09:48:54,2022-03-31 09:48:54
7007597044,นม.70-6589,2022-03-31 09:26:28,2022-03-31 09:48:54,2022-03-31 09:57:17,2022-03-31 09:57:17
7007597166,จบ.80-8222,2022-03-31 09:52:07,2022-03-31 09:57:17,2022-03-31 10:05:52,2022-03-31 10:05:52
7007594371,กท.79-0643,2022-03-31 09:56:05,2022-03-31 10:05:52,2022-03-31 10:12:57,2022-03-31 10:12:57
7007597262,ชบ.84-7139,2022-03-31 10:09:59,2022-03-31 10:12:57,2022-03-31 10:22:15,2022-03-31 10:22:15
7007597444,ชม.70-5125,2022-03-31 10:45:51,2022-03-31 10:45:51,2022-03-31 10:55:45,2022-03-31 10:55:45
7007597510,ชบ.85-0496,2022-03-31 10:47:09,2022-03-31 10:55:45,2022-03-31 11:01:34,2022-03-31 11:01:34
7007597526,กท.75-7868,2022-03-31 10:59:27,2022-03-31 11:01:34,2022-03-31 11:09:50,2022-03-31 11:09:50
7007597519,กท.60-9333,2022-03-31 11:02:23,2022-03-31 11:09:50,2022-03-31 11:15:34,2022-03-31 11:15:34
7007594334,กท.78-7993,2022-03-31 11:12:35,2022-03-31 11:15:34,2022-03-31 11:21:11,2022-03-31 11:21:11
7007597595,นม.70-6730,2022-03-31 11:26:11,2022-03-31 11:26:11,2022-03-31 11:34:45,2022-03-31 11:34:45
7007594303,กท.79-0642,2022-03-31 11:30:28,2022-03-31 11:34:45,2022-03-31 11:40:36,2022-03-31 11:40:36
7007595203,กท.78-6739,2022-03-31 11:32:10,2022-03-31 11:40:36,2022-03-31 11:49:02,2022-03-31 11:49:02
7007594327,กท.79-0841,2022-03-31 11:45:31,2022-03-31 11:49:02,2022-03-31 11:57:29,2022-03-31 11:57:29
7007597781,สค.70-5407,2022-03-31 11:56:25,2022-03-31 11:57:29,2022-03-31 12:03:23,2022-03-31 12:03:23
7007594329,กท.79-2717,2022-03-31 11:58:30,2022-03-31 12:03:23,2022-03-31 12:08:45,2022-03-31 12:08:45
7007597979,กท.79-3259,2022-03-31 12:15:17,2022-03-31 12:15:17,2022-03-31 12:22:18,2022-03-31 12:22:18
7007598434,ชบ.83-3599,2022-03-31 12:50:28,2022-03-31 12:50:28,2022-03-31 12:55:53,2022-03-31 12:55:53
7007598351,กท.78-4444,2022-03-31 12:52:40,2022-03-31 12:55:53,2022-03-31 13:00:59,2022-03-31 13:00:59
7007598684,ชบ.84-7237,2022-03-31 13:36:09,2022-03-31 13:36:09,2022-03-31 13:42:31,2022-03-31 13:42:31
7007598703,ชม.70-6755,2022-03-31 13:41:51,2022-03-31 13:42:31,2022-03-31 13:50:01,2022-03-31 13:50:01
7007598806,ชม.70-5299,2022-03-31 14:12:37,2022-03-31 14:12:37,2022-03-31 14:19:30,2022-03-31 14:19:30
7007594313,กท.75-1033,2022-03-31 14:39:42,2022-03-31 14:39:42,2022-03-31 14:47:16,2022-03-31 14:47:16
7007599226,ลพ.70-0674,2022-03-31 15:01:39,2022-03-31 15:01:39,2022-03-31 15:06:55,2022-03-31 15:06:55
7007599214,รย.71-2635,2022-03-31 15:05:26,2022-03-31 15:06:55,2022-03-31 15:16:19,2022-03-31 15:16:19
7007599224,ชม.70-5421,2022-03-31 15:06:00,2022-03-31 15:16:19,2022-03-31 15:21:20,2022-03-31 15:21:20
7007598917,กท.79-6148,2022-03-31 15:15:14,2022-03-31 15:21:20,2022-03-31 15:31:09,2022-03-31 15:31:09
7007599285,ชบ.84-7975,2022-03-31 15:17:29,2022-03-31 15:31:09,2022-03-31 15:40:43,2022-03-31 15:40:43
7007599332,ชม.70-5302,2022-03-31 15:26:07,2022-03-31 15:40:43,2022-03-31 15:49:23,2022-03-31 15:49:23
7007599402,กท.78-5932,2022-03-31 15:59:16,2022-03-31 15:59:16,2022-03-31 16:05:21,2022-03-31 16:05:21
7007599435,รย.81-6767,2022-03-31 16:02:04,2022-03-31 16:05:21,2022-03-31 16:10:57,2022-03-31 16:10:57
7007599659,ชม.70-5300,2022-03-31 17:30:00,2022-03-31 17:30:00,2022-03-31 17:36:22,2022-03-31 17:36:22
