po number,vehicle number,arrival time,start time,end time,departure time
7007392290,ชม.70-5299,2022-03-01 00:37:24,2022-03-01 00:37:24,2022-03-01 01:05:41,2022-03-01 01:05:41
7007384547,ฉช.81-4230,2022-03-01 00:43:47,2022-03-01 00:43:47,2022-03-01 01:31:39,2022-03-01 01:31:39
7007392291,ชม.70-6507,2022-03-01 00:55:31,2022-03-01 00:55:31,2022-03-01 01:40:02,2022-03-01 01:40:02
7007392292,ชม.70-5301,2022-03-01 01:01:05,2022-03-01 01:01:05,2022-03-01 01:50:40,2022-03-01 01:50:40
7007392354,ลพ.70-1223,2022-03-01 02:05:07,2022-03-01 02:05:07,2022-03-01 02:55:05,2022-03-01 02:55:05
7007392358,ชม.70-5300,2022-03-01 02:45:46,2022-03-01 02:45:46,2022-03-01 03:18:19,2022-03-01 03:18:19
7007384406,ฉช.82-8528,2022-03-01 02:32:44,2022-03-01 02:32:44,2022-03-01 03:22:40,2022-03-01 03:22:40
7007384302,ฉช.82-3201,2022-03-01 02:36:10,2022-03-01 02:36:10,2022-03-01 03:23:03,2022-03-01 03:23:03
7007392365,ชม.70-5302,2022-03-01 03:13:43,2022-03-01 03:13:43,2022-03-01 03:59:39,2022-03-01 03:59:39
7007392369,ชม.70-5261,2022-03-01 03:21:09,2022-03-01 03:21:09,2022-03-01 04:11:01,2022-03-01 04:11:01
7007392371,ชม.70-5193,2022-03-01 03:27:23,2022-03-01 03:27:23,2022-03-01 04:16:04,2022-03-01 04:16:04
7007384153,ฉช.82-7170,2022-03-01 04:04:44,2022-03-01 04:04:44,2022-03-01 04:52:41,2022-03-01 04:52:41
7007392379,ชม.70-6510,2022-03-01 04:12:37,2022-03-01 04:12:37,2022-03-01 05:02:37,2022-03-01 05:02:37
7007392381,กท.79-8993,2022-03-01 04:27:07,2022-03-01 04:27:07,2022-03-01 05:08:36,2022-03-01 05:08:36
7007384627,กท.79-1830,2022-03-01 04:24:17,2022-03-01 04:24:17,2022-03-01 05:14:10,2022-03-01 05:14:10
7007392380,ลพ.70-0785,2022-03-01 04:35:55,2022-03-01 04:52:41,2022-03-01 05:41:23,2022-03-01 05:41:23
7007384283,กท.79-5584,2022-03-01 04:40:00,2022-03-01 05:02:37,2022-03-01 05:44:59,2022-03-01 05:44:59
7007390699,กท.78-6739,2022-03-01 04:48:37,2022-03-01 05:08:36,2022-03-01 05:51:40,2022-03-01 05:51:40
7007384124,กท.79-0644,2022-03-01 05:09:54,2022-03-01 05:14:10,2022-03-01 06:01:59,2022-03-01 06:01:59
7007384617,กท.78-1149,2022-03-01 06:46:49,2022-03-01 06:46:49,2022-03-01 07:33:11,2022-03-01 07:33:11
7007386567,กท.78-6742,2022-03-01 06:58:43,2022-03-01 06:58:43,2022-03-01 07:36:12,2022-03-01 07:36:12
7007389550,กท.79-0643,2022-03-01 06:48:42,2022-03-01 06:48:42,2022-03-01 07:37:13,2022-03-01 07:37:13
7007386555,กท.79-5843,2022-03-01 07:07:48,2022-03-01 07:07:48,2022-03-01 07:56:04,2022-03-01 07:56:04
7007392442,กท.61-8383,2022-03-01 07:25:16,2022-03-01 07:37:13,2022-03-01 08:15:17,2022-03-01 08:15:17
7007389538,กท.78-7993,2022-03-01 07:24:49,2022-03-01 07:36:12,2022-03-01 08:19:04,2022-03-01 08:19:04
7007391507,กท.74-9067,2022-03-01 07:19:01,2022-03-01 07:33:11,2022-03-01 08:19:32,2022-03-01 08:19:32
7007384426,กท.77-8133,2022-03-01 07:31:43,2022-03-01 07:56:04,2022-03-01 08:36:41,2022-03-01 08:36:41
7007389485,กท.77-8134,2022-03-01 07:40:06,2022-03-01 08:15:17,2022-03-01 09:00:04,2022-03-01 09:00:04
7007384522,กท.77-9738,2022-03-01 08:00:37,2022-03-01 08:19:32,2022-03-01 09:05:14,2022-03-01 09:05:14
7007386516,กท.79-5578,2022-03-01 07:55:47,2022-03-01 08:19:04,2022-03-01 09:08:33,2022-03-01 09:08:33
7007384434,กท.79-0841,2022-03-01 08:09:14,2022-03-01 08:36:41,2022-03-01 09:26:15,2022-03-01 09:26:15
7007384144,กท.79-0642,2022-03-01 08:28:00,2022-03-01 09:05:14,2022-03-01 09:48:24,2022-03-01 09:48:24
7007384301,กท.79-2716,2022-03-01 08:26:19,2022-03-01 09:00:04,2022-03-01 09:49:59,2022-03-01 09:49:59
7007384574,กท.79-0641,2022-03-01 08:34:46,2022-03-01 09:08:33,2022-03-01 09:58:32,2022-03-01 09:58:32
7007384315,กท.79-5579,2022-03-01 08:52:51,2022-03-01 09:26:15,2022-03-01 10:16:02,2022-03-01 10:16:02
7007384565,กท.79-1961,2022-03-01 09:04:25,2022-03-01 09:48:24,2022-03-01 10:33:00,2022-03-01 10:33:00
7007390481,ฉช.82-7443,2022-03-01 09:13:42,2022-03-01 09:49:59,2022-03-01 10:34:07,2022-03-01 10:34:07
7007384363,กท.78-6744,2022-03-01 09:22:57,2022-03-01 09:58:32,2022-03-01 10:45:54,2022-03-01 10:45:54
7007384300,กท.79-2717,2022-03-01 09:34:07,2022-03-01 10:16:02,2022-03-01 10:53:36,2022-03-01 10:53:36
7007393167,กท.79-5840,2022-03-01 09:49:37,2022-03-01 10:34:07,2022-03-01 11:22:42,2022-03-01 11:22:42
7007392832,กท.79-3258,2022-03-01 09:38:21,2022-03-01 10:33:00,2022-03-01 11:22:55,2022-03-01 11:22:55
7007392852,ฉช.81-3257,2022-03-01 09:55:27,2022-03-01 10:45:54,2022-03-01 11:31:00,2022-03-01 11:31:00
7007386534,กท.79-0144,2022-03-01 10:09:34,2022-03-01 10:53:36,2022-03-01 11:43:19,2022-03-01 11:43:19
7007393176,กท.79-5841,2022-03-01 10:12:47,2022-03-01 11:22:42,2022-03-01 12:07:55,2022-03-01 12:07:55
7007393529,กท.79-3259,2022-03-01 10:24:38,2022-03-01 11:22:55,2022-03-01 12:12:52,2022-03-01 12:12:52
7007394427,ชบ.84-7156,2022-03-01 10:38:25,2022-03-01 11:31:00,2022-03-01 12:15:56,2022-03-01 12:15:56
7007384272,ฉช.82-4812,2022-03-01 10:47:47,2022-03-01 11:43:19,2022-03-01 12:33:04,2022-03-01 12:33:04
7007394732,นม.70-6730,2022-03-01 11:08:50,2022-03-01 12:07:55,2022-03-01 12:56:54,2022-03-01 12:56:54
7007395780,ชม.70-5420,2022-03-01 11:28:44,2022-03-01 12:15:56,2022-03-01 13:01:57,2022-03-01 13:01:57
7007394867,กท.75-9797,2022-03-01 11:24:44,2022-03-01 12:12:52,2022-03-01 13:02:37,2022-03-01 13:02:37
7007386582,กท.79-0841,2022-03-01 11:28:57,2022-03-01 12:33:04,2022-03-01 13:20:37,2022-03-01 13:20:37
7007396573,ฉช.82-7170,2022-03-01 11:44:42,2022-03-01 13:01:57,2022-03-01 13:44:46,2022-03-01 13:44:46
7007396153,กท.61-4383,2022-03-01 11:34:53,2022-03-01 12:56:54,2022-03-01 13:44:57,2022-03-01 13:44:57
7007384279,กท.79-5843,2022-03-01 11:54:56,2022-03-01 13:02:37,2022-03-01 13:48:10,2022-03-01 13:48:10
7007396804,ชบ.82-4190,2022-03-01 11:59:26,2022-03-01 13:20:37,2022-03-01 14:10:30,2022-03-01 14:10:30
7007384307,กท.78-1149,2022-03-01 12:42:23,2022-03-01 13:48:10,2022-03-01 14:25:59,2022-03-01 14:25:59
7007384500,กท.77-8134,2022-03-01 12:11:14,2022-03-01 13:44:46,2022-03-01 14:26:42,2022-03-01 14:26:42
7007384311,กท.79-0643,2022-03-01 12:27:12,2022-03-01 13:44:57,2022-03-01 14:34:35,2022-03-01 14:34:35
7007384355,กท.79-5579,2022-03-01 12:51:46,2022-03-01 14:10:30,2022-03-01 14:57:05,2022-03-01 14:57:05
7007398357,จบ.80-8222,2022-03-01 12:53:54,2022-03-01 14:25:59,2022-03-01 15:14:54,2022-03-01 15:14:54
7007397813,กท.79-3257,2022-03-01 13:03:40,2022-03-01 14:26:42,2022-03-01 15:15:59,2022-03-01 15:15:59
7007384319,กท.79-0641,2022-03-01 13:09:35,2022-03-01 14:34:35,2022-03-01 15:23:51,2022-03-01 15:23:51
7007384606,กท.78-6742,2022-03-01 13:14:56,2022-03-01 14:57:05,2022-03-01 15:45:26,2022-03-01 15:45:26
7007389499,กท.79-5578,2022-03-01 13:39:37,2022-03-01 15:15:59,2022-03-01 16:02:45,2022-03-01 16:02:45
7007398489,จบ.80-3645,2022-03-01 13:18:38,2022-03-01 15:14:54,2022-03-01 16:04:28,2022-03-01 16:04:28
7007384461,กท.74-9067,2022-03-01 13:43:04,2022-03-01 15:23:51,2022-03-01 16:09:40,2022-03-01 16:09:40
7007398517,กท.75-6899,2022-03-01 13:43:31,2022-03-01 15:45:26,2022-03-01 16:14:44,2022-03-01 16:14:44
7007398824,กท.61-4782,2022-03-01 14:10:52,2022-03-01 16:04:28,2022-03-01 16:49:24,2022-03-01 16:49:24
7007386510,กท.78-7993,2022-03-01 14:05:44,2022-03-01 16:02:45,2022-03-01 16:49:48,2022-03-01 16:49:48
7007399095,ชม.70-4355,2022-03-01 14:13:55,2022-03-01 16:09:40,2022-03-01 16:59:00,2022-03-01 16:59:00
7007399099,ลพ.70-0785,2022-03-01 14:22:16,2022-03-01 16:14:44,2022-03-01 17:04:43,2022-03-01 17:04:43
7007399155,กท.61-8383,2022-03-01 14:28:38,2022-03-01 16:49:24,2022-03-01 17:34:09,2022-03-01 17:34:09
7007384473,กท.79-2717,2022-03-01 14:37:26,2022-03-01 16:49:48,2022-03-01 17:38:33,2022-03-01 17:38:33
7007384552,กท.77-9738,2022-03-01 14:47:14,2022-03-01 16:59:00,2022-03-01 17:42:49,2022-03-01 17:42:49
7007384313,กท.79-1830,2022-03-01 14:55:42,2022-03-01 17:04:43,2022-03-01 17:54:12,2022-03-01 17:54:12
7007384360,กท.79-0642,2022-03-01 15:23:37,2022-03-01 17:38:33,2022-03-01 18:09:42,2022-03-01 18:09:42
7007386573,กท.78-6742,2022-03-01 15:06:22,2022-03-01 17:34:09,2022-03-01 18:19:06,2022-03-01 18:19:06
7007391687,กท.79-1961,2022-03-01 15:26:40,2022-03-01 17:42:49,2022-03-01 18:27:14,2022-03-01 18:27:14
7007384135,กท.78-6739,2022-03-01 15:36:59,2022-03-01 17:54:12,2022-03-01 18:39:17,2022-03-01 18:39:17
7007399692,กท.79-3258,2022-03-01 15:45:21,2022-03-01 18:09:42,2022-03-01 18:59:41,2022-03-01 18:59:41
7007394057,ฉช.82-7443,2022-03-01 15:58:35,2022-03-01 18:27:14,2022-03-01 19:08:04,2022-03-01 19:08:04
7007384324,กท.78-6744,2022-03-01 15:54:10,2022-03-01 18:19:06,2022-03-01 19:09:01,2022-03-01 19:09:01
7007384139,กท.79-5584,2022-03-01 16:09:06,2022-03-01 18:39:17,2022-03-01 19:28:40,2022-03-01 19:28:40
7007386578,กท.79-0644,2022-03-01 16:16:44,2022-03-01 18:59:41,2022-03-01 19:40:20,2022-03-01 19:40:20
7007399829,กท.79-1819,2022-03-01 16:18:14,2022-03-01 19:08:04,2022-03-01 19:53:25,2022-03-01 19:53:25
7007399951,ชม.70-5421,2022-03-01 16:43:43,2022-03-01 19:09:01,2022-03-01 19:53:44,2022-03-01 19:53:44
7007386530,กท.78-1149,2022-03-01 16:44:47,2022-03-01 19:28:40,2022-03-01 20:02:18,2022-03-01 20:02:18
7007384557,กท.79-0641,2022-03-01 16:47:37,2022-03-01 19:40:20,2022-03-01 20:29:20,2022-03-01 20:29:20
7007386562,กท.79-0144,2022-03-01 17:03:15,2022-03-01 19:53:44,2022-03-01 20:40:14,2022-03-01 20:40:14
7007398216,กท.79-0643,2022-03-01 16:49:39,2022-03-01 19:53:25,2022-03-01 20:40:42,2022-03-01 20:40:42
7007400044,สค.70-6125,2022-03-01 17:13:45,2022-03-01 20:02:18,2022-03-01 20:52:03,2022-03-01 20:52:03
7007399979,ชม.70-5123,2022-03-01 17:17:47,2022-03-01 20:29:20,2022-03-01 21:14:03,2022-03-01 21:14:03
7007396253,กท.77-8133,2022-03-01 17:32:55,2022-03-01 20:40:42,2022-03-01 21:24:52,2022-03-01 21:24:52
7007400256,ชม.70-5125,2022-03-01 17:26:48,2022-03-01 20:40:14,2022-03-01 21:30:14,2022-03-01 21:30:14
7007400466,ชม.70-5299,2022-03-01 17:40:24,2022-03-01 20:52:03,2022-03-01 21:42:03,2022-03-01 21:42:03
7007400472,ชม.70-5301,2022-03-01 17:43:54,2022-03-01 21:14:03,2022-03-01 22:04:03,2022-03-01 22:04:03
7007384293,กท.79-5579,2022-03-01 18:01:34,2022-03-01 21:24:52,2022-03-01 22:08:17,2022-03-01 22:08:17
7007396237,กท.77-9738,2022-03-01 18:16:30,2022-03-01 21:30:14,2022-03-01 22:20:11,2022-03-01 22:20:11
7007400590,สค.70-4074,2022-03-01 18:31:29,2022-03-01 21:42:03,2022-03-01 22:30:38,2022-03-01 22:30:38
7007400742,กท.79-6148,2022-03-01 18:31:44,2022-03-01 22:04:03,2022-03-01 22:54:01,2022-03-01 22:54:01
7007400755,นม.70-6589,2022-03-01 18:44:27,2022-03-01 22:08:17,2022-03-01 22:58:17,2022-03-01 22:58:17
7007398716,ฉช.81-4230,2022-03-01 18:51:55,2022-03-01 22:20:11,2022-03-01 23:05:45,2022-03-01 23:05:45
7007399498,กท.79-2717,2022-03-01 19:02:59,2022-03-01 22:30:38,2022-03-01 23:17:39,2022-03-01 23:17:39
7007396934,กท.79-5579,2022-03-01 19:09:26,2022-03-01 22:54:01,2022-03-01 23:43:51,2022-03-01 23:43:51
7007400210,กท.79-1830,2022-03-01 19:20:59,2022-03-01 22:58:17,2022-03-01 23:46:08,2022-03-01 23:46:08
7007396745,กท.79-5843,2022-03-01 19:54:34,2022-03-01 23:05:45,2022-03-01 23:53:51,2022-03-01 23:53:51
7007396973,กท.79-0144,2022-03-01 20:28:22,2022-03-01 23:17:39,2022-03-01 23:54:27,2022-03-01 23:54:27
7007401319,สค.70-2917,2022-03-02 00:43:33,2022-03-02 00:43:33,2022-03-02 01:24:13,2022-03-02 01:24:13
7007401324,ชม.70-5302,2022-03-02 01:00:12,2022-03-02 01:00:12,2022-03-02 01:44:38,2022-03-02 01:44:38
7007401320,สค.70-2507,2022-03-02 01:04:19,2022-03-02 01:04:19,2022-03-02 01:47:57,2022-03-02 01:47:57
7007401328,ชม.70-4355,2022-03-02 01:16:34,2022-03-02 01:16:34,2022-03-02 02:02:19,2022-03-02 02:02:19
7007396901,ฉช.82-8346,2022-03-02 01:47:54,2022-03-02 01:47:54,2022-03-02 02:37:42,2022-03-02 02:37:42
7007401375,ฉช.82-3201,2022-03-02 02:35:34,2022-03-02 02:35:34,2022-03-02 03:22:12,2022-03-02 03:22:12
7007399517,ฉช.82-8528,2022-03-02 02:52:52,2022-03-02 02:52:52,2022-03-02 03:32:02,2022-03-02 03:32:02
7007401376,ชม.70-5261,2022-03-02 02:50:58,2022-03-02 02:50:58,2022-03-02 03:39:33,2022-03-02 03:39:33
7007399512,ฉช.82-7170,2022-03-02 03:00:43,2022-03-02 03:00:43,2022-03-02 03:50:34,2022-03-02 03:50:34
7007396906,ฉช.82-4812,2022-03-02 03:08:33,2022-03-02 03:22:12,2022-03-02 04:09:01,2022-03-02 04:09:01
7007401387,ลพ.70-0785,2022-03-02 03:35:22,2022-03-02 03:35:22,2022-03-02 04:25:16,2022-03-02 04:25:16
7007401405,กท.79-8993,2022-03-02 04:24:08,2022-03-02 04:24:08,2022-03-02 05:04:07,2022-03-02 05:04:07
7007401411,ชม.70-5192,2022-03-02 04:24:20,2022-03-02 04:24:20,2022-03-02 05:11:41,2022-03-02 05:11:41
7007401415,ลพ.70-1223,2022-03-02 04:59:50,2022-03-02 04:59:50,2022-03-02 05:49:28,2022-03-02 05:49:28
7007401449,ตร.80-5209,2022-03-02 06:28:12,2022-03-02 06:28:12,2022-03-02 07:15:32,2022-03-02 07:15:32
7007396593,กท.78-6742,2022-03-02 06:36:17,2022-03-02 06:36:17,2022-03-02 07:26:10,2022-03-02 07:26:10
7007396948,กท.79-1830,2022-03-02 06:53:27,2022-03-02 06:53:27,2022-03-02 07:42:13,2022-03-02 07:42:13
7007396724,กท.79-5584,2022-03-02 07:04:29,2022-03-02 07:04:29,2022-03-02 07:44:52,2022-03-02 07:44:52
7007396660,กท.79-0642,2022-03-02 07:13:25,2022-03-02 07:26:10,2022-03-02 07:58:52,2022-03-02 07:58:52
7007396713,กท.79-0643,2022-03-02 07:05:07,2022-03-02 07:15:32,2022-03-02 08:03:39,2022-03-02 08:03:39
7007396576,กท.79-1961,2022-03-02 07:28:39,2022-03-02 07:42:13,2022-03-02 08:31:56,2022-03-02 08:31:56
7007396911,กท.79-5578,2022-03-02 07:40:16,2022-03-02 08:03:39,2022-03-02 08:34:39,2022-03-02 08:34:39
7007401474,ชม.70-5194,2022-03-02 07:28:55,2022-03-02 07:44:52,2022-03-02 08:34:51,2022-03-02 08:34:51
7007401464,สค.70-6123,2022-03-02 07:30:13,2022-03-02 07:58:52,2022-03-02 08:48:25,2022-03-02 08:48:25
7007396984,กท.77-8133,2022-03-02 07:51:48,2022-03-02 08:34:39,2022-03-02 09:18:51,2022-03-02 09:18:51
7007396854,กท.74-9067,2022-03-02 08:06:59,2022-03-02 08:34:51,2022-03-02 09:21:19,2022-03-02 09:21:19
7007396920,กท.79-0641,2022-03-02 07:45:05,2022-03-02 08:31:56,2022-03-02 09:21:54,2022-03-02 09:21:54
7007400793,กท.78-1149,2022-03-02 08:15:31,2022-03-02 08:48:25,2022-03-02 09:38:23,2022-03-02 09:38:23
7007396915,กท.79-0841,2022-03-02 08:29:22,2022-03-02 09:21:19,2022-03-02 10:07:01,2022-03-02 10:07:01
7007400800,กท.78-7993,2022-03-02 08:24:09,2022-03-02 09:18:51,2022-03-02 10:08:12,2022-03-02 10:08:12
7007396929,กท.79-2716,2022-03-02 08:38:14,2022-03-02 09:21:54,2022-03-02 10:09:34,2022-03-02 10:09:34
7007396841,กท.74-9070,2022-03-02 08:44:56,2022-03-02 09:38:23,2022-03-02 10:28:10,2022-03-02 10:28:10
7007401649,ชม.70-5300,2022-03-02 09:03:36,2022-03-02 10:08:12,2022-03-02 10:34:59,2022-03-02 10:34:59
7007396567,กท.77-9738,2022-03-02 08:50:49,2022-03-02 10:07:01,2022-03-02 10:50:21,2022-03-02 10:50:21
7007396872,กท.77-8134,2022-03-02 09:04:51,2022-03-02 10:09:34,2022-03-02 10:58:09,2022-03-02 10:58:09
7007396883,กท.79-2717,2022-03-02 09:28:12,2022-03-02 10:28:10,2022-03-02 11:17:30,2022-03-02 11:17:30
7007396848,กท.78-6744,2022-03-02 09:34:56,2022-03-02 10:34:59,2022-03-02 11:23:06,2022-03-02 11:23:06
7007401746,ชม.70-5122,2022-03-02 09:49:54,2022-03-02 10:50:21,2022-03-02 11:39:07,2022-03-02 11:39:07
7007396582,กท.79-0644,2022-03-02 09:50:19,2022-03-02 10:58:09,2022-03-02 11:47:01,2022-03-02 11:47:01
7007401870,ชบ.83-3599,2022-03-02 10:10:10,2022-03-02 11:23:06,2022-03-02 12:05:53,2022-03-02 12:05:53
7007396735,ฉช.82-7443,2022-03-02 09:56:06,2022-03-02 11:17:30,2022-03-02 12:07:13,2022-03-02 12:07:13
7007401736,กท.77-6494,2022-03-02 10:10:19,2022-03-02 11:39:07,2022-03-02 12:25:38,2022-03-02 12:25:38
7007401933,ชม.70-5124,2022-03-02 10:29:42,2022-03-02 11:47:01,2022-03-02 12:36:51,2022-03-02 12:36:51
7007402041,กท.75-2786,2022-03-02 10:33:51,2022-03-02 12:05:53,2022-03-02 12:55:53,2022-03-02 12:55:53
7007402096,ชม.70-5299,2022-03-02 10:35:08,2022-03-02 12:07:13,2022-03-02 12:56:55,2022-03-02 12:56:55
7007402146,ชบ.84-7139,2022-03-02 10:47:30,2022-03-02 12:25:38,2022-03-02 13:13:59,2022-03-02 13:13:59
7007402297,กท.79-5840,2022-03-02 11:02:18,2022-03-02 12:36:51,2022-03-02 13:26:43,2022-03-02 13:26:43
7007402394,กท.79-1812,2022-03-02 11:32:54,2022-03-02 12:56:55,2022-03-02 13:35:57,2022-03-02 13:35:57
7007396922,กท.79-0641,2022-03-02 11:21:40,2022-03-02 12:55:53,2022-03-02 13:45:48,2022-03-02 13:45:48
7007402397,กท.79-5841,2022-03-02 11:38:59,2022-03-02 13:13:59,2022-03-02 14:03:59,2022-03-02 14:03:59
7007396557,กท.79-0841,2022-03-02 11:42:25,2022-03-02 13:26:43,2022-03-02 14:14:38,2022-03-02 14:14:38
7007402629,กท.75-3041,2022-03-02 11:56:03,2022-03-02 13:35:57,2022-03-02 14:25:50,2022-03-02 14:25:50
7007402515,กท.79-8993,2022-03-02 12:09:23,2022-03-02 13:45:48,2022-03-02 14:35:48,2022-03-02 14:35:48
7007399520,ฉช.82-3201,2022-03-02 12:31:25,2022-03-02 14:03:59,2022-03-02 14:53:26,2022-03-02 14:53:26
7007396940,กท.78-1149,2022-03-02 12:40:52,2022-03-02 14:14:38,2022-03-02 15:04:36,2022-03-02 15:04:36
7007396741,กท.79-1830,2022-03-02 13:13:24,2022-03-02 14:25:50,2022-03-02 15:11:10,2022-03-02 15:11:10
7007402064,กท.77-8134,2022-03-02 13:17:53,2022-03-02 14:35:48,2022-03-02 15:25:30,2022-03-02 15:25:30
7007403015,ฉช.81-3257,2022-03-02 13:19:05,2022-03-02 14:53:26,2022-03-02 15:40:20,2022-03-02 15:40:20
7007396719,ฉช.82-8346,2022-03-02 13:34:49,2022-03-02 15:04:36,2022-03-02 15:54:08,2022-03-02 15:54:08
7007403186,ชม.70-5421,2022-03-02 13:51:18,2022-03-02 15:11:10,2022-03-02 16:00:51,2022-03-02 16:00:51
7007403227,ชบ.82-4190,2022-03-02 13:56:03,2022-03-02 15:25:30,2022-03-02 16:15:30,2022-03-02 16:15:30
7007400192,กท.79-0643,2022-03-02 14:06:42,2022-03-02 15:40:20,2022-03-02 16:30:14,2022-03-02 16:30:14
7007402867,กท.77-9738,2022-03-02 14:20:10,2022-03-02 16:00:51,2022-03-02 16:38:51,2022-03-02 16:38:51
7007396926,กท.79-0644,2022-03-02 14:17:40,2022-03-02 15:54:08,2022-03-02 16:41:53,2022-03-02 16:41:53
7007396700,กท.79-0144,2022-03-02 14:35:12,2022-03-02 16:15:30,2022-03-02 17:03:37,2022-03-02 17:03:37
7007397004,กท.79-5578,2022-03-02 14:43:43,2022-03-02 16:30:14,2022-03-02 17:20:13,2022-03-02 17:20:13
7007402804,ฉช.82-7443,2022-03-02 15:02:46,2022-03-02 16:41:53,2022-03-02 17:26:05,2022-03-02 17:26:05
7007403473,รย.71-2638,2022-03-02 14:52:08,2022-03-02 16:38:51,2022-03-02 17:27:04,2022-03-02 17:27:04
7007396963,กท.77-8133,2022-03-02 15:11:42,2022-03-02 17:03:37,2022-03-02 17:52:02,2022-03-02 17:52:02
7007402133,กท.79-1961,2022-03-02 15:18:41,2022-03-02 17:20:13,2022-03-02 17:59:16,2022-03-02 17:59:16
7007403630,กท.79-3259,2022-03-02 15:40:26,2022-03-02 17:27:04,2022-03-02 18:14:11,2022-03-02 18:14:11
7007402798,กท.79-2717,2022-03-02 15:35:58,2022-03-02 17:26:05,2022-03-02 18:15:27,2022-03-02 18:15:27
7007403042,ฉช.81-4230,2022-03-02 15:45:50,2022-03-02 17:52:02,2022-03-02 18:41:46,2022-03-02 18:41:46
7007403283,กท.78-7993,2022-03-02 15:52:32,2022-03-02 17:59:16,2022-03-02 18:49:02,2022-03-02 18:49:02
7007403045,กท.79-0644,2022-03-02 16:14:37,2022-03-02 18:15:27,2022-03-02 18:55:06,2022-03-02 18:55:06
7007404153,รย.81-6767,2022-03-02 15:59:56,2022-03-02 18:14:11,2022-03-02 19:00:18,2022-03-02 19:00:18
7007404214,กท.79-5843,2022-03-02 16:21:44,2022-03-02 18:49:02,2022-03-02 19:27:46,2022-03-02 19:27:46
7007403111,กท.79-0642,2022-03-02 16:20:51,2022-03-02 18:41:46,2022-03-02 19:31:41,2022-03-02 19:31:41
7007404095,กท.79-3258,2022-03-02 16:41:07,2022-03-02 19:00:18,2022-03-02 19:35:47,2022-03-02 19:35:47
7007404286,ชม.70-5122,2022-03-02 16:35:10,2022-03-02 18:55:06,2022-03-02 19:44:52,2022-03-02 19:44:52
7007403077,กท.79-5579,2022-03-02 16:52:41,2022-03-02 19:27:46,2022-03-02 20:17:46,2022-03-02 20:17:46
7007404391,กท.77-7979,2022-03-02 16:53:35,2022-03-02 19:31:41,2022-03-02 20:20:24,2022-03-02 20:20:24
7007403100,กท.74-9067,2022-03-02 17:08:33,2022-03-02 19:35:47,2022-03-02 20:24:59,2022-03-02 20:24:59
7007404475,ลพ.70-0785,2022-03-02 17:27:41,2022-03-02 19:44:52,2022-03-02 20:33:46,2022-03-02 20:33:46
7007403063,กท.74-9070,2022-03-02 18:03:27,2022-03-02 20:17:46,2022-03-02 21:07:22,2022-03-02 21:07:22
7007405712,ชม.70-5300,2022-03-03 00:54:37,2022-03-03 00:54:37,2022-03-03 01:39:09,2022-03-03 01:39:09
7007405714,ชม.70-5301,2022-03-03 01:07:29,2022-03-03 01:07:29,2022-03-03 01:45:09,2022-03-03 01:45:09
7007405711,ชม.70-4355,2022-03-03 00:59:04,2022-03-03 00:59:04,2022-03-03 01:45:14,2022-03-03 01:45:14
7007405751,รย.71-2635,2022-03-03 01:41:51,2022-03-03 01:41:51,2022-03-03 02:27:59,2022-03-03 02:27:59
7007403104,ฉช.82-3201,2022-03-03 02:39:21,2022-03-03 02:39:21,2022-03-03 03:25:18,2022-03-03 03:25:18
7007403091,ฉช.82-4812,2022-03-03 02:54:22,2022-03-03 02:54:22,2022-03-03 03:36:38,2022-03-03 03:36:38
7007403106,ฉช.82-0002,2022-03-03 02:56:07,2022-03-03 02:56:07,2022-03-03 03:45:58,2022-03-03 03:45:58
7007403136,ฉช.82-7170,2022-03-03 03:02:23,2022-03-03 03:02:23,2022-03-03 03:50:17,2022-03-03 03:50:17
7007405783,ชม.70-5261,2022-03-03 03:14:25,2022-03-03 03:25:18,2022-03-03 04:13:07,2022-03-03 04:13:07
7007403089,ฉช.82-8346,2022-03-03 03:31:00,2022-03-03 03:36:38,2022-03-03 04:26:38,2022-03-03 04:26:38
7007405811,กท.79-7691,2022-03-03 04:23:25,2022-03-03 04:23:25,2022-03-03 05:13:22,2022-03-03 05:13:22
7007405834,สค.70-6125,2022-03-03 06:42:03,2022-03-03 06:42:03,2022-03-03 07:27:37,2022-03-03 07:27:37
7007403066,กท.79-0643,2022-03-03 06:48:13,2022-03-03 06:48:13,2022-03-03 07:35:38,2022-03-03 07:35:38
7007403052,กท.78-1149,2022-03-03 06:52:28,2022-03-03 06:52:28,2022-03-03 07:42:27,2022-03-03 07:42:27
7007403102,กท.79-1830,2022-03-03 07:03:40,2022-03-03 07:03:40,2022-03-03 07:52:06,2022-03-03 07:52:06
7007403083,กท.79-5584,2022-03-03 07:21:51,2022-03-03 07:35:38,2022-03-03 08:12:10,2022-03-03 08:12:10
7007405843,ชม.70-6507,2022-03-03 07:15:02,2022-03-03 07:27:37,2022-03-03 08:12:12,2022-03-03 08:12:12
7007403513,กท.79-5578,2022-03-03 07:28:14,2022-03-03 07:52:06,2022-03-03 08:26:46,2022-03-03 08:26:46
7007403098,กท.78-6744,2022-03-03 07:24:03,2022-03-03 07:42:27,2022-03-03 08:30:30,2022-03-03 08:30:30
7007403092,กท.77-9738,2022-03-03 07:37:56,2022-03-03 08:12:10,2022-03-03 08:48:16,2022-03-03 08:48:16
7007405859,ลพ.70-1223,2022-03-03 07:55:10,2022-03-03 08:12:12,2022-03-03 08:54:50,2022-03-03 08:54:50
7007403078,กท.77-8133,2022-03-03 07:59:03,2022-03-03 08:26:46,2022-03-03 09:16:43,2022-03-03 09:16:43
7007403048,กท.79-2716,2022-03-03 08:11:03,2022-03-03 08:30:30,2022-03-03 09:20:15,2022-03-03 09:20:15
7007403034,กท.78-6739,2022-03-03 08:37:18,2022-03-03 08:48:16,2022-03-03 09:34:12,2022-03-03 09:34:12
7007405903,ชม.70-5299,2022-03-03 08:38:14,2022-03-03 08:54:50,2022-03-03 09:44:50,2022-03-03 09:44:50
7007403036,กท.79-0641,2022-03-03 08:41:26,2022-03-03 09:16:43,2022-03-03 09:56:06,2022-03-03 09:56:06
7007403512,กท.79-0144,2022-03-03 08:51:21,2022-03-03 09:20:15,2022-03-03 10:09:09,2022-03-03 10:09:09
7007404797,กท.79-0841,2022-03-03 08:57:09,2022-03-03 09:34:12,2022-03-03 10:15:35,2022-03-03 10:15:35
7007406006,กท.61-4383,2022-03-03 09:00:24,2022-03-03 09:44:50,2022-03-03 10:32:06,2022-03-03 10:32:06
7007403041,กท.79-2717,2022-03-03 09:09:58,2022-03-03 09:56:06,2022-03-03 10:42:46,2022-03-03 10:42:46
7007403109,ฉช.82-7443,2022-03-03 09:16:57,2022-03-03 10:09:09,2022-03-03 10:53:13,2022-03-03 10:53:13
7007406352,กท.79-5840,2022-03-03 09:27:22,2022-03-03 10:15:35,2022-03-03 11:04:39,2022-03-03 11:04:39
7007403038,ฉช.82-7170,2022-03-03 09:40:06,2022-03-03 10:32:06,2022-03-03 11:09:14,2022-03-03 11:09:14
7007403068,กท.78-7993,2022-03-03 09:51:07,2022-03-03 10:42:46,2022-03-03 11:32:08,2022-03-03 11:32:08
7007406402,กท.79-3259,2022-03-03 09:53:52,2022-03-03 10:53:13,2022-03-03 11:38:12,2022-03-03 11:38:12
7007406592,ชบ.84-7139,2022-03-03 09:56:37,2022-03-03 11:04:39,2022-03-03 11:48:32,2022-03-03 11:48:32
7007406568,ชม.70-5302,2022-03-03 10:09:34,2022-03-03 11:09:14,2022-03-03 11:58:26,2022-03-03 11:58:26
7007403046,กท.77-8134,2022-03-03 10:12:04,2022-03-03 11:32:08,2022-03-03 12:22:02,2022-03-03 12:22:02
7007406612,ชบ.84-7237,2022-03-03 10:23:56,2022-03-03 11:38:12,2022-03-03 12:28:09,2022-03-03 12:28:09
7007406750,นม.70-6589,2022-03-03 11:10:19,2022-03-03 11:58:26,2022-03-03 12:34:41,2022-03-03 12:34:41
7007406718,ชบ.85-3878,2022-03-03 10:59:46,2022-03-03 11:48:32,2022-03-03 12:38:16,2022-03-03 12:38:16
7007406786,จบ.80-8222,2022-03-03 11:29:45,2022-03-03 12:22:02,2022-03-03 13:02:04,2022-03-03 13:02:04
7007406966,ชม.70-6510,2022-03-03 11:39:29,2022-03-03 12:28:09,2022-03-03 13:08:13,2022-03-03 13:08:13
7007407002,ชม.70-5194,2022-03-03 11:41:14,2022-03-03 12:34:41,2022-03-03 13:24:35,2022-03-03 13:24:35
7007403087,กท.79-0643,2022-03-03 12:02:18,2022-03-03 12:38:16,2022-03-03 13:26:49,2022-03-03 13:26:49
7007406790,ชบ.82-3097,2022-03-03 12:08:56,2022-03-03 13:02:04,2022-03-03 13:44:47,2022-03-03 13:44:47
7007407274,รย.82-0448,2022-03-03 12:20:42,2022-03-03 13:08:13,2022-03-03 13:54:24,2022-03-03 13:54:24
7007403094,กท.77-9738,2022-03-03 12:40:22,2022-03-03 13:24:35,2022-03-03 14:07:30,2022-03-03 14:07:30
7007407368,กท.75-6899,2022-03-03 12:47:31,2022-03-03 13:26:49,2022-03-03 14:09:39,2022-03-03 14:09:39
7007407399,กท.79-7691,2022-03-03 12:54:14,2022-03-03 13:44:47,2022-03-03 14:33:56,2022-03-03 14:33:56
7007403055,กท.79-2716,2022-03-03 13:05:17,2022-03-03 13:54:24,2022-03-03 14:38:28,2022-03-03 14:38:28
7007403097,กท.79-0144,2022-03-03 13:28:43,2022-03-03 14:07:30,2022-03-03 14:54:24,2022-03-03 14:54:24
7007403105,กท.79-1830,2022-03-03 13:29:46,2022-03-03 14:09:39,2022-03-03 14:59:27,2022-03-03 14:59:27
7007406416,กท.77-8133,2022-03-03 13:33:08,2022-03-03 14:33:56,2022-03-03 15:22:56,2022-03-03 15:22:56
7007406761,กท.77-8134,2022-03-03 13:36:50,2022-03-03 14:38:28,2022-03-03 15:28:27,2022-03-03 15:28:27
7007403107,กท.79-5578,2022-03-03 13:58:55,2022-03-03 14:54:24,2022-03-03 15:43:43,2022-03-03 15:43:43
7007407561,ชม.70-5301,2022-03-03 13:59:03,2022-03-03 14:59:27,2022-03-03 15:48:34,2022-03-03 15:48:34
7007406840,กท.79-0841,2022-03-03 14:14:50,2022-03-03 15:28:27,2022-03-03 16:09:07,2022-03-03 16:09:07
7007407927,ชม.70-5420,2022-03-03 14:06:44,2022-03-03 15:22:56,2022-03-03 16:12:56,2022-03-03 16:12:56
7007408047,กท.75-7868,2022-03-03 14:39:49,2022-03-03 15:48:34,2022-03-03 16:17:31,2022-03-03 16:17:31
7007408050,ชบ.82-4190,2022-03-03 14:18:52,2022-03-03 15:43:43,2022-03-03 16:26:20,2022-03-03 16:26:20
7007408040,ชม.70-5193,2022-03-03 14:48:57,2022-03-03 16:09:07,2022-03-03 16:54:56,2022-03-03 16:54:56
7007408069,ชม.70-5124,2022-03-03 14:51:49,2022-03-03 16:12:56,2022-03-03 16:57:10,2022-03-03 16:57:10
7007407963,ฉช.82-7443,2022-03-03 14:57:23,2022-03-03 16:17:31,2022-03-03 17:07:03,2022-03-03 17:07:03
7007403064,กท.78-6739,2022-03-03 15:04:43,2022-03-03 16:26:20,2022-03-03 17:16:20,2022-03-03 17:16:20
7007403110,กท.79-2717,2022-03-03 15:14:55,2022-03-03 16:57:10,2022-03-03 17:39:33,2022-03-03 17:39:33
7007403065,กท.79-5584,2022-03-03 15:10:03,2022-03-03 16:54:56,2022-03-03 17:42:02,2022-03-03 17:42:02
7007408108,ชบ.84-7975,2022-03-03 15:22:53,2022-03-03 17:07:03,2022-03-03 17:50:46,2022-03-03 17:50:46
7007408138,กท.79-3258,2022-03-03 15:37:37,2022-03-03 17:16:20,2022-03-03 18:06:19,2022-03-03 18:06:19
7007408480,ชม.70-5194,2022-03-03 15:44:52,2022-03-03 17:39:33,2022-03-03 18:27:41,2022-03-03 18:27:41
7007408454,กท.72-3498,2022-03-03 15:51:51,2022-03-03 17:50:46,2022-03-03 18:28:40,2022-03-03 18:28:40
7007403050,กท.79-0641,2022-03-03 15:49:09,2022-03-03 17:42:02,2022-03-03 18:31:08,2022-03-03 18:31:08
7007406980,กท.79-0644,2022-03-03 16:04:06,2022-03-03 18:06:19,2022-03-03 18:55:51,2022-03-03 18:55:51
7007408749,กท.61-4783,2022-03-03 16:22:03,2022-03-03 18:31:08,2022-03-03 19:14:36,2022-03-03 19:14:36
7007408664,กท.79-8995,2022-03-03 16:08:20,2022-03-03 18:28:40,2022-03-03 19:16:53,2022-03-03 19:16:53
7007408439,กท.79-5841,2022-03-03 16:05:09,2022-03-03 18:27:41,2022-03-03 19:17:41,2022-03-03 19:17:41
7007408840,ชม.70-4355,2022-03-03 16:29:50,2022-03-03 18:55:51,2022-03-03 19:41:59,2022-03-03 19:41:59
7007409051,กท.79-6704,2022-03-03 16:53:34,2022-03-03 19:17:41,2022-03-03 19:57:04,2022-03-03 19:57:04
7007408956,กท.75-7868,2022-03-03 16:40:20,2022-03-03 19:14:36,2022-03-03 20:03:55,2022-03-03 20:03:55
7007406762,กท.78-1149,2022-03-03 16:47:39,2022-03-03 19:16:53,2022-03-03 20:06:40,2022-03-03 20:06:40
7007406810,ฉช.81-4230,2022-03-03 17:06:24,2022-03-03 19:41:59,2022-03-03 20:31:52,2022-03-03 20:31:52
7007406413,กท.79-5843,2022-03-03 17:06:36,2022-03-03 19:57:04,2022-03-03 20:44:25,2022-03-03 20:44:25
7007406805,กท.74-9067,2022-03-03 17:21:10,2022-03-03 20:03:55,2022-03-03 20:50:48,2022-03-03 20:50:48
7007406767,กท.78-7993,2022-03-03 17:29:16,2022-03-03 20:06:40,2022-03-03 20:56:11,2022-03-03 20:56:11
7007409297,สค.70-6123,2022-03-03 17:35:12,2022-03-03 20:31:52,2022-03-03 21:14:54,2022-03-03 21:14:54
7007409271,กท.79-5579,2022-03-03 17:38:45,2022-03-03 20:44:25,2022-03-03 21:32:49,2022-03-03 21:32:49
7007406881,กท.79-5578,2022-03-03 17:42:11,2022-03-03 20:50:48,2022-03-03 21:38:40,2022-03-03 21:38:40
7007409967,สค.70-4074,2022-03-03 17:50:51,2022-03-03 20:56:11,2022-03-03 21:44:49,2022-03-03 21:44:49
7007408083,กท.79-1830,2022-03-03 17:59:40,2022-03-03 21:14:54,2022-03-03 21:59:46,2022-03-03 21:59:46
7007410671,ชม.70-5300,2022-03-03 18:24:09,2022-03-03 21:38:40,2022-03-03 22:15:03,2022-03-03 22:15:03
7007410622,กท.74-9070,2022-03-03 18:12:54,2022-03-03 21:32:49,2022-03-03 22:19:53,2022-03-03 22:19:53
7007411271,สค.70-2917,2022-03-04 00:43:24,2022-03-04 00:43:24,2022-03-04 01:30:27,2022-03-04 01:30:27
7007411275,ชม.70-5302,2022-03-04 00:49:44,2022-03-04 00:49:44,2022-03-04 01:34:54,2022-03-04 01:34:54
7007411301,ลพ.70-0785,2022-03-04 01:23:28,2022-03-04 01:23:28,2022-03-04 02:07:01,2022-03-04 02:07:01
7007411325,ชม.70-5299,2022-03-04 01:49:08,2022-03-04 01:49:08,2022-03-04 02:31:51,2022-03-04 02:31:51
7007411351,ชม.70-5261,2022-03-04 02:33:12,2022-03-04 02:33:12,2022-03-04 03:13:47,2022-03-04 03:13:47
7007411350,ชม.70-5195,2022-03-04 02:42:15,2022-03-04 02:42:15,2022-03-04 03:30:28,2022-03-04 03:30:28
7007411372,นม.70-6730,2022-03-04 03:59:54,2022-03-04 03:59:54,2022-03-04 04:49:47,2022-03-04 04:49:47
7007411394,ชม.70-5301,2022-03-04 04:51:54,2022-03-04 04:51:54,2022-03-04 05:25:06,2022-03-04 05:25:06
7007406846,กท.78-1149,2022-03-04 06:30:37,2022-03-04 06:30:37,2022-03-04 07:11:42,2022-03-04 07:11:42
7007406861,กท.78-6742,2022-03-04 06:44:04,2022-03-04 06:44:04,2022-03-04 07:23:42,2022-03-04 07:23:42
7007406873,กท.79-2717,2022-03-04 06:47:23,2022-03-04 06:47:23,2022-03-04 07:37:16,2022-03-04 07:37:16
7007409522,กท.79-5584,2022-03-04 07:10:46,2022-03-04 07:10:46,2022-03-04 07:57:47,2022-03-04 07:57:47
7007406828,กท.79-5843,2022-03-04 07:16:00,2022-03-04 07:16:00,2022-03-04 08:03:38,2022-03-04 08:03:38
7007411461,สค.70-6125,2022-03-04 07:17:52,2022-03-04 07:23:42,2022-03-04 08:13:36,2022-03-04 08:13:36
7007410120,กท.77-8133,2022-03-04 07:27:08,2022-03-04 07:37:16,2022-03-04 08:27:01,2022-03-04 08:27:01
7007406765,กท.77-9738,2022-03-04 07:28:10,2022-03-04 07:57:47,2022-03-04 08:46:38,2022-03-04 08:46:38
7007406825,กท.79-0642,2022-03-04 07:54:11,2022-03-04 08:03:38,2022-03-04 08:53:24,2022-03-04 08:53:24
7007406787,กท.79-0643,2022-03-04 07:58:50,2022-03-04 08:13:36,2022-03-04 09:03:01,2022-03-04 09:03:01
7007409277,กท.79-0144,2022-03-04 08:19:52,2022-03-04 08:27:01,2022-03-04 09:04:36,2022-03-04 09:04:36
7007408211,กท.79-2716,2022-03-04 08:23:59,2022-03-04 08:46:38,2022-03-04 09:34:13,2022-03-04 09:34:13
7007406833,กท.79-0841,2022-03-04 08:28:02,2022-03-04 08:53:24,2022-03-04 09:43:21,2022-03-04 09:43:21
7007409265,กท.79-1961,2022-03-04 08:34:18,2022-03-04 09:03:01,2022-03-04 09:44:56,2022-03-04 09:44:56
7007406818,กท.77-8134,2022-03-04 08:42:04,2022-03-04 09:04:36,2022-03-04 09:48:35,2022-03-04 09:48:35
7007411649,ชม.70-5122,2022-03-04 09:06:32,2022-03-04 09:34:13,2022-03-04 10:22:31,2022-03-04 10:22:31
7007408104,กท.78-6739,2022-03-04 09:11:14,2022-03-04 09:43:21,2022-03-04 10:31:18,2022-03-04 10:31:18
7007411806,กท.79-3257,2022-03-04 09:17:26,2022-03-04 09:48:35,2022-03-04 10:37:33,2022-03-04 10:37:33
7007411850,ชม.70-5125,2022-03-04 09:40:04,2022-03-04 10:31:18,2022-03-04 11:01:41,2022-03-04 11:01:41
7007406820,กท.79-0644,2022-03-04 09:27:29,2022-03-04 10:22:31,2022-03-04 11:12:29,2022-03-04 11:12:29
7007411828,นม.70-6730,2022-03-04 09:40:11,2022-03-04 10:37:33,2022-03-04 11:27:24,2022-03-04 11:27:24
7007406879,กท.74-9070,2022-03-04 09:52:27,2022-03-04 11:01:41,2022-03-04 11:51:31,2022-03-04 11:51:31
7007408954,กท.78-6744,2022-03-04 09:58:46,2022-03-04 11:12:29,2022-03-04 12:01:52,2022-03-04 12:01:52
7007412212,ชม.70-4355,2022-03-04 10:09:44,2022-03-04 11:25:43,2022-03-04 12:15:40,2022-03-04 12:15:40
7007408084,ฉช.82-7443,2022-03-04 10:38:33,2022-03-04 11:27:24,2022-03-04 12:16:20,2022-03-04 12:16:20
7007406791,กท.77-8134,2022-03-04 10:48:57,2022-03-04 11:51:31,2022-03-04 12:41:29,2022-03-04 12:41:29
7007412236,กท.79-2717,2022-03-04 10:54:42,2022-03-04 12:01:52,2022-03-04 12:46:27,2022-03-04 12:46:27
7007412529,กท.77-6494,2022-03-04 11:20:20,2022-03-04 12:16:20,2022-03-04 12:54:48,2022-03-04 12:54:48
7007412280,ชบ.84-7139,2022-03-04 11:02:34,2022-03-04 12:15:40,2022-03-04 12:59:30,2022-03-04 12:59:30
7007412534,กท.75-9797,2022-03-04 11:35:40,2022-03-04 12:41:29,2022-03-04 13:31:23,2022-03-04 13:31:23
7007412576,จบ.80-8222,2022-03-04 11:38:10,2022-03-04 12:46:27,2022-03-04 13:36:26,2022-03-04 13:36:26
7007412625,ชม.70-5420,2022-03-04 11:48:28,2022-03-04 12:54:48,2022-03-04 13:42:01,2022-03-04 13:42:01
7007406883,กท.77-8133,2022-03-04 11:49:44,2022-03-04 12:59:30,2022-03-04 13:49:30,2022-03-04 13:49:30
7007406836,กท.79-0841,2022-03-04 12:11:54,2022-03-04 13:31:23,2022-03-04 14:12:12,2022-03-04 14:12:12
7007406876,กท.79-1961,2022-03-04 12:13:13,2022-03-04 13:36:26,2022-03-04 14:25:14,2022-03-04 14:25:14
7007406814,กท.77-9738,2022-03-04 12:24:31,2022-03-04 13:42:01,2022-03-04 14:30:59,2022-03-04 14:30:59
7007412991,จบ.80-3645,2022-03-04 12:38:00,2022-03-04 13:49:30,2022-03-04 14:37:46,2022-03-04 14:37:46
7007406877,กท.78-6739,2022-03-04 12:44:57,2022-03-04 14:12:12,2022-03-04 15:00:28,2022-03-04 15:00:28
7007413053,ลพ.70-0785,2022-03-04 12:55:56,2022-03-04 14:25:14,2022-03-04 15:02:38,2022-03-04 15:02:38
7007413044,กท.79-3257,2022-03-04 13:06:00,2022-03-04 14:37:46,2022-03-04 15:07:08,2022-03-04 15:07:08
7007409260,กท.79-0144,2022-03-04 13:02:28,2022-03-04 14:30:59,2022-03-04 15:11:51,2022-03-04 15:11:51
7007413123,ฉช.81-3257,2022-03-04 13:20:57,2022-03-04 15:00:28,2022-03-04 15:44:53,2022-03-04 15:44:53
7007413171,รย.82-0448,2022-03-04 13:27:19,2022-03-04 15:07:08,2022-03-04 15:48:52,2022-03-04 15:48:52
7007412435,กท.78-7993,2022-03-04 13:22:19,2022-03-04 15:02:38,2022-03-04 15:50:30,2022-03-04 15:50:30
7007406831,กท.78-1149,2022-03-04 13:32:57,2022-03-04 15:11:51,2022-03-04 15:55:19,2022-03-04 15:55:19
7007413322,ชบ.85-3878,2022-03-04 13:40:46,2022-03-04 15:44:53,2022-03-04 16:34:52,2022-03-04 16:34:52
7007413359,รย.81-1375,2022-03-04 13:50:36,2022-03-04 15:48:52,2022-03-04 16:38:32,2022-03-04 16:38:32
7007413366,กท.78-5932,2022-03-04 14:04:12,2022-03-04 15:50:30,2022-03-04 16:38:50,2022-03-04 16:38:50
7007412431,กท.79-1830,2022-03-04 14:08:48,2022-03-04 15:55:19,2022-03-04 16:45:18,2022-03-04 16:45:18
7007413454,กท.79-2716,2022-03-04 14:21:54,2022-03-04 16:34:52,2022-03-04 17:23:10,2022-03-04 17:23:10
7007413515,กท.79-5840,2022-03-04 14:31:56,2022-03-04 16:38:50,2022-03-04 17:23:34,2022-03-04 17:23:34
7007413309,กท.79-5584,2022-03-04 14:26:25,2022-03-04 16:38:32,2022-03-04 17:25:55,2022-03-04 17:25:55
7007413524,ชม.70-5300,2022-03-04 14:35:06,2022-03-04 16:45:18,2022-03-04 17:35:07,2022-03-04 17:35:07
7007413737,ชม.70-5421,2022-03-04 15:02:00,2022-03-04 17:25:55,2022-03-04 18:02:54,2022-03-04 18:02:54
7007413595,สค.70-4074,2022-03-04 14:49:12,2022-03-04 17:23:34,2022-03-04 18:04:54,2022-03-04 18:04:54
7007413561,กท.79-8993,2022-03-04 14:38:51,2022-03-04 17:23:10,2022-03-04 18:12:17,2022-03-04 18:12:17
7007413736,ชม.70-5123,2022-03-04 15:11:53,2022-03-04 17:35:07,2022-03-04 18:25:03,2022-03-04 18:25:03
7007413417,ฉช.81-4230,2022-03-04 15:29:52,2022-03-04 18:04:54,2022-03-04 18:49:11,2022-03-04 18:49:11
7007413698,กท.79-3259,2022-03-04 15:22:47,2022-03-04 18:02:54,2022-03-04 18:52:45,2022-03-04 18:52:45
7007413834,รย.71-2637,2022-03-04 15:37:27,2022-03-04 18:12:17,2022-03-04 19:02:11,2022-03-04 19:02:11
7007413697,กท.77-9738,2022-03-04 15:46:40,2022-03-04 18:25:03,2022-03-04 19:10:12,2022-03-04 19:10:12
7007413968,กท.79-1818,2022-03-04 15:48:37,2022-03-04 18:49:11,2022-03-04 19:38:47,2022-03-04 19:38:47
7007413605,กท.78-6739,2022-03-04 15:55:52,2022-03-04 18:52:45,2022-03-04 19:39:36,2022-03-04 19:39:36
7007413969,กท.79-3258,2022-03-04 16:04:02,2022-03-04 19:02:11,2022-03-04 19:52:10,2022-03-04 19:52:10
7007414056,รย.81-6767,2022-03-04 16:13:04,2022-03-04 19:10:12,2022-03-04 19:59:39,2022-03-04 19:59:39
7007413687,กท.79-0644,2022-03-04 16:37:02,2022-03-04 19:39:36,2022-03-04 20:16:29,2022-03-04 20:16:29
7007414106,ชม.70-5302,2022-03-04 16:25:08,2022-03-04 19:38:47,2022-03-04 20:27:44,2022-03-04 20:27:44
7007414149,กท.79-3257,2022-03-04 16:37:45,2022-03-04 19:52:10,2022-03-04 20:41:52,2022-03-04 20:41:52
7007414219,ชม.70-5299,2022-03-04 17:08:43,2022-03-04 19:59:39,2022-03-04 20:41:57,2022-03-04 20:41:57
7007414601,ลพ.70-0785,2022-03-05 00:41:39,2022-03-05 00:41:39,2022-03-05 01:29:58,2022-03-05 01:29:58
7007414605,สค.70-2507,2022-03-05 00:47:09,2022-03-05 00:47:09,2022-03-05 01:30:29,2022-03-05 01:30:29
7007414610,ชม.70-4355,2022-03-05 01:05:05,2022-03-05 01:05:05,2022-03-05 01:53:18,2022-03-05 01:53:18
7007414612,กท.79-3257,2022-03-05 01:26:39,2022-03-05 01:29:58,2022-03-05 02:03:05,2022-03-05 02:03:05
7007414606,ชม.70-5301,2022-03-05 01:19:12,2022-03-05 01:19:12,2022-03-05 02:09:10,2022-03-05 02:09:10
7007414680,กท.79-8995,2022-03-05 03:38:50,2022-03-05 03:38:50,2022-03-05 04:24:30,2022-03-05 04:24:30
7007414691,ชม.70-5261,2022-03-05 05:23:41,2022-03-05 05:23:41,2022-03-05 06:11:29,2022-03-05 06:11:29
7007414731,ชบ.85-3878,2022-03-05 06:28:56,2022-03-05 06:28:56,2022-03-05 07:17:48,2022-03-05 07:17:48
7007413775,กท.78-6742,2022-03-05 06:36:09,2022-03-05 06:36:09,2022-03-05 07:21:28,2022-03-05 07:21:28
7007414736,สค.70-6123,2022-03-05 06:47:52,2022-03-05 06:47:52,2022-03-05 07:25:29,2022-03-05 07:25:29
7007414728,ชบ.82-4190,2022-03-05 07:04:10,2022-03-05 07:04:10,2022-03-05 07:53:21,2022-03-05 07:53:21
7007413670,กท.78-1149,2022-03-05 07:15:35,2022-03-05 07:17:48,2022-03-05 08:07:23,2022-03-05 08:07:23
7007413602,กท.79-0642,2022-03-05 07:34:59,2022-03-05 07:34:59,2022-03-05 08:18:46,2022-03-05 08:18:46
7007413665,กท.79-0641,2022-03-05 07:46:31,2022-03-05 07:46:31,2022-03-05 08:36:13,2022-03-05 08:36:13
7007413608,กท.79-0841,2022-03-05 07:52:04,2022-03-05 07:53:21,2022-03-05 08:42:28,2022-03-05 08:42:28
7007414756,ชบ.84-7975,2022-03-05 07:57:10,2022-03-05 08:07:23,2022-03-05 08:44:07,2022-03-05 08:44:07
7007413695,กท.78-6744,2022-03-05 08:07:19,2022-03-05 08:18:46,2022-03-05 08:56:42,2022-03-05 08:56:42
7007413604,กท.77-8134,2022-03-05 08:13:00,2022-03-05 08:36:13,2022-03-05 09:21:22,2022-03-05 09:21:22
7007413692,กท.79-0144,2022-03-05 08:30:59,2022-03-05 08:42:28,2022-03-05 09:27:19,2022-03-05 09:27:19
7007413689,กท.78-7993,2022-03-05 08:36:28,2022-03-05 08:44:07,2022-03-05 09:33:10,2022-03-05 09:33:10
7007414777,กท.79-5841,2022-03-05 08:38:10,2022-03-05 08:56:42,2022-03-05 09:37:17,2022-03-05 09:37:17
7007414843,กท.79-7691,2022-03-05 08:52:23,2022-03-05 09:21:22,2022-03-05 10:10:27,2022-03-05 10:10:27
7007414850,นม.70-6589,2022-03-05 09:14:40,2022-03-05 09:27:19,2022-03-05 10:14:57,2022-03-05 10:14:57
7007413693,กท.74-9070,2022-03-05 09:15:28,2022-03-05 09:33:10,2022-03-05 10:22:57,2022-03-05 10:22:57
7007414846,กท.79-3259,2022-03-05 09:22:46,2022-03-05 09:37:17,2022-03-05 10:24:09,2022-03-05 10:24:09
7007413610,กท.78-7993,2022-03-05 09:38:13,2022-03-05 10:10:27,2022-03-05 10:56:36,2022-03-05 10:56:36
7007414886,ชบ.85-5327,2022-03-05 09:39:45,2022-03-05 10:14:57,2022-03-05 10:59:47,2022-03-05 10:59:47
7007414937,กท.79-8993,2022-03-05 10:11:27,2022-03-05 10:22:57,2022-03-05 11:10:43,2022-03-05 11:10:43
7007414962,ชม.70-5193,2022-03-05 10:34:06,2022-03-05 10:34:06,2022-03-05 11:24:05,2022-03-05 11:24:05
7007414972,กท.79-5840,2022-03-05 10:41:44,2022-03-05 10:56:36,2022-03-05 11:39:13,2022-03-05 11:39:13
7007413601,กท.77-8134,2022-03-05 11:27:37,2022-03-05 11:27:37,2022-03-05 12:09:47,2022-03-05 12:09:47
7007415061,กท.75-7868,2022-03-05 11:28:03,2022-03-05 11:28:03,2022-03-05 12:15:19,2022-03-05 12:15:19
7007415062,กท.77-7979,2022-03-05 11:42:50,2022-03-05 11:42:50,2022-03-05 12:32:02,2022-03-05 12:32:02
7007413606,กท.79-0641,2022-03-05 12:04:27,2022-03-05 12:04:27,2022-03-05 12:43:37,2022-03-05 12:43:37
7007415071,กท.79-3257,2022-03-05 12:05:37,2022-03-05 12:09:47,2022-03-05 12:56:13,2022-03-05 12:56:13
7007413777,กท.78-6742,2022-03-05 12:14:38,2022-03-05 12:15:19,2022-03-05 13:03:43,2022-03-05 13:03:43
7007415085,ชม.70-5301,2022-03-05 12:22:29,2022-03-05 12:32:02,2022-03-05 13:03:52,2022-03-05 13:03:52
7007413767,กท.79-0841,2022-03-05 12:30:16,2022-03-05 12:43:37,2022-03-05 13:33:37,2022-03-05 13:33:37
7007415089,ชบ.83-3599,2022-03-05 12:34:54,2022-03-05 12:56:13,2022-03-05 13:38:20,2022-03-05 13:38:20
7007413899,กท.79-0144,2022-03-05 12:47:15,2022-03-05 13:03:52,2022-03-05 13:45:05,2022-03-05 13:45:05
7007415084,ชม.70-5300,2022-03-05 12:46:19,2022-03-05 13:03:43,2022-03-05 13:46:17,2022-03-05 13:46:17
7007415110,กท.79-3258,2022-03-05 13:13:27,2022-03-05 13:33:37,2022-03-05 14:23:18,2022-03-05 14:23:18
7007413690,กท.79-0642,2022-03-05 13:18:06,2022-03-05 13:38:20,2022-03-05 14:25:36,2022-03-05 14:25:36
7007415112,กท.75-6688,2022-03-05 13:28:47,2022-03-05 13:46:17,2022-03-05 14:29:11,2022-03-05 14:29:11
7007413715,กท.78-1149,2022-03-05 13:26:47,2022-03-05 13:45:05,2022-03-05 14:29:40,2022-03-05 14:29:40
7007415147,ชบ.84-7139,2022-03-05 13:46:38,2022-03-05 14:25:36,2022-03-05 15:08:56,2022-03-05 15:08:56
7007413801,กท.78-6744,2022-03-05 13:38:55,2022-03-05 14:23:18,2022-03-05 15:10:14,2022-03-05 15:10:14
7007415180,กท.79-1812,2022-03-05 14:32:53,2022-03-05 14:32:53,2022-03-05 15:12:50,2022-03-05 15:12:50
7007415183,ชม.70-5302,2022-03-05 14:25:31,2022-03-05 14:29:11,2022-03-05 15:16:12,2022-03-05 15:16:12
7007415200,นม.70-6730,2022-03-05 14:50:44,2022-03-05 15:08:56,2022-03-05 15:47:02,2022-03-05 15:47:02
7007415225,ชม.70-5122,2022-03-05 14:57:00,2022-03-05 15:10:14,2022-03-05 15:51:12,2022-03-05 15:51:12
7007413681,กท.79-5578,2022-03-05 14:59:52,2022-03-05 15:12:50,2022-03-05 16:02:35,2022-03-05 16:02:35
7007415230,ชม.70-5299,2022-03-05 15:05:53,2022-03-05 15:16:12,2022-03-05 16:06:08,2022-03-05 16:06:08
7007415242,กท.79-8993,2022-03-05 15:13:06,2022-03-05 15:47:02,2022-03-05 16:33:27,2022-03-05 16:33:27
7007415245,กท.79-3259,2022-03-05 15:19:14,2022-03-05 15:51:12,2022-03-05 16:40:36,2022-03-05 16:40:36
7007415253,ชม.70-5125,2022-03-05 15:45:37,2022-03-05 16:02:35,2022-03-05 16:50:43,2022-03-05 16:50:43
7007415254,กท.75-6688,2022-03-05 15:47:36,2022-03-05 16:06:08,2022-03-05 16:52:37,2022-03-05 16:52:37
7007415532,สค.70-2917,2022-03-06 00:34:28,2022-03-06 00:34:28,2022-03-06 01:23:06,2022-03-06 01:23:06
7007415533,ลพ.70-0785,2022-03-06 00:48:38,2022-03-06 00:48:38,2022-03-06 01:23:10,2022-03-06 01:23:10
7007415545,รย.71-2638,2022-03-06 01:17:29,2022-03-06 01:17:29,2022-03-06 01:56:23,2022-03-06 01:56:23
7007415531,ชม.70-4355,2022-03-06 01:26:07,2022-03-06 01:26:07,2022-03-06 02:15:49,2022-03-06 02:15:49
7007415544,ชม.70-5302,2022-03-06 01:37:01,2022-03-06 01:37:01,2022-03-06 02:26:21,2022-03-06 02:26:21
7007413861,ฉช.82-8528,2022-03-06 02:49:00,2022-03-06 02:49:00,2022-03-06 03:35:16,2022-03-06 03:35:16
7007413865,ฉช.82-7170,2022-03-06 03:30:48,2022-03-06 03:30:48,2022-03-06 04:20:48,2022-03-06 04:20:48
7007415587,ชม.70-5301,2022-03-06 03:51:47,2022-03-06 03:51:47,2022-03-06 04:41:33,2022-03-06 04:41:33
7007413867,ฉช.82-8346,2022-03-06 04:00:44,2022-03-06 04:00:44,2022-03-06 04:50:40,2022-03-06 04:50:40
7007415598,ชม.70-5300,2022-03-06 04:25:41,2022-03-06 04:25:41,2022-03-06 05:15:41,2022-03-06 05:15:41
7007413859,ฉช.82-0002,2022-03-06 04:55:45,2022-03-06 04:55:45,2022-03-06 05:44:07,2022-03-06 05:44:07
7007413705,กท.78-6742,2022-03-06 06:36:28,2022-03-06 06:36:28,2022-03-06 07:26:17,2022-03-06 07:26:17
7007415639,ชม.70-5261,2022-03-06 06:48:49,2022-03-06 06:48:49,2022-03-06 07:37:10,2022-03-06 07:37:10
7007413786,กท.79-0144,2022-03-06 06:48:19,2022-03-06 06:48:19,2022-03-06 07:38:03,2022-03-06 07:38:03
7007415637,สค.70-6125,2022-03-06 06:53:40,2022-03-06 06:53:40,2022-03-06 07:43:40,2022-03-06 07:43:40
7007413837,กท.79-5584,2022-03-06 06:59:44,2022-03-06 07:26:17,2022-03-06 08:13:17,2022-03-06 08:13:17
7007413765,กท.79-2716,2022-03-06 07:03:07,2022-03-06 07:37:10,2022-03-06 08:15:51,2022-03-06 08:15:51
7007413805,กท.79-5843,2022-03-06 07:12:22,2022-03-06 07:38:03,2022-03-06 08:28:03,2022-03-06 08:28:03
7007413795,กท.77-9738,2022-03-06 07:23:15,2022-03-06 07:43:40,2022-03-06 08:28:14,2022-03-06 08:28:14
7007413728,กท.79-0642,2022-03-06 07:33:11,2022-03-06 08:15:51,2022-03-06 08:55:45,2022-03-06 08:55:45
7007413814,กท.74-9067,2022-03-06 07:28:26,2022-03-06 08:13:17,2022-03-06 08:58:26,2022-03-06 08:58:26
7007415747,กท.60-9333,2022-03-06 07:59:15,2022-03-06 08:28:14,2022-03-06 09:08:14,2022-03-06 09:08:14
7007413852,กท.77-8133,2022-03-06 07:39:31,2022-03-06 08:28:03,2022-03-06 09:16:51,2022-03-06 09:16:51
7007413769,กท.74-9070,2022-03-06 08:00:08,2022-03-06 08:55:45,2022-03-06 09:31:54,2022-03-06 09:31:54
7007413730,กท.78-6739,2022-03-06 08:13:29,2022-03-06 08:58:26,2022-03-06 09:47:42,2022-03-06 09:47:42
7007413823,กท.79-5578,2022-03-06 08:27:24,2022-03-06 09:08:14,2022-03-06 09:54:50,2022-03-06 09:54:50
7007413843,กท.79-1830,2022-03-06 08:32:24,2022-03-06 09:16:51,2022-03-06 10:06:38,2022-03-06 10:06:38
7007413716,กท.79-0641,2022-03-06 08:39:23,2022-03-06 09:31:54,2022-03-06 10:21:39,2022-03-06 10:21:39
7007413762,กท.79-1961,2022-03-06 08:44:54,2022-03-06 09:47:42,2022-03-06 10:35:48,2022-03-06 10:35:48
7007413804,กท.78-7993,2022-03-06 08:49:14,2022-03-06 09:54:50,2022-03-06 10:44:29,2022-03-06 10:44:29
7007413703,กท.79-5579,2022-03-06 08:55:57,2022-03-06 10:06:38,2022-03-06 10:51:04,2022-03-06 10:51:04
7007415874,นม.70-6589,2022-03-06 09:06:06,2022-03-06 10:21:39,2022-03-06 11:09:47,2022-03-06 11:09:47
7007413825,กท.77-8134,2022-03-06 09:12:42,2022-03-06 10:35:48,2022-03-06 11:22:36,2022-03-06 11:22:36
7007415929,กท.75-3041,2022-03-06 09:26:53,2022-03-06 10:44:29,2022-03-06 11:34:01,2022-03-06 11:34:01
7007413832,กท.79-2717,2022-03-06 09:31:43,2022-03-06 10:51:04,2022-03-06 11:40:35,2022-03-06 11:40:35
7007415925,ชบ.82-4190,2022-03-06 09:39:29,2022-03-06 11:09:47,2022-03-06 11:59:26,2022-03-06 11:59:26
7007413818,ฉช.82-7443,2022-03-06 09:50:24,2022-03-06 11:22:36,2022-03-06 12:11:16,2022-03-06 12:11:16
7007416087,ฉช.81-3257,2022-03-06 09:53:19,2022-03-06 11:34:01,2022-03-06 12:23:07,2022-03-06 12:23:07
7007416125,กท.79-5841,2022-03-06 10:08:12,2022-03-06 11:40:35,2022-03-06 12:24:57,2022-03-06 12:24:57
7007416637,รย.81-6767,2022-03-06 10:53:48,2022-03-06 12:11:16,2022-03-06 12:45:22,2022-03-06 12:45:22
7007416198,กท.75-2786,2022-03-06 10:13:34,2022-03-06 11:59:26,2022-03-06 12:46:01,2022-03-06 12:46:01
7007416556,สค.70-4074,2022-03-06 10:56:16,2022-03-06 12:23:07,2022-03-06 13:10:25,2022-03-06 13:10:25
7007416844,ชบ.85-3878,2022-03-06 11:05:02,2022-03-06 12:24:57,2022-03-06 13:14:48,2022-03-06 13:14:48
7007413812,กท.79-5584,2022-03-06 11:35:57,2022-03-06 12:46:01,2022-03-06 13:32:36,2022-03-06 13:32:36
7007413808,กท.77-8133,2022-03-06 11:21:52,2022-03-06 12:45:22,2022-03-06 13:35:19,2022-03-06 13:35:19
7007416931,กท.75-0640,2022-03-06 11:36:47,2022-03-06 13:10:25,2022-03-06 13:56:02,2022-03-06 13:56:02
7007413806,กท.78-6739,2022-03-06 11:46:14,2022-03-06 13:14:48,2022-03-06 14:04:33,2022-03-06 14:04:33
7007417273,จบ.80-8222,2022-03-06 11:53:29,2022-03-06 13:32:36,2022-03-06 14:11:38,2022-03-06 14:11:38
7007416756,กท.79-0642,2022-03-06 11:56:21,2022-03-06 13:35:19,2022-03-06 14:16:25,2022-03-06 14:16:25
7007413722,กท.79-5578,2022-03-06 12:03:38,2022-03-06 14:04:33,2022-03-06 14:52:01,2022-03-06 14:52:01
7007417646,กท.79-3259,2022-03-06 12:18:58,2022-03-06 14:16:25,2022-03-06 14:56:41,2022-03-06 14:56:41
7007416980,ฉช.82-7170,2022-03-06 12:09:31,2022-03-06 14:11:38,2022-03-06 14:57:02,2022-03-06 14:57:02
7007413710,กท.79-0841,2022-03-06 12:29:19,2022-03-06 14:52:01,2022-03-06 15:41:03,2022-03-06 15:41:03
7007417979,ชม.70-5124,2022-03-06 12:44:49,2022-03-06 14:57:02,2022-03-06 15:43:31,2022-03-06 15:43:31
7007418029,ชม.70-5420,2022-03-06 12:36:33,2022-03-06 14:56:41,2022-03-06 15:46:39,2022-03-06 15:46:39
7007416477,กท.79-1961,2022-03-06 12:53:24,2022-03-06 15:19:40,2022-03-06 16:05:49,2022-03-06 16:05:49
7007413830,กท.77-9738,2022-03-06 12:54:24,2022-03-06 15:41:03,2022-03-06 16:15:14,2022-03-06 16:15:14
7007413821,กท.79-0144,2022-03-06 13:10:24,2022-03-06 15:46:39,2022-03-06 16:31:55,2022-03-06 16:31:55
7007418153,ชม.70-5302,2022-03-06 13:00:55,2022-03-06 15:43:31,2022-03-06 16:33:05,2022-03-06 16:33:05
7007413724,กท.79-2716,2022-03-06 13:13:38,2022-03-06 16:05:49,2022-03-06 16:49:50,2022-03-06 16:49:50
7007413803,กท.78-7993,2022-03-06 13:21:29,2022-03-06 16:15:14,2022-03-06 16:51:09,2022-03-06 16:51:09
7007418265,จบ.80-3645,2022-03-06 13:33:32,2022-03-06 16:31:55,2022-03-06 17:15:36,2022-03-06 17:15:36
7007418406,ชบ.84-7156,2022-03-06 13:54:20,2022-03-06 16:33:05,2022-03-06 17:23:05,2022-03-06 17:23:05
7007413763,กท.79-2717,2022-03-06 14:14:15,2022-03-06 16:49:50,2022-03-06 17:29:53,2022-03-06 17:29:53
7007418471,กท.79-5841,2022-03-06 14:18:26,2022-03-06 16:51:09,2022-03-06 17:31:10,2022-03-06 17:31:10
7007413820,กท.77-8134,2022-03-06 14:26:38,2022-03-06 17:15:36,2022-03-06 18:04:35,2022-03-06 18:04:35
7007416471,กท.74-9070,2022-03-06 14:39:53,2022-03-06 17:23:05,2022-03-06 18:12:36,2022-03-06 18:12:36
7007413766,กท.74-9067,2022-03-06 15:12:43,2022-03-06 17:29:53,2022-03-06 18:17:35,2022-03-06 18:17:35
7007418542,ชม.70-5123,2022-03-06 15:15:57,2022-03-06 17:31:10,2022-03-06 18:19:31,2022-03-06 18:19:31
7007418714,กท.79-5840,2022-03-06 15:19:00,2022-03-06 18:04:35,2022-03-06 18:54:34,2022-03-06 18:54:34
7007418753,กท.61-8797,2022-03-06 15:28:27,2022-03-06 18:12:36,2022-03-06 19:00:30,2022-03-06 19:00:30
7007413761,กท.79-1830,2022-03-06 15:39:11,2022-03-06 18:17:35,2022-03-06 19:01:24,2022-03-06 19:01:24
7007413727,กท.79-5579,2022-03-06 15:59:25,2022-03-06 18:19:31,2022-03-06 19:05:10,2022-03-06 19:05:10
7007417073,ฉช.81-4230,2022-03-06 16:05:53,2022-03-06 18:54:34,2022-03-06 19:44:10,2022-03-06 19:44:10
7007419253,สค.70-6123,2022-03-06 16:21:33,2022-03-06 19:01:24,2022-03-06 19:47:03,2022-03-06 19:47:03
7007419998,ตร.80-5684,2022-03-06 16:28:33,2022-03-06 19:05:10,2022-03-06 19:47:19,2022-03-06 19:47:19
7007413788,กท.79-5843,2022-03-06 16:13:30,2022-03-06 19:00:30,2022-03-06 19:50:25,2022-03-06 19:50:25
7007413718,กท.78-6744,2022-03-06 16:46:33,2022-03-06 19:44:10,2022-03-06 20:29:42,2022-03-06 20:29:42
7007414187,กท.78-6739,2022-03-06 16:47:31,2022-03-06 19:47:03,2022-03-06 20:32:46,2022-03-06 20:32:46
7007419653,ชม.70-5122,2022-03-06 16:49:50,2022-03-06 19:47:19,2022-03-06 20:34:16,2022-03-06 20:34:16
7007413700,กท.78-1149,2022-03-06 16:57:44,2022-03-06 19:50:25,2022-03-06 20:38:55,2022-03-06 20:38:55
7007413817,กท.79-2716,2022-03-06 17:16:13,2022-03-06 20:34:16,2022-03-06 21:07:44,2022-03-06 21:07:44
7007413791,กท.79-0841,2022-03-06 17:06:01,2022-03-06 20:29:42,2022-03-06 21:12:43,2022-03-06 21:12:43
7007419915,ชม.70-5421,2022-03-06 17:09:33,2022-03-06 20:32:46,2022-03-06 21:17:57,2022-03-06 21:17:57
7007419742,ลพ.70-0785,2022-03-06 17:27:59,2022-03-06 20:38:55,2022-03-06 21:28:55,2022-03-06 21:28:55
7007420102,ชม.70-5299,2022-03-06 17:31:15,2022-03-06 21:07:44,2022-03-06 21:57:39,2022-03-06 21:57:39
7007420607,กท.79-3257,2022-03-06 17:40:13,2022-03-06 21:12:43,2022-03-06 22:00:57,2022-03-06 22:00:57
7007416947,กท.79-2717,2022-03-06 17:52:03,2022-03-06 21:17:57,2022-03-06 22:07:48,2022-03-06 22:07:48
7007418628,กท.78-7993,2022-03-06 17:57:38,2022-03-06 21:28:55,2022-03-06 22:17:31,2022-03-06 22:17:31
7007413840,กท.79-5579,2022-03-06 18:23:21,2022-03-06 22:00:57,2022-03-06 22:37:51,2022-03-06 22:37:51
7007416964,กท.78-1149,2022-03-06 18:16:25,2022-03-06 21:57:39,2022-03-06 22:43:01,2022-03-06 22:43:01
7007417084,กท.74-9070,2022-03-06 18:38:12,2022-03-06 22:17:31,2022-03-06 22:45:29,2022-03-06 22:45:29
7007413810,กท.77-8134,2022-03-06 18:30:03,2022-03-06 22:07:48,2022-03-06 22:57:45,2022-03-06 22:57:45
7007417152,กท.78-6742,2022-03-06 18:44:12,2022-03-06 22:37:51,2022-03-06 23:20:57,2022-03-06 23:20:57
7007416465,กท.78-6744,2022-03-06 19:03:02,2022-03-06 22:45:29,2022-03-06 23:25:54,2022-03-06 23:25:54
7007419093,กท.79-1830,2022-03-06 18:58:30,2022-03-06 22:43:01,2022-03-06 23:32:22,2022-03-06 23:32:22
7007416938,กท.79-0144,2022-03-06 19:13:13,2022-03-06 22:57:45,2022-03-06 23:45:13,2022-03-06 23:45:13
7007417159,กท.79-5584,2022-03-06 20:24:49,2022-03-06 23:25:54,2022-03-07 00:06:57,2022-03-07 00:06:57
7007421563,กท.79-0642,2022-03-06 19:35:35,2022-03-06 23:20:57,2022-03-07 00:10:56,2022-03-07 00:10:56
7007425032,ชม.70-5192,2022-03-06 23:45:43,2022-03-06 23:45:43,2022-03-07 00:35:28,2022-03-07 00:35:28
7007425043,ชม.70-4355,2022-03-07 00:45:22,2022-03-07 00:45:22,2022-03-07 01:21:25,2022-03-07 01:21:25
7007425072,ชม.70-5301,2022-03-07 01:29:28,2022-03-07 01:29:28,2022-03-07 02:19:28,2022-03-07 02:19:28
7007417134,ฉช.82-8346,2022-03-07 02:45:20,2022-03-07 02:45:20,2022-03-07 03:32:03,2022-03-07 03:32:03
7007425137,กท.61-6077,2022-03-07 04:13:10,2022-03-07 04:13:10,2022-03-07 05:02:59,2022-03-07 05:02:59
7007417089,กท.78-1149,2022-03-07 06:31:27,2022-03-07 06:31:27,2022-03-07 07:08:30,2022-03-07 07:08:30
7007417069,กท.79-2716,2022-03-07 06:41:19,2022-03-07 06:41:19,2022-03-07 07:30:55,2022-03-07 07:30:55
7007417099,กท.79-1830,2022-03-07 06:51:22,2022-03-07 06:51:22,2022-03-07 07:34:20,2022-03-07 07:34:20
7007417142,กท.79-5843,2022-03-07 06:47:15,2022-03-07 06:47:15,2022-03-07 07:37:07,2022-03-07 07:37:07
7007425191,กท.79-1816,2022-03-07 07:03:39,2022-03-07 07:08:30,2022-03-07 07:54:44,2022-03-07 07:54:44
7007417081,กท.78-6739,2022-03-07 07:09:09,2022-03-07 07:30:55,2022-03-07 08:14:49,2022-03-07 08:14:49
7007417123,กท.79-1961,2022-03-07 07:16:19,2022-03-07 07:34:20,2022-03-07 08:19:41,2022-03-07 08:19:41
7007417129,กท.77-9738,2022-03-07 07:25:10,2022-03-07 07:37:07,2022-03-07 08:27:01,2022-03-07 08:27:01
7007421531,กท.77-8134,2022-03-07 07:38:03,2022-03-07 07:54:44,2022-03-07 08:42:43,2022-03-07 08:42:43
7007417061,กท.79-5578,2022-03-07 07:41:46,2022-03-07 08:14:49,2022-03-07 08:58:36,2022-03-07 08:58:36
7007418597,กท.77-8133,2022-03-07 08:00:48,2022-03-07 08:19:41,2022-03-07 09:04:40,2022-03-07 09:04:40
7007417080,กท.79-2717,2022-03-07 08:05:15,2022-03-07 08:27:01,2022-03-07 09:17:01,2022-03-07 09:17:01
7007417112,กท.74-9067,2022-03-07 08:10:36,2022-03-07 08:42:43,2022-03-07 09:31:36,2022-03-07 09:31:36
7007425323,สค.70-6125,2022-03-07 08:38:57,2022-03-07 09:04:40,2022-03-07 09:32:16,2022-03-07 09:32:16
7007417133,กท.79-5579,2022-03-07 08:32:33,2022-03-07 08:58:36,2022-03-07 09:48:34,2022-03-07 09:48:34
7007425230,จบ.81-2529,2022-03-07 08:45:20,2022-03-07 09:17:01,2022-03-07 10:05:58,2022-03-07 10:05:58
7007417120,กท.79-0641,2022-03-07 08:49:44,2022-03-07 09:31:36,2022-03-07 10:21:29,2022-03-07 10:21:29
7007417140,กท.79-0144,2022-03-07 09:12:42,2022-03-07 09:32:16,2022-03-07 10:21:58,2022-03-07 10:21:58
7007417064,กท.78-7993,2022-03-07 09:16:16,2022-03-07 09:48:34,2022-03-07 10:33:56,2022-03-07 10:33:56
7007417118,กท.78-6744,2022-03-07 09:42:12,2022-03-07 10:05:58,2022-03-07 10:55:31,2022-03-07 10:55:31
7007425507,กท.79-3257,2022-03-07 09:45:48,2022-03-07 10:21:29,2022-03-07 11:06:46,2022-03-07 11:06:46
7007417131,กท.79-0841,2022-03-07 09:46:53,2022-03-07 10:21:58,2022-03-07 11:10:56,2022-03-07 11:10:56
7007425659,ชม.70-5261,2022-03-07 09:58:06,2022-03-07 10:33:56,2022-03-07 11:20:13,2022-03-07 11:20:13
7007425539,กท.79-5840,2022-03-07 10:00:33,2022-03-07 10:55:31,2022-03-07 11:38:29,2022-03-07 11:38:29
7007426011,ชบ.84-7139,2022-03-07 10:05:18,2022-03-07 11:06:46,2022-03-07 11:55:24,2022-03-07 11:55:24
7007425838,ชม.70-5299,2022-03-07 10:12:02,2022-03-07 11:10:56,2022-03-07 11:58:37,2022-03-07 11:58:37
7007418599,กท.79-5843,2022-03-07 10:21:56,2022-03-07 11:20:13,2022-03-07 12:09:30,2022-03-07 12:09:30
7007426072,กท.72-3498,2022-03-07 10:29:16,2022-03-07 11:38:29,2022-03-07 12:27:30,2022-03-07 12:27:30
7007426154,ชบ.82-4190,2022-03-07 10:57:29,2022-03-07 11:58:37,2022-03-07 12:43:29,2022-03-07 12:43:29
7007426175,กท.79-1690,2022-03-07 10:41:42,2022-03-07 11:55:24,2022-03-07 12:43:35,2022-03-07 12:43:35
7007426647,รย.82-0448,2022-03-07 11:06:49,2022-03-07 12:09:30,2022-03-07 12:59:29,2022-03-07 12:59:29
7007426656,ลพ.70-0785,2022-03-07 11:16:35,2022-03-07 12:27:30,2022-03-07 13:17:26,2022-03-07 13:17:26
7007426671,ชม.70-4355,2022-03-07 11:36:17,2022-03-07 12:43:35,2022-03-07 13:24:52,2022-03-07 13:24:52
7007426650,ชบ.84-7975,2022-03-07 11:27:45,2022-03-07 12:43:29,2022-03-07 13:32:26,2022-03-07 13:32:26
7007417087,กท.79-2716,2022-03-07 11:40:30,2022-03-07 12:59:29,2022-03-07 13:48:38,2022-03-07 13:48:38
7007426874,กท.77-6494,2022-03-07 11:50:55,2022-03-07 13:17:26,2022-03-07 14:02:21,2022-03-07 14:02:21
7007426906,ชม.70-5421,2022-03-07 11:57:56,2022-03-07 13:24:52,2022-03-07 14:14:48,2022-03-07 14:14:48
7007426870,กท.61-8383,2022-03-07 11:59:51,2022-03-07 13:32:26,2022-03-07 14:20:38,2022-03-07 14:20:38
7007426864,ชบ.85-3878,2022-03-07 12:16:54,2022-03-07 13:48:38,2022-03-07 14:37:20,2022-03-07 14:37:20
7007426929,ชม.70-6507,2022-03-07 12:24:11,2022-03-07 14:02:21,2022-03-07 14:50:59,2022-03-07 14:50:59
7007417157,กท.77-8133,2022-03-07 12:32:16,2022-03-07 14:14:48,2022-03-07 15:01:51,2022-03-07 15:01:51
7007426947,กท.75-9389,2022-03-07 12:43:37,2022-03-07 14:20:38,2022-03-07 15:03:41,2022-03-07 15:03:41
7007427040,จบ.80-8222,2022-03-07 12:44:18,2022-03-07 14:37:20,2022-03-07 15:21:41,2022-03-07 15:21:41
7007417126,กท.79-1961,2022-03-07 12:55:21,2022-03-07 14:50:59,2022-03-07 15:40:52,2022-03-07 15:40:52
7007426925,ฉช.81-3257,2022-03-07 13:08:29,2022-03-07 15:03:41,2022-03-07 15:51:18,2022-03-07 15:51:18
7007421554,กท.79-0144,2022-03-07 12:59:20,2022-03-07 15:01:51,2022-03-07 15:51:51,2022-03-07 15:51:51
7007417063,กท.77-9738,2022-03-07 13:18:34,2022-03-07 15:21:41,2022-03-07 16:07:16,2022-03-07 16:07:16
7007427176,กท.79-8995,2022-03-07 13:35:28,2022-03-07 15:40:52,2022-03-07 16:30:01,2022-03-07 16:30:01
7007427199,กท.61-4720,2022-03-07 13:59:54,2022-03-07 15:51:18,2022-03-07 16:39:14,2022-03-07 16:39:14
7007417145,กท.74-9067,2022-03-07 14:01:59,2022-03-07 15:51:51,2022-03-07 16:40:03,2022-03-07 16:40:03
7007427814,ลพ.70-0786,2022-03-07 14:28:01,2022-03-07 16:07:16,2022-03-07 16:56:46,2022-03-07 16:56:46
7007427827,ชม.70-4219,2022-03-07 14:28:57,2022-03-07 16:30:01,2022-03-07 17:09:35,2022-03-07 17:09:35
7007425883,ฉช.82-8346,2022-03-07 14:41:07,2022-03-07 16:39:14,2022-03-07 17:27:24,2022-03-07 17:27:24
7007427744,กท.79-0641,2022-03-07 15:03:26,2022-03-07 16:40:03,2022-03-07 17:29:31,2022-03-07 17:29:31
7007427911,กท.61-6077,2022-03-07 15:11:45,2022-03-07 16:56:46,2022-03-07 17:46:45,2022-03-07 17:46:45
7007427950,ชม.70-5420,2022-03-07 15:12:51,2022-03-07 17:09:35,2022-03-07 17:59:33,2022-03-07 17:59:33
7007417128,กท.78-6739,2022-03-07 15:36:55,2022-03-07 17:29:31,2022-03-07 18:06:51,2022-03-07 18:06:51
7007428054,ชม.70-5302,2022-03-07 15:23:09,2022-03-07 17:27:24,2022-03-07 18:16:26,2022-03-07 18:16:26
7007418595,กท.79-2717,2022-03-07 15:47:08,2022-03-07 17:46:45,2022-03-07 18:36:44,2022-03-07 18:36:44
7007417147,กท.79-1830,2022-03-07 15:51:25,2022-03-07 17:59:33,2022-03-07 18:48:52,2022-03-07 18:48:52
7007417075,กท.79-5584,2022-03-07 16:05:47,2022-03-07 18:16:26,2022-03-07 18:55:34,2022-03-07 18:55:34
7007426645,กท.79-0841,2022-03-07 15:59:10,2022-03-07 18:06:51,2022-03-07 18:56:35,2022-03-07 18:56:35
7007421575,กท.79-0642,2022-03-07 16:12:36,2022-03-07 18:36:44,2022-03-07 19:25:27,2022-03-07 19:25:27
7007417077,กท.79-5578,2022-03-07 16:27:52,2022-03-07 18:48:52,2022-03-07 19:38:31,2022-03-07 19:38:31
7007429081,ชม.70-5122,2022-03-07 16:33:56,2022-03-07 18:55:34,2022-03-07 19:43:59,2022-03-07 19:43:59
7007417093,กท.79-5579,2022-03-07 16:37:40,2022-03-07 18:56:35,2022-03-07 19:46:11,2022-03-07 19:46:11
7007417160,กท.78-6742,2022-03-07 16:48:15,2022-03-07 19:25:27,2022-03-07 20:03:50,2022-03-07 20:03:50
7007425879,ฉช.81-4230,2022-03-07 16:48:25,2022-03-07 19:38:31,2022-03-07 20:10:48,2022-03-07 20:10:48
7007417104,กท.78-1149,2022-03-07 16:55:05,2022-03-07 19:43:59,2022-03-07 20:33:57,2022-03-07 20:33:57
7007425803,กท.78-6744,2022-03-07 17:02:18,2022-03-07 19:46:11,2022-03-07 20:35:36,2022-03-07 20:35:36
7007430695,กท.79-5841,2022-03-07 17:06:55,2022-03-07 20:03:50,2022-03-07 20:48:45,2022-03-07 20:48:45
7007431151,ชม.70-5123,2022-03-07 17:19:22,2022-03-07 20:10:48,2022-03-07 21:00:48,2022-03-07 21:00:48
7007426053,กท.79-5843,2022-03-07 17:19:47,2022-03-07 20:33:57,2022-03-07 21:15:59,2022-03-07 21:15:59
7007425966,กท.79-0644,2022-03-07 17:35:09,2022-03-07 20:35:36,2022-03-07 21:23:53,2022-03-07 21:23:53
7007427389,กท.77-8133,2022-03-07 17:48:59,2022-03-07 20:48:45,2022-03-07 21:34:51,2022-03-07 21:34:51
7007427381,กท.79-1961,2022-03-07 17:50:19,2022-03-07 21:00:48,2022-03-07 21:49:59,2022-03-07 21:49:59
7007431467,สค.70-4074,2022-03-07 17:59:35,2022-03-07 21:23:53,2022-03-07 22:07:52,2022-03-07 22:07:52
7007425891,กท.77-9738,2022-03-07 18:02:56,2022-03-07 21:34:51,2022-03-07 22:13:13,2022-03-07 22:13:13
7007432073,ชม.70-5299,2022-03-08 00:38:36,2022-03-08 00:38:36,2022-03-08 01:27:46,2022-03-08 01:27:46
7007432072,สค.70-2917,2022-03-08 00:57:55,2022-03-08 00:57:55,2022-03-08 01:47:14,2022-03-08 01:47:14
7007425953,ฉช.82-4812,2022-03-08 01:17:18,2022-03-08 01:17:18,2022-03-08 01:47:41,2022-03-08 01:47:41
7007432074,ชม.70-4355,2022-03-08 01:11:33,2022-03-08 01:11:33,2022-03-08 01:58:21,2022-03-08 01:58:21
7007432075,สค.70-2507,2022-03-08 01:26:49,2022-03-08 01:27:46,2022-03-08 02:15:19,2022-03-08 02:15:19
7007432099,ชม.70-5261,2022-03-08 01:35:53,2022-03-08 01:47:14,2022-03-08 02:37:12,2022-03-08 02:37:12
7007432078,ชม.70-5301,2022-03-08 01:53:19,2022-03-08 01:53:19,2022-03-08 02:41:35,2022-03-08 02:41:35
7007425876,ฉช.82-8528,2022-03-08 02:35:04,2022-03-08 02:35:04,2022-03-08 03:11:17,2022-03-08 03:11:17
7007432141,ฉช.82-2839,2022-03-08 03:43:01,2022-03-08 03:43:01,2022-03-08 04:32:57,2022-03-08 04:32:57
7007432156,กท.79-7691,2022-03-08 05:04:36,2022-03-08 05:04:36,2022-03-08 05:52:17,2022-03-08 05:52:17
7007425974,กท.78-6742,2022-03-08 06:39:36,2022-03-08 06:39:36,2022-03-08 07:19:40,2022-03-08 07:19:40
7007425869,กท.79-2716,2022-03-08 06:30:44,2022-03-08 06:30:44,2022-03-08 07:20:22,2022-03-08 07:20:22
7007432212,ชบ.85-0496,2022-03-08 06:42:50,2022-03-08 06:42:50,2022-03-08 07:32:25,2022-03-08 07:32:25
7007425885,กท.78-1149,2022-03-08 06:50:51,2022-03-08 06:50:51,2022-03-08 07:36:42,2022-03-08 07:36:42
7007425959,กท.79-0841,2022-03-08 07:09:17,2022-03-08 07:20:22,2022-03-08 08:04:25,2022-03-08 08:04:25
7007432202,สค.70-6123,2022-03-08 06:59:49,2022-03-08 07:19:40,2022-03-08 08:08:39,2022-03-08 08:08:39
7007432257,ชม.70-5300,2022-03-08 07:26:14,2022-03-08 07:36:42,2022-03-08 08:11:06,2022-03-08 08:11:06
7007427394,กท.79-1830,2022-03-08 07:20:11,2022-03-08 07:32:25,2022-03-08 08:22:09,2022-03-08 08:22:09
7007425968,กท.78-6739,2022-03-08 08:01:24,2022-03-08 08:11:06,2022-03-08 08:46:02,2022-03-08 08:46:02
7007432268,ชม.70-5122,2022-03-08 07:54:04,2022-03-08 08:08:39,2022-03-08 08:47:08,2022-03-08 08:47:08
7007425895,กท.79-0144,2022-03-08 07:28:13,2022-03-08 08:04:25,2022-03-08 08:51:41,2022-03-08 08:51:41
7007431362,กท.79-5578,2022-03-08 08:09:36,2022-03-08 08:22:09,2022-03-08 09:12:05,2022-03-08 09:12:05
7007425893,กท.79-5579,2022-03-08 08:32:35,2022-03-08 08:47:08,2022-03-08 09:31:20,2022-03-08 09:31:20
7007425904,กท.79-0642,2022-03-08 08:17:05,2022-03-08 08:46:02,2022-03-08 09:34:45,2022-03-08 09:34:45
7007427403,กท.74-9070,2022-03-08 08:37:59,2022-03-08 08:51:41,2022-03-08 09:41:39,2022-03-08 09:41:39
7007425955,กท.78-7993,2022-03-08 08:49:33,2022-03-08 09:31:20,2022-03-08 10:12:41,2022-03-08 10:12:41
7007425909,กท.74-9067,2022-03-08 09:05:34,2022-03-08 09:41:39,2022-03-08 10:22:28,2022-03-08 10:22:28
7007426054,กท.79-2717,2022-03-08 08:56:43,2022-03-08 09:34:45,2022-03-08 10:23:37,2022-03-08 10:23:37
7007425888,กท.79-0641,2022-03-08 09:08:10,2022-03-08 10:12:41,2022-03-08 10:44:27,2022-03-08 10:44:27
7007425910,กท.79-5584,2022-03-08 09:34:48,2022-03-08 10:23:37,2022-03-08 11:02:20,2022-03-08 11:02:20
7007425810,กท.77-8134,2022-03-08 09:18:48,2022-03-08 10:22:28,2022-03-08 11:05:02,2022-03-08 11:05:02
7007427404,ฉช.82-7443,2022-03-08 09:48:16,2022-03-08 10:44:27,2022-03-08 11:34:06,2022-03-08 11:34:06
7007432678,กท.79-3258,2022-03-08 09:52:05,2022-03-08 11:02:20,2022-03-08 11:46:11,2022-03-08 11:46:11
7007432789,ลพ.70-0786,2022-03-08 10:06:38,2022-03-08 11:05:02,2022-03-08 11:52:31,2022-03-08 11:52:31
7007432815,กท.79-3259,2022-03-08 10:24:17,2022-03-08 11:34:06,2022-03-08 12:14:27,2022-03-08 12:14:27
7007432980,กท.79-3257,2022-03-08 10:20:28,2022-03-08 11:26:25,2022-03-08 12:16:21,2022-03-08 12:16:21
7007433007,กท.79-5841,2022-03-08 10:26:58,2022-03-08 11:46:11,2022-03-08 12:30:37,2022-03-08 12:30:37
7007433203,ชบ.85-3878,2022-03-08 10:35:52,2022-03-08 11:52:31,2022-03-08 12:42:17,2022-03-08 12:42:17
7007433305,กท.75-3041,2022-03-08 10:51:40,2022-03-08 12:16:21,2022-03-08 12:56:29,2022-03-08 12:56:29
7007433447,กท.75-6899,2022-03-08 10:49:11,2022-03-08 12:14:27,2022-03-08 13:00:10,2022-03-08 13:00:10
7007425964,กท.79-0841,2022-03-08 11:02:12,2022-03-08 12:30:37,2022-03-08 13:04:34,2022-03-08 13:04:34
7007433317,ชบ.84-7237,2022-03-08 11:06:00,2022-03-08 12:42:17,2022-03-08 13:31:39,2022-03-08 13:31:39
7007433607,นม.70-6589,2022-03-08 11:10:55,2022-03-08 12:56:29,2022-03-08 13:37:05,2022-03-08 13:37:05
7007433579,ชบ.84-7139,2022-03-08 11:36:25,2022-03-08 13:00:10,2022-03-08 13:48:14,2022-03-08 13:48:14
7007433856,ชม.70-5125,2022-03-08 11:40:27,2022-03-08 13:04:34,2022-03-08 13:54:33,2022-03-08 13:54:33
7007433779,จบ.80-8222,2022-03-08 11:44:05,2022-03-08 13:31:39,2022-03-08 14:20:51,2022-03-08 14:20:51
7007425960,กท.78-7993,2022-03-08 12:03:45,2022-03-08 13:37:05,2022-03-08 14:26:40,2022-03-08 14:26:40
7007426052,กท.78-6739,2022-03-08 12:06:00,2022-03-08 13:48:14,2022-03-08 14:37:43,2022-03-08 14:37:43
7007426056,กท.79-5578,2022-03-08 12:14:31,2022-03-08 13:54:33,2022-03-08 14:44:31,2022-03-08 14:44:31
7007434022,กท.75-2786,2022-03-08 12:23:13,2022-03-08 14:20:51,2022-03-08 15:03:56,2022-03-08 15:03:56
7007427408,กท.79-2717,2022-03-08 12:28:59,2022-03-08 14:26:40,2022-03-08 15:14:54,2022-03-08 15:14:54
7007425806,ฉช.82-7443,2022-03-08 12:42:20,2022-03-08 14:37:43,2022-03-08 15:27:39,2022-03-08 15:27:39
7007433927,ฉช.82-8528,2022-03-08 12:44:30,2022-03-08 14:44:31,2022-03-08 15:28:24,2022-03-08 15:28:24
7007433923,ฉช.82-4812,2022-03-08 12:55:45,2022-03-08 15:03:56,2022-03-08 15:37:25,2022-03-08 15:37:25
7007425873,กท.79-5579,2022-03-08 12:57:34,2022-03-08 15:14:54,2022-03-08 16:04:52,2022-03-08 16:04:52
7007434338,ชบ.82-4190,2022-03-08 13:18:11,2022-03-08 15:27:39,2022-03-08 16:09:46,2022-03-08 16:09:46
7007434297,กท.61-4783,2022-03-08 13:25:29,2022-03-08 15:28:24,2022-03-08 16:18:17,2022-03-08 16:18:17
7007434266,กท.78-1149,2022-03-08 13:35:32,2022-03-08 15:37:25,2022-03-08 16:26:43,2022-03-08 16:26:43
7007425815,กท.78-6744,2022-03-08 13:43:49,2022-03-08 16:04:52,2022-03-08 16:41:09,2022-03-08 16:41:09
7007433683,กท.78-6742,2022-03-08 13:56:56,2022-03-08 16:09:46,2022-03-08 16:59:29,2022-03-08 16:59:29
7007434404,ชม.70-5421,2022-03-08 14:06:20,2022-03-08 16:18:17,2022-03-08 17:00:16,2022-03-08 17:00:16
7007434417,กท.79-1818,2022-03-08 14:07:41,2022-03-08 16:26:43,2022-03-08 17:03:02,2022-03-08 17:03:02
7007434428,ตร.80-5684,2022-03-08 14:14:39,2022-03-08 16:41:09,2022-03-08 17:30:13,2022-03-08 17:30:13
7007430441,กท.77-8134,2022-03-08 14:26:50,2022-03-08 17:00:16,2022-03-08 17:43:53,2022-03-08 17:43:53
7007425880,กท.79-0642,2022-03-08 14:23:27,2022-03-08 16:59:29,2022-03-08 17:49:06,2022-03-08 17:49:06
7007434300,กท.79-1830,2022-03-08 14:33:44,2022-03-08 17:03:02,2022-03-08 17:51:14,2022-03-08 17:51:14
7007425901,กท.79-0144,2022-03-08 14:39:34,2022-03-08 17:30:13,2022-03-08 18:19:47,2022-03-08 18:19:47
7007425947,กท.77-8133,2022-03-08 14:51:01,2022-03-08 17:49:06,2022-03-08 18:31:16,2022-03-08 18:31:16
7007433659,กท.77-9738,2022-03-08 14:44:51,2022-03-08 17:43:53,2022-03-08 18:32:52,2022-03-08 18:32:52
7007435038,กท.79-7691,2022-03-08 15:08:38,2022-03-08 17:51:14,2022-03-08 18:40:47,2022-03-08 18:40:47
7007426066,กท.79-5584,2022-03-08 15:27:49,2022-03-08 18:19:47,2022-03-08 19:03:55,2022-03-08 19:03:55
7007425984,กท.79-2716,2022-03-08 15:35:27,2022-03-08 18:31:16,2022-03-08 19:21:14,2022-03-08 19:21:14
7007435292,ชม.70-5302,2022-03-08 15:51:07,2022-03-08 18:32:52,2022-03-08 19:22:32,2022-03-08 19:22:32
7007425949,กท.79-0641,2022-03-08 15:53:38,2022-03-08 18:40:47,2022-03-08 19:28:34,2022-03-08 19:28:34
7007435310,ชบ.85-3878,2022-03-08 16:13:50,2022-03-08 19:03:55,2022-03-08 19:53:35,2022-03-08 19:53:35
7007425884,กท.79-5843,2022-03-08 16:13:57,2022-03-08 19:21:14,2022-03-08 20:08:28,2022-03-08 20:08:28
7007435479,กท.79-5841,2022-03-08 16:20:57,2022-03-08 19:28:34,2022-03-08 20:11:52,2022-03-08 20:11:52
7007435413,ชม.70-4219,2022-03-08 16:15:16,2022-03-08 19:22:32,2022-03-08 20:12:32,2022-03-08 20:12:32
7007425963,กท.79-1961,2022-03-08 16:32:50,2022-03-08 19:53:35,2022-03-08 20:42:28,2022-03-08 20:42:28
7007433680,กท.79-0644,2022-03-08 16:35:13,2022-03-08 20:08:28,2022-03-08 20:46:28,2022-03-08 20:46:28
7007435771,กท.79-5840,2022-03-08 16:43:34,2022-03-08 20:11:52,2022-03-08 20:48:47,2022-03-08 20:48:47
7007436379,รย.81-6767,2022-03-08 16:54:15,2022-03-08 20:12:32,2022-03-08 21:01:50,2022-03-08 21:01:50
7007425892,ฉช.82-7443,2022-03-08 17:14:35,2022-03-08 20:46:28,2022-03-08 21:27:56,2022-03-08 21:27:56
7007434881,ฉช.81-4230,2022-03-08 17:03:35,2022-03-08 20:42:28,2022-03-08 21:29:12,2022-03-08 21:29:12
7007433666,กท.79-0642,2022-03-08 17:27:45,2022-03-08 20:48:47,2022-03-08 21:38:19,2022-03-08 21:38:19
7007436320,กท.74-9067,2022-03-08 17:32:46,2022-03-08 21:01:50,2022-03-08 21:51:36,2022-03-08 21:51:36
7007434631,กท.77-9738,2022-03-08 17:59:18,2022-03-08 21:29:12,2022-03-08 22:05:16,2022-03-08 22:05:16
7007435581,กท.79-5579,2022-03-08 17:52:37,2022-03-08 21:27:56,2022-03-08 22:08:40,2022-03-08 22:08:40
7007434875,กท.77-8134,2022-03-08 18:41:20,2022-03-08 21:38:19,2022-03-08 22:28:19,2022-03-08 22:28:19
7007434629,กท.77-8133,2022-03-08 18:46:24,2022-03-08 21:51:36,2022-03-08 22:40:51,2022-03-08 22:40:51
7007434656,กท.78-1149,2022-03-08 18:52:19,2022-03-08 22:05:16,2022-03-08 22:50:03,2022-03-08 22:50:03
7007436768,กท.78-6742,2022-03-08 19:16:40,2022-03-08 22:08:40,2022-03-08 22:58:22,2022-03-08 22:58:22
7007437247,ชม.70-5301,2022-03-09 00:39:16,2022-03-09 00:39:16,2022-03-09 01:11:43,2022-03-09 01:11:43
7007437245,ชม.70-4355,2022-03-09 00:36:48,2022-03-09 00:36:48,2022-03-09 01:26:05,2022-03-09 01:26:05
7007437248,สค.70-6125,2022-03-09 01:14:25,2022-03-09 01:14:25,2022-03-09 02:04:04,2022-03-09 02:04:04
7007437261,ลพ.70-0785,2022-03-09 01:25:57,2022-03-09 01:25:57,2022-03-09 02:12:18,2022-03-09 02:12:18
7007437256,รย.71-2638,2022-03-09 01:40:26,2022-03-09 01:40:26,2022-03-09 02:29:07,2022-03-09 02:29:07
7007437284,ชม.70-5261,2022-03-09 01:44:54,2022-03-09 01:44:54,2022-03-09 02:29:48,2022-03-09 02:29:48
7007437299,ลพ.70-0786,2022-03-09 02:24:16,2022-03-09 02:24:16,2022-03-09 03:14:04,2022-03-09 03:14:04
7007437307,ชม.70-5300,2022-03-09 02:49:05,2022-03-09 02:49:05,2022-03-09 03:37:52,2022-03-09 03:37:52
7007434886,ฉช.82-3201,2022-03-09 03:07:12,2022-03-09 03:07:12,2022-03-09 03:57:11,2022-03-09 03:57:11
7007434638,กท.79-0644,2022-03-09 03:42:25,2022-03-09 03:42:25,2022-03-09 04:31:41,2022-03-09 04:31:41
7007434653,กท.79-5843,2022-03-09 06:33:05,2022-03-09 06:33:05,2022-03-09 07:23:03,2022-03-09 07:23:03
7007436699,กท.79-5584,2022-03-09 06:51:10,2022-03-09 06:51:10,2022-03-09 07:24:15,2022-03-09 07:24:15
7007437394,ชม.70-5299,2022-03-09 06:40:39,2022-03-09 06:40:39,2022-03-09 07:30:31,2022-03-09 07:30:31
7007437410,สค.70-6123,2022-03-09 06:48:02,2022-03-09 06:48:02,2022-03-09 07:36:39,2022-03-09 07:36:39
7007434639,กท.79-1830,2022-03-09 07:21:23,2022-03-09 07:23:03,2022-03-09 08:02:04,2022-03-09 08:02:04
7007434640,กท.74-9067,2022-03-09 07:26:30,2022-03-09 07:26:30,2022-03-09 08:16:22,2022-03-09 08:16:22
7007434786,กท.79-5579,2022-03-09 07:30:44,2022-03-09 07:30:44,2022-03-09 08:20:43,2022-03-09 08:20:43
7007434658,กท.79-2716,2022-03-09 07:41:05,2022-03-09 07:41:05,2022-03-09 08:26:07,2022-03-09 08:26:07
7007434644,กท.79-5578,2022-03-09 07:49:25,2022-03-09 08:02:04,2022-03-09 08:42:02,2022-03-09 08:42:02
7007434647,กท.79-1961,2022-03-09 08:04:30,2022-03-09 08:16:22,2022-03-09 08:58:14,2022-03-09 08:58:14
7007434659,กท.79-0144,2022-03-09 08:06:11,2022-03-09 08:20:43,2022-03-09 08:59:12,2022-03-09 08:59:12
7007434637,กท.79-0641,2022-03-09 08:28:18,2022-03-09 08:28:18,2022-03-09 09:18:14,2022-03-09 09:18:14
7007436680,กท.78-6739,2022-03-09 08:28:55,2022-03-09 08:42:02,2022-03-09 09:23:24,2022-03-09 09:23:24
7007435385,กท.79-0642,2022-03-09 08:37:21,2022-03-09 08:58:14,2022-03-09 09:46:14,2022-03-09 09:46:14
7007434627,ฉช.82-7443,2022-03-09 08:47:24,2022-03-09 08:59:12,2022-03-09 09:47:57,2022-03-09 09:47:57
7007436829,กท.78-7993,2022-03-09 08:59:12,2022-03-09 09:18:14,2022-03-09 10:06:27,2022-03-09 10:06:27
7007434630,กท.79-0841,2022-03-09 09:06:42,2022-03-09 09:23:24,2022-03-09 10:09:04,2022-03-09 10:09:04
7007434635,กท.78-6744,2022-03-09 09:30:53,2022-03-09 09:47:57,2022-03-09 10:27:16,2022-03-09 10:27:16
7007434808,กท.79-2717,2022-03-09 09:23:49,2022-03-09 09:46:14,2022-03-09 10:32:31,2022-03-09 10:32:31
7007437691,นม.70-6730,2022-03-09 09:41:00,2022-03-09 10:06:27,2022-03-09 10:55:53,2022-03-09 10:55:53
7007437725,กท.79-5842,2022-03-09 09:41:43,2022-03-09 10:09:04,2022-03-09 10:59:01,2022-03-09 10:59:01
7007437911,กท.79-3258,2022-03-09 09:52:04,2022-03-09 10:27:16,2022-03-09 11:17:05,2022-03-09 11:17:05
7007437703,กท.79-3259,2022-03-09 09:57:40,2022-03-09 10:32:31,2022-03-09 11:20:30,2022-03-09 11:20:30
7007438020,ฉช.81-3257,2022-03-09 10:16:52,2022-03-09 10:55:53,2022-03-09 11:45:30,2022-03-09 11:45:30
7007438110,ชม.70-5420,2022-03-09 10:53:10,2022-03-09 10:59:01,2022-03-09 11:47:46,2022-03-09 11:47:46
7007438124,กท.79-5840,2022-03-09 10:54:52,2022-03-09 11:17:05,2022-03-09 12:02:06,2022-03-09 12:02:06
7007438196,ฉช.82-2839,2022-03-09 10:58:44,2022-03-09 11:20:30,2022-03-09 12:10:12,2022-03-09 12:10:12
7007436689,กท.79-2717,2022-03-09 11:22:40,2022-03-09 11:45:30,2022-03-09 12:27:23,2022-03-09 12:27:23
7007438156,ชม.70-5302,2022-03-09 11:23:34,2022-03-09 11:47:46,2022-03-09 12:34:10,2022-03-09 12:34:10
7007438462,ชบ.83-3599,2022-03-09 11:28:35,2022-03-09 12:02:06,2022-03-09 12:52:04,2022-03-09 12:52:04
7007438586,ชม.70-4219,2022-03-09 11:39:18,2022-03-09 12:10:12,2022-03-09 12:55:41,2022-03-09 12:55:41
7007434809,กท.79-0641,2022-03-09 11:44:36,2022-03-09 12:27:23,2022-03-09 13:16:55,2022-03-09 13:16:55
7007434634,กท.79-5579,2022-03-09 11:53:17,2022-03-09 12:34:10,2022-03-09 13:23:58,2022-03-09 13:23:58
7007438109,ฉช.82-3201,2022-03-09 11:55:07,2022-03-09 12:52:04,2022-03-09 13:34:33,2022-03-09 13:34:33
7007436401,กท.79-0841,2022-03-09 12:01:07,2022-03-09 12:55:41,2022-03-09 13:45:25,2022-03-09 13:45:25
7007434632,กท.79-5584,2022-03-09 12:20:48,2022-03-09 13:16:55,2022-03-09 13:58:21,2022-03-09 13:58:21
7007434670,กท.78-6744,2022-03-09 12:36:06,2022-03-09 13:23:58,2022-03-09 14:12:33,2022-03-09 14:12:33
7007438921,สค.70-4074,2022-03-09 12:42:27,2022-03-09 13:34:33,2022-03-09 14:18:12,2022-03-09 14:18:12
7007439057,ลพ.70-0785,2022-03-09 12:58:19,2022-03-09 13:45:25,2022-03-09 14:30:47,2022-03-09 14:30:47
7007439104,ชม.70-5122,2022-03-09 13:09:27,2022-03-09 13:58:21,2022-03-09 14:47:44,2022-03-09 14:47:44
7007439267,กท.78-5932,2022-03-09 13:21:47,2022-03-09 14:12:33,2022-03-09 14:48:49,2022-03-09 14:48:49
7007439287,กท.75-9797,2022-03-09 13:26:00,2022-03-09 14:18:12,2022-03-09 15:03:24,2022-03-09 15:03:24
7007439061,กท.79-1830,2022-03-09 13:32:19,2022-03-09 14:30:47,2022-03-09 15:20:35,2022-03-09 15:20:35
7007439502,ชม.70-5421,2022-03-09 13:38:59,2022-03-09 14:47:44,2022-03-09 15:37:43,2022-03-09 15:37:43
7007439467,จบ.80-3645,2022-03-09 13:43:10,2022-03-09 14:48:49,2022-03-09 15:38:23,2022-03-09 15:38:23
7007434879,กท.79-0144,2022-03-09 14:02:34,2022-03-09 15:03:24,2022-03-09 15:53:23,2022-03-09 15:53:23
7007439616,ชบ.84-7975,2022-03-09 14:04:58,2022-03-09 15:20:35,2022-03-09 16:07:38,2022-03-09 16:07:38
7007439673,กท.75-7868,2022-03-09 14:27:21,2022-03-09 15:53:23,2022-03-09 16:26:23,2022-03-09 16:26:23
7007437946,กท.77-8133,2022-03-09 14:08:15,2022-03-09 15:37:43,2022-03-09 16:27:39,2022-03-09 16:27:39
7007434802,กท.74-9067,2022-03-09 14:27:21,2022-03-09 15:38:23,2022-03-09 16:28:12,2022-03-09 16:28:12
7007434652,กท.79-0644,2022-03-09 14:38:03,2022-03-09 16:07:38,2022-03-09 16:53:18,2022-03-09 16:53:18
7007435226,กท.79-5843,2022-03-09 14:58:37,2022-03-09 16:27:39,2022-03-09 17:04:51,2022-03-09 17:04:51
7007440445,กท.61-8797,2022-03-09 15:05:43,2022-03-09 16:28:12,2022-03-09 17:11:20,2022-03-09 17:11:20
7007438063,กท.78-6739,2022-03-09 14:44:17,2022-03-09 16:26:23,2022-03-09 17:16:06,2022-03-09 17:16:06
7007434663,กท.78-6742,2022-03-09 15:09:13,2022-03-09 16:53:18,2022-03-09 17:43:18,2022-03-09 17:43:18
7007438473,กท.78-7993,2022-03-09 15:27:58,2022-03-09 17:16:06,2022-03-09 17:48:46,2022-03-09 17:48:46
7007434870,ฉช.82-7443,2022-03-09 15:17:42,2022-03-09 17:11:20,2022-03-09 17:51:38,2022-03-09 17:51:38
7007434636,กท.79-0642,2022-03-09 15:16:59,2022-03-09 17:04:51,2022-03-09 17:53:30,2022-03-09 17:53:30
7007434794,กท.79-2716,2022-03-09 15:32:51,2022-03-09 17:43:18,2022-03-09 18:27:08,2022-03-09 18:27:08
7007435382,กท.78-1149,2022-03-09 15:55:47,2022-03-09 17:51:38,2022-03-09 18:33:48,2022-03-09 18:33:48
7007439451,กท.79-5578,2022-03-09 15:55:25,2022-03-09 17:48:46,2022-03-09 18:38:17,2022-03-09 18:38:17
7007434665,กท.77-8134,2022-03-09 16:02:10,2022-03-09 17:53:30,2022-03-09 18:41:17,2022-03-09 18:41:17
7007434633,กท.77-9738,2022-03-09 16:12:40,2022-03-09 18:27:08,2022-03-09 19:16:19,2022-03-09 19:16:19
7007434797,กท.79-1961,2022-03-09 16:24:18,2022-03-09 18:38:17,2022-03-09 19:20:48,2022-03-09 19:20:48
7007438210,ฉช.81-4230,2022-03-09 16:22:28,2022-03-09 18:33:48,2022-03-09 19:23:24,2022-03-09 19:23:24
7007441378,กท.79-5840,2022-03-09 16:24:57,2022-03-09 18:41:17,2022-03-09 19:24:51,2022-03-09 19:24:51
7007438193,ฉช.82-2839,2022-03-09 16:34:14,2022-03-09 19:20:48,2022-03-09 20:03:58,2022-03-09 20:03:58
7007441625,ชม.70-5299,2022-03-09 16:27:33,2022-03-09 19:16:19,2022-03-09 20:06:01,2022-03-09 20:06:01
7007441386,กท.78-6742,2022-03-09 16:42:15,2022-03-09 19:23:24,2022-03-09 20:06:44,2022-03-09 20:06:44
7007442003,ลพ.70-0785,2022-03-09 17:15:37,2022-03-09 19:24:51,2022-03-09 20:06:49,2022-03-09 20:06:49
7007441609,กท.79-5843,2022-03-09 17:55:43,2022-03-09 20:03:58,2022-03-09 20:53:56,2022-03-09 20:53:56
7007438219,กท.77-8134,2022-03-09 18:10:06,2022-03-09 20:06:44,2022-03-09 20:54:26,2022-03-09 20:54:26
7007438214,กท.78-6739,2022-03-09 18:08:14,2022-03-09 20:06:01,2022-03-09 20:55:45,2022-03-09 20:55:45
7007438201,กท.78-7993,2022-03-09 18:16:26,2022-03-09 20:06:49,2022-03-09 20:56:35,2022-03-09 20:56:35
7007438291,กท.79-0642,2022-03-09 18:39:59,2022-03-09 20:53:56,2022-03-09 21:43:48,2022-03-09 21:43:48
7007442506,ชม.70-4355,2022-03-10 00:29:10,2022-03-10 00:29:10,2022-03-10 01:04:38,2022-03-10 01:04:38
7007442570,จบ.80-8222,2022-03-10 00:34:37,2022-03-10 00:34:37,2022-03-10 01:19:59,2022-03-10 01:19:59
7007442508,ชม.70-5261,2022-03-10 00:47:21,2022-03-10 00:47:21,2022-03-10 01:37:10,2022-03-10 01:37:10
7007442512,ชม.70-5300,2022-03-10 00:52:02,2022-03-10 00:52:02,2022-03-10 01:41:16,2022-03-10 01:41:16
7007442510,ชม.70-5301,2022-03-10 01:04:42,2022-03-10 01:04:42,2022-03-10 01:54:41,2022-03-10 01:54:41
7007442514,กท.79-5840,2022-03-10 01:31:12,2022-03-10 01:31:12,2022-03-10 02:19:42,2022-03-10 02:19:42
7007439014,ฉช.82-4812,2022-03-10 02:30:51,2022-03-10 02:30:51,2022-03-10 03:20:06,2022-03-10 03:20:06
7007438271,ฉช.82-7170,2022-03-10 03:26:55,2022-03-10 03:26:55,2022-03-10 04:16:01,2022-03-10 04:16:01
7007438194,ฉช.82-3201,2022-03-10 03:52:14,2022-03-10 03:52:14,2022-03-10 04:39:59,2022-03-10 04:39:59
7007439328,ฉช.82-8346,2022-03-10 03:59:08,2022-03-10 03:59:08,2022-03-10 04:45:49,2022-03-10 04:45:49
7007442627,กท.79-6704,2022-03-10 05:13:27,2022-03-10 05:13:27,2022-03-10 06:00:43,2022-03-10 06:00:43
7007438183,กท.79-5843,2022-03-10 06:25:10,2022-03-10 06:25:10,2022-03-10 07:14:32,2022-03-10 07:14:32
7007438182,กท.78-6742,2022-03-10 06:31:47,2022-03-10 06:31:47,2022-03-10 07:20:42,2022-03-10 07:20:42
7007442164,กท.78-1149,2022-03-10 06:39:53,2022-03-10 06:39:53,2022-03-10 07:29:20,2022-03-10 07:29:20
7007442656,ชบ.82-4190,2022-03-10 06:50:45,2022-03-10 06:50:45,2022-03-10 07:40:45,2022-03-10 07:40:45
7007442105,กท.79-5584,2022-03-10 06:53:25,2022-03-10 07:14:32,2022-03-10 08:00:07,2022-03-10 08:00:07
7007442676,สค.70-6125,2022-03-10 07:03:42,2022-03-10 07:20:42,2022-03-10 08:07:17,2022-03-10 08:07:17
7007438275,กท.79-0144,2022-03-10 07:08:42,2022-03-10 07:29:20,2022-03-10 08:17:23,2022-03-10 08:17:23
7007442347,กท.79-5578,2022-03-10 07:15:04,2022-03-10 07:40:45,2022-03-10 08:30:06,2022-03-10 08:30:06
7007438179,กท.79-1961,2022-03-10 07:37:10,2022-03-10 08:07:17,2022-03-10 08:45:09,2022-03-10 08:45:09
7007438185,กท.79-2716,2022-03-10 07:39:07,2022-03-10 08:17:23,2022-03-10 08:47:45,2022-03-10 08:47:45
7007438264,กท.74-9070,2022-03-10 07:18:13,2022-03-10 08:00:07,2022-03-10 08:50:05,2022-03-10 08:50:05
7007438266,กท.77-8133,2022-03-10 07:50:46,2022-03-10 08:30:06,2022-03-10 09:13:39,2022-03-10 09:13:39
7007442761,สค.70-6123,2022-03-10 08:00:42,2022-03-10 08:47:45,2022-03-10 09:27:15,2022-03-10 09:27:15
7007438226,กท.79-1830,2022-03-10 07:56:40,2022-03-10 08:45:09,2022-03-10 09:31:28,2022-03-10 09:31:28
7007438253,กท.74-9067,2022-03-10 08:09:53,2022-03-10 08:50:05,2022-03-10 09:38:44,2022-03-10 09:38:44
7007438246,กท.79-0641,2022-03-10 08:10:16,2022-03-10 09:13:39,2022-03-10 10:03:34,2022-03-10 10:03:34
7007438191,กท.79-0841,2022-03-10 08:16:21,2022-03-10 09:27:15,2022-03-10 10:15:05,2022-03-10 10:15:05
7007438198,กท.79-5579,2022-03-10 08:34:12,2022-03-10 09:31:28,2022-03-10 10:18:39,2022-03-10 10:18:39
7007438180,กท.77-9738,2022-03-10 08:39:47,2022-03-10 09:38:44,2022-03-10 10:26:23,2022-03-10 10:26:23
7007438293,กท.79-2717,2022-03-10 08:43:42,2022-03-10 10:03:34,2022-03-10 10:53:32,2022-03-10 10:53:32
7007438255,ฉช.82-7443,2022-03-10 09:17:02,2022-03-10 10:18:39,2022-03-10 10:59:35,2022-03-10 10:59:35
7007441162,กท.78-6744,2022-03-10 09:11:36,2022-03-10 10:15:05,2022-03-10 11:02:30,2022-03-10 11:02:30
7007438200,กท.79-0644,2022-03-10 09:23:05,2022-03-10 10:26:23,2022-03-10 11:15:02,2022-03-10 11:15:02
7007443056,กท.79-5842,2022-03-10 09:26:17,2022-03-10 10:53:32,2022-03-10 11:42:29,2022-03-10 11:42:29
7007443079,กท.79-3259,2022-03-10 09:51:00,2022-03-10 10:59:35,2022-03-10 11:49:33,2022-03-10 11:49:33
7007443128,ตร.80-2192,2022-03-10 09:52:55,2022-03-10 11:02:30,2022-03-10 11:50:54,2022-03-10 11:50:54
7007443063,กท.79-3258,2022-03-10 10:01:17,2022-03-10 11:15:02,2022-03-10 12:04:45,2022-03-10 12:04:45
7007443162,กท.79-5841,2022-03-10 10:01:30,2022-03-10 11:42:29,2022-03-10 12:32:17,2022-03-10 12:32:17
7007443232,ลพ.70-0786,2022-03-10 10:17:57,2022-03-10 11:49:33,2022-03-10 12:38:00,2022-03-10 12:38:00
7007443519,กท.79-3257,2022-03-10 10:24:39,2022-03-10 11:50:54,2022-03-10 12:39:31,2022-03-10 12:39:31
7007443563,กท.75-6899,2022-03-10 10:42:03,2022-03-10 12:04:45,2022-03-10 12:53:40,2022-03-10 12:53:40
7007443668,ชบ.84-7156,2022-03-10 10:53:04,2022-03-10 12:32:17,2022-03-10 13:18:25,2022-03-10 13:18:25
7007441283,กท.78-6742,2022-03-10 11:05:30,2022-03-10 12:38:00,2022-03-10 13:23:59,2022-03-10 13:23:59
7007443888,รย.82-4242,2022-03-10 11:20:47,2022-03-10 12:39:31,2022-03-10 13:29:22,2022-03-10 13:29:22
7007443793,ชบ.85-3878,2022-03-10 11:29:30,2022-03-10 12:53:40,2022-03-10 13:40:36,2022-03-10 13:40:36
7007438262,กท.79-0144,2022-03-10 11:39:35,2022-03-10 13:18:25,2022-03-10 13:56:54,2022-03-10 13:56:54
7007442102,กท.79-5843,2022-03-10 11:49:24,2022-03-10 13:29:22,2022-03-10 14:04:17,2022-03-10 14:04:17
7007438181,กท.79-5584,2022-03-10 11:43:10,2022-03-10 13:23:59,2022-03-10 14:13:58,2022-03-10 14:13:58
7007438286,กท.79-1961,2022-03-10 11:57:25,2022-03-10 13:40:36,2022-03-10 14:20:20,2022-03-10 14:20:20
7007444357,ชม.70-5302,2022-03-10 12:02:00,2022-03-10 13:56:54,2022-03-10 14:41:00,2022-03-10 14:41:00
7007442103,กท.79-1830,2022-03-10 12:17:33,2022-03-10 14:04:17,2022-03-10 14:54:15,2022-03-10 14:54:15
7007444407,ชม.70-5420,2022-03-10 12:23:14,2022-03-10 14:13:58,2022-03-10 15:02:47,2022-03-10 15:02:47
7007438190,กท.79-2716,2022-03-10 12:27:06,2022-03-10 14:20:20,2022-03-10 15:06:45,2022-03-10 15:06:45
7007438175,กท.77-8133,2022-03-10 12:32:47,2022-03-10 14:41:00,2022-03-10 15:23:49,2022-03-10 15:23:49
7007444259,ฉช.82-7170,2022-03-10 12:38:20,2022-03-10 14:54:15,2022-03-10 15:43:21,2022-03-10 15:43:21
7007438187,ฉช.82-8346,2022-03-10 12:46:35,2022-03-10 15:02:47,2022-03-10 15:44:31,2022-03-10 15:44:31
7007438273,กท.79-2717,2022-03-10 12:59:07,2022-03-10 15:06:45,2022-03-10 15:47:54,2022-03-10 15:47:54
7007444817,กท.79-8993,2022-03-10 13:04:27,2022-03-10 15:23:49,2022-03-10 16:04:48,2022-03-10 16:04:48
7007438278,กท.74-9067,2022-03-10 13:16:39,2022-03-10 15:43:21,2022-03-10 16:24:31,2022-03-10 16:24:31
7007438269,กท.78-6744,2022-03-10 13:30:48,2022-03-10 15:44:31,2022-03-10 16:34:10,2022-03-10 16:34:10
7007444989,นม.70-6730,2022-03-10 13:47:35,2022-03-10 15:47:54,2022-03-10 16:37:47,2022-03-10 16:37:47
7007445039,ชม.70-5193,2022-03-10 14:05:14,2022-03-10 16:04:48,2022-03-10 16:53:27,2022-03-10 16:53:27
7007438240,กท.78-1149,2022-03-10 14:11:27,2022-03-10 16:24:31,2022-03-10 17:11:16,2022-03-10 17:11:16
7007438283,กท.79-0641,2022-03-10 14:31:27,2022-03-10 16:34:10,2022-03-10 17:18:39,2022-03-10 17:18:39
7007445160,ชม.70-5299,2022-03-10 14:41:37,2022-03-10 16:37:47,2022-03-10 17:27:26,2022-03-10 17:27:26
7007445210,ชบ.84-7139,2022-03-10 14:45:50,2022-03-10 16:53:27,2022-03-10 17:39:46,2022-03-10 17:39:46
7007439330,ฉช.82-7443,2022-03-10 14:49:44,2022-03-10 17:11:16,2022-03-10 17:54:34,2022-03-10 17:54:34
7007438249,กท.74-9070,2022-03-10 15:04:11,2022-03-10 17:27:26,2022-03-10 18:05:48,2022-03-10 18:05:48
7007444125,กท.77-8134,2022-03-10 14:58:27,2022-03-10 17:18:39,2022-03-10 18:08:28,2022-03-10 18:08:28
7007445251,จบ.80-3645,2022-03-10 15:10:33,2022-03-10 17:39:46,2022-03-10 18:29:12,2022-03-10 18:29:12
7007445376,รย.82-4012,2022-03-10 15:17:33,2022-03-10 17:54:34,2022-03-10 18:39:58,2022-03-10 18:39:58
7007438197,กท.77-9738,2022-03-10 15:23:40,2022-03-10 18:05:48,2022-03-10 18:55:48,2022-03-10 18:55:48
7007438188,กท.79-0644,2022-03-10 15:38:24,2022-03-10 18:08:28,2022-03-10 18:58:22,2022-03-10 18:58:22
7007444128,กท.79-5579,2022-03-10 15:44:24,2022-03-10 18:29:12,2022-03-10 19:18:30,2022-03-10 19:18:30
7007445475,ชบ.85-5327,2022-03-10 15:45:18,2022-03-10 18:39:58,2022-03-10 19:29:56,2022-03-10 19:29:56
7007445841,กท.78-5932,2022-03-10 16:20:23,2022-03-10 18:58:22,2022-03-10 19:38:39,2022-03-10 19:38:39
7007445795,กท.79-5841,2022-03-10 16:19:56,2022-03-10 18:55:48,2022-03-10 19:45:12,2022-03-10 19:45:12
7007445818,ชม.70-5122,2022-03-10 16:36:33,2022-03-10 19:18:30,2022-03-10 20:06:18,2022-03-10 20:06:18
7007446143,กท.72-3498,2022-03-10 16:46:49,2022-03-10 19:29:56,2022-03-10 20:19:56,2022-03-10 20:19:56
7007446449,ชม.70-4219,2022-03-10 16:56:32,2022-03-10 19:38:39,2022-03-10 20:28:36,2022-03-10 20:28:36
7007446830,กท.79-3259,2022-03-10 17:25:53,2022-03-10 20:06:18,2022-03-10 20:55:20,2022-03-10 20:55:20
7007446113,ฉช.81-4230,2022-03-10 17:27:45,2022-03-10 20:19:56,2022-03-10 21:09:56,2022-03-10 21:09:56
7007447154,กท.79-0643,2022-03-10 17:40:37,2022-03-10 20:28:36,2022-03-10 21:10:41,2022-03-10 21:10:41
7007447180,กท.79-3257,2022-03-10 17:41:24,2022-03-10 20:35:06,2022-03-10 21:13:58,2022-03-10 21:13:58
7007446377,กท.79-0841,2022-03-10 17:52:25,2022-03-10 20:55:20,2022-03-10 21:42:30,2022-03-10 21:42:30
7007446059,กท.79-0642,2022-03-10 18:03:42,2022-03-10 21:09:56,2022-03-10 21:54:53,2022-03-10 21:54:53
7007445940,กท.79-5843,2022-03-10 18:08:10,2022-03-10 21:10:41,2022-03-10 22:00:35,2022-03-10 22:00:35
7007447173,กท.79-2716,2022-03-10 18:24:13,2022-03-10 21:13:58,2022-03-10 22:03:58,2022-03-10 22:03:58
7007447468,ชม.70-5124,2022-03-10 18:27:54,2022-03-10 21:54:53,2022-03-10 22:31:22,2022-03-10 22:31:22
7007447260,สค.70-4074,2022-03-10 18:24:39,2022-03-10 21:42:30,2022-03-10 22:31:26,2022-03-10 22:31:26
7007447490,ชม.70-5123,2022-03-10 18:35:28,2022-03-10 22:00:35,2022-03-10 22:40:52,2022-03-10 22:40:52
7007447732,กท.79-5842,2022-03-10 18:44:41,2022-03-10 22:03:58,2022-03-10 22:48:24,2022-03-10 22:48:24
7007448155,กท.79-1816,2022-03-10 18:56:16,2022-03-10 22:31:22,2022-03-10 23:18:28,2022-03-10 23:18:28
7007445914,กท.79-0144,2022-03-10 19:06:28,2022-03-10 22:31:26,2022-03-10 23:21:25,2022-03-10 23:21:25
7007450401,ลพ.70-0785,2022-03-11 00:46:35,2022-03-11 00:46:35,2022-03-11 01:34:48,2022-03-11 01:34:48
7007450400,ชม.70-5301,2022-03-11 01:07:41,2022-03-11 01:07:41,2022-03-11 01:53:22,2022-03-11 01:53:22
7007450427,ชม.70-5300,2022-03-11 01:16:56,2022-03-11 01:16:56,2022-03-11 02:06:55,2022-03-11 02:06:55
7007450438,สค.70-6125,2022-03-11 01:23:52,2022-03-11 01:23:52,2022-03-11 02:10:21,2022-03-11 02:10:21
7007450445,กท.79-8993,2022-03-11 01:32:28,2022-03-11 01:34:48,2022-03-11 02:24:41,2022-03-11 02:24:41
7007450547,กท.79-7691,2022-03-11 04:52:31,2022-03-11 04:52:31,2022-03-11 05:42:21,2022-03-11 05:42:21
7007445938,ฉช.82-7443,2022-03-11 05:04:00,2022-03-11 05:04:00,2022-03-11 05:52:01,2022-03-11 05:52:01
7007450552,ชม.70-5261,2022-03-11 05:12:07,2022-03-11 05:12:07,2022-03-11 06:02:00,2022-03-11 06:02:00
7007445904,กท.79-0643,2022-03-11 06:47:21,2022-03-11 06:47:21,2022-03-11 07:28:48,2022-03-11 07:28:48
7007445921,กท.78-1149,2022-03-11 06:44:39,2022-03-11 06:44:39,2022-03-11 07:33:32,2022-03-11 07:33:32
7007450620,สค.70-6123,2022-03-11 06:56:38,2022-03-11 06:56:38,2022-03-11 07:42:49,2022-03-11 07:42:49
7007446110,กท.78-6742,2022-03-11 07:00:56,2022-03-11 07:00:56,2022-03-11 07:50:40,2022-03-11 07:50:40
7007445929,กท.79-1830,2022-03-11 07:16:05,2022-03-11 07:28:48,2022-03-11 08:07:12,2022-03-11 08:07:12
7007446051,กท.74-9067,2022-03-11 07:22:42,2022-03-11 07:33:32,2022-03-11 08:22:45,2022-03-11 08:22:45
7007446056,กท.79-5584,2022-03-11 07:35:36,2022-03-11 07:42:49,2022-03-11 08:27:30,2022-03-11 08:27:30
7007446053,กท.74-9070,2022-03-11 07:41:20,2022-03-11 07:50:40,2022-03-11 08:38:57,2022-03-11 08:38:57
7007445924,กท.78-7993,2022-03-11 07:49:45,2022-03-11 08:07:12,2022-03-11 08:53:12,2022-03-11 08:53:12
7007446061,กท.79-0644,2022-03-11 08:00:48,2022-03-11 08:22:45,2022-03-11 09:11:47,2022-03-11 09:11:47
7007445910,กท.78-6744,2022-03-11 08:04:34,2022-03-11 08:27:30,2022-03-11 09:15:31,2022-03-11 09:15:31
7007446076,กท.77-8133,2022-03-11 08:10:05,2022-03-11 08:38:57,2022-03-11 09:24:14,2022-03-11 09:24:14
7007446055,กท.79-2717,2022-03-11 08:17:00,2022-03-11 08:53:12,2022-03-11 09:43:09,2022-03-11 09:43:09
7007450673,ชม.70-5124,2022-03-11 08:22:32,2022-03-11 09:11:47,2022-03-11 09:59:47,2022-03-11 09:59:47
7007450694,ฉช.81-3257,2022-03-11 08:34:56,2022-03-11 09:15:31,2022-03-11 10:05:30,2022-03-11 10:05:30
7007445905,กท.79-5578,2022-03-11 08:34:57,2022-03-11 09:24:14,2022-03-11 10:09:08,2022-03-11 10:09:08
7007445901,กท.79-0641,2022-03-11 08:44:29,2022-03-11 09:43:09,2022-03-11 10:33:07,2022-03-11 10:33:07
7007445927,กท.77-9738,2022-03-11 08:54:18,2022-03-11 09:59:47,2022-03-11 10:47:31,2022-03-11 10:47:31
7007446067,กท.78-6739,2022-03-11 08:59:02,2022-03-11 10:05:30,2022-03-11 10:55:28,2022-03-11 10:55:28
7007450855,กท.79-5840,2022-03-11 09:11:24,2022-03-11 10:09:08,2022-03-11 10:58:55,2022-03-11 10:58:55
7007446091,กท.79-1961,2022-03-11 09:28:41,2022-03-11 10:33:07,2022-03-11 11:23:02,2022-03-11 11:23:02
7007450925,ชม.70-5125,2022-03-11 09:30:40,2022-03-11 10:47:31,2022-03-11 11:30:29,2022-03-11 11:30:29
7007450984,ชม.70-5299,2022-03-11 09:37:08,2022-03-11 10:55:28,2022-03-11 11:44:55,2022-03-11 11:44:55
7007451079,นม.70-6589,2022-03-11 09:44:54,2022-03-11 10:58:55,2022-03-11 11:48:22,2022-03-11 11:48:22
7007451038,กท.79-5841,2022-03-11 09:46:53,2022-03-11 11:23:02,2022-03-11 12:09:43,2022-03-11 12:09:43
7007451209,กท.77-8134,2022-03-11 10:01:50,2022-03-11 11:30:29,2022-03-11 12:20:24,2022-03-11 12:20:24
7007451359,กท.79-3258,2022-03-11 10:03:23,2022-03-11 11:44:55,2022-03-11 12:33:13,2022-03-11 12:33:13
7007451473,กท.75-2786,2022-03-11 10:10:29,2022-03-11 11:48:22,2022-03-11 12:38:20,2022-03-11 12:38:20
7007451549,ชบ.85-3878,2022-03-11 10:19:55,2022-03-11 12:09:43,2022-03-11 12:58:27,2022-03-11 12:58:27
7007446058,กท.78-6742,2022-03-11 10:27:05,2022-03-11 12:20:24,2022-03-11 13:10:21,2022-03-11 13:10:21
7007451443,กท.79-0643,2022-03-11 10:36:07,2022-03-11 12:33:13,2022-03-11 13:23:00,2022-03-11 13:23:00
7007451677,ชม.70-4355,2022-03-11 10:40:49,2022-03-11 12:38:20,2022-03-11 13:27:52,2022-03-11 13:27:52
7007446046,กท.79-1830,2022-03-11 10:45:51,2022-03-11 12:58:27,2022-03-11 13:45:25,2022-03-11 13:45:25
7007446052,กท.78-1149,2022-03-11 10:56:05,2022-03-11 13:10:21,2022-03-11 13:48:06,2022-03-11 13:48:06
7007451858,ชบ.82-4190,2022-03-11 11:03:49,2022-03-11 13:23:00,2022-03-11 14:06:23,2022-03-11 14:06:23
7007451979,กท.75-9797,2022-03-11 11:19:12,2022-03-11 13:27:52,2022-03-11 14:11:16,2022-03-11 14:11:16
7007451932,จบ.80-8222,2022-03-11 11:35:49,2022-03-11 13:45:25,2022-03-11 14:32:01,2022-03-11 14:32:01
7007451865,กท.77-6494,2022-03-11 11:41:31,2022-03-11 13:48:06,2022-03-11 14:34:11,2022-03-11 14:34:11
7007446079,กท.79-2717,2022-03-11 11:53:57,2022-03-11 14:11:16,2022-03-11 14:54:50,2022-03-11 14:54:50
7007452041,จบ.80-3645,2022-03-11 11:45:20,2022-03-11 14:06:23,2022-03-11 14:56:06,2022-03-11 14:56:06
7007452103,กท.61-8797,2022-03-11 12:01:09,2022-03-11 14:32:01,2022-03-11 15:05:02,2022-03-11 15:05:02
7007452153,กท.79-3257,2022-03-11 12:09:00,2022-03-11 14:34:11,2022-03-11 15:16:48,2022-03-11 15:16:48
7007446086,กท.78-6739,2022-03-11 12:19:49,2022-03-11 14:54:50,2022-03-11 15:44:26,2022-03-11 15:44:26
7007452246,ชม.70-5300,2022-03-11 12:27:40,2022-03-11 14:56:06,2022-03-11 15:46:05,2022-03-11 15:46:05
7007452178,รย.71-2637,2022-03-11 12:29:10,2022-03-11 15:05:02,2022-03-11 15:54:48,2022-03-11 15:54:48
7007446063,กท.74-9070,2022-03-11 12:34:31,2022-03-11 15:16:48,2022-03-11 16:06:45,2022-03-11 16:06:45
7007452349,ลพ.70-0786,2022-03-11 12:43:56,2022-03-11 15:44:26,2022-03-11 16:34:17,2022-03-11 16:34:17
7007452376,กท.77-7979,2022-03-11 12:51:04,2022-03-11 15:46:05,2022-03-11 16:36:05,2022-03-11 16:36:05
7007452375,ชม.70-4219,2022-03-11 12:52:29,2022-03-11 15:54:48,2022-03-11 16:44:37,2022-03-11 16:44:37
7007445912,กท.77-8134,2022-03-11 12:59:46,2022-03-11 16:06:45,2022-03-11 16:55:57,2022-03-11 16:55:57
7007452423,กท.61-6077,2022-03-11 13:12:00,2022-03-11 16:34:17,2022-03-11 17:23:25,2022-03-11 17:23:25
7007452405,กท.79-3259,2022-03-11 13:16:28,2022-03-11 16:36:05,2022-03-11 17:24:44,2022-03-11 17:24:44
7007446048,กท.77-8133,2022-03-11 13:20:14,2022-03-11 16:44:37,2022-03-11 17:33:07,2022-03-11 17:33:07
7007446074,กท.78-6744,2022-03-11 13:38:53,2022-03-11 16:55:57,2022-03-11 17:45:53,2022-03-11 17:45:53
7007445918,กท.78-7993,2022-03-11 13:55:20,2022-03-11 17:33:07,2022-03-11 18:12:57,2022-03-11 18:12:57
7007451446,กท.77-9738,2022-03-11 13:42:00,2022-03-11 17:23:25,2022-03-11 18:13:22,2022-03-11 18:13:22
7007452488,ชบ.84-7139,2022-03-11 13:51:07,2022-03-11 17:24:44,2022-03-11 18:14:36,2022-03-11 18:14:36
7007452494,กท.77-6494,2022-03-11 14:10:58,2022-03-11 17:45:53,2022-03-11 18:35:51,2022-03-11 18:35:51
7007452696,ชม.70-5302,2022-03-11 14:23:53,2022-03-11 18:14:36,2022-03-11 18:50:34,2022-03-11 18:50:34
7007446080,กท.79-2716,2022-03-11 14:11:16,2022-03-11 18:12:57,2022-03-11 18:59:20,2022-03-11 18:59:20
7007452699,กท.79-7691,2022-03-11 14:16:01,2022-03-11 18:13:22,2022-03-11 19:02:51,2022-03-11 19:02:51
7007452807,รย.82-0448,2022-03-11 14:29:59,2022-03-11 18:35:51,2022-03-11 19:25:27,2022-03-11 19:25:27
7007452792,ชม.70-4355,2022-03-11 14:42:49,2022-03-11 18:50:34,2022-03-11 19:38:47,2022-03-11 19:38:47
7007452845,กท.79-5841,2022-03-11 14:51:11,2022-03-11 18:59:20,2022-03-11 19:48:38,2022-03-11 19:48:38
7007452835,ชบ.84-7975,2022-03-11 14:54:01,2022-03-11 19:02:51,2022-03-11 19:52:00,2022-03-11 19:52:00
7007452851,กท.79-8995,2022-03-11 14:58:26,2022-03-11 19:25:27,2022-03-11 20:03:35,2022-03-11 20:03:35
7007452035,กท.79-5578,2022-03-11 15:08:34,2022-03-11 19:38:47,2022-03-11 20:20:07,2022-03-11 20:20:07
7007446072,กท.79-0641,2022-03-11 15:15:27,2022-03-11 19:48:38,2022-03-11 20:36:13,2022-03-11 20:36:13
7007451445,กท.79-0642,2022-03-11 15:32:18,2022-03-11 19:52:00,2022-03-11 20:36:44,2022-03-11 20:36:44
7007453009,ชม.70-5261,2022-03-11 15:41:11,2022-03-11 20:03:35,2022-03-11 20:53:35,2022-03-11 20:53:35
7007452227,ฉช.81-4230,2022-03-11 15:43:20,2022-03-11 20:20:07,2022-03-11 21:09:08,2022-03-11 21:09:08
7007453105,ชม.70-5123,2022-03-11 16:03:39,2022-03-11 20:36:44,2022-03-11 21:22:32,2022-03-11 21:22:32
7007453091,ชบ.85-3878,2022-03-11 15:51:53,2022-03-11 20:36:13,2022-03-11 21:25:53,2022-03-11 21:25:53
7007453162,นม.70-6730,2022-03-11 16:11:02,2022-03-11 20:53:35,2022-03-11 21:43:30,2022-03-11 21:43:30
7007453236,ชม.70-5420,2022-03-11 16:20:13,2022-03-11 21:09:08,2022-03-11 21:54:18,2022-03-11 21:54:18
7007453277,ชบ.85-5327,2022-03-11 16:24:47,2022-03-11 21:22:32,2022-03-11 22:04:11,2022-03-11 22:04:11
7007453561,กท.79-5842,2022-03-11 16:33:30,2022-03-11 21:25:53,2022-03-11 22:12:39,2022-03-11 22:12:39
7007454041,จบ.80-8222,2022-03-12 06:27:46,2022-03-12 06:27:46,2022-03-12 07:16:52,2022-03-12 07:16:52
7007454063,ชม.70-5299,2022-03-12 06:52:23,2022-03-12 06:52:23,2022-03-12 07:28:00,2022-03-12 07:28:00
7007454070,รย.71-2638,2022-03-12 06:59:05,2022-03-12 06:59:05,2022-03-12 07:49:05,2022-03-12 07:49:05
7007454093,ลพ.70-0785,2022-03-12 07:18:32,2022-03-12 07:18:32,2022-03-12 08:05:17,2022-03-12 08:05:17
7007452207,กท.79-5843,2022-03-12 07:23:34,2022-03-12 07:23:34,2022-03-12 08:09:50,2022-03-12 08:09:50
7007454076,กท.79-8993,2022-03-12 07:26:10,2022-03-12 07:28:00,2022-03-12 08:12:59,2022-03-12 08:12:59
7007452202,กท.79-1830,2022-03-12 07:28:02,2022-03-12 07:49:05,2022-03-12 08:30:34,2022-03-12 08:30:34
7007452204,กท.74-9067,2022-03-12 07:48:57,2022-03-12 08:12:59,2022-03-12 08:45:29,2022-03-12 08:45:29
7007454065,สค.70-2507,2022-03-12 07:33:02,2022-03-12 08:05:17,2022-03-12 08:46:53,2022-03-12 08:46:53
7007453695,กท.79-5584,2022-03-12 07:47:20,2022-03-12 08:09:50,2022-03-12 08:58:38,2022-03-12 08:58:38
7007454107,สค.70-6125,2022-03-12 07:56:15,2022-03-12 08:30:34,2022-03-12 09:11:20,2022-03-12 09:11:20
7007454105,รย.81-6767,2022-03-12 08:08:58,2022-03-12 08:45:29,2022-03-12 09:23:04,2022-03-12 09:23:04
7007452206,กท.79-5578,2022-03-12 08:26:37,2022-03-12 08:46:53,2022-03-12 09:31:35,2022-03-12 09:31:35
7007454135,ลพ.70-1223,2022-03-12 08:31:51,2022-03-12 08:58:38,2022-03-12 09:43:05,2022-03-12 09:43:05
7007452195,กท.79-2716,2022-03-12 08:39:22,2022-03-12 09:11:20,2022-03-12 09:58:08,2022-03-12 09:58:08
7007452199,กท.77-9738,2022-03-12 08:55:26,2022-03-12 09:31:35,2022-03-12 10:07:23,2022-03-12 10:07:23
7007452196,กท.78-6744,2022-03-12 08:47:15,2022-03-12 09:23:04,2022-03-12 10:13:03,2022-03-12 10:13:03
7007454147,นม.70-6589,2022-03-12 09:08:17,2022-03-12 09:43:05,2022-03-12 10:32:37,2022-03-12 10:32:37
7007452208,กท.79-5579,2022-03-12 09:23:30,2022-03-12 10:07:23,2022-03-12 10:41:35,2022-03-12 10:41:35
7007452225,กท.79-2717,2022-03-12 09:12:53,2022-03-12 09:58:08,2022-03-12 10:48:07,2022-03-12 10:48:07
7007454180,ชม.70-4219,2022-03-12 09:27:42,2022-03-12 10:13:03,2022-03-12 10:59:25,2022-03-12 10:59:25
7007452198,กท.79-0643,2022-03-12 09:29:25,2022-03-12 10:32:37,2022-03-12 11:16:19,2022-03-12 11:16:19
7007454182,ชม.70-5301,2022-03-12 09:44:40,2022-03-12 10:41:35,2022-03-12 11:31:35,2022-03-12 11:31:35
7007454198,กท.77-7979,2022-03-12 09:46:24,2022-03-12 10:48:07,2022-03-12 11:37:21,2022-03-12 11:37:21
7007454212,ชม.70-4355,2022-03-12 10:02:33,2022-03-12 10:59:25,2022-03-12 11:49:05,2022-03-12 11:49:05
7007454214,กท.75-3041,2022-03-12 10:04:23,2022-03-12 11:16:19,2022-03-12 12:06:19,2022-03-12 12:06:19
7007452200,ฉช.82-7443,2022-03-12 10:14:44,2022-03-12 11:31:35,2022-03-12 12:21:24,2022-03-12 12:21:24
7007452861,กท.74-9070,2022-03-12 10:21:07,2022-03-12 11:37:21,2022-03-12 12:22:11,2022-03-12 12:22:11
7007454268,ชบ.84-7139,2022-03-12 10:28:28,2022-03-12 11:49:05,2022-03-12 12:34:45,2022-03-12 12:34:45
7007454295,กท.79-5840,2022-03-12 10:39:51,2022-03-12 12:06:19,2022-03-12 12:55:59,2022-03-12 12:55:59
7007452248,กท.79-5578,2022-03-12 10:55:10,2022-03-12 12:22:11,2022-03-12 13:04:18,2022-03-12 13:04:18
7007452194,กท.79-5843,2022-03-12 10:48:57,2022-03-12 12:21:24,2022-03-12 13:11:05,2022-03-12 13:11:05
7007452274,กท.79-0643,2022-03-12 11:00:59,2022-03-12 12:34:45,2022-03-12 13:22:45,2022-03-12 13:22:45
7007454400,กท.79-7691,2022-03-12 11:17:18,2022-03-12 13:04:18,2022-03-12 13:33:49,2022-03-12 13:33:49
7007453408,กท.79-2716,2022-03-12 11:17:17,2022-03-12 12:55:59,2022-03-12 13:39:22,2022-03-12 13:39:22
7007452731,กท.78-7993,2022-03-12 11:35:29,2022-03-12 13:11:05,2022-03-12 13:58:38,2022-03-12 13:58:38
7007454411,กท.79-3259,2022-03-12 11:37:17,2022-03-12 13:22:45,2022-03-12 14:08:00,2022-03-12 14:08:00
7007454449,กท.79-6705,2022-03-12 11:49:39,2022-03-12 13:33:49,2022-03-12 14:23:49,2022-03-12 14:23:49
7007454444,ชม.70-5300,2022-03-12 12:03:21,2022-03-12 13:39:22,2022-03-12 14:25:00,2022-03-12 14:25:00
7007454466,กท.79-3257,2022-03-12 12:20:59,2022-03-12 13:58:38,2022-03-12 14:43:38,2022-03-12 14:43:38
7007454474,สค.70-4074,2022-03-12 12:31:54,2022-03-12 14:08:00,2022-03-12 14:58:00,2022-03-12 14:58:00
7007454478,ชบ.82-4190,2022-03-12 12:40:15,2022-03-12 14:23:49,2022-03-12 15:04:24,2022-03-12 15:04:24
7007454490,กท.79-5841,2022-03-12 13:18:41,2022-03-12 14:25:00,2022-03-12 15:14:29,2022-03-12 15:14:29
7007454531,กท.75-3041,2022-03-12 13:24:07,2022-03-12 14:43:38,2022-03-12 15:26:51,2022-03-12 15:26:51
7007454520,กท.79-3258,2022-03-12 13:31:05,2022-03-12 14:58:00,2022-03-12 15:47:44,2022-03-12 15:47:44
7007454537,กท.79-8993,2022-03-12 13:46:40,2022-03-12 15:04:24,2022-03-12 15:54:09,2022-03-12 15:54:09
7007454552,ชม.70-4355,2022-03-12 13:57:59,2022-03-12 15:14:29,2022-03-12 15:55:43,2022-03-12 15:55:43
7007452232,กท.78-6739,2022-03-12 14:02:35,2022-03-12 15:26:51,2022-03-12 16:16:12,2022-03-12 16:16:12
7007454625,ชม.70-5122,2022-03-12 14:44:17,2022-03-12 15:55:43,2022-03-12 16:35:42,2022-03-12 16:35:42
7007454602,สค.70-6123,2022-03-12 14:10:40,2022-03-12 15:47:44,2022-03-12 16:37:43,2022-03-12 16:37:43
7007452305,กท.78-6744,2022-03-12 14:34:51,2022-03-12 15:54:09,2022-03-12 16:41:05,2022-03-12 16:41:05
7007454624,ชม.70-5123,2022-03-12 14:51:17,2022-03-12 16:16:12,2022-03-12 16:57:40,2022-03-12 16:57:40
7007454615,กท.61-8797,2022-03-12 14:55:42,2022-03-12 16:35:42,2022-03-12 17:14:28,2022-03-12 17:14:28
7007454641,ชม.70-5421,2022-03-12 15:01:16,2022-03-12 16:37:43,2022-03-12 17:20:05,2022-03-12 17:20:05
7007454891,ชม.70-5299,2022-03-13 01:01:03,2022-03-13 01:01:03,2022-03-13 01:37:28,2022-03-13 01:37:28
7007454894,ลพ.70-0785,2022-03-13 01:21:41,2022-03-13 01:21:41,2022-03-13 03:07:49,2022-03-13 03:07:49
7007454910,ชม.70-5261,2022-03-13 03:15:28,2022-03-13 03:15:28,2022-03-13 04:05:28,2022-03-13 04:05:28
7007454915,ฉช.81-3257,2022-03-13 03:44:15,2022-03-13 03:44:15,2022-03-13 04:34:07,2022-03-13 04:34:07
7007452326,ฉช.82-8528,2022-03-13 04:12:28,2022-03-13 04:12:28,2022-03-13 04:50:46,2022-03-13 04:50:46
7007454918,ลพ.70-0786,2022-03-13 04:02:10,2022-03-13 04:02:10,2022-03-13 04:51:33,2022-03-13 04:51:33
7007452329,ฉช.82-8346,2022-03-13 04:47:17,2022-03-13 04:47:17,2022-03-13 05:31:42,2022-03-13 05:31:42
7007454938,ชม.70-5301,2022-03-13 04:52:56,2022-03-13 04:52:56,2022-03-13 05:39:35,2022-03-13 05:39:35
7007452234,กท.79-5584,2022-03-13 06:46:22,2022-03-13 06:46:22,2022-03-13 07:21:31,2022-03-13 07:21:31
7007452299,กท.78-6742,2022-03-13 06:52:00,2022-03-13 06:52:00,2022-03-13 07:41:20,2022-03-13 07:41:20
7007452293,กท.79-5843,2022-03-13 06:53:10,2022-03-13 06:53:10,2022-03-13 07:43:10,2022-03-13 07:43:10
7007452271,กท.78-1149,2022-03-13 06:58:13,2022-03-13 06:58:13,2022-03-13 07:44:15,2022-03-13 07:44:15
7007455016,สค.70-6123,2022-03-13 07:04:54,2022-03-13 07:21:31,2022-03-13 08:06:53,2022-03-13 08:06:53
7007452269,กท.79-0841,2022-03-13 07:21:39,2022-03-13 07:41:20,2022-03-13 08:26:04,2022-03-13 08:26:04
7007452253,กท.74-9067,2022-03-13 07:34:42,2022-03-13 07:44:15,2022-03-13 08:28:53,2022-03-13 08:28:53
7007455010,สค.70-6125,2022-03-13 07:21:42,2022-03-13 07:43:10,2022-03-13 08:33:09,2022-03-13 08:33:09
7007452238,กท.77-8133,2022-03-13 07:34:46,2022-03-13 08:06:53,2022-03-13 08:56:08,2022-03-13 08:56:08
7007452277,กท.79-1830,2022-03-13 07:40:11,2022-03-13 08:26:04,2022-03-13 09:15:22,2022-03-13 09:15:22
7007452294,กท.79-0642,2022-03-13 07:52:56,2022-03-13 08:28:53,2022-03-13 09:18:50,2022-03-13 09:18:50
7007452233,กท.77-9738,2022-03-13 07:57:56,2022-03-13 08:33:09,2022-03-13 09:22:10,2022-03-13 09:22:10
7007452310,กท.79-5579,2022-03-13 08:11:06,2022-03-13 08:56:08,2022-03-13 09:42:56,2022-03-13 09:42:56
7007452281,กท.79-0144,2022-03-13 08:28:29,2022-03-13 09:15:22,2022-03-13 09:54:57,2022-03-13 09:54:57
7007452300,กท.79-0644,2022-03-13 08:32:43,2022-03-13 09:18:50,2022-03-13 09:59:56,2022-03-13 09:59:56
7007455187,ชม.70-5302,2022-03-13 08:36:42,2022-03-13 09:22:10,2022-03-13 10:12:07,2022-03-13 10:12:07
7007452243,กท.79-0641,2022-03-13 08:46:55,2022-03-13 09:42:56,2022-03-13 10:32:08,2022-03-13 10:32:08
7007452303,กท.79-2717,2022-03-13 08:59:45,2022-03-13 09:54:57,2022-03-13 10:40:43,2022-03-13 10:40:43
7007452245,กท.77-8134,2022-03-13 09:02:01,2022-03-13 09:59:56,2022-03-13 10:46:21,2022-03-13 10:46:21
7007455503,กท.79-3257,2022-03-13 09:13:51,2022-03-13 10:12:07,2022-03-13 11:01:30,2022-03-13 11:01:30
7007452250,กท.79-1961,2022-03-13 09:14:11,2022-03-13 10:32:08,2022-03-13 11:07:58,2022-03-13 11:07:58
7007455489,กท.79-5842,2022-03-13 09:18:14,2022-03-13 10:40:43,2022-03-13 11:26:40,2022-03-13 11:26:40
7007452240,ฉช.82-7443,2022-03-13 09:29:47,2022-03-13 10:46:21,2022-03-13 11:34:37,2022-03-13 11:34:37
7007455510,ชบ.83-3599,2022-03-13 09:34:00,2022-03-13 11:01:30,2022-03-13 11:51:26,2022-03-13 11:51:26
7007453412,กท.78-7993,2022-03-13 09:37:03,2022-03-13 11:07:58,2022-03-13 11:57:45,2022-03-13 11:57:45
7007455802,ชบ.84-7139,2022-03-13 09:45:47,2022-03-13 11:26:40,2022-03-13 12:11:18,2022-03-13 12:11:18
7007455856,ชบ.84-7237,2022-03-13 09:57:43,2022-03-13 11:34:37,2022-03-13 12:21:25,2022-03-13 12:21:25
7007455998,กท.75-6899,2022-03-13 10:02:31,2022-03-13 11:51:26,2022-03-13 12:27:08,2022-03-13 12:27:08
7007455993,กท.77-6494,2022-03-13 10:06:24,2022-03-13 11:57:45,2022-03-13 12:47:25,2022-03-13 12:47:25
7007456141,กท.78-5932,2022-03-13 10:18:14,2022-03-13 12:11:18,2022-03-13 12:55:28,2022-03-13 12:55:28
7007456183,ชม.70-4219,2022-03-13 10:31:40,2022-03-13 12:21:25,2022-03-13 13:09:42,2022-03-13 13:09:42
7007452275,กท.79-0144,2022-03-13 10:40:18,2022-03-13 12:27:08,2022-03-13 13:15:28,2022-03-13 13:15:28
7007452297,กท.79-0841,2022-03-13 10:47:15,2022-03-13 12:47:25,2022-03-13 13:37:23,2022-03-13 13:37:23
7007456709,กท.61-4383,2022-03-13 11:09:01,2022-03-13 12:55:28,2022-03-13 13:43:08,2022-03-13 13:43:08
7007456769,ชม.70-5420,2022-03-13 11:13:58,2022-03-13 13:09:42,2022-03-13 13:59:41,2022-03-13 13:59:41
7007457253,ชม.70-5123,2022-03-13 12:01:40,2022-03-13 13:15:28,2022-03-13 14:03:02,2022-03-13 14:03:02
7007452322,กท.79-2717,2022-03-13 12:02:43,2022-03-13 13:37:23,2022-03-13 14:26:55,2022-03-13 14:26:55
7007455797,กท.79-0642,2022-03-13 12:19:21,2022-03-13 13:43:08,2022-03-13 14:33:00,2022-03-13 14:33:00
7007455803,กท.79-5584,2022-03-13 12:22:16,2022-03-13 13:59:41,2022-03-13 14:43:52,2022-03-13 14:43:52
7007452272,กท.79-5579,2022-03-13 12:30:17,2022-03-13 14:03:02,2022-03-13 14:51:48,2022-03-13 14:51:48
7007452280,กท.79-0641,2022-03-13 12:34:33,2022-03-13 14:26:55,2022-03-13 15:12:06,2022-03-13 15:12:06
7007452247,ฉช.82-7443,2022-03-13 12:34:55,2022-03-13 14:33:00,2022-03-13 15:20:48,2022-03-13 15:20:48
7007452262,กท.78-1149,2022-03-13 12:43:14,2022-03-13 14:43:52,2022-03-13 15:33:40,2022-03-13 15:33:40
7007457620,กท.79-3257,2022-03-13 12:55:48,2022-03-13 14:51:48,2022-03-13 15:36:11,2022-03-13 15:36:11
7007457685,กท.75-6899,2022-03-13 13:07:01,2022-03-13 15:12:06,2022-03-13 16:00:12,2022-03-13 16:00:12
7007452236,กท.78-6742,2022-03-13 13:15:08,2022-03-13 15:33:40,2022-03-13 16:03:13,2022-03-13 16:03:13
7007453423,กท.74-9067,2022-03-13 13:12:11,2022-03-13 15:20:48,2022-03-13 16:07:56,2022-03-13 16:07:56
7007457717,ชบ.82-4190,2022-03-13 13:25:53,2022-03-13 15:36:11,2022-03-13 16:08:11,2022-03-13 16:08:11
7007452304,กท.79-5843,2022-03-13 13:30:36,2022-03-13 16:00:12,2022-03-13 16:47:18,2022-03-13 16:47:18
7007457734,ชบ.85-3878,2022-03-13 13:46:00,2022-03-13 16:03:13,2022-03-13 16:52:47,2022-03-13 16:52:47
7007457729,ชบ.84-7975,2022-03-13 13:51:37,2022-03-13 16:07:56,2022-03-13 16:56:23,2022-03-13 16:56:23
7007453418,กท.79-0643,2022-03-13 13:56:59,2022-03-13 16:08:11,2022-03-13 16:58:03,2022-03-13 16:58:03
7007457819,จบ.80-8222,2022-03-13 14:10:50,2022-03-13 16:47:18,2022-03-13 17:32:09,2022-03-13 17:32:09
7007452276,กท.77-9738,2022-03-13 14:32:01,2022-03-13 16:58:03,2022-03-13 17:38:27,2022-03-13 17:38:27
7007452244,กท.79-5578,2022-03-13 14:19:46,2022-03-13 16:52:47,2022-03-13 17:40:51,2022-03-13 17:40:51
7007452267,กท.77-8134,2022-03-13 14:24:14,2022-03-13 16:56:23,2022-03-13 17:46:23,2022-03-13 17:46:23
7007458212,กท.77-7979,2022-03-13 14:40:31,2022-03-13 17:32:09,2022-03-13 18:16:34,2022-03-13 18:16:34
7007458616,สค.70-4074,2022-03-13 15:03:45,2022-03-13 17:46:23,2022-03-13 18:24:10,2022-03-13 18:24:10
7007457580,กท.78-6744,2022-03-13 14:55:06,2022-03-13 17:40:51,2022-03-13 18:26:53,2022-03-13 18:26:53
7007458412,ตร.80-5209,2022-03-13 14:45:10,2022-03-13 17:38:27,2022-03-13 18:27:44,2022-03-13 18:27:44
7007456176,กท.78-6739,2022-03-13 15:17:33,2022-03-13 18:16:34,2022-03-13 18:53:12,2022-03-13 18:53:12
7007458603,นม.70-6589,2022-03-13 15:28:09,2022-03-13 18:26:53,2022-03-13 19:01:12,2022-03-13 19:01:12
7007452263,กท.79-1830,2022-03-13 15:22:00,2022-03-13 18:24:10,2022-03-13 19:05:09,2022-03-13 19:05:09
7007452286,กท.79-0644,2022-03-13 15:45:40,2022-03-13 18:27:44,2022-03-13 19:17:37,2022-03-13 19:17:37
7007459909,ลพ.70-0786,2022-03-13 15:46:31,2022-03-13 18:53:12,2022-03-13 19:43:12,2022-03-13 19:43:12
7007457825,กท.79-2716,2022-03-13 15:48:32,2022-03-13 19:01:12,2022-03-13 19:50:21,2022-03-13 19:50:21
7007456616,ฉช.81-4230,2022-03-13 15:57:34,2022-03-13 19:05:09,2022-03-13 19:55:06,2022-03-13 19:55:06
7007460310,ชม.70-5125,2022-03-13 16:02:05,2022-03-13 19:17:37,2022-03-13 20:04:07,2022-03-13 20:04:07
7007460395,กท.61-4383,2022-03-13 16:15:02,2022-03-13 19:43:12,2022-03-13 20:19:31,2022-03-13 20:19:31
7007452287,กท.78-7993,2022-03-13 16:18:57,2022-03-13 19:50:21,2022-03-13 20:39:33,2022-03-13 20:39:33
7007456470,กท.79-1961,2022-03-13 16:26:05,2022-03-13 19:55:06,2022-03-13 20:45:05,2022-03-13 20:45:05
7007458280,กท.78-6742,2022-03-13 16:41:15,2022-03-13 20:19:31,2022-03-13 20:53:37,2022-03-13 20:53:37
7007462032,ชม.70-5299,2022-03-13 16:36:48,2022-03-13 20:04:07,2022-03-13 20:53:56,2022-03-13 20:53:56
7007456602,กท.79-5579,2022-03-13 16:57:55,2022-03-13 20:39:33,2022-03-13 21:18:24,2022-03-13 21:18:24
7007456725,กท.77-8134,2022-03-13 17:10:25,2022-03-13 20:45:05,2022-03-13 21:29:33,2022-03-13 21:29:33
7007462602,ชม.70-5301,2022-03-13 17:20:45,2022-03-13 20:53:37,2022-03-13 21:42:59,2022-03-13 21:42:59
7007456589,กท.79-5843,2022-03-13 17:49:38,2022-03-13 20:53:56,2022-03-13 21:43:19,2022-03-13 21:43:19
7007462140,กท.79-0644,2022-03-13 17:58:00,2022-03-13 21:18:24,2022-03-13 22:05:26,2022-03-13 22:05:26
7007463214,ชม.70-4355,2022-03-14 00:49:48,2022-03-14 00:49:48,2022-03-14 01:24:17,2022-03-14 01:24:17
7007463213,ชม.70-5300,2022-03-14 00:44:42,2022-03-14 00:44:42,2022-03-14 01:32:01,2022-03-14 01:32:01
7007463216,ลพ.70-0785,2022-03-14 00:44:41,2022-03-14 00:44:41,2022-03-14 01:34:41,2022-03-14 01:34:41
7007463218,ชม.70-4219,2022-03-14 01:10:23,2022-03-14 01:10:23,2022-03-14 01:48:10,2022-03-14 01:48:10
7007463251,ชม.70-5302,2022-03-14 01:44:53,2022-03-14 01:44:53,2022-03-14 02:34:53,2022-03-14 02:34:53
7007463263,ฉช.82-4812,2022-03-14 02:17:11,2022-03-14 02:17:11,2022-03-14 03:02:38,2022-03-14 03:02:38
7007460186,ฉช.82-3201,2022-03-14 02:30:13,2022-03-14 02:30:13,2022-03-14 03:18:48,2022-03-14 03:18:48
7007460153,ฉช.82-8528,2022-03-14 02:39:55,2022-03-14 02:39:55,2022-03-14 03:19:49,2022-03-14 03:19:49
7007463273,ชม.70-5261,2022-03-14 02:55:48,2022-03-14 02:55:48,2022-03-14 03:35:41,2022-03-14 03:35:41
7007456633,ฉช.82-7170,2022-03-14 03:22:32,2022-03-14 03:22:32,2022-03-14 03:55:04,2022-03-14 03:55:04
7007456612,กท.78-1149,2022-03-14 06:35:54,2022-03-14 06:35:54,2022-03-14 07:21:59,2022-03-14 07:21:59
7007456743,กท.79-5584,2022-03-14 06:43:30,2022-03-14 06:43:30,2022-03-14 07:31:54,2022-03-14 07:31:54
7007463369,สค.70-6125,2022-03-14 06:48:50,2022-03-14 06:48:50,2022-03-14 07:34:59,2022-03-14 07:34:59
7007456599,กท.79-0643,2022-03-14 06:57:05,2022-03-14 06:57:05,2022-03-14 07:47:05,2022-03-14 07:47:05
7007456617,กท.79-1830,2022-03-14 07:08:35,2022-03-14 07:21:59,2022-03-14 08:10:18,2022-03-14 08:10:18
7007458014,กท.78-6742,2022-03-14 07:26:12,2022-03-14 07:34:59,2022-03-14 08:14:27,2022-03-14 08:14:27
7007462146,กท.79-2716,2022-03-14 07:09:18,2022-03-14 07:31:54,2022-03-14 08:21:17,2022-03-14 08:21:17
7007456630,กท.79-5578,2022-03-14 07:26:36,2022-03-14 07:47:05,2022-03-14 08:36:38,2022-03-14 08:36:38
7007456619,กท.74-9067,2022-03-14 07:39:46,2022-03-14 08:10:18,2022-03-14 08:55:51,2022-03-14 08:55:51
7007456718,กท.78-7993,2022-03-14 07:43:03,2022-03-14 08:14:27,2022-03-14 08:58:30,2022-03-14 08:58:30
7007456592,กท.79-0841,2022-03-14 07:48:46,2022-03-14 08:21:17,2022-03-14 09:09:56,2022-03-14 09:09:56
7007456724,กท.77-8133,2022-03-14 07:52:06,2022-03-14 08:36:38,2022-03-14 09:26:24,2022-03-14 09:26:24
7007456605,กท.77-9738,2022-03-14 08:05:41,2022-03-14 08:55:51,2022-03-14 09:44:35,2022-03-14 09:44:35
7007456722,กท.79-0144,2022-03-14 08:22:02,2022-03-14 08:58:30,2022-03-14 09:48:21,2022-03-14 09:48:21
7007456618,กท.79-2717,2022-03-14 08:25:22,2022-03-14 09:09:56,2022-03-14 09:49:43,2022-03-14 09:49:43
7007456628,กท.79-1961,2022-03-14 08:35:51,2022-03-14 09:26:24,2022-03-14 10:15:46,2022-03-14 10:15:46
7007462109,กท.79-0642,2022-03-14 08:35:53,2022-03-14 09:44:35,2022-03-14 10:33:59,2022-03-14 10:33:59
7007456623,ฉช.82-7443,2022-03-14 08:44:58,2022-03-14 09:48:21,2022-03-14 10:35:30,2022-03-14 10:35:30
7007456595,กท.78-6739,2022-03-14 08:51:40,2022-03-14 09:49:43,2022-03-14 10:39:11,2022-03-14 10:39:11
7007463727,กท.75-0640,2022-03-14 09:13:56,2022-03-14 10:15:46,2022-03-14 11:04:49,2022-03-14 11:04:49
7007456744,กท.74-9070,2022-03-14 09:23:49,2022-03-14 10:33:59,2022-03-14 11:14:18,2022-03-14 11:14:18
7007463495,ลพ.70-0786,2022-03-14 09:24:23,2022-03-14 10:35:30,2022-03-14 11:25:30,2022-03-14 11:25:30
7007456727,กท.78-6744,2022-03-14 09:33:13,2022-03-14 10:39:11,2022-03-14 11:29:08,2022-03-14 11:29:08
7007463826,กท.79-5842,2022-03-14 09:41:33,2022-03-14 11:04:49,2022-03-14 11:54:25,2022-03-14 11:54:25
7007463832,กท.79-5841,2022-03-14 09:50:06,2022-03-14 11:14:18,2022-03-14 12:04:13,2022-03-14 12:04:13
7007464310,กท.75-3041,2022-03-14 10:14:22,2022-03-14 11:25:30,2022-03-14 12:13:51,2022-03-14 12:13:51
7007456627,ฉช.82-2839,2022-03-14 10:29:50,2022-03-14 11:29:08,2022-03-14 12:15:22,2022-03-14 12:15:22
7007464395,กท.61-4720,2022-03-14 10:30:45,2022-03-14 11:54:25,2022-03-14 12:39:48,2022-03-14 12:39:48
7007464464,กท.79-7691,2022-03-14 10:45:44,2022-03-14 12:13:51,2022-03-14 12:48:06,2022-03-14 12:48:06
7007464440,กท.72-3498,2022-03-14 10:38:07,2022-03-14 12:04:13,2022-03-14 12:49:49,2022-03-14 12:49:49
7007464513,ฉช.82-4812,2022-03-14 10:56:15,2022-03-14 12:15:22,2022-03-14 13:05:18,2022-03-14 13:05:18
7007464575,รย.71-2637,2022-03-14 11:06:59,2022-03-14 12:48:06,2022-03-14 13:26:21,2022-03-14 13:26:21
7007462116,กท.78-7993,2022-03-14 10:58:17,2022-03-14 12:39:48,2022-03-14 13:29:03,2022-03-14 13:29:03
7007464545,จบ.80-8222,2022-03-14 11:10:16,2022-03-14 12:49:49,2022-03-14 13:39:32,2022-03-14 13:39:32
7007456721,กท.79-0841,2022-03-14 11:18:30,2022-03-14 13:05:18,2022-03-14 13:54:11,2022-03-14 13:54:11
7007456601,กท.79-0642,2022-03-14 11:32:34,2022-03-14 13:29:03,2022-03-14 14:12:10,2022-03-14 14:12:10
7007456740,กท.78-1149,2022-03-14 11:23:04,2022-03-14 13:26:21,2022-03-14 14:13:52,2022-03-14 14:13:52
7007465044,ชบ.85-5327,2022-03-14 11:37:21,2022-03-14 13:39:32,2022-03-14 14:14:38,2022-03-14 14:14:38
7007456731,กท.78-6742,2022-03-14 11:52:37,2022-03-14 13:54:11,2022-03-14 14:44:07,2022-03-14 14:44:07
7007465118,ชม.70-4355,2022-03-14 11:53:36,2022-03-14 14:12:10,2022-03-14 15:01:18,2022-03-14 15:01:18
7007465108,ชม.70-5122,2022-03-14 11:54:17,2022-03-14 14:13:52,2022-03-14 15:01:58,2022-03-14 15:01:58
7007465278,ชม.70-5125,2022-03-14 12:09:56,2022-03-14 14:14:38,2022-03-14 15:04:31,2022-03-14 15:04:31
7007465103,ชม.70-5123,2022-03-14 12:18:48,2022-03-14 14:44:07,2022-03-14 15:27:18,2022-03-14 15:27:18
7007465627,กท.79-3259,2022-03-14 12:38:17,2022-03-14 15:01:58,2022-03-14 15:45:26,2022-03-14 15:45:26
7007465347,ฉช.81-3257,2022-03-14 12:30:09,2022-03-14 15:01:18,2022-03-14 15:49:21,2022-03-14 15:49:21
7007464506,กท.79-1961,2022-03-14 12:40:11,2022-03-14 15:04:31,2022-03-14 15:50:22,2022-03-14 15:50:22
7007456726,กท.79-0643,2022-03-14 12:45:15,2022-03-14 15:27:18,2022-03-14 16:15:45,2022-03-14 16:15:45
7007456723,กท.79-5584,2022-03-14 12:57:55,2022-03-14 15:49:21,2022-03-14 16:34:22,2022-03-14 16:34:22
7007456746,กท.78-6744,2022-03-14 12:51:51,2022-03-14 15:45:26,2022-03-14 16:34:54,2022-03-14 16:34:54
7007465733,นม.70-6730,2022-03-14 13:02:37,2022-03-14 15:50:22,2022-03-14 16:39:10,2022-03-14 16:39:10
7007456598,กท.74-9067,2022-03-14 13:13:18,2022-03-14 16:15:45,2022-03-14 17:05:21,2022-03-14 17:05:21
7007464509,ฉช.82-7443,2022-03-14 13:24:06,2022-03-14 16:34:22,2022-03-14 17:22:51,2022-03-14 17:22:51
7007465828,ชบ.85-3878,2022-03-14 13:31:59,2022-03-14 16:34:54,2022-03-14 17:23:17,2022-03-14 17:23:17
7007465861,จบ.80-3645,2022-03-14 13:38:20,2022-03-14 16:39:10,2022-03-14 17:25:10,2022-03-14 17:25:10
7007465870,กท.75-2786,2022-03-14 13:43:45,2022-03-14 17:05:21,2022-03-14 17:52:43,2022-03-14 17:52:43
7007465897,ชม.70-5299,2022-03-14 14:01:41,2022-03-14 17:22:51,2022-03-14 18:10:17,2022-03-14 18:10:17
7007464991,กท.79-1830,2022-03-14 14:08:32,2022-03-14 17:23:17,2022-03-14 18:12:33,2022-03-14 18:12:33
7007464969,กท.78-6739,2022-03-14 14:10:02,2022-03-14 17:25:10,2022-03-14 18:15:00,2022-03-14 18:15:00
7007464982,กท.79-2716,2022-03-14 14:17:56,2022-03-14 17:52:43,2022-03-14 18:39:31,2022-03-14 18:39:31
7007466223,ชม.70-5301,2022-03-14 14:26:40,2022-03-14 18:12:33,2022-03-14 18:50:50,2022-03-14 18:50:50
7007466195,รย.82-4012,2022-03-14 14:22:07,2022-03-14 18:10:17,2022-03-14 18:56:43,2022-03-14 18:56:43
7007466190,กท.79-6706,2022-03-14 14:41:34,2022-03-14 18:15:00,2022-03-14 19:00:18,2022-03-14 19:00:18
7007466349,กท.78-5932,2022-03-14 14:48:55,2022-03-14 18:39:31,2022-03-14 19:29:00,2022-03-14 19:29:00
7007456742,กท.79-2717,2022-03-14 14:57:11,2022-03-14 18:56:43,2022-03-14 19:37:38,2022-03-14 19:37:38
7007466230,ชม.70-5300,2022-03-14 14:49:08,2022-03-14 18:50:50,2022-03-14 19:40:16,2022-03-14 19:40:16
7007458018,กท.77-9738,2022-03-14 15:05:50,2022-03-14 19:00:18,2022-03-14 19:48:44,2022-03-14 19:48:44
7007456729,กท.79-5843,2022-03-14 15:14:18,2022-03-14 19:29:00,2022-03-14 20:11:02,2022-03-14 20:11:02
7007456606,กท.79-5578,2022-03-14 15:52:27,2022-03-14 19:48:44,2022-03-14 20:25:02,2022-03-14 20:25:02
7007465768,ฉช.81-4230,2022-03-14 15:21:07,2022-03-14 19:37:38,2022-03-14 20:26:01,2022-03-14 20:26:01
7007467309,กท.79-3258,2022-03-14 15:39:39,2022-03-14 19:40:16,2022-03-14 20:30:08,2022-03-14 20:30:08
7007467225,กท.79-3257,2022-03-14 15:53:12,2022-03-14 20:11:02,2022-03-14 20:56:31,2022-03-14 20:56:31
7007466012,กท.78-6739,2022-03-14 16:07:04,2022-03-14 20:25:02,2022-03-14 21:13:25,2022-03-14 21:13:25
7007467714,สค.70-4074,2022-03-14 16:26:56,2022-03-14 20:26:01,2022-03-14 21:14:44,2022-03-14 21:14:44
7007467774,นม.70-6589,2022-03-14 16:32:08,2022-03-14 20:30:08,2022-03-14 21:18:41,2022-03-14 21:18:41
7007465832,กท.79-0643,2022-03-14 16:35:45,2022-03-14 20:56:31,2022-03-14 21:42:37,2022-03-14 21:42:37
7007467925,ชม.70-5122,2022-03-14 16:45:00,2022-03-14 21:13:25,2022-03-14 21:58:24,2022-03-14 21:58:24
7007465784,กท.74-9070,2022-03-14 16:53:15,2022-03-14 21:18:41,2022-03-14 22:02:04,2022-03-14 22:02:04
7007465804,ฉช.82-4812,2022-03-14 16:45:42,2022-03-14 21:14:44,2022-03-14 22:04:12,2022-03-14 22:04:12
7007468281,นม.70-6730,2022-03-14 17:13:10,2022-03-14 21:42:37,2022-03-14 22:30:40,2022-03-14 22:30:40
7007465827,กท.79-1961,2022-03-14 17:40:04,2022-03-14 22:02:04,2022-03-14 22:42:37,2022-03-14 22:42:37
7007468319,ชบ.84-7975,2022-03-14 17:14:56,2022-03-14 21:58:24,2022-03-14 22:43:33,2022-03-14 22:43:33
7007465791,กท.79-2716,2022-03-14 18:15:00,2022-03-14 22:04:12,2022-03-14 22:51:31,2022-03-14 22:51:31
7007469540,ชม.70-4219,2022-03-15 00:48:50,2022-03-15 00:48:50,2022-03-15 01:29:50,2022-03-15 01:29:50
7007469537,ชม.70-4355,2022-03-15 00:47:26,2022-03-15 00:47:26,2022-03-15 01:36:50,2022-03-15 01:36:50
7007469542,สค.70-2507,2022-03-15 00:54:19,2022-03-15 00:54:19,2022-03-15 01:44:19,2022-03-15 01:44:19
7007469553,รย.71-2638,2022-03-15 01:15:16,2022-03-15 01:15:16,2022-03-15 02:04:30,2022-03-15 02:04:30
7007469541,ชม.70-5302,2022-03-15 01:19:15,2022-03-15 01:29:50,2022-03-15 02:06:13,2022-03-15 02:06:13
7007469563,สค.70-6125,2022-03-15 01:37:14,2022-03-15 01:37:14,2022-03-15 02:22:52,2022-03-15 02:22:52
7007465797,ฉช.82-3201,2022-03-15 02:48:22,2022-03-15 02:48:22,2022-03-15 03:38:20,2022-03-15 03:38:20
7007465802,ฉช.82-8528,2022-03-15 03:04:51,2022-03-15 03:04:51,2022-03-15 03:54:06,2022-03-15 03:54:06
7007465811,ฉช.82-8346,2022-03-15 03:28:08,2022-03-15 03:28:08,2022-03-15 04:15:45,2022-03-15 04:15:45
7007469644,กท.61-8383,2022-03-15 05:10:50,2022-03-15 05:10:50,2022-03-15 06:00:50,2022-03-15 06:00:50
7007469656,ชบ.82-4190,2022-03-15 06:29:30,2022-03-15 06:29:30,2022-03-15 07:18:17,2022-03-15 07:18:17
7007465780,กท.78-6742,2022-03-15 06:39:55,2022-03-15 06:39:55,2022-03-15 07:22:55,2022-03-15 07:22:55
7007465833,กท.79-1830,2022-03-15 06:42:17,2022-03-15 06:42:17,2022-03-15 07:31:36,2022-03-15 07:31:36
7007465800,กท.79-5584,2022-03-15 06:51:25,2022-03-15 07:18:17,2022-03-15 08:05:39,2022-03-15 08:05:39
7007465813,กท.78-7993,2022-03-15 07:03:31,2022-03-15 07:22:55,2022-03-15 08:11:17,2022-03-15 08:11:17
7007465836,กท.79-5843,2022-03-15 07:06:52,2022-03-15 07:31:36,2022-03-15 08:19:05,2022-03-15 08:19:05
7007469667,สค.70-6123,2022-03-15 07:28:18,2022-03-15 08:05:39,2022-03-15 08:46:20,2022-03-15 08:46:20
7007465817,ฉช.82-7443,2022-03-15 07:30:02,2022-03-15 08:11:17,2022-03-15 09:01:17,2022-03-15 09:01:17
7007467950,กท.77-9738,2022-03-15 07:46:41,2022-03-15 08:19:05,2022-03-15 09:05:09,2022-03-15 09:05:09
7007466364,กท.79-5578,2022-03-15 07:49:36,2022-03-15 08:46:20,2022-03-15 09:36:20,2022-03-15 09:36:20
7007468382,กท.77-8133,2022-03-15 07:56:15,2022-03-15 09:01:17,2022-03-15 09:48:46,2022-03-15 09:48:46
7007465798,กท.79-0841,2022-03-15 08:01:18,2022-03-15 09:05:09,2022-03-15 09:50:10,2022-03-15 09:50:10
7007469762,จบ.81-2529,2022-03-15 08:20:23,2022-03-15 09:36:20,2022-03-15 10:11:21,2022-03-15 10:11:21
7007468433,กท.79-5579,2022-03-15 08:33:18,2022-03-15 09:50:10,2022-03-15 10:27:47,2022-03-15 10:27:47
7007467483,กท.74-9067,2022-03-15 08:26:53,2022-03-15 09:48:46,2022-03-15 10:29:51,2022-03-15 10:29:51
7007465814,กท.79-2717,2022-03-15 08:37:19,2022-03-15 10:11:21,2022-03-15 10:55:42,2022-03-15 10:55:42
7007468388,กท.79-0144,2022-03-15 09:01:46,2022-03-15 10:29:51,2022-03-15 11:15:52,2022-03-15 11:15:52
7007465781,กท.77-8134,2022-03-15 08:56:12,2022-03-15 10:27:47,2022-03-15 11:17:31,2022-03-15 11:17:31
7007465809,กท.79-0642,2022-03-15 09:03:02,2022-03-15 10:45:52,2022-03-15 11:34:45,2022-03-15 11:34:45
7007465774,กท.78-6739,2022-03-15 09:25:12,2022-03-15 10:55:42,2022-03-15 11:40:20,2022-03-15 11:40:20
7007469913,ชม.70-5261,2022-03-15 09:29:29,2022-03-15 11:15:52,2022-03-15 12:04:00,2022-03-15 12:04:00
7007465837,กท.79-0641,2022-03-15 09:43:58,2022-03-15 11:17:31,2022-03-15 12:04:18,2022-03-15 12:04:18
7007469993,กท.75-7868,2022-03-15 09:50:33,2022-03-15 11:34:45,2022-03-15 12:06:05,2022-03-15 12:06:05
7007465820,กท.78-6744,2022-03-15 09:55:22,2022-03-15 11:40:20,2022-03-15 12:28:20,2022-03-15 12:28:20
7007469967,กท.79-5841,2022-03-15 10:03:41,2022-03-15 12:04:18,2022-03-15 12:49:13,2022-03-15 12:49:13
7007470023,กท.78-1149,2022-03-15 10:01:16,2022-03-15 12:04:00,2022-03-15 12:49:28,2022-03-15 12:49:28
7007465771,ฉช.82-7170,2022-03-15 10:25:30,2022-03-15 12:06:05,2022-03-15 12:54:13,2022-03-15 12:54:13
7007465770,ฉช.82-2839,2022-03-15 10:46:01,2022-03-15 12:28:20,2022-03-15 13:17:46,2022-03-15 13:17:46
7007470526,ชม.70-5299,2022-03-15 10:53:12,2022-03-15 12:49:13,2022-03-15 13:31:41,2022-03-15 13:31:41
7007470535,ตร.80-2192,2022-03-15 11:05:22,2022-03-15 12:49:28,2022-03-15 13:36:12,2022-03-15 13:36:12
7007470569,ชบ.84-7139,2022-03-15 11:11:20,2022-03-15 12:54:13,2022-03-15 13:44:13,2022-03-15 13:44:13
7007470719,กท.79-3259,2022-03-15 11:19:49,2022-03-15 13:17:46,2022-03-15 14:07:42,2022-03-15 14:07:42
7007468375,กท.79-2717,2022-03-15 11:36:42,2022-03-15 13:36:12,2022-03-15 14:19:10,2022-03-15 14:19:10
7007468395,กท.78-7993,2022-03-15 11:36:10,2022-03-15 13:31:41,2022-03-15 14:19:15,2022-03-15 14:19:15
7007470974,ชม.70-5124,2022-03-15 11:42:38,2022-03-15 13:44:13,2022-03-15 14:28:24,2022-03-15 14:28:24
7007471203,ชบ.85-3878,2022-03-15 11:58:52,2022-03-15 14:07:42,2022-03-15 14:55:13,2022-03-15 14:55:13
7007465816,กท.77-9738,2022-03-15 12:13:48,2022-03-15 14:19:15,2022-03-15 15:04:17,2022-03-15 15:04:17
7007471395,ลพ.70-0785,2022-03-15 12:08:23,2022-03-15 14:19:10,2022-03-15 15:04:33,2022-03-15 15:04:33
7007471301,กท.75-7868,2022-03-15 12:29:14,2022-03-15 14:28:24,2022-03-15 15:18:10,2022-03-15 15:18:10
7007470875,กท.77-8133,2022-03-15 12:34:52,2022-03-15 14:55:13,2022-03-15 15:45:04,2022-03-15 15:45:04
7007471283,ชม.70-5192,2022-03-15 12:42:40,2022-03-15 15:04:33,2022-03-15 15:49:08,2022-03-15 15:49:08
7007471288,ฉช.82-8346,2022-03-15 12:40:40,2022-03-15 15:04:17,2022-03-15 15:54:17,2022-03-15 15:54:17
7007468188,กท.78-6742,2022-03-15 12:45:22,2022-03-15 15:18:10,2022-03-15 16:06:26,2022-03-15 16:06:26
7007465796,กท.79-1830,2022-03-15 12:50:19,2022-03-15 15:45:04,2022-03-15 16:22:38,2022-03-15 16:22:38
7007468398,กท.79-1961,2022-03-15 13:06:13,2022-03-15 15:49:08,2022-03-15 16:34:58,2022-03-15 16:34:58
7007472013,กท.61-8383,2022-03-15 13:20:07,2022-03-15 15:54:17,2022-03-15 16:42:05,2022-03-15 16:42:05
7007465777,กท.79-0641,2022-03-15 13:26:08,2022-03-15 16:06:26,2022-03-15 16:44:05,2022-03-15 16:44:05
7007472057,กท.79-3258,2022-03-15 13:43:32,2022-03-15 16:22:38,2022-03-15 17:12:13,2022-03-15 17:12:13
7007465778,กท.74-9067,2022-03-15 13:45:34,2022-03-15 16:34:58,2022-03-15 17:17:49,2022-03-15 17:17:49
7007465773,กท.79-0841,2022-03-15 13:58:17,2022-03-15 16:44:05,2022-03-15 17:24:47,2022-03-15 17:24:47
7007465767,กท.79-0144,2022-03-15 13:53:15,2022-03-15 16:42:05,2022-03-15 17:31:48,2022-03-15 17:31:48
7007472184,กท.79-0642,2022-03-15 14:06:55,2022-03-15 17:12:13,2022-03-15 17:54:05,2022-03-15 17:54:05
7007465793,กท.79-5584,2022-03-15 14:19:06,2022-03-15 17:17:49,2022-03-15 17:59:34,2022-03-15 17:59:34
7007467706,กท.78-1149,2022-03-15 14:24:20,2022-03-15 17:24:47,2022-03-15 18:05:58,2022-03-15 18:05:58
7007472347,ชบ.84-7156,2022-03-15 14:32:09,2022-03-15 17:31:48,2022-03-15 18:21:10,2022-03-15 18:21:10
7007472407,กท.79-5842,2022-03-15 14:47:51,2022-03-15 17:59:34,2022-03-15 18:34:16,2022-03-15 18:34:16
7007470924,กท.79-5579,2022-03-15 14:40:35,2022-03-15 17:54:05,2022-03-15 18:43:15,2022-03-15 18:43:15
7007465830,กท.79-2716,2022-03-15 14:56:40,2022-03-15 18:05:58,2022-03-15 18:53:53,2022-03-15 18:53:53
7007471455,ฉช.81-4230,2022-03-15 14:57:49,2022-03-15 18:21:10,2022-03-15 19:03:20,2022-03-15 19:03:20
7007472779,กท.79-8993,2022-03-15 15:05:25,2022-03-15 18:34:16,2022-03-15 19:24:05,2022-03-15 19:24:05
7007465834,กท.74-9070,2022-03-15 15:15:53,2022-03-15 18:43:15,2022-03-15 19:33:15,2022-03-15 19:33:15
7007465775,ฉช.82-7443,2022-03-15 15:19:56,2022-03-15 18:53:53,2022-03-15 19:43:43,2022-03-15 19:43:43
7007473086,กท.79-5841,2022-03-15 15:29:30,2022-03-15 19:03:20,2022-03-15 19:48:20,2022-03-15 19:48:20
7007473397,ลพ.70-0786,2022-03-15 15:45:52,2022-03-15 19:24:05,2022-03-15 20:06:40,2022-03-15 20:06:40
7007465835,กท.79-0643,2022-03-15 15:52:26,2022-03-15 19:33:15,2022-03-15 20:22:06,2022-03-15 20:22:06
7007473799,ชม.70-5300,2022-03-15 16:10:18,2022-03-15 19:43:43,2022-03-15 20:27:43,2022-03-15 20:27:43
7007473808,กท.79-3259,2022-03-15 16:20:35,2022-03-15 19:48:20,2022-03-15 20:36:07,2022-03-15 20:36:07
7007471982,กท.78-6739,2022-03-15 16:53:55,2022-03-15 20:06:40,2022-03-15 20:45:44,2022-03-15 20:45:44
7007473999,ชม.70-5122,2022-03-15 17:02:55,2022-03-15 20:22:06,2022-03-15 20:55:13,2022-03-15 20:55:13
7007465766,กท.79-0642,2022-03-15 17:05:30,2022-03-15 20:27:43,2022-03-15 21:14:33,2022-03-15 21:14:33
7007470716,กท.78-6742,2022-03-15 17:33:46,2022-03-15 20:36:07,2022-03-15 21:24:35,2022-03-15 21:24:35
7007471944,กท.74-9067,2022-03-15 17:54:46,2022-03-15 20:45:44,2022-03-15 21:34:56,2022-03-15 21:34:56
7007465826,กท.79-5579,2022-03-15 18:06:44,2022-03-15 20:55:13,2022-03-15 21:45:12,2022-03-15 21:45:12
7007465824,กท.77-8134,2022-03-15 18:18:26,2022-03-15 21:14:33,2022-03-15 22:03:18,2022-03-15 22:03:18
7007465819,กท.79-0144,2022-03-15 18:43:11,2022-03-15 21:24:35,2022-03-15 22:14:35,2022-03-15 22:14:35
7007471927,กท.78-6739,2022-03-15 19:01:53,2022-03-15 21:34:56,2022-03-15 22:20:46,2022-03-15 22:20:46
7007465883,กท.79-0841,2022-03-15 19:02:30,2022-03-15 21:45:12,2022-03-15 22:31:31,2022-03-15 22:31:31
7007471972,ฉช.82-7443,2022-03-15 19:15:10,2022-03-15 22:03:18,2022-03-15 22:50:35,2022-03-15 22:50:35
7007472149,กท.79-5584,2022-03-15 19:25:40,2022-03-15 22:14:35,2022-03-15 23:03:53,2022-03-15 23:03:53
7007471967,กท.78-7993,2022-03-15 19:26:34,2022-03-15 22:20:46,2022-03-15 23:04:59,2022-03-15 23:04:59
7007471969,กท.77-8133,2022-03-15 19:33:39,2022-03-15 22:31:31,2022-03-15 23:09:17,2022-03-15 23:09:17
7007474620,ชม.70-4355,2022-03-16 00:23:42,2022-03-16 00:23:42,2022-03-16 01:13:35,2022-03-16 01:13:35
7007474621,ชม.70-4219,2022-03-16 00:46:29,2022-03-16 00:46:29,2022-03-16 01:21:26,2022-03-16 01:21:26
7007474629,สค.70-6125,2022-03-16 01:09:18,2022-03-16 01:09:18,2022-03-16 01:41:02,2022-03-16 01:41:02
7007471945,ฉช.82-3201,2022-03-16 02:11:11,2022-03-16 02:11:11,2022-03-16 02:47:04,2022-03-16 02:47:04
7007474678,ลพ.70-0785,2022-03-16 02:48:44,2022-03-16 02:48:44,2022-03-16 03:28:30,2022-03-16 03:28:30
7007474680,ชม.70-5299,2022-03-16 03:12:51,2022-03-16 03:12:51,2022-03-16 03:56:24,2022-03-16 03:56:24
7007471956,ฉช.82-2839,2022-03-16 03:14:22,2022-03-16 03:14:22,2022-03-16 04:01:10,2022-03-16 04:01:10
7007474718,กท.79-6703,2022-03-16 04:19:41,2022-03-16 04:19:41,2022-03-16 05:07:58,2022-03-16 05:07:58
7007471939,กท.79-0644,2022-03-16 04:59:31,2022-03-16 04:59:31,2022-03-16 05:35:46,2022-03-16 05:35:46
7007474729,กท.79-7691,2022-03-16 04:49:57,2022-03-16 04:49:57,2022-03-16 05:39:57,2022-03-16 05:39:57
7007471963,กท.79-0144,2022-03-16 06:36:58,2022-03-16 06:36:58,2022-03-16 07:26:40,2022-03-16 07:26:40
7007474779,สค.70-6123,2022-03-16 06:39:54,2022-03-16 06:39:54,2022-03-16 07:29:54,2022-03-16 07:29:54
7007471959,กท.79-0841,2022-03-16 06:53:33,2022-03-16 06:53:33,2022-03-16 07:38:12,2022-03-16 07:38:12
7007471952,กท.78-6742,2022-03-16 06:52:53,2022-03-16 06:52:53,2022-03-16 07:42:12,2022-03-16 07:42:12
7007473631,กท.78-1149,2022-03-16 07:03:10,2022-03-16 07:26:40,2022-03-16 08:07:33,2022-03-16 08:07:33
7007471923,กท.79-2716,2022-03-16 07:14:20,2022-03-16 07:29:54,2022-03-16 08:18:46,2022-03-16 08:18:46
7007471948,กท.77-8134,2022-03-16 07:26:21,2022-03-16 07:38:12,2022-03-16 08:24:46,2022-03-16 08:24:46
7007474815,ชม.70-5261,2022-03-16 07:28:26,2022-03-16 07:42:12,2022-03-16 08:31:27,2022-03-16 08:31:27
7007473609,กท.79-5578,2022-03-16 07:35:40,2022-03-16 08:07:33,2022-03-16 08:53:00,2022-03-16 08:53:00
7007471931,กท.77-9738,2022-03-16 07:44:30,2022-03-16 08:18:46,2022-03-16 09:02:50,2022-03-16 09:02:50
7007471975,กท.79-0642,2022-03-16 07:59:46,2022-03-16 08:24:46,2022-03-16 09:08:29,2022-03-16 09:08:29
7007471943,กท.79-5843,2022-03-16 08:04:05,2022-03-16 08:31:27,2022-03-16 09:15:31,2022-03-16 09:15:31
7007471929,กท.74-9070,2022-03-16 08:07:49,2022-03-16 08:53:00,2022-03-16 09:33:54,2022-03-16 09:33:54
7007471953,กท.79-0643,2022-03-16 08:24:14,2022-03-16 09:02:50,2022-03-16 09:52:37,2022-03-16 09:52:37
7007471935,กท.79-5579,2022-03-16 08:28:47,2022-03-16 09:08:29,2022-03-16 09:58:17,2022-03-16 09:58:17
7007471957,กท.79-2717,2022-03-16 08:36:17,2022-03-16 09:15:31,2022-03-16 10:04:10,2022-03-16 10:04:10
7007474964,ชม.70-5301,2022-03-16 08:46:14,2022-03-16 09:33:54,2022-03-16 10:11:55,2022-03-16 10:11:55
7007471933,กท.78-6744,2022-03-16 09:02:24,2022-03-16 09:58:17,2022-03-16 10:37:10,2022-03-16 10:37:10
7007471949,กท.79-0641,2022-03-16 08:58:30,2022-03-16 09:52:37,2022-03-16 10:42:24,2022-03-16 10:42:24
7007475200,กท.75-7868,2022-03-16 09:17:13,2022-03-16 10:04:10,2022-03-16 10:53:51,2022-03-16 10:53:51
7007475216,กท.61-4720,2022-03-16 09:21:26,2022-03-16 10:11:55,2022-03-16 10:59:41,2022-03-16 10:59:41
7007475610,ชบ.82-4190,2022-03-16 09:55:05,2022-03-16 10:42:24,2022-03-16 11:21:28,2022-03-16 11:21:28
7007475379,กท.79-5842,2022-03-16 09:33:12,2022-03-16 10:37:10,2022-03-16 11:27:08,2022-03-16 11:27:08
7007475621,ชม.70-5302,2022-03-16 10:07:59,2022-03-16 10:53:51,2022-03-16 11:42:30,2022-03-16 11:42:30
7007471950,กท.79-0841,2022-03-16 10:19:06,2022-03-16 10:59:41,2022-03-16 11:49:36,2022-03-16 11:49:36
7007471966,กท.78-1149,2022-03-16 10:29:16,2022-03-16 11:21:28,2022-03-16 12:10:01,2022-03-16 12:10:01
7007471918,กท.78-6742,2022-03-16 10:50:54,2022-03-16 11:27:08,2022-03-16 12:16:12,2022-03-16 12:16:12
7007476426,ฉช.81-3257,2022-03-16 10:52:51,2022-03-16 11:42:30,2022-03-16 12:29:04,2022-03-16 12:29:04
7007476471,ชบ.84-7975,2022-03-16 11:05:54,2022-03-16 11:49:36,2022-03-16 12:39:36,2022-03-16 12:39:36
7007471932,กท.78-6744,2022-03-16 11:12:36,2022-03-16 12:10:01,2022-03-16 12:59:58,2022-03-16 12:59:58
7007471922,กท.79-2717,2022-03-16 11:43:56,2022-03-16 12:16:12,2022-03-16 13:05:32,2022-03-16 13:05:32
7007471974,กท.77-8134,2022-03-16 11:45:06,2022-03-16 12:29:04,2022-03-16 13:19:04,2022-03-16 13:19:04
7007477035,ชบ.85-3878,2022-03-16 11:52:32,2022-03-16 12:39:36,2022-03-16 13:29:36,2022-03-16 13:29:36
7007476929,กท.79-6705,2022-03-16 12:07:24,2022-03-16 12:59:58,2022-03-16 13:49:22,2022-03-16 13:49:22
7007471962,กท.79-5578,2022-03-16 12:40:27,2022-03-16 13:05:32,2022-03-16 13:55:30,2022-03-16 13:55:30
7007477251,รย.82-0448,2022-03-16 12:58:22,2022-03-16 13:19:04,2022-03-16 14:05:26,2022-03-16 14:05:26
7007471965,กท.79-2716,2022-03-16 13:06:47,2022-03-16 13:29:36,2022-03-16 14:11:52,2022-03-16 14:11:52
7007477347,สค.70-4074,2022-03-16 13:16:23,2022-03-16 13:49:22,2022-03-16 14:39:13,2022-03-16 14:39:13
7007477380,ลพ.70-0786,2022-03-16 13:18:06,2022-03-16 13:55:30,2022-03-16 14:45:20,2022-03-16 14:45:20
7007473584,กท.74-9070,2022-03-16 13:39:00,2022-03-16 14:11:52,2022-03-16 14:55:17,2022-03-16 14:55:17
7007477246,กท.79-5841,2022-03-16 13:27:14,2022-03-16 14:05:26,2022-03-16 14:55:20,2022-03-16 14:55:20
7007477407,ชม.70-5122,2022-03-16 13:41:29,2022-03-16 14:39:13,2022-03-16 15:18:29,2022-03-16 15:18:29
7007471942,กท.77-9738,2022-03-16 14:08:43,2022-03-16 14:55:20,2022-03-16 15:32:47,2022-03-16 15:32:47
7007477408,จบ.80-3645,2022-03-16 13:50:16,2022-03-16 14:45:20,2022-03-16 15:33:57,2022-03-16 15:33:57
7007471971,กท.79-0641,2022-03-16 13:56:44,2022-03-16 14:55:17,2022-03-16 15:45:17,2022-03-16 15:45:17
7007477676,กท.78-5932,2022-03-16 14:23:32,2022-03-16 15:32:47,2022-03-16 16:04:43,2022-03-16 16:04:43
7007471926,กท.79-0644,2022-03-16 14:11:19,2022-03-16 15:18:29,2022-03-16 16:07:59,2022-03-16 16:07:59
7007471970,กท.79-0144,2022-03-16 14:26:50,2022-03-16 15:33:57,2022-03-16 16:20:12,2022-03-16 16:20:12
7007471925,กท.79-5843,2022-03-16 14:33:12,2022-03-16 15:45:17,2022-03-16 16:34:46,2022-03-16 16:34:46
7007476398,กท.79-0643,2022-03-16 14:38:02,2022-03-16 16:04:43,2022-03-16 16:52:53,2022-03-16 16:52:53
7007471941,กท.78-6739,2022-03-16 14:50:03,2022-03-16 16:07:59,2022-03-16 16:57:49,2022-03-16 16:57:49
7007477397,กท.79-5584,2022-03-16 14:51:21,2022-03-16 16:20:12,2022-03-16 17:04:11,2022-03-16 17:04:11
7007477829,นม.70-6730,2022-03-16 15:02:20,2022-03-16 16:34:46,2022-03-16 17:24:42,2022-03-16 17:24:42
7007477235,กท.79-0642,2022-03-16 15:11:35,2022-03-16 16:52:53,2022-03-16 17:42:13,2022-03-16 17:42:13
7007477878,ชม.70-5300,2022-03-16 15:15:37,2022-03-16 16:57:49,2022-03-16 17:47:23,2022-03-16 17:47:23
7007476389,กท.77-8133,2022-03-16 15:23:59,2022-03-16 17:04:11,2022-03-16 17:49:22,2022-03-16 17:49:22
7007471938,กท.79-5579,2022-03-16 15:34:04,2022-03-16 17:24:42,2022-03-16 18:12:22,2022-03-16 18:12:22
7007473618,กท.74-9067,2022-03-16 15:45:32,2022-03-16 17:47:23,2022-03-16 18:30:07,2022-03-16 18:30:07
7007478086,กท.79-3257,2022-03-16 15:37:51,2022-03-16 17:42:13,2022-03-16 18:30:13,2022-03-16 18:30:13
7007476861,กท.78-7993,2022-03-16 16:24:59,2022-03-16 17:49:22,2022-03-16 18:38:16,2022-03-16 18:38:16
7007476848,กท.79-2717,2022-03-16 16:35:19,2022-03-16 18:12:22,2022-03-16 18:56:43,2022-03-16 18:56:43
7007476866,กท.79-5584,2022-03-16 17:10:43,2022-03-16 18:30:07,2022-03-16 19:17:03,2022-03-16 19:17:03
7007480941,ชม.70-5420,2022-03-16 17:18:18,2022-03-16 18:30:13,2022-03-16 19:17:19,2022-03-16 19:17:19
7007480898,ชม.70-5125,2022-03-16 17:36:44,2022-03-16 18:38:16,2022-03-16 19:22:29,2022-03-16 19:22:29
7007476748,ฉช.81-4230,2022-03-16 17:49:11,2022-03-16 18:56:43,2022-03-16 19:46:25,2022-03-16 19:46:25
7007487614,ชม.70-4219,2022-03-17 00:38:48,2022-03-17 00:38:48,2022-03-17 01:28:29,2022-03-17 01:28:29
7007487628,ชม.70-5299,2022-03-17 00:55:59,2022-03-17 00:55:59,2022-03-17 01:44:18,2022-03-17 01:44:18
7007487615,ลพ.70-0785,2022-03-17 00:57:19,2022-03-17 00:57:19,2022-03-17 01:47:11,2022-03-17 01:47:11
7007478790,ฉช.82-8346,2022-03-17 01:08:14,2022-03-17 01:08:14,2022-03-17 01:57:40,2022-03-17 01:57:40
7007487612,ชม.70-4355,2022-03-17 01:10:18,2022-03-17 01:28:29,2022-03-17 02:08:40,2022-03-17 02:08:40
7007487631,ลพ.70-0786,2022-03-17 01:29:16,2022-03-17 01:44:18,2022-03-17 02:30:01,2022-03-17 02:30:01
7007487634,สค.70-6123,2022-03-17 01:48:26,2022-03-17 01:48:26,2022-03-17 02:35:12,2022-03-17 02:35:12
7007487653,ฉช.82-4812,2022-03-17 02:36:26,2022-03-17 02:36:26,2022-03-17 03:26:03,2022-03-17 03:26:03
7007476833,ฉช.82-8528,2022-03-17 02:50:17,2022-03-17 02:50:17,2022-03-17 03:33:12,2022-03-17 03:33:12
7007487647,ชม.70-5302,2022-03-17 02:52:14,2022-03-17 02:52:14,2022-03-17 03:42:11,2022-03-17 03:42:11
7007487660,ชม.70-5301,2022-03-17 03:06:04,2022-03-17 03:06:04,2022-03-17 03:53:03,2022-03-17 03:53:03
7007476669,ฉช.82-7170,2022-03-17 03:08:58,2022-03-17 03:26:03,2022-03-17 04:15:24,2022-03-17 04:15:24
7007487678,ชม.70-5193,2022-03-17 03:28:58,2022-03-17 03:33:12,2022-03-17 04:22:55,2022-03-17 04:22:55
7007476836,กท.79-0641,2022-03-17 04:22:29,2022-03-17 04:22:29,2022-03-17 05:03:11,2022-03-17 05:03:11
7007487692,กท.79-1818,2022-03-17 04:16:41,2022-03-17 04:16:41,2022-03-17 05:04:55,2022-03-17 05:04:55
7007476764,กท.79-1961,2022-03-17 06:37:52,2022-03-17 06:37:52,2022-03-17 07:27:43,2022-03-17 07:27:43
7007487731,ชม.70-5261,2022-03-17 06:48:51,2022-03-17 06:48:51,2022-03-17 07:34:53,2022-03-17 07:34:53
7007487725,สค.70-6125,2022-03-17 06:52:28,2022-03-17 06:52:28,2022-03-17 07:41:19,2022-03-17 07:41:19
7007476828,กท.78-1149,2022-03-17 07:05:53,2022-03-17 07:05:53,2022-03-17 07:55:53,2022-03-17 07:55:53
7007476827,กท.79-0643,2022-03-17 07:13:00,2022-03-17 07:27:43,2022-03-17 08:03:15,2022-03-17 08:03:15
7007476675,กท.74-9070,2022-03-17 07:19:47,2022-03-17 07:34:53,2022-03-17 08:22:14,2022-03-17 08:22:14
7007476741,กท.79-0644,2022-03-17 07:23:17,2022-03-17 07:55:53,2022-03-17 08:30:12,2022-03-17 08:30:12
7007476768,กท.79-1830,2022-03-17 07:21:46,2022-03-17 07:41:19,2022-03-17 08:31:00,2022-03-17 08:31:00
7007476683,กท.77-9738,2022-03-17 07:43:46,2022-03-17 08:03:15,2022-03-17 08:53:07,2022-03-17 08:53:07
7007476688,กท.77-8133,2022-03-17 07:50:07,2022-03-17 08:22:14,2022-03-17 09:07:18,2022-03-17 09:07:18
7007476819,กท.74-9067,2022-03-17 08:08:19,2022-03-17 08:31:00,2022-03-17 09:18:12,2022-03-17 09:18:12
7007476749,กท.79-0841,2022-03-17 07:55:21,2022-03-17 08:30:12,2022-03-17 09:20:09,2022-03-17 09:20:09
7007476777,กท.79-5843,2022-03-17 08:11:51,2022-03-17 08:53:07,2022-03-17 09:42:31,2022-03-17 09:42:31
7007476831,กท.79-0642,2022-03-17 08:20:17,2022-03-17 09:07:18,2022-03-17 09:57:18,2022-03-17 09:57:18
7007487825,ชม.70-5122,2022-03-17 08:30:54,2022-03-17 09:18:12,2022-03-17 10:04:07,2022-03-17 10:04:07
7007476869,กท.78-6739,2022-03-17 08:38:30,2022-03-17 09:20:09,2022-03-17 10:05:24,2022-03-17 10:05:24
7007476822,กท.79-2716,2022-03-17 08:38:41,2022-03-17 09:42:31,2022-03-17 10:31:31,2022-03-17 10:31:31
7007476743,กท.79-0144,2022-03-17 08:43:50,2022-03-17 09:57:18,2022-03-17 10:40:58,2022-03-17 10:40:58
7007478762,กท.79-5579,2022-03-17 08:59:55,2022-03-17 10:05:24,2022-03-17 10:42:05,2022-03-17 10:42:05
7007487893,กท.78-5932,2022-03-17 08:58:07,2022-03-17 10:04:07,2022-03-17 10:51:33,2022-03-17 10:51:33
7007476745,กท.77-8134,2022-03-17 09:12:24,2022-03-17 10:31:31,2022-03-17 11:19:15,2022-03-17 11:19:15
7007476765,ฉช.82-7443,2022-03-17 09:13:19,2022-03-17 10:40:58,2022-03-17 11:28:41,2022-03-17 11:28:41
7007476834,กท.78-6742,2022-03-17 09:21:40,2022-03-17 10:42:05,2022-03-17 11:29:51,2022-03-17 11:29:51
7007476826,กท.78-6744,2022-03-17 09:34:40,2022-03-17 10:51:33,2022-03-17 11:40:57,2022-03-17 11:40:57
7007488124,กท.79-8997,2022-03-17 09:44:13,2022-03-17 11:19:15,2022-03-17 12:05:49,2022-03-17 12:05:49
7007488571,กท.79-3259,2022-03-17 09:50:05,2022-03-17 11:28:41,2022-03-17 12:09:08,2022-03-17 12:09:08
7007476846,กท.79-0641,2022-03-17 09:55:27,2022-03-17 11:29:51,2022-03-17 12:19:37,2022-03-17 12:19:37
7007489037,กท.79-3258,2022-03-17 10:04:26,2022-03-17 11:40:57,2022-03-17 12:20:49,2022-03-17 12:20:49
7007489245,ชบ.83-3599,2022-03-17 10:17:19,2022-03-17 12:05:49,2022-03-17 12:45:31,2022-03-17 12:45:31
7007489189,กท.75-0640,2022-03-17 10:18:12,2022-03-17 12:09:08,2022-03-17 12:59:07,2022-03-17 12:59:07
7007490332,ชบ.84-7237,2022-03-17 10:44:33,2022-03-17 12:20:49,2022-03-17 13:03:33,2022-03-17 13:03:33
7007476825,ฉช.82-7170,2022-03-17 10:24:06,2022-03-17 12:19:37,2022-03-17 13:09:12,2022-03-17 13:09:12
7007490371,ชบ.85-5327,2022-03-17 10:56:53,2022-03-17 12:45:31,2022-03-17 13:35:31,2022-03-17 13:35:31
7007490661,ชบ.84-7139,2022-03-17 11:02:52,2022-03-17 12:59:07,2022-03-17 13:47:35,2022-03-17 13:47:35
7007491248,จบ.81-3588,2022-03-17 11:25:28,2022-03-17 13:03:33,2022-03-17 13:48:32,2022-03-17 13:48:32
7007492734,กท.78-6739,2022-03-17 11:38:12,2022-03-17 13:09:12,2022-03-17 13:55:55,2022-03-17 13:55:55
7007476837,กท.79-0643,2022-03-17 11:43:48,2022-03-17 13:35:31,2022-03-17 14:22:46,2022-03-17 14:22:46
7007493715,กท.75-3041,2022-03-17 11:55:15,2022-03-17 13:48:32,2022-03-17 14:30:03,2022-03-17 14:30:03
7007493413,จบ.81-3588,2022-03-17 11:48:02,2022-03-17 13:47:35,2022-03-17 14:36:03,2022-03-17 14:36:03
7007494713,ชบ.85-3878,2022-03-17 12:15:04,2022-03-17 13:55:55,2022-03-17 14:45:31,2022-03-17 14:45:31
7007494865,สค.70-4074,2022-03-17 12:17:01,2022-03-17 14:22:46,2022-03-17 15:11:37,2022-03-17 15:11:37
7007476679,ฉช.82-8528,2022-03-17 12:32:14,2022-03-17 14:36:03,2022-03-17 15:12:16,2022-03-17 15:12:16
7007476754,ฉช.82-7443,2022-03-17 12:30:43,2022-03-17 14:30:03,2022-03-17 15:20:01,2022-03-17 15:20:01
7007476829,กท.79-1830,2022-03-17 12:35:27,2022-03-17 14:45:31,2022-03-17 15:29:34,2022-03-17 15:29:34
7007495683,กท.75-0640,2022-03-17 12:54:48,2022-03-17 15:12:16,2022-03-17 15:45:18,2022-03-17 15:45:18
7007495426,ชม.70-5420,2022-03-17 12:36:21,2022-03-17 15:11:37,2022-03-17 15:59:54,2022-03-17 15:59:54
7007476874,กท.77-8133,2022-03-17 12:57:09,2022-03-17 15:20:01,2022-03-17 16:08:22,2022-03-17 16:08:22
7007490456,กท.78-6742,2022-03-17 13:10:34,2022-03-17 15:29:34,2022-03-17 16:17:54,2022-03-17 16:17:54
7007496206,ตร.80-2192,2022-03-17 13:13:41,2022-03-17 15:45:18,2022-03-17 16:34:48,2022-03-17 16:34:48
7007496073,ชบ.82-4190,2022-03-17 13:32:36,2022-03-17 15:59:54,2022-03-17 16:47:36,2022-03-17 16:47:36
7007496016,จบ.80-3645,2022-03-17 13:36:21,2022-03-17 16:08:22,2022-03-17 16:57:31,2022-03-17 16:57:31
7007494452,กท.74-9067,2022-03-17 13:42:43,2022-03-17 16:17:54,2022-03-17 17:03:11,2022-03-17 17:03:11
7007497256,ชม.70-4219,2022-03-17 13:53:06,2022-03-17 16:34:48,2022-03-17 17:23:57,2022-03-17 17:23:57
7007497124,รย.81-6767,2022-03-17 13:53:14,2022-03-17 16:47:36,2022-03-17 17:30:50,2022-03-17 17:30:50
7007476856,กท.78-1149,2022-03-17 14:02:29,2022-03-17 16:57:31,2022-03-17 17:42:59,2022-03-17 17:42:59
7007476761,กท.79-5843,2022-03-17 14:18:25,2022-03-17 17:03:11,2022-03-17 17:51:17,2022-03-17 17:51:17
7007476747,กท.79-1961,2022-03-17 14:25:56,2022-03-17 17:23:57,2022-03-17 18:13:57,2022-03-17 18:13:57
7007490427,กท.79-0144,2022-03-17 14:26:45,2022-03-17 17:30:50,2022-03-17 18:18:23,2022-03-17 18:18:23
7007476823,กท.79-0841,2022-03-17 14:33:40,2022-03-17 17:42:59,2022-03-17 18:32:28,2022-03-17 18:32:28
7007498809,ชม.70-5122,2022-03-17 14:48:04,2022-03-17 17:51:17,2022-03-17 18:34:52,2022-03-17 18:34:52
7007476853,กท.78-7993,2022-03-17 14:54:09,2022-03-17 18:13:57,2022-03-17 19:01:17,2022-03-17 19:01:17
7007498888,กท.75-2786,2022-03-17 15:02:44,2022-03-17 18:18:23,2022-03-17 19:05:24,2022-03-17 19:05:24
7007476696,กท.79-5584,2022-03-17 15:03:29,2022-03-17 18:32:28,2022-03-17 19:20:11,2022-03-17 19:20:11
7007476751,กท.79-0642,2022-03-17 15:11:32,2022-03-17 18:34:52,2022-03-17 19:24:29,2022-03-17 19:24:29
7007476791,กท.79-0644,2022-03-17 15:19:43,2022-03-17 19:01:17,2022-03-17 19:41:50,2022-03-17 19:41:50
7007498392,ชม.70-5302,2022-03-17 15:21:41,2022-03-17 19:05:24,2022-03-17 19:54:12,2022-03-17 19:54:12
7007498939,กท.79-8998,2022-03-17 15:31:33,2022-03-17 19:20:11,2022-03-17 20:08:43,2022-03-17 20:08:43
7007494478,กท.78-6744,2022-03-17 15:42:55,2022-03-17 19:24:29,2022-03-17 20:14:05,2022-03-17 20:14:05
7007476843,กท.79-2716,2022-03-17 15:57:41,2022-03-17 19:41:50,2022-03-17 20:31:42,2022-03-17 20:31:42
7007490515,กท.79-2717,2022-03-17 16:01:38,2022-03-17 19:54:12,2022-03-17 20:43:57,2022-03-17 20:43:57
7007476850,กท.77-9738,2022-03-17 16:07:48,2022-03-17 20:08:43,2022-03-17 20:54:41,2022-03-17 20:54:41
7007502442,ชม.70-5300,2022-03-17 16:19:24,2022-03-17 20:14:05,2022-03-17 21:02:36,2022-03-17 21:02:36
7007502422,ชม.70-4355,2022-03-17 16:19:50,2022-03-17 20:31:42,2022-03-17 21:20:58,2022-03-17 21:20:58
7007476674,กท.79-5579,2022-03-17 16:55:03,2022-03-17 20:43:57,2022-03-17 21:25:55,2022-03-17 21:25:55
7007503466,กท.79-5842,2022-03-17 17:01:11,2022-03-17 20:54:41,2022-03-17 21:43:35,2022-03-17 21:43:35
7007503847,ชม.70-5299,2022-03-17 17:08:04,2022-03-17 21:02:36,2022-03-17 21:50:38,2022-03-17 21:50:38
7007497686,กท.78-6739,2022-03-17 17:17:07,2022-03-17 21:20:58,2022-03-17 22:10:57,2022-03-17 22:10:57
7007503679,ชบ.84-7975,2022-03-17 17:21:30,2022-03-17 21:25:55,2022-03-17 22:15:30,2022-03-17 22:15:30
7007504152,ลพ.70-0785,2022-03-17 17:27:10,2022-03-17 21:43:35,2022-03-17 22:22:20,2022-03-17 22:22:20
7007498234,ฉช.81-4230,2022-03-17 17:35:35,2022-03-17 21:50:38,2022-03-17 22:35:40,2022-03-17 22:35:40
7007504654,กท.79-3257,2022-03-17 17:43:19,2022-03-17 22:10:57,2022-03-17 23:00:55,2022-03-17 23:00:55
7007497574,กท.79-0644,2022-03-17 17:49:32,2022-03-17 22:15:30,2022-03-17 23:04:21,2022-03-17 23:04:21
7007501379,กท.77-9738,2022-03-17 17:59:36,2022-03-17 22:22:20,2022-03-17 23:12:13,2022-03-17 23:12:13
7007497664,กท.78-1149,2022-03-17 18:15:19,2022-03-17 22:35:40,2022-03-17 23:18:13,2022-03-17 23:18:13
7007509967,นม.70-6589,2022-03-18 00:56:15,2022-03-18 00:56:15,2022-03-18 01:46:05,2022-03-18 01:46:05
7007510019,ชม.70-5301,2022-03-18 02:03:57,2022-03-18 02:03:57,2022-03-18 02:53:22,2022-03-18 02:53:22
7007498240,ฉช.82-4812,2022-03-18 02:29:18,2022-03-18 02:29:18,2022-03-18 03:18:54,2022-03-18 03:18:54
7007510040,นม.70-6730,2022-03-18 03:08:49,2022-03-18 03:08:49,2022-03-18 03:57:56,2022-03-18 03:57:56
7007510056,กท.79-6706,2022-03-18 04:23:18,2022-03-18 04:23:18,2022-03-18 05:12:47,2022-03-18 05:12:47
7007500322,กท.79-0643,2022-03-18 06:28:24,2022-03-18 06:28:24,2022-03-18 07:04:28,2022-03-18 07:04:28
7007510129,สค.70-6123,2022-03-18 06:36:06,2022-03-18 06:36:06,2022-03-18 07:16:02,2022-03-18 07:16:02
7007497635,กท.79-5584,2022-03-18 06:45:23,2022-03-18 06:45:23,2022-03-18 07:35:02,2022-03-18 07:35:02
7007502845,กท.74-9067,2022-03-18 07:07:28,2022-03-18 07:07:28,2022-03-18 07:53:07,2022-03-18 07:53:07
7007497642,กท.79-5578,2022-03-18 07:13:08,2022-03-18 07:13:08,2022-03-18 08:00:13,2022-03-18 08:00:13
7007497694,กท.77-8133,2022-03-18 07:18:58,2022-03-18 07:18:58,2022-03-18 08:08:54,2022-03-18 08:08:54
7007497613,กท.79-1830,2022-03-18 07:32:42,2022-03-18 07:35:02,2022-03-18 08:24:01,2022-03-18 08:24:01
7007497609,กท.79-0642,2022-03-18 07:47:31,2022-03-18 07:53:07,2022-03-18 08:33:24,2022-03-18 08:33:24
7007501889,กท.77-8134,2022-03-18 07:49:28,2022-03-18 08:00:13,2022-03-18 08:50:11,2022-03-18 08:50:11
7007498229,กท.79-5843,2022-03-18 08:04:58,2022-03-18 08:08:54,2022-03-18 08:57:29,2022-03-18 08:57:29
7007497678,กท.79-0641,2022-03-18 08:16:37,2022-03-18 08:24:01,2022-03-18 09:13:16,2022-03-18 09:13:16
7007497625,กท.79-0841,2022-03-18 08:19:42,2022-03-18 08:33:24,2022-03-18 09:21:19,2022-03-18 09:21:19
7007497669,กท.79-1961,2022-03-18 08:25:27,2022-03-18 08:50:11,2022-03-18 09:36:30,2022-03-18 09:36:30
7007497715,กท.78-7993,2022-03-18 08:33:57,2022-03-18 08:57:29,2022-03-18 09:47:08,2022-03-18 09:47:08
7007510507,กท.79-7691,2022-03-18 09:07:07,2022-03-18 09:21:19,2022-03-18 10:03:00,2022-03-18 10:03:00
7007497710,กท.78-6742,2022-03-18 08:43:20,2022-03-18 09:13:16,2022-03-18 10:03:15,2022-03-18 10:03:15
7007497649,กท.79-5579,2022-03-18 09:09:10,2022-03-18 09:36:30,2022-03-18 10:25:28,2022-03-18 10:25:28
7007497629,กท.79-0144,2022-03-18 09:09:37,2022-03-18 09:47:08,2022-03-18 10:37:07,2022-03-18 10:37:07
7007497691,กท.78-6744,2022-03-18 09:17:03,2022-03-18 10:03:00,2022-03-18 10:38:03,2022-03-18 10:38:03
7007497682,กท.79-2717,2022-03-18 09:36:27,2022-03-18 10:03:15,2022-03-18 10:52:50,2022-03-18 10:52:50
7007497697,ฉช.82-7443,2022-03-18 09:39:54,2022-03-18 10:25:28,2022-03-18 11:11:21,2022-03-18 11:11:21
7007510774,กท.75-7868,2022-03-18 10:01:39,2022-03-18 10:38:03,2022-03-18 11:24:37,2022-03-18 11:24:37
7007510649,กท.79-3259,2022-03-18 09:54:41,2022-03-18 10:37:07,2022-03-18 11:27:06,2022-03-18 11:27:06
7007510710,กท.79-5841,2022-03-18 10:09:07,2022-03-18 10:52:50,2022-03-18 11:30:15,2022-03-18 11:30:15
7007510882,รย.82-0448,2022-03-18 10:10:53,2022-03-18 11:11:21,2022-03-18 12:00:57,2022-03-18 12:00:57
7007511187,ฉช.82-2839,2022-03-18 10:36:47,2022-03-18 11:27:06,2022-03-18 12:10:14,2022-03-18 12:10:14
7007511211,นม.70-6589,2022-03-18 10:16:18,2022-03-18 11:24:37,2022-03-18 12:14:10,2022-03-18 12:14:10
7007497606,กท.79-0642,2022-03-18 10:38:08,2022-03-18 11:30:15,2022-03-18 12:16:52,2022-03-18 12:16:52
7007511530,ชม.70-5299,2022-03-18 10:50:08,2022-03-18 12:10:14,2022-03-18 12:48:14,2022-03-18 12:48:14
7007497621,กท.77-8134,2022-03-18 10:44:31,2022-03-18 12:00:57,2022-03-18 12:50:27,2022-03-18 12:50:27
7007497675,กท.79-5584,2022-03-18 10:55:51,2022-03-18 12:14:10,2022-03-18 12:51:51,2022-03-18 12:51:51
7007511562,จบ.80-8222,2022-03-18 11:03:30,2022-03-18 12:16:52,2022-03-18 13:05:59,2022-03-18 13:05:59
7007497719,กท.79-5843,2022-03-18 11:13:05,2022-03-18 12:48:14,2022-03-18 13:34:50,2022-03-18 13:34:50
7007511571,ชม.70-5302,2022-03-18 11:16:27,2022-03-18 12:50:27,2022-03-18 13:40:27,2022-03-18 13:40:27
7007497616,กท.79-0643,2022-03-18 11:19:48,2022-03-18 12:51:51,2022-03-18 13:41:50,2022-03-18 13:41:50
7007511708,กท.78-7993,2022-03-18 11:27:20,2022-03-18 13:05:59,2022-03-18 13:50:43,2022-03-18 13:50:43
7007511956,ฉช.81-3257,2022-03-18 12:00:07,2022-03-18 13:40:27,2022-03-18 14:14:00,2022-03-18 14:14:00
7007511023,ฉช.82-7443,2022-03-18 11:41:28,2022-03-18 13:34:50,2022-03-18 14:19:59,2022-03-18 14:19:59
7007511961,ชม.70-5124,2022-03-18 12:17:04,2022-03-18 13:50:43,2022-03-18 14:24:24,2022-03-18 14:24:24
7007497672,กท.79-1961,2022-03-18 12:07:25,2022-03-18 13:41:50,2022-03-18 14:31:46,2022-03-18 14:31:46
7007497659,กท.79-0641,2022-03-18 12:34:33,2022-03-18 14:14:00,2022-03-18 15:02:25,2022-03-18 15:02:25
7007511548,กท.78-6739,2022-03-18 12:45:10,2022-03-18 14:19:59,2022-03-18 15:06:00,2022-03-18 15:06:00
7007512123,ชม.70-5125,2022-03-18 12:49:55,2022-03-18 14:24:24,2022-03-18 15:14:14,2022-03-18 15:14:14
7007512128,ลพ.70-0786,2022-03-18 12:59:17,2022-03-18 14:31:46,2022-03-18 15:20:22,2022-03-18 15:20:22
7007512199,ชบ.85-3878,2022-03-18 13:10:18,2022-03-18 15:02:25,2022-03-18 15:52:17,2022-03-18 15:52:17
7007512175,ชบ.82-4190,2022-03-18 13:24:09,2022-03-18 15:06:00,2022-03-18 15:55:57,2022-03-18 15:55:57
7007512173,รย.82-0448,2022-03-18 13:27:03,2022-03-18 15:14:14,2022-03-18 16:02:41,2022-03-18 16:02:41
7007497632,กท.79-1830,2022-03-18 13:30:45,2022-03-18 15:20:22,2022-03-18 16:06:06,2022-03-18 16:06:06
7007512240,ชม.70-4219,2022-03-18 13:51:41,2022-03-18 15:55:57,2022-03-18 16:25:15,2022-03-18 16:25:15
7007512220,กท.79-3258,2022-03-18 13:45:47,2022-03-18 15:52:17,2022-03-18 16:42:06,2022-03-18 16:42:06
7007497570,กท.78-6742,2022-03-18 13:56:57,2022-03-18 16:02:41,2022-03-18 16:52:05,2022-03-18 16:52:05
7007511557,กท.79-0144,2022-03-18 13:58:13,2022-03-18 16:06:06,2022-03-18 16:55:20,2022-03-18 16:55:20
7007512346,ชบ.84-7139,2022-03-18 14:06:01,2022-03-18 16:25:15,2022-03-18 17:14:54,2022-03-18 17:14:54
7007497723,กท.79-2717,2022-03-18 14:12:24,2022-03-18 16:42:06,2022-03-18 17:30:15,2022-03-18 17:30:15
7007512453,สค.70-6125,2022-03-18 14:29:38,2022-03-18 16:52:05,2022-03-18 17:40:40,2022-03-18 17:40:40
7007512429,กท.79-5842,2022-03-18 14:34:54,2022-03-18 16:55:20,2022-03-18 17:45:03,2022-03-18 17:45:03
7007512494,ชม.70-4355,2022-03-18 14:38:24,2022-03-18 17:14:54,2022-03-18 18:00:39,2022-03-18 18:00:39
7007511553,กท.78-1149,2022-03-18 14:55:18,2022-03-18 17:30:15,2022-03-18 18:09:39,2022-03-18 18:09:39
7007512557,กท.79-8994,2022-03-18 15:09:55,2022-03-18 17:45:03,2022-03-18 18:26:05,2022-03-18 18:26:05
7007512371,ชม.70-5261,2022-03-18 15:01:35,2022-03-18 17:40:40,2022-03-18 18:29:00,2022-03-18 18:29:00
7007512506,ชม.70-5122,2022-03-18 15:11:14,2022-03-18 18:00:39,2022-03-18 18:49:34,2022-03-18 18:49:34
7007511019,กท.78-6744,2022-03-18 15:18:15,2022-03-18 18:09:39,2022-03-18 18:56:24,2022-03-18 18:56:24
7007511672,ฉช.81-4230,2022-03-18 15:28:35,2022-03-18 18:26:05,2022-03-18 19:15:36,2022-03-18 19:15:36
7007511814,กท.78-6742,2022-03-18 15:44:41,2022-03-18 18:29:00,2022-03-18 19:18:59,2022-03-18 19:18:59
7007511836,กท.77-8134,2022-03-18 15:44:47,2022-03-18 18:49:34,2022-03-18 19:22:33,2022-03-18 19:22:33
7007513031,กท.79-3258,2022-03-18 16:42:04,2022-03-18 18:56:24,2022-03-18 19:34:09,2022-03-18 19:34:09
7007513109,กท.79-3257,2022-03-18 17:04:28,2022-03-18 19:18:59,2022-03-18 19:46:07,2022-03-18 19:46:07
7007513083,รย.71-2637,2022-03-18 16:57:50,2022-03-18 19:15:36,2022-03-18 20:02:24,2022-03-18 20:02:24
7007513394,สค.70-6125,2022-03-19 00:33:31,2022-03-19 00:33:31,2022-03-19 01:19:28,2022-03-19 01:19:28
7007513395,ชม.70-5300,2022-03-19 00:36:55,2022-03-19 00:36:55,2022-03-19 01:22:40,2022-03-19 01:22:40
7007513397,สค.70-2507,2022-03-19 00:52:04,2022-03-19 00:52:04,2022-03-19 01:40:17,2022-03-19 01:40:17
7007513399,ลพ.70-0785,2022-03-19 01:13:20,2022-03-19 01:13:20,2022-03-19 01:56:23,2022-03-19 01:56:23
7007513417,ชม.70-4355,2022-03-19 01:51:23,2022-03-19 01:51:23,2022-03-19 02:38:34,2022-03-19 02:38:34
7007513424,ชม.70-5301,2022-03-19 02:08:19,2022-03-19 02:08:19,2022-03-19 02:57:19,2022-03-19 02:57:19
7007513427,สค.70-4074,2022-03-19 02:24:14,2022-03-19 02:24:14,2022-03-19 03:14:04,2022-03-19 03:14:04
7007513432,ชม.70-5261,2022-03-19 02:43:58,2022-03-19 02:43:58,2022-03-19 03:30:42,2022-03-19 03:30:42
7007513435,รย.71-2638,2022-03-19 03:10:54,2022-03-19 03:10:54,2022-03-19 03:57:51,2022-03-19 03:57:51
7007513459,กท.79-8993,2022-03-19 04:31:02,2022-03-19 04:31:02,2022-03-19 05:12:38,2022-03-19 05:12:38
7007513453,ชม.70-5420,2022-03-19 04:26:53,2022-03-19 04:26:53,2022-03-19 05:16:52,2022-03-19 05:16:52
7007513460,กท.79-7691,2022-03-19 05:04:02,2022-03-19 05:04:02,2022-03-19 05:43:13,2022-03-19 05:43:13
7007513503,สค.70-6123,2022-03-19 06:33:54,2022-03-19 06:33:54,2022-03-19 07:21:55,2022-03-19 07:21:55
7007513494,ชม.70-5302,2022-03-19 06:58:55,2022-03-19 06:58:55,2022-03-19 07:48:44,2022-03-19 07:48:44
7007511825,กท.77-8133,2022-03-19 07:05:57,2022-03-19 07:05:57,2022-03-19 07:50:47,2022-03-19 07:50:47
7007512366,กท.79-5843,2022-03-19 07:00:51,2022-03-19 07:00:51,2022-03-19 07:50:49,2022-03-19 07:50:49
7007511818,กท.79-0144,2022-03-19 07:13:40,2022-03-19 07:21:55,2022-03-19 08:04:33,2022-03-19 08:04:33
7007511824,กท.79-0642,2022-03-19 07:18:07,2022-03-19 07:48:44,2022-03-19 08:34:58,2022-03-19 08:34:58
7007511830,กท.79-1961,2022-03-19 07:27:24,2022-03-19 07:50:47,2022-03-19 08:38:59,2022-03-19 08:38:59
7007511823,กท.78-7993,2022-03-19 07:33:04,2022-03-19 07:50:49,2022-03-19 08:39:28,2022-03-19 08:39:28
7007513549,ชม.70-5299,2022-03-19 07:40:10,2022-03-19 08:04:33,2022-03-19 08:54:33,2022-03-19 08:54:33
7007511834,กท.77-9738,2022-03-19 07:56:26,2022-03-19 08:34:58,2022-03-19 09:19:00,2022-03-19 09:19:00
7007511828,กท.78-6739,2022-03-19 08:09:06,2022-03-19 08:38:59,2022-03-19 09:25:24,2022-03-19 09:25:24
7007511826,กท.74-9070,2022-03-19 08:13:22,2022-03-19 08:39:28,2022-03-19 09:29:28,2022-03-19 09:29:28
7007513566,รย.81-6767,2022-03-19 08:18:18,2022-03-19 08:54:33,2022-03-19 09:43:21,2022-03-19 09:43:21
7007513584,กท.79-5842,2022-03-19 08:37:31,2022-03-19 09:19:00,2022-03-19 10:06:35,2022-03-19 10:06:35
7007513586,กท.75-0640,2022-03-19 08:42:48,2022-03-19 09:25:24,2022-03-19 10:15:09,2022-03-19 10:15:09
7007513587,กท.72-3498,2022-03-19 08:58:01,2022-03-19 09:29:28,2022-03-19 10:18:11,2022-03-19 10:18:11
7007513594,ชม.70-5123,2022-03-19 09:05:10,2022-03-19 09:43:21,2022-03-19 10:33:19,2022-03-19 10:33:19
7007513595,กท.79-3258,2022-03-19 09:15:42,2022-03-19 10:15:09,2022-03-19 10:54:55,2022-03-19 10:54:55
7007511820,กท.78-6744,2022-03-19 09:11:11,2022-03-19 10:06:35,2022-03-19 10:56:35,2022-03-19 10:56:35
7007511815,กท.79-0644,2022-03-19 09:19:25,2022-03-19 10:18:11,2022-03-19 11:00:17,2022-03-19 11:00:17
7007513597,กท.79-8997,2022-03-19 09:25:33,2022-03-19 10:33:19,2022-03-19 11:12:01,2022-03-19 11:12:01
7007513600,กท.79-5841,2022-03-19 09:29:19,2022-03-19 10:54:55,2022-03-19 11:35:12,2022-03-19 11:35:12
7007511821,ฉช.82-7443,2022-03-19 09:45:30,2022-03-19 10:56:35,2022-03-19 11:46:32,2022-03-19 11:46:32
7007513782,ชบ.84-7139,2022-03-19 09:46:17,2022-03-19 11:00:17,2022-03-19 11:48:52,2022-03-19 11:48:52
7007511831,กท.79-0144,2022-03-19 10:18:57,2022-03-19 11:12:01,2022-03-19 12:01:45,2022-03-19 12:01:45
7007513967,ชม.70-5300,2022-03-19 10:24:14,2022-03-19 11:35:12,2022-03-19 12:23:47,2022-03-19 12:23:47
7007511829,กท.79-5843,2022-03-19 10:42:44,2022-03-19 11:48:52,2022-03-19 12:33:11,2022-03-19 12:33:11
7007513157,กท.79-0644,2022-03-19 10:38:50,2022-03-19 11:46:32,2022-03-19 12:36:28,2022-03-19 12:36:28
7007513958,ลพ.70-0786,2022-03-19 10:50:22,2022-03-19 12:01:45,2022-03-19 12:51:29,2022-03-19 12:51:29
7007513991,ชบ.84-7975,2022-03-19 10:55:57,2022-03-19 12:23:47,2022-03-19 13:13:47,2022-03-19 13:13:47
7007513977,กท.79-3257,2022-03-19 11:08:42,2022-03-19 12:36:28,2022-03-19 13:21:51,2022-03-19 13:21:51
7007513994,ชม.70-5124,2022-03-19 11:08:19,2022-03-19 12:33:11,2022-03-19 13:22:41,2022-03-19 13:22:41
7007513012,กท.79-0642,2022-03-19 11:35:25,2022-03-19 12:51:29,2022-03-19 13:40:52,2022-03-19 13:40:52
7007511857,กท.79-1961,2022-03-19 11:43:17,2022-03-19 13:13:47,2022-03-19 14:01:57,2022-03-19 14:01:57
7007514028,กท.61-8797,2022-03-19 11:58:25,2022-03-19 13:21:51,2022-03-19 14:09:47,2022-03-19 14:09:47
7007511812,กท.78-6744,2022-03-19 12:09:17,2022-03-19 13:22:41,2022-03-19 14:12:32,2022-03-19 14:12:32
7007514042,กท.79-7691,2022-03-19 12:16:38,2022-03-19 13:40:52,2022-03-19 14:29:12,2022-03-19 14:29:12
7007514046,ชบ.82-4190,2022-03-19 12:16:39,2022-03-19 14:01:57,2022-03-19 14:46:24,2022-03-19 14:46:24
7007514061,จบ.80-3645,2022-03-19 12:37:43,2022-03-19 14:09:47,2022-03-19 14:57:38,2022-03-19 14:57:38
7007514051,ชม.70-5421,2022-03-19 12:48:26,2022-03-19 14:12:32,2022-03-19 15:00:48,2022-03-19 15:00:48
7007514076,กท.79-3259,2022-03-19 13:05:29,2022-03-19 14:29:12,2022-03-19 15:16:34,2022-03-19 15:16:34
7007514092,ชม.70-5301,2022-03-19 13:18:38,2022-03-19 14:46:24,2022-03-19 15:23:56,2022-03-19 15:23:56
7007511927,กท.77-9738,2022-03-19 13:20:54,2022-03-19 14:57:38,2022-03-19 15:44:39,2022-03-19 15:44:39
7007514111,กท.75-6899,2022-03-19 13:37:10,2022-03-19 15:00:48,2022-03-19 15:49:46,2022-03-19 15:49:46
7007514140,ลพ.70-0785,2022-03-19 14:04:19,2022-03-19 15:16:34,2022-03-19 16:06:13,2022-03-19 16:06:13
7007511856,กท.78-6742,2022-03-19 14:15:53,2022-03-19 15:23:56,2022-03-19 16:13:54,2022-03-19 16:13:54
7007511859,กท.74-9070,2022-03-19 14:26:58,2022-03-19 15:44:39,2022-03-19 16:34:17,2022-03-19 16:34:17
7007514222,กท.79-6703,2022-03-19 16:40:53,2022-03-19 16:40:53,2022-03-19 17:26:21,2022-03-19 17:26:21
7007512489,ฉช.82-8528,2022-03-20 00:12:24,2022-03-20 00:12:24,2022-03-20 01:01:07,2022-03-20 01:01:07
7007514401,ชม.70-4355,2022-03-20 00:37:49,2022-03-20 00:37:49,2022-03-20 01:17:15,2022-03-20 01:17:15
7007514403,ชม.70-4219,2022-03-20 00:43:31,2022-03-20 00:43:31,2022-03-20 01:29:20,2022-03-20 01:29:20
7007514402,สค.70-4073,2022-03-20 00:58:17,2022-03-20 00:58:17,2022-03-20 01:48:17,2022-03-20 01:48:17
7007514418,ฉช.82-8346,2022-03-20 01:04:26,2022-03-20 01:04:26,2022-03-20 01:51:30,2022-03-20 01:51:30
7007514417,ชม.70-5302,2022-03-20 01:20:43,2022-03-20 01:20:43,2022-03-20 02:10:11,2022-03-20 02:10:11
7007514420,ชม.70-5261,2022-03-20 01:24:20,2022-03-20 01:29:20,2022-03-20 02:17:37,2022-03-20 02:17:37
7007512051,ฉช.82-2839,2022-03-20 02:59:29,2022-03-20 02:59:29,2022-03-20 03:42:24,2022-03-20 03:42:24
7007512049,ฉช.82-7170,2022-03-20 03:14:01,2022-03-20 03:14:01,2022-03-20 04:02:37,2022-03-20 04:02:37
7007514454,ชม.70-5300,2022-03-20 03:27:54,2022-03-20 03:27:54,2022-03-20 04:17:00,2022-03-20 04:17:00
7007511865,กท.79-0841,2022-03-20 04:45:43,2022-03-20 04:45:43,2022-03-20 05:35:35,2022-03-20 05:35:35
7007511842,กท.78-1149,2022-03-20 06:37:16,2022-03-20 06:37:16,2022-03-20 07:16:18,2022-03-20 07:16:18
7007514525,สค.70-6123,2022-03-20 06:59:22,2022-03-20 06:59:22,2022-03-20 07:44:00,2022-03-20 07:44:00
7007511884,กท.79-5843,2022-03-20 07:01:03,2022-03-20 07:01:03,2022-03-20 07:49:31,2022-03-20 07:49:31
7007513026,กท.74-9067,2022-03-20 07:16:36,2022-03-20 07:16:36,2022-03-20 08:05:10,2022-03-20 08:05:10
7007511885,กท.79-5578,2022-03-20 07:30:46,2022-03-20 07:49:31,2022-03-20 08:32:18,2022-03-20 08:32:18
7007513119,กท.79-1830,2022-03-20 07:19:25,2022-03-20 07:44:00,2022-03-20 08:33:33,2022-03-20 08:33:33
7007511951,กท.79-0144,2022-03-20 07:39:06,2022-03-20 08:05:10,2022-03-20 08:53:30,2022-03-20 08:53:30
7007511970,กท.79-0643,2022-03-20 07:39:25,2022-03-20 08:32:18,2022-03-20 09:13:28,2022-03-20 09:13:28
7007511845,กท.79-0642,2022-03-20 07:58:40,2022-03-20 08:33:33,2022-03-20 09:20:52,2022-03-20 09:20:52
7007511878,กท.78-7993,2022-03-20 08:07:11,2022-03-20 08:53:30,2022-03-20 09:43:07,2022-03-20 09:43:07
7007514554,ชม.70-5299,2022-03-20 08:11:53,2022-03-20 08:59:47,2022-03-20 09:47:20,2022-03-20 09:47:20
7007511976,กท.78-6739,2022-03-20 08:23:52,2022-03-20 09:13:28,2022-03-20 09:59:34,2022-03-20 09:59:34
7007511860,กท.79-0841,2022-03-20 08:36:30,2022-03-20 09:20:52,2022-03-20 10:10:29,2022-03-20 10:10:29
7007511934,กท.79-5584,2022-03-20 08:36:43,2022-03-20 09:43:07,2022-03-20 10:24:34,2022-03-20 10:24:34
7007511933,กท.79-2716,2022-03-20 08:41:06,2022-03-20 09:47:20,2022-03-20 10:36:19,2022-03-20 10:36:19
7007511964,กท.79-0641,2022-03-20 08:50:10,2022-03-20 09:59:34,2022-03-20 10:44:48,2022-03-20 10:44:48
7007511953,กท.77-8134,2022-03-20 09:08:34,2022-03-20 10:10:29,2022-03-20 11:00:29,2022-03-20 11:00:29
7007511892,กท.79-0644,2022-03-20 09:18:10,2022-03-20 10:24:34,2022-03-20 11:04:42,2022-03-20 11:04:42
7007511973,กท.79-2717,2022-03-20 09:20:58,2022-03-20 10:36:19,2022-03-20 11:23:15,2022-03-20 11:23:15
7007514946,นม.70-6730,2022-03-20 09:35:00,2022-03-20 10:44:48,2022-03-20 11:32:22,2022-03-20 11:32:22
7007515014,ชม.70-5123,2022-03-20 09:51:45,2022-03-20 11:04:42,2022-03-20 11:38:15,2022-03-20 11:38:15
7007511925,ฉช.82-7443,2022-03-20 09:45:28,2022-03-20 11:00:29,2022-03-20 11:40:20,2022-03-20 11:40:20
7007515051,กท.77-7979,2022-03-20 10:03:32,2022-03-20 11:23:15,2022-03-20 12:08:39,2022-03-20 12:08:39
7007515112,กท.79-5842,2022-03-20 10:14:28,2022-03-20 11:32:22,2022-03-20 12:20:59,2022-03-20 12:20:59
7007515176,กท.79-5841,2022-03-20 10:20:12,2022-03-20 11:38:15,2022-03-20 12:21:22,2022-03-20 12:21:22
7007515744,รย.71-2637,2022-03-20 10:26:20,2022-03-20 11:40:20,2022-03-20 12:29:48,2022-03-20 12:29:48
7007516028,ชบ.85-3878,2022-03-20 10:30:11,2022-03-20 12:08:39,2022-03-20 12:51:00,2022-03-20 12:51:00
7007516222,ชบ.84-7139,2022-03-20 10:48:26,2022-03-20 12:21:22,2022-03-20 12:56:14,2022-03-20 12:56:14
7007516365,ลพ.70-0785,2022-03-20 10:42:38,2022-03-20 12:20:59,2022-03-20 13:03:22,2022-03-20 13:03:22
7007516533,กท.77-6494,2022-03-20 11:03:47,2022-03-20 12:29:48,2022-03-20 13:15:30,2022-03-20 13:15:30
7007516536,จบ.80-8222,2022-03-20 11:08:07,2022-03-20 12:51:00,2022-03-20 13:40:37,2022-03-20 13:40:37
7007515850,ชบ.84-7156,2022-03-20 11:16:10,2022-03-20 12:56:14,2022-03-20 13:42:32,2022-03-20 13:42:32
7007511850,กท.78-7993,2022-03-20 11:32:40,2022-03-20 13:03:22,2022-03-20 13:51:58,2022-03-20 13:51:58
7007511864,กท.74-9067,2022-03-20 11:40:08,2022-03-20 13:15:30,2022-03-20 14:03:20,2022-03-20 14:03:20
7007515136,กท.79-0643,2022-03-20 12:04:36,2022-03-20 13:42:32,2022-03-20 14:27:53,2022-03-20 14:27:53
7007511958,กท.79-0644,2022-03-20 11:49:10,2022-03-20 13:40:37,2022-03-20 14:30:35,2022-03-20 14:30:35
7007518150,กท.61-4380,2022-03-20 12:04:44,2022-03-20 13:51:58,2022-03-20 14:41:55,2022-03-20 14:41:55
7007518131,รย.71-2638,2022-03-20 12:11:47,2022-03-20 14:03:20,2022-03-20 14:51:25,2022-03-20 14:51:25
7007511941,กท.79-5578,2022-03-20 12:32:03,2022-03-20 14:27:53,2022-03-20 15:14:54,2022-03-20 15:14:54
7007518334,ฉช.81-3257,2022-03-20 12:44:21,2022-03-20 14:30:35,2022-03-20 15:20:01,2022-03-20 15:20:01
7007518913,สค.70-4074,2022-03-20 12:49:35,2022-03-20 14:41:55,2022-03-20 15:27:00,2022-03-20 15:27:00
7007511854,กท.78-6739,2022-03-20 12:57:33,2022-03-20 14:51:25,2022-03-20 15:36:24,2022-03-20 15:36:24
7007518939,ชบ.83-3599,2022-03-20 13:10:36,2022-03-20 15:14:54,2022-03-20 16:04:31,2022-03-20 16:04:31
7007518950,ชม.70-5301,2022-03-20 13:11:53,2022-03-20 15:20:01,2022-03-20 16:05:23,2022-03-20 16:05:23
7007511886,กท.77-8134,2022-03-20 13:19:54,2022-03-20 15:27:00,2022-03-20 16:16:49,2022-03-20 16:16:49
7007515751,กท.79-0642,2022-03-20 13:30:36,2022-03-20 15:36:24,2022-03-20 16:19:08,2022-03-20 16:19:08
7007519046,ชม.70-5300,2022-03-20 13:36:42,2022-03-20 16:04:31,2022-03-20 16:41:23,2022-03-20 16:41:23
7007518548,กท.79-0641,2022-03-20 13:46:51,2022-03-20 16:05:23,2022-03-20 16:51:14,2022-03-20 16:51:14
7007519160,กท.61-4720,2022-03-20 13:59:30,2022-03-20 16:19:08,2022-03-20 16:59:04,2022-03-20 16:59:04
7007511947,กท.79-1830,2022-03-20 13:57:13,2022-03-20 16:16:49,2022-03-20 17:01:48,2022-03-20 17:01:48
7007511975,ฉช.82-7443,2022-03-20 14:03:58,2022-03-20 16:41:23,2022-03-20 17:22:54,2022-03-20 17:22:54
7007519185,ชม.70-5261,2022-03-20 14:26:06,2022-03-20 16:51:14,2022-03-20 17:32:33,2022-03-20 17:32:33
7007517939,ฉช.81-4230,2022-03-20 14:36:10,2022-03-20 17:01:48,2022-03-20 17:46:58,2022-03-20 17:46:58
7007519187,ชบ.82-4190,2022-03-20 14:32:31,2022-03-20 16:59:04,2022-03-20 17:47:40,2022-03-20 17:47:40
7007511929,กท.79-0144,2022-03-20 14:48:15,2022-03-20 17:22:54,2022-03-20 18:06:20,2022-03-20 18:06:20
7007515761,กท.77-9738,2022-03-20 14:52:36,2022-03-20 17:32:33,2022-03-20 18:18:13,2022-03-20 18:18:13
7007511883,กท.78-6742,2022-03-20 15:09:48,2022-03-20 17:46:58,2022-03-20 18:29:16,2022-03-20 18:29:16
7007519299,กท.79-3259,2022-03-20 15:10:17,2022-03-20 17:47:40,2022-03-20 18:35:53,2022-03-20 18:35:53
7007520430,กท.75-9797,2022-03-20 15:10:26,2022-03-20 18:06:20,2022-03-20 18:45:25,2022-03-20 18:45:25
7007511942,กท.78-1149,2022-03-20 15:20:50,2022-03-20 18:18:13,2022-03-20 19:06:48,2022-03-20 19:06:48
7007511949,กท.79-0643,2022-03-20 15:38:51,2022-03-20 18:29:16,2022-03-20 19:11:02,2022-03-20 19:11:02
7007519386,กท.79-1961,2022-03-20 15:56:58,2022-03-20 18:35:53,2022-03-20 19:25:52,2022-03-20 19:25:52
7007511963,กท.79-5843,2022-03-20 16:06:40,2022-03-20 18:45:25,2022-03-20 19:34:48,2022-03-20 19:34:48
7007521718,ชม.70-5421,2022-03-20 16:18:10,2022-03-20 19:06:48,2022-03-20 19:56:30,2022-03-20 19:56:30
7007511935,กท.79-5584,2022-03-20 16:35:55,2022-03-20 19:11:02,2022-03-20 20:00:55,2022-03-20 20:00:55
7007522669,ชบ.85-0496,2022-03-20 16:41:55,2022-03-20 19:25:52,2022-03-20 20:09:37,2022-03-20 20:09:37
7007523538,ชม.70-4355,2022-03-20 16:44:25,2022-03-20 19:34:48,2022-03-20 20:24:10,2022-03-20 20:24:10
7007523570,รย.81-6767,2022-03-20 16:50:48,2022-03-20 19:56:30,2022-03-20 20:43:29,2022-03-20 20:43:29
7007519026,กท.77-8133,2022-03-20 17:06:02,2022-03-20 20:00:55,2022-03-20 20:50:36,2022-03-20 20:50:36
7007523454,กท.77-6494,2022-03-20 17:11:33,2022-03-20 20:09:37,2022-03-20 20:59:34,2022-03-20 20:59:34
7007515772,กท.79-0644,2022-03-20 17:20:09,2022-03-20 20:24:10,2022-03-20 21:14:09,2022-03-20 21:14:09
7007511962,กท.78-6739,2022-03-20 17:26:39,2022-03-20 20:43:29,2022-03-20 21:18:03,2022-03-20 21:18:03
7007523761,ตร.80-2192,2022-03-20 17:40:34,2022-03-20 20:50:36,2022-03-20 21:38:17,2022-03-20 21:38:17
7007511974,กท.74-9070,2022-03-20 17:40:35,2022-03-20 20:59:34,2022-03-20 21:38:30,2022-03-20 21:38:30
7007511867,กท.77-9738,2022-03-20 17:47:20,2022-03-20 21:14:09,2022-03-20 21:52:46,2022-03-20 21:52:46
7007518034,กท.78-6742,2022-03-20 18:06:20,2022-03-20 21:18:03,2022-03-20 22:07:06,2022-03-20 22:07:06
7007511858,ฉช.82-7443,2022-03-20 18:11:26,2022-03-20 21:38:17,2022-03-20 22:28:13,2022-03-20 22:28:13
7007511861,กท.79-1961,2022-03-20 18:21:50,2022-03-20 21:38:30,2022-03-20 22:28:29,2022-03-20 22:28:29
7007518070,กท.78-7993,2022-03-20 18:42:08,2022-03-20 21:52:46,2022-03-20 22:42:07,2022-03-20 22:42:07
7007517997,กท.79-1830,2022-03-20 19:02:35,2022-03-20 22:07:06,2022-03-20 22:55:55,2022-03-20 22:55:55
7007521035,กท.79-5843,2022-03-20 19:10:40,2022-03-20 22:28:13,2022-03-20 23:17:47,2022-03-20 23:17:47
7007518075,กท.79-0841,2022-03-20 19:14:00,2022-03-20 22:28:29,2022-03-20 23:18:18,2022-03-20 23:18:18
7007517778,กท.79-0643,2022-03-20 19:30:53,2022-03-20 22:42:07,2022-03-20 23:30:31,2022-03-20 23:30:31
7007517962,กท.74-9067,2022-03-20 20:29:23,2022-03-20 22:55:55,2022-03-20 23:37:50,2022-03-20 23:37:50
7007525448,สค.70-4073,2022-03-21 00:44:34,2022-03-21 00:44:34,2022-03-21 01:28:54,2022-03-21 01:28:54
7007525450,ชม.70-4219,2022-03-21 00:44:54,2022-03-21 00:44:54,2022-03-21 01:34:28,2022-03-21 01:34:28
7007525493,สค.70-6125,2022-03-21 01:20:48,2022-03-21 01:20:48,2022-03-21 02:00:17,2022-03-21 02:00:17
7007525494,ชม.70-5301,2022-03-21 01:30:14,2022-03-21 01:30:14,2022-03-21 02:18:48,2022-03-21 02:18:48
7007525534,กท.79-3257,2022-03-21 02:31:25,2022-03-21 02:31:25,2022-03-21 03:21:22,2022-03-21 03:21:22
7007521059,ฉช.82-0002,2022-03-21 03:33:06,2022-03-21 03:33:06,2022-03-21 04:18:44,2022-03-21 04:18:44
7007517965,ฉช.82-4812,2022-03-21 03:51:30,2022-03-21 03:51:30,2022-03-21 04:41:19,2022-03-21 04:41:19
7007525564,ชม.70-5194,2022-03-21 04:05:23,2022-03-21 04:05:23,2022-03-21 04:43:17,2022-03-21 04:43:17
7007525576,ลพ.70-0785,2022-03-21 04:19:48,2022-03-21 04:19:48,2022-03-21 05:07:52,2022-03-21 05:07:52
7007525643,ลพ.70-0786,2022-03-21 04:54:06,2022-03-21 04:54:06,2022-03-21 05:44:05,2022-03-21 05:44:05
7007517867,กท.79-0644,2022-03-21 05:27:40,2022-03-21 05:27:40,2022-03-21 06:04:45,2022-03-21 06:04:45
7007518046,กท.79-5584,2022-03-21 06:38:29,2022-03-21 06:38:29,2022-03-21 07:12:48,2022-03-21 07:12:48
7007517813,กท.78-1149,2022-03-21 06:33:36,2022-03-21 06:33:36,2022-03-21 07:18:42,2022-03-21 07:18:42
7007517981,กท.74-9070,2022-03-21 06:54:45,2022-03-21 06:54:45,2022-03-21 07:28:30,2022-03-21 07:28:30
7007521065,ฉช.82-3201,2022-03-21 06:55:26,2022-03-21 06:55:26,2022-03-21 07:43:31,2022-03-21 07:43:31
7007525692,สค.70-6123,2022-03-21 07:03:16,2022-03-21 07:12:48,2022-03-21 07:52:14,2022-03-21 07:52:14
7007518051,กท.77-8133,2022-03-21 07:11:57,2022-03-21 07:18:42,2022-03-21 08:08:29,2022-03-21 08:08:29
7007517853,กท.79-5578,2022-03-21 07:21:52,2022-03-21 07:28:30,2022-03-21 08:14:10,2022-03-21 08:14:10
7007517890,กท.79-0642,2022-03-21 07:38:17,2022-03-21 07:43:31,2022-03-21 08:33:23,2022-03-21 08:33:23
7007517886,ฉช.82-7443,2022-03-21 07:38:51,2022-03-21 07:52:14,2022-03-21 08:34:18,2022-03-21 08:34:18
7007525734,ชม.70-5299,2022-03-21 07:47:31,2022-03-21 08:08:29,2022-03-21 08:52:47,2022-03-21 08:52:47
7007517908,กท.77-9738,2022-03-21 07:49:17,2022-03-21 08:14:10,2022-03-21 09:03:57,2022-03-21 09:03:57
7007525746,กท.79-7691,2022-03-21 08:03:47,2022-03-21 08:33:23,2022-03-21 09:08:43,2022-03-21 09:08:43
7007518038,กท.79-5579,2022-03-21 08:23:34,2022-03-21 08:34:18,2022-03-21 09:24:17,2022-03-21 09:24:17
7007518011,กท.79-1961,2022-03-21 08:32:04,2022-03-21 08:52:47,2022-03-21 09:38:35,2022-03-21 09:38:35
7007517945,กท.78-6739,2022-03-21 08:43:00,2022-03-21 09:08:43,2022-03-21 09:49:15,2022-03-21 09:49:15
7007517749,กท.79-0144,2022-03-21 08:38:20,2022-03-21 09:03:57,2022-03-21 09:52:05,2022-03-21 09:52:05
7007517759,กท.79-0641,2022-03-21 08:47:07,2022-03-21 09:24:17,2022-03-21 10:12:45,2022-03-21 10:12:45
7007521026,กท.78-6744,2022-03-21 08:51:33,2022-03-21 09:38:35,2022-03-21 10:28:32,2022-03-21 10:28:32
7007518005,กท.79-2717,2022-03-21 09:00:34,2022-03-21 09:49:15,2022-03-21 10:38:29,2022-03-21 10:38:29
7007517862,กท.77-8134,2022-03-21 09:08:53,2022-03-21 09:52:05,2022-03-21 10:39:30,2022-03-21 10:39:30
7007526114,กท.75-6899,2022-03-21 09:15:51,2022-03-21 10:12:45,2022-03-21 10:54:53,2022-03-21 10:54:53
7007517955,กท.79-0644,2022-03-21 09:24:21,2022-03-21 10:28:32,2022-03-21 11:15:05,2022-03-21 11:15:05
7007526144,กท.79-5842,2022-03-21 09:30:42,2022-03-21 10:38:29,2022-03-21 11:25:35,2022-03-21 11:25:35
7007526018,รย.82-0448,2022-03-21 09:35:02,2022-03-21 10:39:30,2022-03-21 11:27:59,2022-03-21 11:27:59
7007526151,กท.79-3258,2022-03-21 09:39:45,2022-03-21 10:54:53,2022-03-21 11:44:22,2022-03-21 11:44:22
7007526595,กท.75-2786,2022-03-21 09:48:16,2022-03-21 11:15:05,2022-03-21 12:05:02,2022-03-21 12:05:02
7007517989,กท.79-0642,2022-03-21 10:08:36,2022-03-21 11:27:59,2022-03-21 12:09:20,2022-03-21 12:09:20
7007526946,ชบ.85-3878,2022-03-21 10:03:34,2022-03-21 11:25:35,2022-03-21 12:14:22,2022-03-21 12:14:22
7007527377,จบ.80-8222,2022-03-21 10:17:06,2022-03-21 11:44:22,2022-03-21 12:31:22,2022-03-21 12:31:22
7007517968,กท.79-0641,2022-03-21 10:52:40,2022-03-21 12:05:02,2022-03-21 12:42:54,2022-03-21 12:42:54
7007528373,นม.70-6589,2022-03-21 11:08:17,2022-03-21 12:14:22,2022-03-21 12:57:23,2022-03-21 12:57:23
7007517878,กท.77-8134,2022-03-21 11:00:46,2022-03-21 12:09:20,2022-03-21 12:59:13,2022-03-21 12:59:13
7007528726,ชม.70-5302,2022-03-21 11:15:09,2022-03-21 12:31:22,2022-03-21 13:20:45,2022-03-21 13:20:45
7007529145,ชม.70-5122,2022-03-21 11:31:52,2022-03-21 12:42:54,2022-03-21 13:26:55,2022-03-21 13:26:55
7007529215,กท.75-6899,2022-03-21 11:42:07,2022-03-21 12:57:23,2022-03-21 13:45:41,2022-03-21 13:45:41
7007517985,กท.77-9738,2022-03-21 11:44:17,2022-03-21 12:59:13,2022-03-21 13:47:02,2022-03-21 13:47:02
7007529299,กท.79-6697,2022-03-21 11:50:24,2022-03-21 13:20:45,2022-03-21 14:09:27,2022-03-21 14:09:27
7007517899,กท.74-9070,2022-03-21 11:59:29,2022-03-21 13:26:55,2022-03-21 14:16:47,2022-03-21 14:16:47
7007530277,กท.79-3259,2022-03-21 12:40:03,2022-03-21 13:47:02,2022-03-21 14:35:26,2022-03-21 14:35:26
7007522560,กท.78-6742,2022-03-21 12:05:37,2022-03-21 13:45:41,2022-03-21 14:35:37,2022-03-21 14:35:37
7007530283,กท.77-6494,2022-03-21 12:45:14,2022-03-21 14:09:27,2022-03-21 14:59:13,2022-03-21 14:59:13
7007530394,ชม.70-5261,2022-03-21 12:51:34,2022-03-21 14:16:47,2022-03-21 15:06:18,2022-03-21 15:06:18
7007529536,ฉช.82-4812,2022-03-21 13:04:08,2022-03-21 14:35:37,2022-03-21 15:25:16,2022-03-21 15:25:16
7007517993,กท.79-5584,2022-03-21 13:01:55,2022-03-21 14:35:26,2022-03-21 15:25:26,2022-03-21 15:25:26
7007517827,กท.78-6744,2022-03-21 13:18:05,2022-03-21 14:59:13,2022-03-21 15:49:13,2022-03-21 15:49:13
7007531032,จบ.80-3645,2022-03-21 13:21:34,2022-03-21 15:06:18,2022-03-21 15:56:02,2022-03-21 15:56:02
7007524231,กท.78-1149,2022-03-21 13:35:11,2022-03-21 15:25:26,2022-03-21 16:09:39,2022-03-21 16:09:39
7007531181,กท.79-8994,2022-03-21 13:31:46,2022-03-21 15:25:16,2022-03-21 16:15:03,2022-03-21 16:15:03
7007517766,กท.79-1830,2022-03-21 13:41:44,2022-03-21 15:49:13,2022-03-21 16:39:04,2022-03-21 16:39:04
7007517820,กท.77-8133,2022-03-21 13:49:09,2022-03-21 15:56:02,2022-03-21 16:44:02,2022-03-21 16:44:02
7007531511,ชบ.84-7975,2022-03-21 13:58:28,2022-03-21 16:09:39,2022-03-21 16:58:52,2022-03-21 16:58:52
7007522064,กท.79-0643,2022-03-21 14:03:56,2022-03-21 16:15:03,2022-03-21 17:04:32,2022-03-21 17:04:32
7007528305,กท.78-6739,2022-03-21 14:14:49,2022-03-21 16:39:04,2022-03-21 17:13:05,2022-03-21 17:13:05
7007531649,กท.79-7691,2022-03-21 14:26:35,2022-03-21 16:44:02,2022-03-21 17:29:29,2022-03-21 17:29:29
7007531636,ชม.70-5300,2022-03-21 14:27:11,2022-03-21 16:58:52,2022-03-21 17:48:08,2022-03-21 17:48:08
7007531681,ชม.70-4219,2022-03-21 14:45:35,2022-03-21 17:04:32,2022-03-21 17:52:16,2022-03-21 17:52:16
7007517841,กท.79-2717,2022-03-21 14:50:17,2022-03-21 17:13:05,2022-03-21 17:58:08,2022-03-21 17:58:08
7007531605,กท.79-5841,2022-03-21 14:56:13,2022-03-21 17:29:29,2022-03-21 18:19:03,2022-03-21 18:19:03
7007531376,กท.79-0642,2022-03-21 15:16:12,2022-03-21 17:58:08,2022-03-21 18:35:25,2022-03-21 18:35:25
7007517833,กท.79-5579,2022-03-21 14:59:57,2022-03-21 17:48:08,2022-03-21 18:35:41,2022-03-21 18:35:41
7007518041,กท.79-1961,2022-03-21 15:06:50,2022-03-21 17:52:16,2022-03-21 18:40:35,2022-03-21 18:40:35
7007532371,ชม.70-5301,2022-03-21 15:27:56,2022-03-21 18:19:03,2022-03-21 19:09:00,2022-03-21 19:09:00
7007532749,ชบ.85-3878,2022-03-21 15:29:42,2022-03-21 18:35:25,2022-03-21 19:17:38,2022-03-21 19:17:38
7007532685,นม.70-6730,2022-03-21 15:39:30,2022-03-21 18:35:41,2022-03-21 19:25:01,2022-03-21 19:25:01
7007518084,กท.79-5843,2022-03-21 15:46:30,2022-03-21 18:40:35,2022-03-21 19:30:32,2022-03-21 19:30:32
7007523002,กท.78-7993,2022-03-21 15:54:49,2022-03-21 19:09:00,2022-03-21 19:57:43,2022-03-21 19:57:43
7007533025,ฉช.81-3257,2022-03-21 16:02:35,2022-03-21 19:17:38,2022-03-21 20:07:27,2022-03-21 20:07:27
7007531565,กท.60-4208,2022-03-21 16:13:42,2022-03-21 19:30:32,2022-03-21 20:09:49,2022-03-21 20:09:49
7007528313,ฉช.82-7443,2022-03-21 16:11:39,2022-03-21 19:25:01,2022-03-21 20:10:49,2022-03-21 20:10:49
7007533252,ชม.70-4355,2022-03-21 16:23:12,2022-03-21 19:57:43,2022-03-21 20:44:41,2022-03-21 20:44:41
7007531670,ฉช.81-4230,2022-03-21 16:47:07,2022-03-21 20:10:49,2022-03-21 20:47:49,2022-03-21 20:47:49
7007528322,กท.79-0144,2022-03-21 16:36:50,2022-03-21 20:07:27,2022-03-21 20:56:44,2022-03-21 20:56:44
7007517951,กท.79-0841,2022-03-21 16:46:57,2022-03-21 20:09:49,2022-03-21 20:58:10,2022-03-21 20:58:10
7007534088,นม.70-6589,2022-03-21 16:54:09,2022-03-21 20:44:41,2022-03-21 21:34:01,2022-03-21 21:34:01
7007533946,กท.78-4444,2022-03-21 17:12:15,2022-03-21 20:47:49,2022-03-21 21:37:14,2022-03-21 21:37:14
7007534306,ชม.70-5299,2022-03-21 17:24:55,2022-03-21 20:58:10,2022-03-21 21:38:57,2022-03-21 21:38:57
7007518056,กท.78-6742,2022-03-21 17:14:54,2022-03-21 20:56:44,2022-03-21 21:43:39,2022-03-21 21:43:39
7007534715,กท.78-5932,2022-03-21 17:46:16,2022-03-21 21:38:57,2022-03-21 22:19:21,2022-03-21 22:19:21
7007534684,ชม.70-5421,2022-03-21 17:30:00,2022-03-21 21:34:01,2022-03-21 22:21:18,2022-03-21 22:21:18
7007531579,กท.79-5584,2022-03-21 18:00:37,2022-03-21 21:43:39,2022-03-21 22:24:20,2022-03-21 22:24:20
7007518062,กท.79-5578,2022-03-21 17:46:11,2022-03-21 21:37:14,2022-03-21 22:27:02,2022-03-21 22:27:02
7007531571,กท.79-5843,2022-03-21 18:03:10,2022-03-21 22:19:21,2022-03-21 22:59:22,2022-03-21 22:59:22
7007531524,กท.79-1830,2022-03-21 19:00:05,2022-03-21 22:27:02,2022-03-21 23:10:03,2022-03-21 23:10:03
7007518026,กท.79-0643,2022-03-21 18:31:11,2022-03-21 22:21:18,2022-03-21 23:10:35,2022-03-21 23:10:35
7007531567,กท.79-5579,2022-03-21 18:46:44,2022-03-21 22:24:20,2022-03-21 23:10:56,2022-03-21 23:10:56
7007531509,กท.78-1149,2022-03-21 19:07:38,2022-03-21 22:59:22,2022-03-21 23:48:35,2022-03-21 23:48:35
7007535398,ชม.70-5300,2022-03-22 00:34:08,2022-03-22 00:34:08,2022-03-22 01:24:02,2022-03-22 01:24:02
7007535402,ลพ.70-0786,2022-03-22 00:51:11,2022-03-22 00:51:11,2022-03-22 01:40:29,2022-03-22 01:40:29
7007535401,ลพ.70-0785,2022-03-22 00:54:23,2022-03-22 00:54:23,2022-03-22 01:44:17,2022-03-22 01:44:17
7007535403,สค.70-2507,2022-03-22 01:00:47,2022-03-22 01:00:47,2022-03-22 01:50:45,2022-03-22 01:50:45
7007535404,ชม.70-5261,2022-03-22 01:09:07,2022-03-22 01:24:02,2022-03-22 02:14:02,2022-03-22 02:14:02
7007535428,รย.71-2638,2022-03-22 01:30:54,2022-03-22 01:40:29,2022-03-22 02:22:26,2022-03-22 02:22:26
7007535454,ชม.70-5302,2022-03-22 02:21:45,2022-03-22 02:21:45,2022-03-22 03:11:34,2022-03-22 03:11:34
7007531677,ฉช.82-2839,2022-03-22 02:34:32,2022-03-22 02:34:32,2022-03-22 03:23:32,2022-03-22 03:23:32
7007531672,ฉช.82-7170,2022-03-22 03:12:59,2022-03-22 03:12:59,2022-03-22 04:02:46,2022-03-22 04:02:46
7007531673,ฉช.82-8528,2022-03-22 03:28:15,2022-03-22 03:28:15,2022-03-22 04:07:25,2022-03-22 04:07:25
7007535476,สค.70-4074,2022-03-22 03:22:05,2022-03-22 03:22:05,2022-03-22 04:11:08,2022-03-22 04:11:08
7007535486,ชบ.82-4190,2022-03-22 04:00:54,2022-03-22 04:00:54,2022-03-22 04:34:27,2022-03-22 04:34:27
7007531534,กท.78-6742,2022-03-22 04:42:45,2022-03-22 04:42:45,2022-03-22 05:23:22,2022-03-22 05:23:22
7007535531,กท.61-8383,2022-03-22 06:28:09,2022-03-22 06:28:09,2022-03-22 07:15:18,2022-03-22 07:15:18
7007531539,กท.79-0144,2022-03-22 06:48:30,2022-03-22 06:48:30,2022-03-22 07:21:32,2022-03-22 07:21:32
7007531526,กท.78-6742,2022-03-22 06:41:38,2022-03-22 06:41:38,2022-03-22 07:31:30,2022-03-22 07:31:30
7007535529,สค.70-6125,2022-03-22 07:01:57,2022-03-22 07:01:57,2022-03-22 07:40:39,2022-03-22 07:40:39
7007531959,กท.79-5578,2022-03-22 07:10:44,2022-03-22 07:15:18,2022-03-22 08:05:18,2022-03-22 08:05:18
7007531541,กท.79-0642,2022-03-22 07:18:28,2022-03-22 07:21:32,2022-03-22 08:10:17,2022-03-22 08:10:17
7007531514,กท.74-9070,2022-03-22 07:18:35,2022-03-22 07:31:30,2022-03-22 08:21:20,2022-03-22 08:21:20
7007531554,ฉช.82-7443,2022-03-22 07:30:27,2022-03-22 07:40:39,2022-03-22 08:30:24,2022-03-22 08:30:24
7007531515,กท.74-9067,2022-03-22 07:39:30,2022-03-22 08:05:18,2022-03-22 08:51:35,2022-03-22 08:51:35
7007531542,กท.79-2717,2022-03-22 07:53:20,2022-03-22 08:10:17,2022-03-22 08:54:47,2022-03-22 08:54:47
7007535574,ชม.70-6510,2022-03-22 07:53:46,2022-03-22 08:21:20,2022-03-22 09:10:55,2022-03-22 09:10:55
7007531512,กท.79-0841,2022-03-22 08:05:10,2022-03-22 08:30:24,2022-03-22 09:20:13,2022-03-22 09:20:13
7007531506,กท.78-7993,2022-03-22 08:08:55,2022-03-22 08:51:35,2022-03-22 09:41:35,2022-03-22 09:41:35
7007534752,กท.79-2716,2022-03-22 08:13:01,2022-03-22 08:54:47,2022-03-22 09:44:27,2022-03-22 09:44:27
7007531530,กท.77-8133,2022-03-22 08:24:39,2022-03-22 09:10:55,2022-03-22 10:00:10,2022-03-22 10:00:10
7007531508,กท.79-0643,2022-03-22 08:35:54,2022-03-22 09:20:13,2022-03-22 10:09:30,2022-03-22 10:09:30
7007531558,กท.77-9738,2022-03-22 08:41:45,2022-03-22 09:41:35,2022-03-22 10:27:23,2022-03-22 10:27:23
7007531503,กท.79-0641,2022-03-22 08:54:06,2022-03-22 09:44:27,2022-03-22 10:28:43,2022-03-22 10:28:43
7007531505,กท.77-8134,2022-03-22 09:19:21,2022-03-22 10:09:30,2022-03-22 10:46:06,2022-03-22 10:46:06
7007531548,กท.79-1961,2022-03-22 08:54:24,2022-03-22 10:00:10,2022-03-22 10:50:08,2022-03-22 10:50:08
7007531536,กท.79-0644,2022-03-22 09:32:45,2022-03-22 10:28:43,2022-03-22 11:00:23,2022-03-22 11:00:23
7007535844,กท.79-3259,2022-03-22 09:22:17,2022-03-22 10:27:23,2022-03-22 11:17:18,2022-03-22 11:17:18
7007531519,กท.78-6744,2022-03-22 09:38:56,2022-03-22 10:46:06,2022-03-22 11:21:39,2022-03-22 11:21:39
7007535839,กท.79-5842,2022-03-22 09:39:50,2022-03-22 10:50:08,2022-03-22 11:39:02,2022-03-22 11:39:02
7007535819,กท.79-3257,2022-03-22 09:48:05,2022-03-22 11:00:23,2022-03-22 11:48:10,2022-03-22 11:48:10
7007535941,กท.79-5841,2022-03-22 09:59:26,2022-03-22 11:17:18,2022-03-22 12:06:29,2022-03-22 12:06:29
7007536141,กท.79-8995,2022-03-22 10:03:36,2022-03-22 11:21:39,2022-03-22 12:07:33,2022-03-22 12:07:33
7007531674,ฉช.82-2839,2022-03-22 10:17:41,2022-03-22 11:39:02,2022-03-22 12:27:58,2022-03-22 12:27:58
7007531537,กท.74-9070,2022-03-22 10:28:19,2022-03-22 11:48:10,2022-03-22 12:38:10,2022-03-22 12:38:10
7007536367,ชบ.84-7139,2022-03-22 10:42:22,2022-03-22 12:06:29,2022-03-22 12:45:47,2022-03-22 12:45:47
7007536605,กท.75-6899,2022-03-22 10:44:53,2022-03-22 12:07:33,2022-03-22 12:57:02,2022-03-22 12:57:02
7007536479,ชบ.84-7237,2022-03-22 10:53:29,2022-03-22 12:27:58,2022-03-22 13:14:48,2022-03-22 13:14:48
7007536700,กท.75-9797,2022-03-22 11:02:09,2022-03-22 12:38:10,2022-03-22 13:28:09,2022-03-22 13:28:09
7007537062,กท.79-6697,2022-03-22 11:06:20,2022-03-22 12:45:47,2022-03-22 13:33:01,2022-03-22 13:33:01
7007533183,กท.79-5578,2022-03-22 11:13:00,2022-03-22 12:57:02,2022-03-22 13:47:00,2022-03-22 13:47:00
7007531533,กท.79-2717,2022-03-22 11:21:52,2022-03-22 13:14:48,2022-03-22 13:57:57,2022-03-22 13:57:57
7007531553,กท.79-0841,2022-03-22 11:35:46,2022-03-22 13:33:01,2022-03-22 14:13:19,2022-03-22 14:13:19
7007531518,กท.79-0642,2022-03-22 11:33:41,2022-03-22 13:28:09,2022-03-22 14:18:04,2022-03-22 14:18:04
7007531583,กท.79-2716,2022-03-22 11:40:28,2022-03-22 13:47:00,2022-03-22 14:23:50,2022-03-22 14:23:50
7007538526,ฉช.82-8528,2022-03-22 11:50:44,2022-03-22 13:57:57,2022-03-22 14:33:45,2022-03-22 14:33:45
7007534281,กท.78-1149,2022-03-22 11:59:53,2022-03-22 14:13:19,2022-03-22 15:00:27,2022-03-22 15:00:27
7007538704,ชม.70-5421,2022-03-22 12:11:49,2022-03-22 14:18:04,2022-03-22 15:08:04,2022-03-22 15:08:04
7007537019,กท.78-7993,2022-03-22 12:28:53,2022-03-22 14:23:50,2022-03-22 15:12:00,2022-03-22 15:12:00
7007537043,กท.79-0641,2022-03-22 12:42:46,2022-03-22 14:33:45,2022-03-22 15:22:19,2022-03-22 15:22:19
7007538713,ชม.70-5124,2022-03-22 12:44:00,2022-03-22 15:00:27,2022-03-22 15:44:18,2022-03-22 15:44:18
7007531574,กท.79-0644,2022-03-22 12:59:34,2022-03-22 15:08:04,2022-03-22 15:45:58,2022-03-22 15:45:58
7007539038,จบ.80-8222,2022-03-22 13:12:34,2022-03-22 15:12:00,2022-03-22 15:58:27,2022-03-22 15:58:27
7007531510,กท.78-6744,2022-03-22 13:20:20,2022-03-22 15:22:19,2022-03-22 16:03:03,2022-03-22 16:03:03
7007539028,ชม.70-4219,2022-03-22 13:32:56,2022-03-22 15:44:18,2022-03-22 16:33:53,2022-03-22 16:33:53
7007531504,ฉช.82-7443,2022-03-22 13:34:43,2022-03-22 15:45:58,2022-03-22 16:35:19,2022-03-22 16:35:19
7007531522,กท.79-0841,2022-03-22 13:37:24,2022-03-22 15:58:27,2022-03-22 16:47:01,2022-03-22 16:47:01
7007539079,ชม.70-4355,2022-03-22 13:49:06,2022-03-22 16:03:03,2022-03-22 16:52:21,2022-03-22 16:52:21
7007539185,กท.61-8383,2022-03-22 13:51:16,2022-03-22 16:33:53,2022-03-22 17:23:11,2022-03-22 17:23:11
7007538978,กท.74-9067,2022-03-22 13:59:31,2022-03-22 16:35:19,2022-03-22 17:24:55,2022-03-22 17:24:55
7007539347,ชม.70-5299,2022-03-22 14:07:46,2022-03-22 16:47:01,2022-03-22 17:36:43,2022-03-22 17:36:43
7007534750,กท.79-5579,2022-03-22 14:15:02,2022-03-22 16:52:21,2022-03-22 17:42:09,2022-03-22 17:42:09
7007537048,กท.79-5584,2022-03-22 14:37:26,2022-03-22 17:24:55,2022-03-22 17:56:33,2022-03-22 17:56:33
7007537035,กท.79-0643,2022-03-22 14:25:35,2022-03-22 17:23:11,2022-03-22 18:12:46,2022-03-22 18:12:46
7007539443,ชม.70-5300,2022-03-22 14:41:15,2022-03-22 17:36:43,2022-03-22 18:21:40,2022-03-22 18:21:40
7007539534,รย.81-1375,2022-03-22 15:02:21,2022-03-22 17:42:09,2022-03-22 18:31:55,2022-03-22 18:31:55
7007539640,รย.81-6767,2022-03-22 15:12:41,2022-03-22 17:56:33,2022-03-22 18:39:46,2022-03-22 18:39:46
7007539666,กท.79-3258,2022-03-22 15:14:50,2022-03-22 18:12:46,2022-03-22 19:01:07,2022-03-22 19:01:07
7007538833,ฉช.81-4230,2022-03-22 15:22:07,2022-03-22 18:21:40,2022-03-22 19:09:51,2022-03-22 19:09:51
7007539904,กท.72-3498,2022-03-22 15:35:34,2022-03-22 18:31:55,2022-03-22 19:20:07,2022-03-22 19:20:07
7007531580,กท.79-5843,2022-03-22 15:37:11,2022-03-22 18:39:46,2022-03-22 19:29:45,2022-03-22 19:29:45
7007540035,สค.70-6123,2022-03-22 15:54:21,2022-03-22 19:01:07,2022-03-22 19:49:05,2022-03-22 19:49:05
7007538334,กท.79-1830,2022-03-22 15:56:53,2022-03-22 19:09:51,2022-03-22 19:59:50,2022-03-22 19:59:50
7007540421,นม.70-6589,2022-03-22 16:06:05,2022-03-22 19:20:07,2022-03-22 20:08:36,2022-03-22 20:08:36
7007531528,กท.77-8134,2022-03-22 16:06:59,2022-03-22 19:29:45,2022-03-22 20:14:25,2022-03-22 20:14:25
7007537041,กท.77-8133,2022-03-22 16:15:50,2022-03-22 19:49:05,2022-03-22 20:37:43,2022-03-22 20:37:43
7007541285,ชม.70-5122,2022-03-22 16:30:12,2022-03-22 19:59:50,2022-03-22 20:43:08,2022-03-22 20:43:08
7007537039,กท.79-0144,2022-03-22 16:31:18,2022-03-22 20:08:36,2022-03-22 20:47:34,2022-03-22 20:47:34
7007541592,กท.61-4380,2022-03-22 16:44:32,2022-03-22 20:14:25,2022-03-22 21:01:42,2022-03-22 21:01:42
7007539381,กท.79-0644,2022-03-22 16:53:52,2022-03-22 20:37:43,2022-03-22 21:26:50,2022-03-22 21:26:50
7007539409,กท.79-5579,2022-03-22 17:32:02,2022-03-22 20:43:08,2022-03-22 21:30:56,2022-03-22 21:30:56
7007539406,กท.79-0641,2022-03-22 17:41:49,2022-03-22 20:47:34,2022-03-22 21:36:18,2022-03-22 21:36:18
7007538314,กท.79-1961,2022-03-22 17:58:14,2022-03-22 21:01:42,2022-03-22 21:47:14,2022-03-22 21:47:14
7007539418,กท.79-5584,2022-03-22 18:17:07,2022-03-22 21:26:50,2022-03-22 22:13:50,2022-03-22 22:13:50
7007539597,กท.79-0642,2022-03-22 18:32:59,2022-03-22 21:30:56,2022-03-22 22:20:10,2022-03-22 22:20:10
7007542992,สค.70-4073,2022-03-23 00:39:44,2022-03-23 00:39:44,2022-03-23 01:23:11,2022-03-23 01:23:11
7007542996,ชม.70-5301,2022-03-23 00:40:16,2022-03-23 00:40:16,2022-03-23 01:30:16,2022-03-23 01:30:16
7007542995,ลพ.70-0785,2022-03-23 00:49:44,2022-03-23 00:49:44,2022-03-23 01:33:51,2022-03-23 01:33:51
7007542994,ลพ.70-0786,2022-03-23 01:00:43,2022-03-23 01:00:43,2022-03-23 01:44:50,2022-03-23 01:44:50
7007539656,ฉช.82-8346,2022-03-23 01:39:28,2022-03-23 01:39:28,2022-03-23 02:29:28,2022-03-23 02:29:28
7007539498,กท.79-0644,2022-03-23 02:20:56,2022-03-23 02:20:56,2022-03-23 03:10:38,2022-03-23 03:10:38
7007543058,ชม.70-5261,2022-03-23 02:35:58,2022-03-23 02:35:58,2022-03-23 03:25:57,2022-03-23 03:25:57
7007543048,กท.79-3257,2022-03-23 02:38:45,2022-03-23 02:38:45,2022-03-23 03:28:38,2022-03-23 03:28:38
7007539653,ฉช.82-7170,2022-03-23 02:50:04,2022-03-23 02:50:04,2022-03-23 03:38:52,2022-03-23 03:38:52
7007539654,ฉช.82-2839,2022-03-23 03:03:41,2022-03-23 03:10:38,2022-03-23 03:58:44,2022-03-23 03:58:44
7007539417,กท.79-1830,2022-03-23 06:26:36,2022-03-23 06:26:36,2022-03-23 07:15:53,2022-03-23 07:15:53
7007539486,กท.78-1149,2022-03-23 06:32:10,2022-03-23 06:32:10,2022-03-23 07:17:17,2022-03-23 07:17:17
7007543140,กท.79-5842,2022-03-23 06:51:24,2022-03-23 06:51:24,2022-03-23 07:37:28,2022-03-23 07:37:28
7007543149,ฉช.82-3201,2022-03-23 06:53:08,2022-03-23 06:53:08,2022-03-23 07:42:54,2022-03-23 07:42:54
7007539604,กท.79-5843,2022-03-23 07:02:35,2022-03-23 07:15:53,2022-03-23 08:05:18,2022-03-23 08:05:18
7007543168,สค.70-6123,2022-03-23 07:09:10,2022-03-23 07:17:17,2022-03-23 08:06:50,2022-03-23 08:06:50
7007539410,กท.79-0643,2022-03-23 07:22:54,2022-03-23 07:37:28,2022-03-23 08:27:28,2022-03-23 08:27:28
7007539502,กท.78-7993,2022-03-23 07:34:05,2022-03-23 07:42:54,2022-03-23 08:27:43,2022-03-23 08:27:43
7007539423,กท.79-1961,2022-03-23 07:38:10,2022-03-23 08:05:18,2022-03-23 08:54:17,2022-03-23 08:54:17
7007539484,กท.79-5578,2022-03-23 07:48:14,2022-03-23 08:06:50,2022-03-23 08:55:51,2022-03-23 08:55:51
7007539485,กท.77-8133,2022-03-23 08:07:39,2022-03-23 08:27:43,2022-03-23 09:14:47,2022-03-23 09:14:47
7007543177,กท.79-8994,2022-03-23 07:54:32,2022-03-23 08:27:28,2022-03-23 09:16:33,2022-03-23 09:16:33
7007539487,กท.77-8134,2022-03-23 08:17:44,2022-03-23 08:54:17,2022-03-23 09:41:19,2022-03-23 09:41:19
7007539601,กท.79-2716,2022-03-23 08:25:41,2022-03-23 08:55:51,2022-03-23 09:43:34,2022-03-23 09:43:34
7007539610,กท.79-0144,2022-03-23 08:37:37,2022-03-23 09:16:33,2022-03-23 10:01:29,2022-03-23 10:01:29
7007539615,กท.74-9067,2022-03-23 08:37:12,2022-03-23 09:14:47,2022-03-23 10:03:41,2022-03-23 10:03:41
7007543203,จบ.81-2529,2022-03-23 08:42:59,2022-03-23 09:41:19,2022-03-23 10:21:07,2022-03-23 10:21:07
7007539428,กท.74-9070,2022-03-23 08:54:30,2022-03-23 09:43:34,2022-03-23 10:33:34,2022-03-23 10:33:34
7007539650,กท.79-0841,2022-03-23 09:05:41,2022-03-23 10:03:41,2022-03-23 10:42:55,2022-03-23 10:42:55
7007539477,กท.78-6742,2022-03-23 09:02:07,2022-03-23 10:01:29,2022-03-23 10:51:28,2022-03-23 10:51:28
7007539494,กท.78-6744,2022-03-23 09:12:52,2022-03-23 10:21:07,2022-03-23 11:08:31,2022-03-23 11:08:31
7007539427,กท.78-6739,2022-03-23 09:20:35,2022-03-23 10:33:34,2022-03-23 11:16:37,2022-03-23 11:16:37
7007539609,กท.79-2717,2022-03-23 09:27:13,2022-03-23 10:42:55,2022-03-23 11:29:12,2022-03-23 11:29:12
7007543315,ชม.70-5299,2022-03-23 09:40:13,2022-03-23 10:51:28,2022-03-23 11:38:05,2022-03-23 11:38:05
7007544252,ชบ.82-4190,2022-03-23 09:55:42,2022-03-23 11:16:37,2022-03-23 11:54:44,2022-03-23 11:54:44
7007543557,กท.79-6706,2022-03-23 09:50:52,2022-03-23 11:08:31,2022-03-23 11:58:12,2022-03-23 11:58:12
7007543834,ชม.70-5302,2022-03-23 10:09:04,2022-03-23 11:29:12,2022-03-23 12:18:34,2022-03-23 12:18:34
7007539607,กท.79-5578,2022-03-23 10:42:02,2022-03-23 11:38:05,2022-03-23 12:27:10,2022-03-23 12:27:10
7007545880,จบ.80-8222,2022-03-23 10:52:24,2022-03-23 11:54:44,2022-03-23 12:44:44,2022-03-23 12:44:44
7007545797,ชบ.85-3878,2022-03-23 10:52:35,2022-03-23 11:58:12,2022-03-23 12:45:17,2022-03-23 12:45:17
7007544058,กท.79-1961,2022-03-23 11:06:40,2022-03-23 12:18:34,2022-03-23 13:04:51,2022-03-23 13:04:51
7007545943,กท.75-2786,2022-03-23 11:13:57,2022-03-23 12:27:10,2022-03-23 13:16:51,2022-03-23 13:16:51
7007545426,ชม.70-4355,2022-03-23 11:30:03,2022-03-23 12:45:17,2022-03-23 13:34:39,2022-03-23 13:34:39
7007539603,กท.79-2717,2022-03-23 11:27:30,2022-03-23 12:44:44,2022-03-23 13:34:42,2022-03-23 13:34:42
7007546071,ชม.70-5421,2022-03-23 11:35:41,2022-03-23 13:04:51,2022-03-23 13:54:50,2022-03-23 13:54:50
7007539466,กท.79-1830,2022-03-23 11:53:03,2022-03-23 13:16:51,2022-03-23 14:06:34,2022-03-23 14:06:34
7007539599,กท.77-8133,2022-03-23 12:09:28,2022-03-23 13:34:42,2022-03-23 14:22:53,2022-03-23 14:22:53
7007539424,กท.79-0144,2022-03-23 11:54:54,2022-03-23 13:34:39,2022-03-23 14:24:33,2022-03-23 14:24:33
7007539455,กท.79-5584,2022-03-23 12:17:18,2022-03-23 13:54:50,2022-03-23 14:44:27,2022-03-23 14:44:27
7007541924,กท.78-7993,2022-03-23 12:18:19,2022-03-23 14:06:34,2022-03-23 14:54:05,2022-03-23 14:54:05
7007545671,ฉช.82-8346,2022-03-23 12:49:19,2022-03-23 14:24:33,2022-03-23 15:12:06,2022-03-23 15:12:06
7007546456,กท.75-6899,2022-03-23 12:44:28,2022-03-23 14:22:53,2022-03-23 15:12:53,2022-03-23 15:12:53
7007546454,กท.61-8797,2022-03-23 13:03:35,2022-03-23 14:44:27,2022-03-23 15:34:05,2022-03-23 15:34:05
7007546493,ชบ.84-7975,2022-03-23 13:16:28,2022-03-23 14:54:05,2022-03-23 15:39:51,2022-03-23 15:39:51
7007539416,กท.78-1149,2022-03-23 13:24:57,2022-03-23 15:12:06,2022-03-23 15:52:46,2022-03-23 15:52:46
7007546519,กท.79-5841,2022-03-23 13:28:54,2022-03-23 15:12:53,2022-03-23 16:02:50,2022-03-23 16:02:50
7007539506,กท.74-9070,2022-03-23 13:46:18,2022-03-23 15:34:05,2022-03-23 16:20:58,2022-03-23 16:20:58
7007539489,กท.79-5579,2022-03-23 14:00:11,2022-03-23 15:52:46,2022-03-23 16:24:14,2022-03-23 16:24:14
7007539501,กท.79-0643,2022-03-23 13:51:04,2022-03-23 15:39:51,2022-03-23 16:29:50,2022-03-23 16:29:50
7007546661,สค.70-4074,2022-03-23 14:03:31,2022-03-23 16:02:50,2022-03-23 16:52:42,2022-03-23 16:52:42
7007539436,กท.78-6742,2022-03-23 14:16:41,2022-03-23 16:20:58,2022-03-23 17:10:35,2022-03-23 17:10:35
7007539480,กท.78-6739,2022-03-23 14:18:34,2022-03-23 16:24:14,2022-03-23 17:12:13,2022-03-23 17:12:13
7007541921,กท.79-0841,2022-03-23 14:28:34,2022-03-23 16:29:50,2022-03-23 17:19:38,2022-03-23 17:19:38
7007539419,กท.77-8134,2022-03-23 14:32:50,2022-03-23 16:52:42,2022-03-23 17:41:01,2022-03-23 17:41:01
7007546901,ลพ.70-0786,2022-03-23 14:44:51,2022-03-23 17:12:13,2022-03-23 17:54:14,2022-03-23 17:54:14
7007546386,กท.79-5843,2022-03-23 14:38:01,2022-03-23 17:10:35,2022-03-23 17:58:20,2022-03-23 17:58:20
7007546945,ตร.80-2192,2022-03-23 14:53:02,2022-03-23 17:19:38,2022-03-23 18:00:10,2022-03-23 18:00:10
7007546958,กท.79-6154,2022-03-23 15:02:51,2022-03-23 17:41:01,2022-03-23 18:27:03,2022-03-23 18:27:03
7007539490,กท.79-0641,2022-03-23 15:13:49,2022-03-23 17:58:20,2022-03-23 18:33:16,2022-03-23 18:33:16
7007547074,กท.79-3259,2022-03-23 15:05:32,2022-03-23 17:54:14,2022-03-23 18:42:35,2022-03-23 18:42:35
7007539602,กท.79-2716,2022-03-23 15:18:25,2022-03-23 18:00:10,2022-03-23 18:45:01,2022-03-23 18:45:01
7007547122,ชบ.85-5327,2022-03-23 15:29:27,2022-03-23 18:27:03,2022-03-23 19:16:49,2022-03-23 19:16:49
7007547127,สค.70-6125,2022-03-23 15:33:58,2022-03-23 18:33:16,2022-03-23 19:22:45,2022-03-23 19:22:45
7007547136,กท.78-4444,2022-03-23 15:50:02,2022-03-23 18:45:01,2022-03-23 19:31:05,2022-03-23 19:31:05
7007547179,ลพ.70-0674,2022-03-23 15:39:53,2022-03-23 18:42:35,2022-03-23 19:32:22,2022-03-23 19:32:22
7007545489,ฉช.81-4230,2022-03-23 16:11:15,2022-03-23 19:16:49,2022-03-23 20:06:10,2022-03-23 20:06:10
7007540428,กท.79-0643,2022-03-23 16:13:47,2022-03-23 19:22:45,2022-03-23 20:10:03,2022-03-23 20:10:03
7007544494,กท.79-0642,2022-03-23 16:14:43,2022-03-23 19:31:05,2022-03-23 20:18:53,2022-03-23 20:18:53
7007547650,ลพ.70-0785,2022-03-23 16:23:16,2022-03-23 19:32:22,2022-03-23 20:20:15,2022-03-23 20:20:15
7007539429,กท.74-9067,2022-03-23 16:34:34,2022-03-23 20:10:03,2022-03-23 20:47:10,2022-03-23 20:47:10
7007539464,กท.78-1149,2022-03-23 16:30:23,2022-03-23 20:06:10,2022-03-23 20:54:48,2022-03-23 20:54:48
7007547321,กท.79-5584,2022-03-23 16:46:46,2022-03-23 20:18:53,2022-03-23 21:02:35,2022-03-23 21:02:35
7007539430,กท.78-7993,2022-03-23 16:56:29,2022-03-23 20:20:15,2022-03-23 21:09:33,2022-03-23 21:09:33
7007539431,กท.78-6742,2022-03-23 16:57:05,2022-03-23 20:47:10,2022-03-23 21:35:57,2022-03-23 21:35:57
7007539600,กท.79-0644,2022-03-23 17:13:37,2022-03-23 20:54:48,2022-03-23 21:44:16,2022-03-23 21:44:16
7007547106,กท.79-5843,2022-03-23 17:15:15,2022-03-23 21:02:35,2022-03-23 21:44:36,2022-03-23 21:44:36
7007539434,กท.79-1830,2022-03-23 17:23:03,2022-03-23 21:09:33,2022-03-23 21:59:23,2022-03-23 21:59:23
7007547999,กท.79-3257,2022-03-23 17:32:24,2022-03-23 21:35:57,2022-03-23 22:25:46,2022-03-23 22:25:46
7007545676,กท.79-2717,2022-03-23 17:50:26,2022-03-23 21:44:16,2022-03-23 22:27:50,2022-03-23 22:27:50
7007545661,กท.79-1961,2022-03-23 18:59:48,2022-03-23 21:44:36,2022-03-23 22:33:54,2022-03-23 22:33:54
7007545566,กท.78-1149,2022-03-23 19:08:33,2022-03-23 21:59:23,2022-03-23 22:45:49,2022-03-23 22:45:49
7007545688,กท.78-6739,2022-03-23 19:33:48,2022-03-23 22:25:46,2022-03-23 23:15:44,2022-03-23 23:15:44
7007548319,สค.70-4073,2022-03-24 00:31:30,2022-03-24 00:31:30,2022-03-24 01:16:06,2022-03-24 01:16:06
7007548322,ชม.70-5301,2022-03-24 00:51:33,2022-03-24 00:51:33,2022-03-24 01:39:49,2022-03-24 01:39:49
7007548348,ชม.70-5300,2022-03-24 01:01:38,2022-03-24 01:01:38,2022-03-24 01:50:03,2022-03-24 01:50:03
7007548347,ชม.70-4355,2022-03-24 01:08:38,2022-03-24 01:08:38,2022-03-24 01:54:55,2022-03-24 01:54:55
7007548378,ชม.70-5302,2022-03-24 02:29:07,2022-03-24 02:29:07,2022-03-24 03:18:12,2022-03-24 03:18:12
7007548377,ฉช.82-8528,2022-03-24 02:40:50,2022-03-24 02:40:50,2022-03-24 03:20:27,2022-03-24 03:20:27
7007545665,ฉช.82-4812,2022-03-24 02:57:04,2022-03-24 02:57:04,2022-03-24 03:46:38,2022-03-24 03:46:38
7007545648,ฉช.82-7170,2022-03-24 03:19:58,2022-03-24 03:19:58,2022-03-24 04:09:25,2022-03-24 04:09:25
7007548398,ชม.70-5261,2022-03-24 03:22:17,2022-03-24 03:22:17,2022-03-24 04:12:16,2022-03-24 04:12:16
7007545712,ฉช.82-2839,2022-03-24 04:29:57,2022-03-24 04:29:57,2022-03-24 05:15:38,2022-03-24 05:15:38
7007545634,กท.77-8133,2022-03-24 04:52:49,2022-03-24 04:52:49,2022-03-24 05:42:38,2022-03-24 05:42:38
7007545480,ฉช.82-3201,2022-03-24 06:44:39,2022-03-24 06:44:39,2022-03-24 07:34:03,2022-03-24 07:34:03
7007548452,นม.70-6589,2022-03-24 06:54:37,2022-03-24 06:54:37,2022-03-24 07:44:32,2022-03-24 07:44:32
7007545537,กท.79-5584,2022-03-24 06:54:55,2022-03-24 06:54:55,2022-03-24 07:44:53,2022-03-24 07:44:53
7007548456,สค.70-6125,2022-03-24 07:17:04,2022-03-24 07:17:04,2022-03-24 07:55:40,2022-03-24 07:55:40
7007545607,กท.79-5578,2022-03-24 07:18:00,2022-03-24 07:34:03,2022-03-24 08:18:41,2022-03-24 08:18:41
7007545708,กท.79-1830,2022-03-24 07:24:28,2022-03-24 07:44:32,2022-03-24 08:32:26,2022-03-24 08:32:26
7007546982,กท.79-2716,2022-03-24 07:31:09,2022-03-24 07:44:53,2022-03-24 08:34:49,2022-03-24 08:34:49
7007545468,กท.79-5579,2022-03-24 07:39:46,2022-03-24 07:55:40,2022-03-24 08:45:22,2022-03-24 08:45:22
7007545650,กท.79-0144,2022-03-24 07:53:21,2022-03-24 08:32:26,2022-03-24 09:05:39,2022-03-24 09:05:39
7007545457,กท.79-0643,2022-03-24 07:48:21,2022-03-24 08:18:41,2022-03-24 09:07:03,2022-03-24 09:07:03
7007545531,กท.78-7993,2022-03-24 08:03:49,2022-03-24 08:34:49,2022-03-24 09:18:13,2022-03-24 09:18:13
7007545548,กท.79-0644,2022-03-24 08:11:50,2022-03-24 08:45:22,2022-03-24 09:18:54,2022-03-24 09:18:54
7007545449,กท.79-0642,2022-03-24 08:22:36,2022-03-24 09:05:39,2022-03-24 09:51:51,2022-03-24 09:51:51
7007548509,นม.70-6730,2022-03-24 08:33:24,2022-03-24 09:07:03,2022-03-24 09:53:02,2022-03-24 09:53:02
7007545518,กท.79-0841,2022-03-24 08:38:45,2022-03-24 09:18:13,2022-03-24 10:00:40,2022-03-24 10:00:40
7007545622,ฉช.82-7443,2022-03-24 08:52:30,2022-03-24 09:18:54,2022-03-24 10:04:58,2022-03-24 10:04:58
7007545729,กท.78-6742,2022-03-24 09:06:10,2022-03-24 09:53:02,2022-03-24 10:31:52,2022-03-24 10:31:52
7007545693,กท.74-9070,2022-03-24 08:52:32,2022-03-24 09:51:51,2022-03-24 10:41:51,2022-03-24 10:41:51
7007548533,กท.75-9389,2022-03-24 09:16:13,2022-03-24 10:00:40,2022-03-24 10:50:12,2022-03-24 10:50:12
7007545595,กท.79-0641,2022-03-24 09:22:20,2022-03-24 10:04:58,2022-03-24 10:54:45,2022-03-24 10:54:45
7007545654,กท.77-8133,2022-03-24 09:31:29,2022-03-24 10:31:52,2022-03-24 11:20:53,2022-03-24 11:20:53
7007548680,ชม.70-5299,2022-03-24 09:42:45,2022-03-24 10:41:51,2022-03-24 11:31:24,2022-03-24 11:31:24
7007548883,กท.79-6154,2022-03-24 09:54:23,2022-03-24 10:50:12,2022-03-24 11:40:07,2022-03-24 11:40:07
7007545768,กท.78-6744,2022-03-24 10:04:49,2022-03-24 10:54:45,2022-03-24 11:42:34,2022-03-24 11:42:34
7007548906,กท.79-6705,2022-03-24 10:10:19,2022-03-24 11:20:53,2022-03-24 11:59:51,2022-03-24 11:59:51
7007545649,ฉช.82-8528,2022-03-24 11:01:52,2022-03-24 11:31:24,2022-03-24 12:18:36,2022-03-24 12:18:36
7007545445,กท.79-5579,2022-03-24 11:28:06,2022-03-24 11:40:07,2022-03-24 12:25:10,2022-03-24 12:25:10
7007549684,ชบ.85-3878,2022-03-24 11:41:59,2022-03-24 11:42:34,2022-03-24 12:27:17,2022-03-24 12:27:17
7007549765,กท.79-9002,2022-03-24 11:48:25,2022-03-24 11:59:51,2022-03-24 12:44:53,2022-03-24 12:44:53
7007545646,กท.79-0644,2022-03-24 11:58:47,2022-03-24 12:18:36,2022-03-24 13:04:05,2022-03-24 13:04:05
7007549892,จบ.80-8222,2022-03-24 12:07:40,2022-03-24 12:25:10,2022-03-24 13:05:05,2022-03-24 13:05:05
7007545525,กท.79-0642,2022-03-24 12:10:07,2022-03-24 12:27:17,2022-03-24 13:16:12,2022-03-24 13:16:12
7007550891,ชบ.84-7156,2022-03-24 12:17:50,2022-03-24 12:44:53,2022-03-24 13:34:51,2022-03-24 13:34:51
7007550634,ลพ.70-0785,2022-03-24 12:24:30,2022-03-24 13:04:05,2022-03-24 13:51:37,2022-03-24 13:51:37
7007545636,กท.79-0641,2022-03-24 12:47:14,2022-03-24 13:05:05,2022-03-24 13:52:19,2022-03-24 13:52:19
7007550509,ชม.70-4219,2022-03-24 12:47:28,2022-03-24 13:16:12,2022-03-24 14:03:11,2022-03-24 14:03:11
7007551095,ฉช.81-3257,2022-03-24 12:47:45,2022-03-24 13:51:37,2022-03-24 14:37:45,2022-03-24 14:37:45
7007551149,กท.79-6148,2022-03-24 13:14:55,2022-03-24 13:52:19,2022-03-24 14:40:20,2022-03-24 14:40:20
7007551170,กท.79-3259,2022-03-24 13:22:40,2022-03-24 14:03:11,2022-03-24 14:52:57,2022-03-24 14:52:57
7007551015,รย.81-6767,2022-03-24 13:25:05,2022-03-24 14:25:51,2022-03-24 15:07:16,2022-03-24 15:07:16
7007551076,ฉช.82-4812,2022-03-24 13:28:04,2022-03-24 14:37:45,2022-03-24 15:15:15,2022-03-24 15:15:15
7007545543,กท.78-1149,2022-03-24 13:35:49,2022-03-24 14:40:20,2022-03-24 15:17:39,2022-03-24 15:17:39
7007549886,กท.79-2716,2022-03-24 13:52:24,2022-03-24 14:52:57,2022-03-24 15:42:56,2022-03-24 15:42:56
7007545745,กท.79-0643,2022-03-24 14:25:27,2022-03-24 15:15:15,2022-03-24 15:49:10,2022-03-24 15:49:10
7007545561,กท.78-7993,2022-03-24 14:15:34,2022-03-24 15:07:16,2022-03-24 15:54:23,2022-03-24 15:54:23
7007551363,ชบ.82-4190,2022-03-24 14:50:56,2022-03-24 15:17:39,2022-03-24 16:07:32,2022-03-24 16:07:32
7007551428,กท.75-9389,2022-03-24 14:55:48,2022-03-24 15:42:56,2022-03-24 16:32:42,2022-03-24 16:32:42
7007551379,ลพ.70-0674,2022-03-24 15:07:16,2022-03-24 15:49:10,2022-03-24 16:37:18,2022-03-24 16:37:18
7007551445,รย.81-6316,2022-03-24 15:10:24,2022-03-24 15:54:23,2022-03-24 16:43:03,2022-03-24 16:43:03
7007545699,กท.79-5578,2022-03-24 15:18:12,2022-03-24 16:07:32,2022-03-24 16:49:10,2022-03-24 16:49:10
7007545556,กท.78-6739,2022-03-24 15:21:15,2022-03-24 16:32:42,2022-03-24 17:20:04,2022-03-24 17:20:04
7007545631,กท.78-6744,2022-03-24 15:31:34,2022-03-24 16:37:18,2022-03-24 17:21:32,2022-03-24 17:21:32
7007551517,จบ.80-8540,2022-03-24 15:36:19,2022-03-24 16:43:03,2022-03-24 17:26:59,2022-03-24 17:26:59
7007551464,ชบ.84-7139,2022-03-24 15:45:47,2022-03-24 16:49:10,2022-03-24 17:32:51,2022-03-24 17:32:51
7007545681,กท.79-2716,2022-03-24 15:46:25,2022-03-24 17:20:04,2022-03-24 17:49:20,2022-03-24 17:49:20
7007545552,กท.79-1830,2022-03-24 15:55:19,2022-03-24 17:21:32,2022-03-24 18:01:49,2022-03-24 18:01:49
7007545652,กท.78-6742,2022-03-24 16:07:27,2022-03-24 17:26:59,2022-03-24 18:12:19,2022-03-24 18:12:19
7007545506,กท.79-0144,2022-03-24 16:16:10,2022-03-24 17:32:51,2022-03-24 18:15:57,2022-03-24 18:15:57
7007551723,กท.79-6154,2022-03-24 16:25:12,2022-03-24 17:49:20,2022-03-24 18:39:01,2022-03-24 18:39:01
7007545497,กท.79-2717,2022-03-24 16:30:26,2022-03-24 18:01:49,2022-03-24 18:51:42,2022-03-24 18:51:42
7007551854,ลพ.70-0786,2022-03-24 16:34:48,2022-03-24 18:12:19,2022-03-24 18:52:19,2022-03-24 18:52:19
7007549895,กท.79-5843,2022-03-24 16:39:17,2022-03-24 18:15:57,2022-03-24 19:05:56,2022-03-24 19:05:56
7007545740,ฉช.82-7443,2022-03-24 16:46:19,2022-03-24 18:39:01,2022-03-24 19:29:01,2022-03-24 19:29:01
7007552141,กท.74-9070,2022-03-24 16:58:59,2022-03-24 18:52:19,2022-03-24 19:38:36,2022-03-24 19:38:36
7007552038,ฉช.81-4230,2022-03-24 16:55:33,2022-03-24 18:51:42,2022-03-24 19:40:08,2022-03-24 19:40:08
7007552139,กท.79-5584,2022-03-24 17:12:34,2022-03-24 19:05:56,2022-03-24 19:55:34,2022-03-24 19:55:34
7007552603,ชม.70-5122,2022-03-24 17:19:46,2022-03-24 19:29:01,2022-03-24 20:12:00,2022-03-24 20:12:00
7007552586,กท.77-7979,2022-03-24 17:23:54,2022-03-24 19:38:36,2022-03-24 20:28:11,2022-03-24 20:28:11
7007552799,ชบ.85-3878,2022-03-24 17:37:05,2022-03-24 19:40:08,2022-03-24 20:29:04,2022-03-24 20:29:04
7007551947,กท.79-0841,2022-03-24 17:37:53,2022-03-24 19:55:34,2022-03-24 20:31:24,2022-03-24 20:31:24
7007551888,กท.78-6742,2022-03-24 17:52:37,2022-03-24 20:28:11,2022-03-24 21:01:00,2022-03-24 21:01:00
7007553238,ชม.70-5421,2022-03-24 17:48:51,2022-03-24 20:12:00,2022-03-24 21:02:00,2022-03-24 21:02:00
7007551758,กท.79-2716,2022-03-24 18:01:09,2022-03-24 20:29:04,2022-03-24 21:14:37,2022-03-24 21:14:37
7007553241,นม.70-6730,2022-03-24 18:15:23,2022-03-24 20:31:24,2022-03-24 21:15:28,2022-03-24 21:15:28
7007551740,กท.79-0643,2022-03-24 18:16:56,2022-03-24 21:01:00,2022-03-24 21:40:30,2022-03-24 21:40:30
7007554651,ชม.70-5302,2022-03-25 00:32:23,2022-03-25 00:32:23,2022-03-25 01:21:40,2022-03-25 01:21:40
7007554653,ชม.70-5301,2022-03-25 00:41:36,2022-03-25 00:41:36,2022-03-25 01:30:18,2022-03-25 01:30:18
7007551966,กท.79-0644,2022-03-25 00:59:40,2022-03-25 00:59:40,2022-03-25 01:42:23,2022-03-25 01:42:23
7007554669,กท.79-6154,2022-03-25 01:34:22,2022-03-25 01:34:22,2022-03-25 02:24:21,2022-03-25 02:24:21
7007554674,สค.70-6123,2022-03-25 01:37:50,2022-03-25 01:37:50,2022-03-25 02:27:39,2022-03-25 02:27:39
7007554681,กท.79-3257,2022-03-25 01:57:55,2022-03-25 01:57:55,2022-03-25 02:46:05,2022-03-25 02:46:05
7007554689,รย.71-2637,2022-03-25 02:29:54,2022-03-25 02:29:54,2022-03-25 03:08:05,2022-03-25 03:08:05
7007552017,ฉช.82-3201,2022-03-25 02:23:15,2022-03-25 02:23:15,2022-03-25 03:08:31,2022-03-25 03:08:31
7007554692,ชม.70-5261,2022-03-25 02:31:59,2022-03-25 02:31:59,2022-03-25 03:21:17,2022-03-25 03:21:17
7007554697,ชม.70-4355,2022-03-25 02:51:38,2022-03-25 02:51:38,2022-03-25 03:40:15,2022-03-25 03:40:15
7007554703,สค.70-4074,2022-03-25 03:15:25,2022-03-25 03:15:25,2022-03-25 03:48:10,2022-03-25 03:48:10
7007554711,กท.79-3259,2022-03-25 03:35:40,2022-03-25 03:35:40,2022-03-25 04:17:37,2022-03-25 04:17:37
7007554722,กท.79-8994,2022-03-25 03:58:12,2022-03-25 03:58:12,2022-03-25 04:47:18,2022-03-25 04:47:18
7007551941,ฉช.82-7443,2022-03-25 05:18:29,2022-03-25 05:18:29,2022-03-25 06:08:28,2022-03-25 06:08:28
7007551901,กท.79-5843,2022-03-25 06:28:31,2022-03-25 06:28:31,2022-03-25 07:18:29,2022-03-25 07:18:29
7007551750,กท.78-7993,2022-03-25 06:35:46,2022-03-25 06:35:46,2022-03-25 07:24:20,2022-03-25 07:24:20
7007551874,กท.79-5584,2022-03-25 07:04:10,2022-03-25 07:04:10,2022-03-25 07:54:09,2022-03-25 07:54:09
7007551873,กท.79-1961,2022-03-25 07:15:20,2022-03-25 07:15:20,2022-03-25 07:56:52,2022-03-25 07:56:52
7007551909,กท.79-0144,2022-03-25 07:25:43,2022-03-25 07:25:43,2022-03-25 08:11:16,2022-03-25 08:11:16
7007554989,กท.60-9333,2022-03-25 07:22:38,2022-03-25 07:22:38,2022-03-25 08:11:23,2022-03-25 08:11:23
7007551921,กท.77-8134,2022-03-25 07:47:34,2022-03-25 07:56:52,2022-03-25 08:39:47,2022-03-25 08:39:47
7007554810,สค.70-6125,2022-03-25 07:39:08,2022-03-25 07:54:09,2022-03-25 08:43:40,2022-03-25 08:43:40
7007551746,กท.79-0641,2022-03-25 07:58:29,2022-03-25 08:11:23,2022-03-25 08:55:57,2022-03-25 08:55:57
7007551880,กท.79-0642,2022-03-25 07:50:18,2022-03-25 08:11:16,2022-03-25 08:59:07,2022-03-25 08:59:07
7007551751,กท.74-9067,2022-03-25 08:08:20,2022-03-25 08:39:47,2022-03-25 09:28:18,2022-03-25 09:28:18
7007551870,กท.77-8133,2022-03-25 08:18:51,2022-03-25 08:43:40,2022-03-25 09:31:45,2022-03-25 09:31:45
7007551948,กท.79-5579,2022-03-25 08:30:11,2022-03-25 08:55:57,2022-03-25 09:43:46,2022-03-25 09:43:46
7007551756,กท.78-1149,2022-03-25 08:34:05,2022-03-25 08:59:07,2022-03-25 09:48:47,2022-03-25 09:48:47
7007551904,กท.78-6739,2022-03-25 08:44:15,2022-03-25 09:31:45,2022-03-25 10:03:12,2022-03-25 10:03:12
7007551937,กท.79-2717,2022-03-25 08:41:29,2022-03-25 09:28:18,2022-03-25 10:18:17,2022-03-25 10:18:17
7007555042,กท.79-7691,2022-03-25 08:53:08,2022-03-25 09:43:46,2022-03-25 10:33:30,2022-03-25 10:33:30
7007551915,กท.79-1830,2022-03-25 09:01:13,2022-03-25 09:48:47,2022-03-25 10:38:41,2022-03-25 10:38:41
7007555207,ชม.70-5124,2022-03-25 09:11:47,2022-03-25 10:03:12,2022-03-25 10:51:40,2022-03-25 10:51:40
7007553298,กท.78-6744,2022-03-25 09:18:10,2022-03-25 10:18:17,2022-03-25 11:02:30,2022-03-25 11:02:30
7007555295,กท.79-5841,2022-03-25 09:28:21,2022-03-25 10:33:30,2022-03-25 11:21:01,2022-03-25 11:21:01
7007555339,สค.70-4073,2022-03-25 09:38:22,2022-03-25 10:38:41,2022-03-25 11:21:54,2022-03-25 11:21:54
7007555614,ชบ.83-3599,2022-03-25 09:56:48,2022-03-25 10:51:40,2022-03-25 11:40:29,2022-03-25 11:40:29
7007552018,ฉช.82-8528,2022-03-25 10:03:33,2022-03-25 11:02:30,2022-03-25 11:45:09,2022-03-25 11:45:09
7007555728,ชบ.84-7139,2022-03-25 10:16:42,2022-03-25 11:21:01,2022-03-25 12:06:01,2022-03-25 12:06:01
7007555964,กท.61-6077,2022-03-25 10:20:35,2022-03-25 11:21:54,2022-03-25 12:11:53,2022-03-25 12:11:53
7007555857,ลพ.70-0674,2022-03-25 10:30:41,2022-03-25 11:40:29,2022-03-25 12:18:41,2022-03-25 12:18:41
7007555878,กท.77-7979,2022-03-25 10:38:55,2022-03-25 11:45:09,2022-03-25 12:35:02,2022-03-25 12:35:02
7007556065,ชม.70-5299,2022-03-25 10:41:18,2022-03-25 12:06:01,2022-03-25 12:53:01,2022-03-25 12:53:01
7007556087,ชม.70-4219,2022-03-25 10:45:16,2022-03-25 12:11:53,2022-03-25 12:55:52,2022-03-25 12:55:52
7007551761,กท.79-5579,2022-03-25 10:55:51,2022-03-25 12:18:41,2022-03-25 13:03:46,2022-03-25 13:03:46
7007553208,กท.79-0644,2022-03-25 11:02:16,2022-03-25 12:35:02,2022-03-25 13:23:24,2022-03-25 13:23:24
7007556196,ชบ.84-7975,2022-03-25 11:14:04,2022-03-25 12:53:01,2022-03-25 13:33:48,2022-03-25 13:33:48
7007552962,กท.78-6742,2022-03-25 11:19:57,2022-03-25 12:55:52,2022-03-25 13:45:52,2022-03-25 13:45:52
7007556339,กท.75-6899,2022-03-25 11:21:59,2022-03-25 13:03:46,2022-03-25 13:50:55,2022-03-25 13:50:55
7007555697,ฉช.82-3201,2022-03-25 11:28:25,2022-03-25 13:23:24,2022-03-25 14:13:19,2022-03-25 14:13:19
7007555446,กท.78-1149,2022-03-25 11:37:45,2022-03-25 13:33:48,2022-03-25 14:23:06,2022-03-25 14:23:06
7007551918,กท.79-0641,2022-03-25 11:50:48,2022-03-25 13:45:52,2022-03-25 14:34:35,2022-03-25 14:34:35
7007551872,กท.77-8134,2022-03-25 11:53:03,2022-03-25 13:50:55,2022-03-25 14:38:04,2022-03-25 14:38:04
7007551890,กท.79-5843,2022-03-25 11:55:00,2022-03-25 14:13:19,2022-03-25 14:59:25,2022-03-25 14:59:25
7007552964,กท.79-5584,2022-03-25 12:10:30,2022-03-25 14:23:06,2022-03-25 15:12:02,2022-03-25 15:12:02
7007556658,ชบ.82-4190,2022-03-25 12:18:24,2022-03-25 14:34:35,2022-03-25 15:21:18,2022-03-25 15:21:18
7007555885,กท.79-0642,2022-03-25 12:26:37,2022-03-25 14:38:04,2022-03-25 15:27:05,2022-03-25 15:27:05
7007556729,ชบ.85-3878,2022-03-25 12:43:52,2022-03-25 14:59:25,2022-03-25 15:39:35,2022-03-25 15:39:35
7007556761,จบ.80-8222,2022-03-25 12:55:33,2022-03-25 15:12:02,2022-03-25 16:00:57,2022-03-25 16:00:57
7007556771,กท.79-6697,2022-03-25 13:01:01,2022-03-25 15:21:18,2022-03-25 16:09:49,2022-03-25 16:09:49
7007551763,กท.78-7993,2022-03-25 13:14:18,2022-03-25 15:27:05,2022-03-25 16:16:11,2022-03-25 16:16:11
7007551957,กท.78-6739,2022-03-25 13:19:50,2022-03-25 15:39:35,2022-03-25 16:28:07,2022-03-25 16:28:07
7007552958,กท.79-0144,2022-03-25 13:31:08,2022-03-25 16:00:57,2022-03-25 16:50:19,2022-03-25 16:50:19
7007551906,กท.79-2717,2022-03-25 13:47:05,2022-03-25 16:09:49,2022-03-25 16:59:37,2022-03-25 16:59:37
7007556261,กท.79-1830,2022-03-25 13:58:35,2022-03-25 16:16:11,2022-03-25 17:04:16,2022-03-25 17:04:16
7007556812,ชม.70-5420,2022-03-25 14:01:43,2022-03-25 16:28:07,2022-03-25 17:18:03,2022-03-25 17:18:03
7007551926,กท.74-9070,2022-03-25 14:02:13,2022-03-25 16:50:19,2022-03-25 17:22:39,2022-03-25 17:22:39
7007556971,ชบ.85-0496,2022-03-25 14:13:39,2022-03-25 16:59:37,2022-03-25 17:48:18,2022-03-25 17:48:18
7007551898,กท.78-6744,2022-03-25 14:18:37,2022-03-25 17:04:16,2022-03-25 17:54:13,2022-03-25 17:54:13
7007556279,กท.74-9067,2022-03-25 14:30:12,2022-03-25 17:18:03,2022-03-25 18:05:29,2022-03-25 18:05:29
7007551933,กท.79-0643,2022-03-25 14:44:27,2022-03-25 17:22:39,2022-03-25 18:11:23,2022-03-25 18:11:23
7007557298,กท.79-6154,2022-03-25 14:54:39,2022-03-25 17:48:18,2022-03-25 18:33:26,2022-03-25 18:33:26
7007557318,ชม.70-5301,2022-03-25 14:56:34,2022-03-25 17:54:13,2022-03-25 18:44:06,2022-03-25 18:44:06
7007556444,ฉช.81-4230,2022-03-25 15:23:38,2022-03-25 18:05:29,2022-03-25 18:52:05,2022-03-25 18:52:05
7007551755,กท.79-0841,2022-03-25 15:26:09,2022-03-25 18:11:23,2022-03-25 18:59:48,2022-03-25 18:59:48
7007557423,นม.70-6730,2022-03-25 15:30:01,2022-03-25 18:33:26,2022-03-25 19:22:56,2022-03-25 19:22:56
7007557496,สค.70-2507,2022-03-25 15:38:40,2022-03-25 18:44:06,2022-03-25 19:33:37,2022-03-25 19:33:37
7007557492,ลพ.70-0785,2022-03-25 15:46:50,2022-03-25 18:52:05,2022-03-25 19:41:40,2022-03-25 19:41:40
7007557543,นม.70-6589,2022-03-25 15:52:14,2022-03-25 18:59:48,2022-03-25 19:48:57,2022-03-25 19:48:57
7007557011,กท.77-8133,2022-03-25 16:22:27,2022-03-25 19:22:56,2022-03-25 20:12:32,2022-03-25 20:12:32
7007557664,ลพ.70-0786,2022-03-25 16:32:55,2022-03-25 19:33:37,2022-03-25 20:20:13,2022-03-25 20:20:13
7007556400,กท.79-2716,2022-03-25 16:41:09,2022-03-25 19:41:40,2022-03-25 20:30:29,2022-03-25 20:30:29
7007557798,กท.61-8797,2022-03-25 17:05:33,2022-03-25 19:48:57,2022-03-25 20:35:22,2022-03-25 20:35:22
7007558085,ชม.70-5300,2022-03-26 00:52:30,2022-03-26 00:52:30,2022-03-26 01:32:21,2022-03-26 01:32:21
7007558090,ชม.70-4355,2022-03-26 01:01:00,2022-03-26 01:01:00,2022-03-26 01:34:38,2022-03-26 01:34:38
7007558105,ชม.70-5261,2022-03-26 01:23:31,2022-03-26 01:23:31,2022-03-26 02:06:36,2022-03-26 02:06:36
7007558092,ชม.70-5301,2022-03-26 01:18:51,2022-03-26 01:18:51,2022-03-26 02:07:47,2022-03-26 02:07:47
7007558109,ชม.70-5302,2022-03-26 01:29:50,2022-03-26 01:32:21,2022-03-26 02:16:20,2022-03-26 02:16:20
7007558112,รย.71-2637,2022-03-26 01:44:09,2022-03-26 01:44:09,2022-03-26 02:33:04,2022-03-26 02:33:04
7007556410,กท.79-5843,2022-03-26 03:53:58,2022-03-26 03:53:58,2022-03-26 04:42:16,2022-03-26 04:42:16
7007556396,กท.79-5584,2022-03-26 06:23:09,2022-03-26 06:23:09,2022-03-26 07:12:58,2022-03-26 07:12:58
7007556406,กท.79-5579,2022-03-26 06:44:28,2022-03-26 06:44:28,2022-03-26 07:20:04,2022-03-26 07:20:04
7007558229,สค.70-6123,2022-03-26 06:45:05,2022-03-26 06:45:05,2022-03-26 07:29:43,2022-03-26 07:29:43
7007556413,กท.77-8134,2022-03-26 07:13:13,2022-03-26 07:13:13,2022-03-26 07:57:26,2022-03-26 07:57:26
7007558251,ลพ.70-1223,2022-03-26 07:16:37,2022-03-26 07:16:37,2022-03-26 08:03:28,2022-03-26 08:03:28
7007556435,กท.78-1149,2022-03-26 07:27:35,2022-03-26 07:29:43,2022-03-26 08:06:56,2022-03-26 08:06:56
7007556428,กท.74-9067,2022-03-26 07:19:30,2022-03-26 07:20:04,2022-03-26 08:09:00,2022-03-26 08:09:00
7007557697,กท.78-6742,2022-03-26 07:44:32,2022-03-26 08:03:28,2022-03-26 08:46:08,2022-03-26 08:46:08
7007556399,กท.79-1830,2022-03-26 07:32:38,2022-03-26 07:57:26,2022-03-26 08:47:03,2022-03-26 08:47:03
7007558275,รย.81-6767,2022-03-26 07:54:30,2022-03-26 08:06:56,2022-03-26 08:53:36,2022-03-26 08:53:36
7007558293,กท.75-6688,2022-03-26 08:15:07,2022-03-26 08:15:07,2022-03-26 09:04:16,2022-03-26 09:04:16
7007558292,กท.75-7868,2022-03-26 08:35:25,2022-03-26 08:47:03,2022-03-26 09:30:59,2022-03-26 09:30:59
7007556407,กท.79-2717,2022-03-26 08:22:19,2022-03-26 08:46:08,2022-03-26 09:35:52,2022-03-26 09:35:52
7007558301,กท.79-5842,2022-03-26 08:37:46,2022-03-26 08:53:36,2022-03-26 09:37:48,2022-03-26 09:37:48
7007558308,กท.79-3259,2022-03-26 08:47:57,2022-03-26 09:04:16,2022-03-26 09:43:43,2022-03-26 09:43:43
7007557010,กท.79-2717,2022-03-26 09:30:32,2022-03-26 09:30:59,2022-03-26 10:14:50,2022-03-26 10:14:50
7007558374,ชบ.84-7139,2022-03-26 09:33:44,2022-03-26 09:35:52,2022-03-26 10:18:44,2022-03-26 10:18:44
7007558373,ชม.70-4219,2022-03-26 09:38:02,2022-03-26 09:38:02,2022-03-26 10:28:01,2022-03-26 10:28:01
7007558386,กท.79-9002,2022-03-26 09:49:27,2022-03-26 09:49:27,2022-03-26 10:38:41,2022-03-26 10:38:41
7007556437,กท.78-1149,2022-03-26 09:54:15,2022-03-26 10:14:50,2022-03-26 10:48:48,2022-03-26 10:48:48
7007558404,กท.79-6154,2022-03-26 10:00:06,2022-03-26 10:18:44,2022-03-26 10:55:20,2022-03-26 10:55:20
7007558407,กท.75-2786,2022-03-26 10:06:31,2022-03-26 10:28:01,2022-03-26 11:05:57,2022-03-26 11:05:57
7007556426,กท.79-5579,2022-03-26 10:19:39,2022-03-26 10:38:41,2022-03-26 11:26:27,2022-03-26 11:26:27
7007558467,กท.75-3041,2022-03-26 10:22:42,2022-03-26 10:48:48,2022-03-26 11:35:27,2022-03-26 11:35:27
7007558447,ลพ.70-0785,2022-03-26 10:37:05,2022-03-26 10:55:20,2022-03-26 11:42:40,2022-03-26 11:42:40
7007556432,กท.79-5584,2022-03-26 10:43:21,2022-03-26 11:05:57,2022-03-26 11:47:30,2022-03-26 11:47:30
7007558469,ลพ.70-0674,2022-03-26 10:59:12,2022-03-26 11:26:27,2022-03-26 12:02:00,2022-03-26 12:02:00
7007556482,กท.79-5843,2022-03-26 11:28:39,2022-03-26 11:35:27,2022-03-26 12:20:11,2022-03-26 12:20:11
7007558556,กท.79-3258,2022-03-26 11:37:16,2022-03-26 11:42:40,2022-03-26 12:32:38,2022-03-26 12:32:38
7007558566,กท.75-7868,2022-03-26 11:39:32,2022-03-26 11:47:30,2022-03-26 12:35:53,2022-03-26 12:35:53
7007558577,จบ.80-8540,2022-03-26 11:52:35,2022-03-26 12:02:00,2022-03-26 12:51:32,2022-03-26 12:51:32
7007556440,กท.77-8134,2022-03-26 12:12:06,2022-03-26 12:20:11,2022-03-26 13:09:17,2022-03-26 13:09:17
7007558592,ชม.70-5300,2022-03-26 12:27:16,2022-03-26 12:32:38,2022-03-26 13:11:17,2022-03-26 13:11:17
7007558612,สค.70-6125,2022-03-26 12:37:08,2022-03-26 12:37:08,2022-03-26 13:27:07,2022-03-26 13:27:07
7007558627,ชม.70-5261,2022-03-26 12:56:04,2022-03-26 12:56:04,2022-03-26 13:45:52,2022-03-26 13:45:52
7007557444,กท.74-9067,2022-03-26 13:03:35,2022-03-26 13:09:17,2022-03-26 13:59:04,2022-03-26 13:59:04
7007558630,ชบ.82-4190,2022-03-26 13:12:09,2022-03-26 13:12:09,2022-03-26 14:01:36,2022-03-26 14:01:36
7007558641,ชม.70-5123,2022-03-26 13:18:52,2022-03-26 13:27:07,2022-03-26 14:17:07,2022-03-26 14:17:07
7007556685,กท.79-1830,2022-03-26 13:28:25,2022-03-26 13:45:52,2022-03-26 14:35:52,2022-03-26 14:35:52
7007558664,กท.79-8998,2022-03-26 13:46:19,2022-03-26 13:59:04,2022-03-26 14:47:14,2022-03-26 14:47:14
7007558637,กท.78-4444,2022-03-26 13:49:54,2022-03-26 14:01:36,2022-03-26 14:47:38,2022-03-26 14:47:38
7007558671,ชม.70-5125,2022-03-26 13:58:53,2022-03-26 14:17:07,2022-03-26 15:02:19,2022-03-26 15:02:19
7007558691,กท.79-3258,2022-03-26 14:15:36,2022-03-26 14:35:52,2022-03-26 15:25:40,2022-03-26 15:25:40
7007558696,กท.79-3259,2022-03-26 14:23:12,2022-03-26 14:47:14,2022-03-26 15:28:43,2022-03-26 15:28:43
7007556453,กท.78-6742,2022-03-26 14:54:49,2022-03-26 14:54:49,2022-03-26 15:41:01,2022-03-26 15:41:01
7007558713,ชม.70-5302,2022-03-26 15:03:05,2022-03-26 15:03:05,2022-03-26 15:52:45,2022-03-26 15:52:45
7007558956,ชม.70-4355,2022-03-27 00:30:17,2022-03-27 00:30:17,2022-03-27 01:19:14,2022-03-27 01:19:14
7007558959,ชม.70-4219,2022-03-27 00:38:50,2022-03-27 00:38:50,2022-03-27 01:24:16,2022-03-27 01:24:16
7007558957,ลพ.70-0785,2022-03-27 00:48:35,2022-03-27 00:48:35,2022-03-27 01:30:23,2022-03-27 01:30:23
7007558961,สค.70-6125,2022-03-27 01:07:07,2022-03-27 01:07:07,2022-03-27 01:48:20,2022-03-27 01:48:20
7007558975,ลพ.70-0786,2022-03-27 01:38:15,2022-03-27 01:38:15,2022-03-27 02:18:05,2022-03-27 02:18:05
7007559012,ลพ.70-0674,2022-03-27 02:36:17,2022-03-27 02:36:17,2022-03-27 03:18:44,2022-03-27 03:18:44
7007557459,ฉช.82-2839,2022-03-27 02:41:55,2022-03-27 02:41:55,2022-03-27 03:26:49,2022-03-27 03:26:49
7007557008,ฉช.82-8528,2022-03-27 02:50:51,2022-03-27 02:50:51,2022-03-27 03:33:51,2022-03-27 03:33:51
7007559016,ฉช.82-3201,2022-03-27 03:16:00,2022-03-27 03:16:00,2022-03-27 04:00:26,2022-03-27 04:00:26
7007559024,นม.70-6730,2022-03-27 03:20:46,2022-03-27 03:20:46,2022-03-27 04:02:54,2022-03-27 04:02:54
7007559027,สค.70-4074,2022-03-27 03:29:15,2022-03-27 03:29:15,2022-03-27 04:13:23,2022-03-27 04:13:23
7007559032,กท.79-1812,2022-03-27 03:57:37,2022-03-27 03:57:37,2022-03-27 04:47:01,2022-03-27 04:47:01
7007559042,นม.70-6589,2022-03-27 04:44:47,2022-03-27 04:44:47,2022-03-27 05:34:28,2022-03-27 05:34:28
7007556470,กท.78-1149,2022-03-27 06:32:11,2022-03-27 06:32:11,2022-03-27 07:15:44,2022-03-27 07:15:44
7007559138,สค.70-6123,2022-03-27 07:09:10,2022-03-27 07:09:10,2022-03-27 07:54:55,2022-03-27 07:54:55
7007556504,กท.79-0643,2022-03-27 07:14:40,2022-03-27 07:14:40,2022-03-27 08:01:33,2022-03-27 08:01:33
7007556518,กท.77-8133,2022-03-27 07:15:52,2022-03-27 07:15:52,2022-03-27 08:04:48,2022-03-27 08:04:48
7007556455,ฉช.82-7443,2022-03-27 07:30:35,2022-03-27 07:30:35,2022-03-27 08:13:09,2022-03-27 08:13:09
7007556684,กท.79-0644,2022-03-27 07:42:34,2022-03-27 08:01:33,2022-03-27 08:40:56,2022-03-27 08:40:56
7007556496,กท.79-2716,2022-03-27 07:35:45,2022-03-27 07:54:55,2022-03-27 08:44:07,2022-03-27 08:44:07
7007556529,กท.79-1961,2022-03-27 07:50:02,2022-03-27 08:04:48,2022-03-27 08:45:25,2022-03-27 08:45:25
7007556458,กท.74-9067,2022-03-27 08:05:26,2022-03-27 08:13:09,2022-03-27 08:51:20,2022-03-27 08:51:20
7007556553,กท.78-7993,2022-03-27 08:06:35,2022-03-27 08:40:56,2022-03-27 09:30:25,2022-03-27 09:30:25
7007556515,กท.79-5584,2022-03-27 08:17:18,2022-03-27 08:44:07,2022-03-27 09:32:55,2022-03-27 09:32:55
7007556511,กท.74-9070,2022-03-27 08:38:45,2022-03-27 08:45:25,2022-03-27 09:33:27,2022-03-27 09:33:27
7007556510,กท.79-5579,2022-03-27 08:40:34,2022-03-27 08:51:20,2022-03-27 09:38:37,2022-03-27 09:38:37
7007556550,กท.79-0642,2022-03-27 08:53:43,2022-03-27 09:32:55,2022-03-27 10:13:36,2022-03-27 10:13:36
7007556683,กท.79-0841,2022-03-27 08:47:17,2022-03-27 09:30:25,2022-03-27 10:20:18,2022-03-27 10:20:18
7007556528,กท.77-8134,2022-03-27 09:03:43,2022-03-27 09:33:27,2022-03-27 10:23:25,2022-03-27 10:23:25
7007556690,กท.79-2717,2022-03-27 09:10:37,2022-03-27 09:38:37,2022-03-27 10:28:28,2022-03-27 10:28:28
7007556526,กท.79-0641,2022-03-27 09:17:40,2022-03-27 10:13:36,2022-03-27 11:01:46,2022-03-27 11:01:46
7007559378,กท.79-8997,2022-03-27 09:31:49,2022-03-27 10:20:18,2022-03-27 11:10:16,2022-03-27 11:10:16
7007556477,กท.78-6744,2022-03-27 09:39:21,2022-03-27 10:23:25,2022-03-27 11:13:18,2022-03-27 11:13:18
7007556462,กท.79-0144,2022-03-27 09:46:09,2022-03-27 10:28:28,2022-03-27 11:17:14,2022-03-27 11:17:14
7007559487,กท.79-5841,2022-03-27 09:51:37,2022-03-27 11:01:46,2022-03-27 11:50:51,2022-03-27 11:50:51
7007559648,กท.79-5842,2022-03-27 10:15:11,2022-03-27 11:17:14,2022-03-27 11:54:51,2022-03-27 11:54:51
7007559552,ชม.70-5301,2022-03-27 10:07:20,2022-03-27 11:13:18,2022-03-27 11:55:18,2022-03-27 11:55:18
7007559564,กท.79-7691,2022-03-27 10:03:01,2022-03-27 11:10:16,2022-03-27 11:55:34,2022-03-27 11:55:34
7007559668,ชม.70-5300,2022-03-27 10:17:04,2022-03-27 11:50:51,2022-03-27 12:34:29,2022-03-27 12:34:29
7007560108,ชม.70-5124,2022-03-27 10:29:56,2022-03-27 11:55:18,2022-03-27 12:40:03,2022-03-27 12:40:03
7007557693,กท.79-0644,2022-03-27 10:50:17,2022-03-27 11:55:34,2022-03-27 12:42:34,2022-03-27 12:42:34
7007556487,กท.79-0643,2022-03-27 10:25:25,2022-03-27 11:54:51,2022-03-27 12:44:46,2022-03-27 12:44:46
7007560708,ชบ.85-3878,2022-03-27 10:51:16,2022-03-27 12:34:29,2022-03-27 13:22:17,2022-03-27 13:22:17
7007557007,ฉช.82-3201,2022-03-27 11:28:00,2022-03-27 12:42:34,2022-03-27 13:24:08,2022-03-27 13:24:08
7007561588,ชบ.84-7139,2022-03-27 11:12:03,2022-03-27 12:40:03,2022-03-27 13:28:03,2022-03-27 13:28:03
7007562076,ชม.70-4355,2022-03-27 11:44:06,2022-03-27 12:44:46,2022-03-27 13:29:49,2022-03-27 13:29:49
7007556501,กท.78-6744,2022-03-27 12:11:07,2022-03-27 13:28:03,2022-03-27 14:03:22,2022-03-27 14:03:22
7007556459,กท.79-0841,2022-03-27 12:05:50,2022-03-27 13:24:08,2022-03-27 14:04:42,2022-03-27 14:04:42
7007563627,ชบ.84-7237,2022-03-27 11:56:09,2022-03-27 13:22:17,2022-03-27 14:12:05,2022-03-27 14:12:05
7007564256,กท.79-5841,2022-03-27 12:22:54,2022-03-27 13:29:49,2022-03-27 14:16:03,2022-03-27 14:16:03
7007564599,ชม.70-5420,2022-03-27 12:31:27,2022-03-27 14:03:22,2022-03-27 14:51:26,2022-03-27 14:51:26
7007564728,ฉช.82-2839,2022-03-27 12:34:42,2022-03-27 14:04:42,2022-03-27 14:53:29,2022-03-27 14:53:29
7007557005,กท.78-7993,2022-03-27 12:49:26,2022-03-27 14:12:05,2022-03-27 14:53:53,2022-03-27 14:53:53
7007556472,กท.79-0641,2022-03-27 13:04:34,2022-03-27 14:16:03,2022-03-27 15:04:56,2022-03-27 15:04:56
7007564916,ฉช.82-8528,2022-03-27 13:04:57,2022-03-27 14:51:26,2022-03-27 15:21:05,2022-03-27 15:21:05
7007562415,กท.79-1961,2022-03-27 13:15:15,2022-03-27 14:53:29,2022-03-27 15:40:36,2022-03-27 15:40:36
7007565914,ชบ.82-4190,2022-03-27 13:36:53,2022-03-27 14:53:53,2022-03-27 15:43:50,2022-03-27 15:43:50
7007566045,ตร.80-2192,2022-03-27 13:39:00,2022-03-27 15:04:56,2022-03-27 15:51:32,2022-03-27 15:51:32
7007565881,ฉช.81-3257,2022-03-27 13:46:10,2022-03-27 15:21:05,2022-03-27 16:11:05,2022-03-27 16:11:05
7007566053,จบ.80-8222,2022-03-27 13:50:24,2022-03-27 15:40:36,2022-03-27 16:30:12,2022-03-27 16:30:12
7007566123,กท.79-6148,2022-03-27 13:53:30,2022-03-27 15:43:50,2022-03-27 16:32:39,2022-03-27 16:32:39
7007556461,กท.74-9067,2022-03-27 13:58:29,2022-03-27 15:51:32,2022-03-27 16:34:56,2022-03-27 16:34:56
7007566189,กท.75-6899,2022-03-27 14:17:05,2022-03-27 16:11:05,2022-03-27 16:52:53,2022-03-27 16:52:53
7007556473,กท.77-8133,2022-03-27 14:17:38,2022-03-27 16:30:12,2022-03-27 17:19:45,2022-03-27 17:19:45
7007563515,กท.74-9070,2022-03-27 14:19:20,2022-03-27 16:32:39,2022-03-27 17:21:24,2022-03-27 17:21:24
7007562347,กท.78-1149,2022-03-27 14:34:18,2022-03-27 16:34:56,2022-03-27 17:22:41,2022-03-27 17:22:41
7007557003,กท.79-1830,2022-03-27 14:40:01,2022-03-27 16:52:53,2022-03-27 17:25:54,2022-03-27 17:25:54
7007562375,กท.79-0144,2022-03-27 14:50:24,2022-03-27 17:21:24,2022-03-27 18:02:28,2022-03-27 18:02:28
7007556463,กท.79-2717,2022-03-27 14:40:42,2022-03-27 17:19:45,2022-03-27 18:09:44,2022-03-27 18:09:44
7007556520,ฉช.82-7443,2022-03-27 14:58:11,2022-03-27 17:22:41,2022-03-27 18:12:36,2022-03-27 18:12:36
7007556506,กท.79-5579,2022-03-27 15:04:00,2022-03-27 17:25:54,2022-03-27 18:13:27,2022-03-27 18:13:27
7007556468,กท.79-0641,2022-03-27 15:09:37,2022-03-27 18:02:28,2022-03-27 18:47:45,2022-03-27 18:47:45
7007556519,กท.79-0642,2022-03-27 15:33:04,2022-03-27 18:13:27,2022-03-27 18:48:33,2022-03-27 18:48:33
7007568422,กท.72-3498,2022-03-27 15:26:22,2022-03-27 18:12:36,2022-03-27 18:56:01,2022-03-27 18:56:01
7007568106,ลพ.70-0786,2022-03-27 15:21:14,2022-03-27 18:09:44,2022-03-27 18:58:58,2022-03-27 18:58:58
7007557001,กท.79-1961,2022-03-27 15:48:51,2022-03-27 18:47:45,2022-03-27 19:29:17,2022-03-27 19:29:17
7007556465,กท.79-2716,2022-03-27 15:50:34,2022-03-27 18:48:33,2022-03-27 19:32:53,2022-03-27 19:32:53
7007556495,กท.77-8133,2022-03-27 16:17:00,2022-03-27 18:58:58,2022-03-27 19:45:45,2022-03-27 19:45:45
7007568999,ชม.70-5261,2022-03-27 15:54:20,2022-03-27 18:56:01,2022-03-27 19:46:01,2022-03-27 19:46:01
7007566994,กท.78-6742,2022-03-27 16:24:10,2022-03-27 19:29:17,2022-03-27 20:02:28,2022-03-27 20:02:28
7007557705,กท.77-8134,2022-03-27 16:27:15,2022-03-27 19:32:53,2022-03-27 20:22:13,2022-03-27 20:22:13
7007569844,ชบ.85-3878,2022-03-27 16:38:10,2022-03-27 19:46:01,2022-03-27 20:35:04,2022-03-27 20:35:04
7007564991,ฉช.81-4230,2022-03-27 16:36:28,2022-03-27 19:45:45,2022-03-27 20:35:23,2022-03-27 20:35:23
7007569604,ชม.70-5124,2022-03-27 16:47:55,2022-03-27 20:02:28,2022-03-27 20:47:17,2022-03-27 20:47:17
7007570426,ชม.70-5302,2022-03-27 17:06:12,2022-03-27 20:22:13,2022-03-27 21:05:30,2022-03-27 21:05:30
7007556687,กท.79-2717,2022-03-27 17:22:52,2022-03-27 20:35:23,2022-03-27 21:17:45,2022-03-27 21:17:45
7007556530,กท.79-5843,2022-03-27 17:20:21,2022-03-27 20:35:04,2022-03-27 21:25:03,2022-03-27 21:25:03
7007562530,กท.79-5579,2022-03-27 17:32:33,2022-03-27 20:47:17,2022-03-27 21:37:11,2022-03-27 21:37:11
7007573360,กท.79-1816,2022-03-27 17:50:21,2022-03-27 21:05:30,2022-03-27 21:53:47,2022-03-27 21:53:47
7007562364,กท.79-0144,2022-03-27 18:02:21,2022-03-27 21:25:03,2022-03-27 22:06:13,2022-03-27 22:06:13
7007562400,กท.79-0644,2022-03-27 17:51:20,2022-03-27 21:17:45,2022-03-27 22:06:21,2022-03-27 22:06:21
7007564964,กท.77-8133,2022-03-27 18:33:50,2022-03-27 21:37:11,2022-03-27 22:26:53,2022-03-27 22:26:53
7007565658,กท.79-5578,2022-03-27 19:08:43,2022-03-27 21:53:47,2022-03-27 22:40:50,2022-03-27 22:40:50
7007565673,กท.79-2716,2022-03-27 19:38:40,2022-03-27 22:06:21,2022-03-27 22:52:55,2022-03-27 22:52:55
7007565628,กท.78-1149,2022-03-27 19:26:03,2022-03-27 22:06:13,2022-03-27 22:55:50,2022-03-27 22:55:50
7007574374,ลพ.70-0785,2022-03-28 00:50:20,2022-03-28 00:50:20,2022-03-28 01:30:55,2022-03-28 01:30:55
7007574372,ชม.70-4219,2022-03-28 01:03:27,2022-03-28 01:03:27,2022-03-28 01:51:53,2022-03-28 01:51:53
7007574399,ชม.70-5300,2022-03-28 01:19:37,2022-03-28 01:19:37,2022-03-28 02:07:14,2022-03-28 02:07:14
7007574439,ชม.70-5299,2022-03-28 02:37:26,2022-03-28 02:37:26,2022-03-28 03:23:13,2022-03-28 03:23:13
7007574442,รย.71-2635,2022-03-28 02:48:09,2022-03-28 02:48:09,2022-03-28 03:36:57,2022-03-28 03:36:57
7007564990,ฉช.82-4812,2022-03-28 02:54:42,2022-03-28 02:54:42,2022-03-28 03:43:30,2022-03-28 03:43:30
7007565624,ฉช.82-7170,2022-03-28 03:12:42,2022-03-28 03:12:42,2022-03-28 04:00:58,2022-03-28 04:00:58
7007574452,ชม.70-5301,2022-03-28 03:13:48,2022-03-28 03:23:13,2022-03-28 04:11:34,2022-03-28 04:11:34
7007574456,ฉช.82-3201,2022-03-28 03:24:56,2022-03-28 03:36:57,2022-03-28 04:26:57,2022-03-28 04:26:57
7007574469,สค.70-4074,2022-03-28 03:43:08,2022-03-28 03:43:30,2022-03-28 04:30:41,2022-03-28 04:30:41
7007565643,กท.79-5584,2022-03-28 05:17:05,2022-03-28 05:17:05,2022-03-28 06:01:21,2022-03-28 06:01:21
7007565648,กท.78-6739,2022-03-28 05:38:35,2022-03-28 05:38:35,2022-03-28 06:28:32,2022-03-28 06:28:32
7007565198,กท.77-8134,2022-03-28 06:25:28,2022-03-28 06:25:28,2022-03-28 07:09:49,2022-03-28 07:09:49
7007565644,กท.79-5843,2022-03-28 06:40:26,2022-03-28 06:40:26,2022-03-28 07:30:02,2022-03-28 07:30:02
7007574606,สค.70-6123,2022-03-28 06:47:00,2022-03-28 06:47:00,2022-03-28 07:35:58,2022-03-28 07:35:58
7007565631,กท.79-1830,2022-03-28 06:55:41,2022-03-28 06:55:41,2022-03-28 07:44:31,2022-03-28 07:44:31
7007565661,กท.79-0144,2022-03-28 07:11:12,2022-03-28 07:11:12,2022-03-28 08:00:07,2022-03-28 08:00:07
7007565652,กท.79-0841,2022-03-28 07:31:16,2022-03-28 07:35:58,2022-03-28 08:10:28,2022-03-28 08:10:28
7007565636,กท.74-9070,2022-03-28 07:22:49,2022-03-28 07:30:02,2022-03-28 08:11:38,2022-03-28 08:11:38
7007565269,กท.79-0643,2022-03-28 07:44:43,2022-03-28 07:44:43,2022-03-28 08:27:52,2022-03-28 08:27:52
7007565647,กท.78-7993,2022-03-28 07:50:28,2022-03-28 08:00:07,2022-03-28 08:43:47,2022-03-28 08:43:47
7007565664,กท.79-0644,2022-03-28 07:54:23,2022-03-28 08:11:38,2022-03-28 08:55:19,2022-03-28 08:55:19
7007565235,กท.79-0642,2022-03-28 07:50:52,2022-03-28 08:10:28,2022-03-28 09:00:24,2022-03-28 09:00:24
7007565655,กท.78-6742,2022-03-28 08:00:17,2022-03-28 08:27:52,2022-03-28 09:15:46,2022-03-28 09:15:46
7007565216,กท.74-9067,2022-03-28 08:11:37,2022-03-28 08:43:47,2022-03-28 09:25:29,2022-03-28 09:25:29
7007564979,กท.79-1961,2022-03-28 08:19:15,2022-03-28 08:55:19,2022-03-28 09:41:46,2022-03-28 09:41:46
7007565621,กท.79-0641,2022-03-28 08:26:17,2022-03-28 09:00:24,2022-03-28 09:47:52,2022-03-28 09:47:52
7007565668,กท.78-6744,2022-03-28 08:34:42,2022-03-28 09:15:46,2022-03-28 10:02:48,2022-03-28 10:02:48
7007565660,กท.78-6739,2022-03-28 08:49:44,2022-03-28 09:25:29,2022-03-28 10:08:45,2022-03-28 10:08:45
7007565641,ฉช.82-7443,2022-03-28 09:04:02,2022-03-28 09:41:46,2022-03-28 10:31:14,2022-03-28 10:31:14
7007575249,ชม.70-5123,2022-03-28 09:11:49,2022-03-28 09:47:52,2022-03-28 10:34:47,2022-03-28 10:34:47
7007575622,กท.79-3258,2022-03-28 09:21:40,2022-03-28 10:02:48,2022-03-28 10:44:46,2022-03-28 10:44:46
7007575823,กท.79-5842,2022-03-28 09:35:13,2022-03-28 10:08:45,2022-03-28 10:57:44,2022-03-28 10:57:44
7007576391,นม.70-6589,2022-03-28 09:43:30,2022-03-28 10:31:14,2022-03-28 11:12:48,2022-03-28 11:12:48
7007576618,กท.75-7868,2022-03-28 09:50:53,2022-03-28 10:34:47,2022-03-28 11:24:43,2022-03-28 11:24:43
7007577438,กท.75-9797,2022-03-28 10:02:29,2022-03-28 10:44:46,2022-03-28 11:34:41,2022-03-28 11:34:41
7007564968,ฉช.82-4812,2022-03-28 10:05:59,2022-03-28 10:57:44,2022-03-28 11:46:55,2022-03-28 11:46:55
7007577807,ชบ.85-3878,2022-03-28 10:37:11,2022-03-28 11:12:48,2022-03-28 12:02:47,2022-03-28 12:02:47
7007577845,ชบ.83-3599,2022-03-28 10:50:33,2022-03-28 11:24:43,2022-03-28 12:04:01,2022-03-28 12:04:01
7007578162,กท.79-6148,2022-03-28 10:52:15,2022-03-28 11:34:41,2022-03-28 12:17:06,2022-03-28 12:17:06
7007578196,จบ.80-8222,2022-03-28 11:00:08,2022-03-28 11:46:55,2022-03-28 12:28:16,2022-03-28 12:28:16
7007578301,ชม.70-5261,2022-03-28 11:19:39,2022-03-28 12:04:01,2022-03-28 12:51:29,2022-03-28 12:51:29
7007578344,ชบ.84-7975,2022-03-28 11:08:34,2022-03-28 12:02:47,2022-03-28 12:52:41,2022-03-28 12:52:41
7007565626,กท.78-7993,2022-03-28 11:26:16,2022-03-28 12:17:06,2022-03-28 13:00:42,2022-03-28 13:00:42
7007578194,ชบ.84-6354,2022-03-28 11:31:09,2022-03-28 12:28:16,2022-03-28 13:13:55,2022-03-28 13:13:55
7007565256,กท.79-0642,2022-03-28 11:49:59,2022-03-28 12:52:41,2022-03-28 13:28:55,2022-03-28 13:28:55
7007577043,กท.79-1830,2022-03-28 11:37:40,2022-03-28 12:51:29,2022-03-28 13:40:56,2022-03-28 13:40:56
7007578766,ชม.70-5122,2022-03-28 12:02:53,2022-03-28 13:00:42,2022-03-28 13:50:39,2022-03-28 13:50:39
7007578895,ชม.70-4355,2022-03-28 12:03:10,2022-03-28 13:13:55,2022-03-28 14:03:48,2022-03-28 14:03:48
7007565650,กท.74-9070,2022-03-28 12:23:11,2022-03-28 13:28:55,2022-03-28 14:11:17,2022-03-28 14:11:17
7007578877,ลพ.70-0674,2022-03-28 12:31:54,2022-03-28 13:40:56,2022-03-28 14:25:49,2022-03-28 14:25:49
7007567102,กท.78-1149,2022-03-28 12:43:53,2022-03-28 13:50:39,2022-03-28 14:39:31,2022-03-28 14:39:31
7007579566,กท.79-0144,2022-03-28 13:11:39,2022-03-28 14:03:48,2022-03-28 14:53:48,2022-03-28 14:53:48
7007564983,กท.79-5579,2022-03-28 13:24:38,2022-03-28 14:11:17,2022-03-28 14:59:24,2022-03-28 14:59:24
7007579254,กท.79-3259,2022-03-28 13:38:06,2022-03-28 14:25:49,2022-03-28 15:08:11,2022-03-28 15:08:11
7007579390,รย.82-4012,2022-03-28 13:42:08,2022-03-28 14:39:31,2022-03-28 15:17:45,2022-03-28 15:17:45
7007578869,ฉช.82-2839,2022-03-28 13:46:52,2022-03-28 14:53:48,2022-03-28 15:43:47,2022-03-28 15:43:47
7007579426,ชม.70-5124,2022-03-28 13:47:01,2022-03-28 14:59:24,2022-03-28 15:49:00,2022-03-28 15:49:00
7007579463,ชบ.82-4190,2022-03-28 14:03:52,2022-03-28 15:08:11,2022-03-28 15:53:55,2022-03-28 15:53:55
7007565226,กท.79-0643,2022-03-28 14:05:56,2022-03-28 15:17:45,2022-03-28 16:05:47,2022-03-28 16:05:47
7007579558,จบ.80-8540,2022-03-28 14:11:40,2022-03-28 15:43:47,2022-03-28 16:29:09,2022-03-28 16:29:09
7007577051,กท.79-0644,2022-03-28 14:18:46,2022-03-28 15:49:00,2022-03-28 16:38:46,2022-03-28 16:38:46
7007579587,ชม.70-5302,2022-03-28 14:35:41,2022-03-28 15:53:55,2022-03-28 16:43:23,2022-03-28 16:43:23
7007565642,กท.79-5843,2022-03-28 14:42:34,2022-03-28 16:05:47,2022-03-28 16:54:50,2022-03-28 16:54:50
7007564973,กท.79-1961,2022-03-28 14:47:40,2022-03-28 16:29:09,2022-03-28 17:15:53,2022-03-28 17:15:53
7007564988,กท.79-0841,2022-03-28 15:01:13,2022-03-28 16:43:23,2022-03-28 17:18:22,2022-03-28 17:18:22
7007567109,กท.77-8134,2022-03-28 15:00:40,2022-03-28 16:38:46,2022-03-28 17:26:32,2022-03-28 17:26:32
7007579868,รย.71-2637,2022-03-28 15:07:51,2022-03-28 16:54:50,2022-03-28 17:44:37,2022-03-28 17:44:37
7007580528,ลพ.70-0786,2022-03-28 15:36:35,2022-03-28 17:26:32,2022-03-28 17:57:59,2022-03-28 17:57:59
7007580322,ชม.70-4219,2022-03-28 15:20:07,2022-03-28 17:15:53,2022-03-28 18:05:41,2022-03-28 18:05:41
7007564982,ฉช.82-7443,2022-03-28 15:30:27,2022-03-28 17:18:22,2022-03-28 18:07:56,2022-03-28 18:07:56
7007565630,กท.79-5584,2022-03-28 15:42:44,2022-03-28 17:44:37,2022-03-28 18:34:37,2022-03-28 18:34:37
7007565208,กท.79-0641,2022-03-28 15:45:31,2022-03-28 17:57:59,2022-03-28 18:47:59,2022-03-28 18:47:59
7007581795,ชบ.85-3878,2022-03-28 16:15:42,2022-03-28 18:07:56,2022-03-28 18:54:51,2022-03-28 18:54:51
7007577030,กท.78-6742,2022-03-28 15:54:02,2022-03-28 18:05:41,2022-03-28 18:55:40,2022-03-28 18:55:40
7007581736,กท.78-4444,2022-03-28 16:23:02,2022-03-28 18:34:37,2022-03-28 19:22:08,2022-03-28 19:22:08
7007580574,กท.79-2716,2022-03-28 16:23:25,2022-03-28 18:47:59,2022-03-28 19:35:09,2022-03-28 19:35:09
7007565622,กท.78-6744,2022-03-28 16:32:33,2022-03-28 18:54:51,2022-03-28 19:44:50,2022-03-28 19:44:50
7007579036,กท.77-8133,2022-03-28 16:46:19,2022-03-28 18:55:40,2022-03-28 19:45:34,2022-03-28 19:45:34
7007579041,กท.79-0643,2022-03-28 16:47:14,2022-03-28 19:22:08,2022-03-28 20:11:05,2022-03-28 20:11:05
7007582748,กท.79-5841,2022-03-28 17:13:02,2022-03-28 19:44:50,2022-03-28 20:21:15,2022-03-28 20:21:15
7007565656,กท.79-5578,2022-03-28 16:56:31,2022-03-28 19:35:09,2022-03-28 20:24:45,2022-03-28 20:24:45
7007582423,กท.79-5840,2022-03-28 17:19:19,2022-03-28 19:45:34,2022-03-28 20:29:45,2022-03-28 20:29:45
7007582837,กท.79-8992,2022-03-28 17:25:24,2022-03-28 20:11:05,2022-03-28 20:59:47,2022-03-28 20:59:47
7007579052,กท.77-8134,2022-03-28 17:27:11,2022-03-28 20:21:15,2022-03-28 21:10:44,2022-03-28 21:10:44
7007583079,ลพ.70-0785,2022-03-28 17:30:30,2022-03-28 20:24:45,2022-03-28 21:14:45,2022-03-28 21:14:45
7007583008,กท.79-3259,2022-03-28 17:46:54,2022-03-28 20:29:45,2022-03-28 21:18:55,2022-03-28 21:18:55
7007583293,กท.79-6704,2022-03-28 17:58:32,2022-03-28 21:10:44,2022-03-28 21:42:27,2022-03-28 21:42:27
7007583283,ลพ.70-0674,2022-03-28 17:52:05,2022-03-28 20:59:47,2022-03-28 21:42:51,2022-03-28 21:42:51
7007579492,กท.79-0841,2022-03-28 18:04:36,2022-03-28 21:14:45,2022-03-28 21:57:41,2022-03-28 21:57:41
7007579524,กท.78-7993,2022-03-28 18:11:12,2022-03-28 21:18:55,2022-03-28 22:05:12,2022-03-28 22:05:12
7007579452,กท.79-1961,2022-03-28 18:36:49,2022-03-28 21:42:27,2022-03-28 22:32:16,2022-03-28 22:32:16
7007583033,กท.79-0144,2022-03-28 18:49:52,2022-03-28 21:42:51,2022-03-28 22:32:34,2022-03-28 22:32:34
7007583023,กท.78-6744,2022-03-28 19:01:23,2022-03-28 21:57:41,2022-03-28 22:43:54,2022-03-28 22:43:54
7007582290,กท.79-5843,2022-03-28 19:14:45,2022-03-28 22:05:12,2022-03-28 22:53:45,2022-03-28 22:53:45
7007583609,ชม.70-5301,2022-03-29 00:31:52,2022-03-29 00:31:52,2022-03-29 01:11:23,2022-03-29 01:11:23
7007583613,สค.70-2507,2022-03-29 01:01:01,2022-03-29 01:01:01,2022-03-29 01:50:37,2022-03-29 01:50:37
7007583635,สค.70-6125,2022-03-29 01:30:26,2022-03-29 01:30:26,2022-03-29 02:14:49,2022-03-29 02:14:49
7007583663,ชม.70-5299,2022-03-29 02:11:47,2022-03-29 02:11:47,2022-03-29 03:01:40,2022-03-29 03:01:40
7007583698,สค.70-4074,2022-03-29 04:19:04,2022-03-29 04:19:04,2022-03-29 05:05:43,2022-03-29 05:05:43
7007579485,กท.78-1149,2022-03-29 06:30:44,2022-03-29 06:30:44,2022-03-29 07:20:27,2022-03-29 07:20:27
7007579471,กท.79-0641,2022-03-29 06:35:35,2022-03-29 06:35:35,2022-03-29 07:23:56,2022-03-29 07:23:56
7007579444,กท.79-1830,2022-03-29 06:49:07,2022-03-29 06:49:07,2022-03-29 07:29:45,2022-03-29 07:29:45
7007579482,กท.77-8134,2022-03-29 07:04:29,2022-03-29 07:04:29,2022-03-29 07:50:11,2022-03-29 07:50:11
7007583795,สค.70-6123,2022-03-29 07:08:53,2022-03-29 07:20:27,2022-03-29 08:09:53,2022-03-29 08:09:53
7007579460,กท.79-5584,2022-03-29 07:14:06,2022-03-29 07:23:56,2022-03-29 08:13:21,2022-03-29 08:13:21
7007579475,ฉช.82-7443,2022-03-29 07:28:58,2022-03-29 07:29:45,2022-03-29 08:19:27,2022-03-29 08:19:27
7007579483,กท.79-5578,2022-03-29 07:32:40,2022-03-29 07:50:11,2022-03-29 08:39:56,2022-03-29 08:39:56
7007579446,กท.74-9067,2022-03-29 07:50:10,2022-03-29 08:19:27,2022-03-29 08:54:31,2022-03-29 08:54:31
7007579538,กท.74-9070,2022-03-29 07:45:15,2022-03-29 08:13:21,2022-03-29 08:55:42,2022-03-29 08:55:42
7007579536,กท.79-0644,2022-03-29 07:36:15,2022-03-29 08:09:53,2022-03-29 08:58:14,2022-03-29 08:58:14
7007579498,กท.77-8133,2022-03-29 08:07:06,2022-03-29 08:39:56,2022-03-29 09:29:13,2022-03-29 09:29:13
7007579448,กท.79-2716,2022-03-29 08:10:28,2022-03-29 08:54:31,2022-03-29 09:33:15,2022-03-29 09:33:15
7007579490,กท.79-0642,2022-03-29 08:13:28,2022-03-29 08:55:42,2022-03-29 09:43:21,2022-03-29 09:43:21
7007579495,กท.79-5579,2022-03-29 08:24:57,2022-03-29 08:58:14,2022-03-29 09:47:51,2022-03-29 09:47:51
7007583900,ชม.70-5122,2022-03-29 08:47:22,2022-03-29 09:33:15,2022-03-29 10:14:39,2022-03-29 10:14:39
7007579447,กท.79-0643,2022-03-29 08:29:19,2022-03-29 09:29:13,2022-03-29 10:15:24,2022-03-29 10:15:24
7007579449,กท.79-2717,2022-03-29 08:53:55,2022-03-29 09:43:21,2022-03-29 10:19:33,2022-03-29 10:19:33
7007582840,กท.78-6742,2022-03-29 09:04:44,2022-03-29 09:47:51,2022-03-29 10:36:10,2022-03-29 10:36:10
7007579520,กท.78-6739,2022-03-29 09:08:51,2022-03-29 10:14:39,2022-03-29 11:04:29,2022-03-29 11:04:29
7007579516,กท.79-5843,2022-03-29 09:24:30,2022-03-29 10:15:24,2022-03-29 11:05:24,2022-03-29 11:05:24
7007584720,ชบ.84-7139,2022-03-29 09:50:09,2022-03-29 10:19:33,2022-03-29 11:08:38,2022-03-29 11:08:38
7007585176,นม.70-6589,2022-03-29 09:59:30,2022-03-29 10:36:10,2022-03-29 11:25:43,2022-03-29 11:25:43
7007585892,ชม.70-5300,2022-03-29 10:26:45,2022-03-29 11:08:38,2022-03-29 11:53:01,2022-03-29 11:53:01
7007585280,กท.77-7979,2022-03-29 10:02:02,2022-03-29 11:04:29,2022-03-29 11:53:30,2022-03-29 11:53:30
7007585829,จบ.80-8222,2022-03-29 10:21:30,2022-03-29 11:05:24,2022-03-29 11:55:00,2022-03-29 11:55:00
7007579455,กท.77-8134,2022-03-29 10:32:36,2022-03-29 11:25:43,2022-03-29 12:14:36,2022-03-29 12:14:36
7007579527,กท.79-1830,2022-03-29 11:30:56,2022-03-29 11:55:00,2022-03-29 12:29:02,2022-03-29 12:29:02
7007586360,กท.75-3041,2022-03-29 11:00:56,2022-03-29 11:53:01,2022-03-29 12:32:25,2022-03-29 12:32:25
7007586316,ชม.70-4355,2022-03-29 11:00:58,2022-03-29 11:53:30,2022-03-29 12:42:17,2022-03-29 12:42:17
7007586676,ชม.70-5420,2022-03-29 11:35:46,2022-03-29 12:14:36,2022-03-29 12:56:46,2022-03-29 12:56:46
7007586580,กท.79-6704,2022-03-29 11:39:24,2022-03-29 12:29:02,2022-03-29 13:17:13,2022-03-29 13:17:13
7007584407,กท.78-6742,2022-03-29 11:51:15,2022-03-29 12:32:25,2022-03-29 13:22:23,2022-03-29 13:22:23
7007586753,ฉช.81-3257,2022-03-29 11:57:21,2022-03-29 12:42:17,2022-03-29 13:30:38,2022-03-29 13:30:38
7007587181,รย.81-6316,2022-03-29 12:12:58,2022-03-29 12:56:46,2022-03-29 13:33:48,2022-03-29 13:33:48
7007586923,ชม.70-5421,2022-03-29 12:16:50,2022-03-29 13:17:13,2022-03-29 14:05:52,2022-03-29 14:05:52
7007587346,ชบ.82-4190,2022-03-29 12:27:45,2022-03-29 13:22:23,2022-03-29 14:12:19,2022-03-29 14:12:19
7007587268,ชบ.85-3878,2022-03-29 12:39:01,2022-03-29 13:30:38,2022-03-29 14:20:38,2022-03-29 14:20:38
7007579517,กท.79-0641,2022-03-29 12:45:50,2022-03-29 13:33:48,2022-03-29 14:22:57,2022-03-29 14:22:57
7007579494,กท.79-5579,2022-03-29 12:49:16,2022-03-29 14:05:52,2022-03-29 14:48:25,2022-03-29 14:48:25
7007587248,ลพ.70-0786,2022-03-29 13:06:14,2022-03-29 14:20:38,2022-03-29 15:01:13,2022-03-29 15:01:13
7007579481,กท.79-0841,2022-03-29 13:02:09,2022-03-29 14:12:19,2022-03-29 15:02:11,2022-03-29 15:02:11
7007579456,กท.79-0643,2022-03-29 13:22:17,2022-03-29 14:22:57,2022-03-29 15:11:59,2022-03-29 15:11:59
7007587467,กท.78-4444,2022-03-29 13:29:49,2022-03-29 14:48:25,2022-03-29 15:38:25,2022-03-29 15:38:25
7007587235,ชบ.84-7156,2022-03-29 13:44:30,2022-03-29 15:01:13,2022-03-29 15:41:07,2022-03-29 15:41:07
7007579479,กท.74-9067,2022-03-29 13:55:16,2022-03-29 15:02:11,2022-03-29 15:52:06,2022-03-29 15:52:06
7007579502,กท.79-0642,2022-03-29 13:56:06,2022-03-29 15:11:59,2022-03-29 16:01:58,2022-03-29 16:01:58
7007586475,กท.74-9070,2022-03-29 14:04:40,2022-03-29 15:38:25,2022-03-29 16:27:46,2022-03-29 16:27:46
7007579513,กท.79-2717,2022-03-29 14:08:20,2022-03-29 15:41:07,2022-03-29 16:31:03,2022-03-29 16:31:03
7007579521,กท.78-7993,2022-03-29 14:11:15,2022-03-29 15:52:06,2022-03-29 16:41:46,2022-03-29 16:41:46
7007587117,ฉช.82-3201,2022-03-29 14:19:14,2022-03-29 16:01:58,2022-03-29 16:49:14,2022-03-29 16:49:14
7007579531,กท.78-6739,2022-03-29 15:20:41,2022-03-29 16:31:03,2022-03-29 17:17:07,2022-03-29 17:17:07
7007587928,กท.75-0640,2022-03-29 14:26:41,2022-03-29 16:27:46,2022-03-29 17:17:20,2022-03-29 17:17:20
7007579459,กท.79-2716,2022-03-29 15:26:11,2022-03-29 16:41:46,2022-03-29 17:29:05,2022-03-29 17:29:05
7007588258,กท.79-5840,2022-03-29 15:39:57,2022-03-29 16:49:14,2022-03-29 17:39:14,2022-03-29 17:39:14
7007579518,กท.77-8133,2022-03-29 15:47:26,2022-03-29 17:17:20,2022-03-29 18:05:34,2022-03-29 18:05:34
7007588433,ชม.70-5301,2022-03-29 15:43:37,2022-03-29 17:17:07,2022-03-29 18:07:07,2022-03-29 18:07:07
7007579451,กท.79-0644,2022-03-29 15:51:00,2022-03-29 17:29:05,2022-03-29 18:18:06,2022-03-29 18:18:06
7007589133,กท.79-7691,2022-03-29 16:02:53,2022-03-29 17:39:14,2022-03-29 18:29:04,2022-03-29 18:29:04
7007579450,กท.78-1149,2022-03-29 16:23:05,2022-03-29 18:07:07,2022-03-29 18:45:33,2022-03-29 18:45:33
7007589129,กท.79-8998,2022-03-29 16:09:52,2022-03-29 18:05:34,2022-03-29 18:55:33,2022-03-29 18:55:33
7007589249,กท.79-3258,2022-03-29 16:30:27,2022-03-29 18:18:06,2022-03-29 19:08:04,2022-03-29 19:08:04
7007586375,กท.79-0841,2022-03-29 16:44:15,2022-03-29 18:29:04,2022-03-29 19:18:57,2022-03-29 19:18:57
7007590223,กท.79-6148,2022-03-29 16:57:13,2022-03-29 18:45:33,2022-03-29 19:29:33,2022-03-29 19:29:33
7007579509,ฉช.82-7443,2022-03-29 17:07:18,2022-03-29 18:55:33,2022-03-29 19:45:19,2022-03-29 19:45:19
7007589024,กท.78-6744,2022-03-29 17:20:39,2022-03-29 19:08:04,2022-03-29 19:57:46,2022-03-29 19:57:46
7007584415,กท.79-5578,2022-03-29 17:25:51,2022-03-29 19:18:57,2022-03-29 20:08:30,2022-03-29 20:08:30
7007589036,กท.79-1961,2022-03-29 17:28:02,2022-03-29 19:29:33,2022-03-29 20:08:34,2022-03-29 20:08:34
7007591881,กท.79-3259,2022-03-29 17:36:12,2022-03-29 19:45:19,2022-03-29 20:23:22,2022-03-29 20:23:22
7007592081,กท.78-5932,2022-03-29 17:39:22,2022-03-29 19:57:46,2022-03-29 20:44:00,2022-03-29 20:44:00
7007582721,กท.79-2717,2022-03-29 17:52:19,2022-03-29 20:08:30,2022-03-29 20:46:30,2022-03-29 20:46:30
7007589043,กท.79-0643,2022-03-29 17:59:25,2022-03-29 20:08:34,2022-03-29 20:50:47,2022-03-29 20:50:47
7007579462,กท.78-7993,2022-03-29 18:03:18,2022-03-29 20:23:22,2022-03-29 21:10:45,2022-03-29 21:10:45
7007592472,กท.60-9334,2022-03-29 18:26:59,2022-03-29 20:50:47,2022-03-29 21:33:15,2022-03-29 21:33:15
7007592382,กท.79-3258,2022-03-29 18:09:40,2022-03-29 20:44:00,2022-03-29 21:33:38,2022-03-29 21:33:38
7007586397,กท.79-0144,2022-03-29 18:19:18,2022-03-29 20:46:30,2022-03-29 21:36:23,2022-03-29 21:36:23
7007582866,กท.79-1830,2022-03-29 18:49:44,2022-03-29 21:10:45,2022-03-29 22:00:03,2022-03-29 22:00:03
7007584427,ฉช.82-7443,2022-03-29 18:50:20,2022-03-29 21:33:15,2022-03-29 22:18:02,2022-03-29 22:18:02
7007579537,กท.79-5579,2022-03-29 18:58:18,2022-03-29 21:33:38,2022-03-29 22:19:34,2022-03-29 22:19:34
7007579472,กท.77-8134,2022-03-29 19:40:46,2022-03-29 21:36:23,2022-03-29 22:24:41,2022-03-29 22:24:41
7007590113,กท.77-8133,2022-03-29 19:42:57,2022-03-29 22:00:03,2022-03-29 22:30:34,2022-03-29 22:30:34
7007584458,กท.79-5843,2022-03-29 19:58:02,2022-03-29 22:18:02,2022-03-29 23:01:06,2022-03-29 23:01:06
7007586383,กท.78-1149,2022-03-29 19:59:22,2022-03-29 22:19:34,2022-03-29 23:06:15,2022-03-29 23:06:15
7007593377,ชม.70-5300,2022-03-30 00:37:34,2022-03-30 00:37:34,2022-03-30 01:27:28,2022-03-30 01:27:28
7007593382,ลพ.70-0674,2022-03-30 00:38:53,2022-03-30 00:38:53,2022-03-30 01:28:48,2022-03-30 01:28:48
7007593381,ชม.70-4219,2022-03-30 00:55:19,2022-03-30 00:55:19,2022-03-30 01:45:02,2022-03-30 01:45:02
7007593387,ชม.70-5261,2022-03-30 01:07:16,2022-03-30 01:07:16,2022-03-30 01:54:17,2022-03-30 01:54:17
7007593388,ลพ.70-0785,2022-03-30 01:11:38,2022-03-30 01:27:28,2022-03-30 02:16:29,2022-03-30 02:16:29
7007593525,กท.79-7691,2022-03-30 04:22:59,2022-03-30 04:22:59,2022-03-30 05:12:59,2022-03-30 05:12:59
7007593516,ชม.70-5302,2022-03-30 04:36:30,2022-03-30 04:36:30,2022-03-30 05:23:52,2022-03-30 05:23:52
7007587136,กท.79-0644,2022-03-30 05:34:22,2022-03-30 05:34:22,2022-03-30 06:20:40,2022-03-30 06:20:40
7007587093,กท.77-8134,2022-03-30 06:40:08,2022-03-30 06:40:08,2022-03-30 07:25:08,2022-03-30 07:25:08
7007593561,สค.70-6123,2022-03-30 06:47:47,2022-03-30 06:47:47,2022-03-30 07:33:36,2022-03-30 07:33:36
7007587114,กท.79-1830,2022-03-30 07:01:02,2022-03-30 07:01:02,2022-03-30 07:50:03,2022-03-30 07:50:03
7007591934,กท.78-1149,2022-03-30 07:01:27,2022-03-30 07:01:27,2022-03-30 07:50:35,2022-03-30 07:50:35
7007587099,กท.78-6742,2022-03-30 07:44:44,2022-03-30 07:44:44,2022-03-30 08:33:45,2022-03-30 08:33:45
7007587088,กท.79-0642,2022-03-30 07:58:44,2022-03-30 07:58:44,2022-03-30 08:36:35,2022-03-30 08:36:35
7007587147,กท.74-9070,2022-03-30 07:48:02,2022-03-30 07:48:02,2022-03-30 08:37:53,2022-03-30 08:37:53
7007587096,กท.74-9067,2022-03-30 07:49:06,2022-03-30 07:50:03,2022-03-30 08:39:07,2022-03-30 08:39:07
7007587083,กท.79-2717,2022-03-30 08:07:31,2022-03-30 08:36:35,2022-03-30 09:15:35,2022-03-30 09:15:35
7007587133,กท.79-5578,2022-03-30 08:02:32,2022-03-30 08:33:45,2022-03-30 09:21:36,2022-03-30 09:21:36
7007587111,กท.79-0841,2022-03-30 08:23:00,2022-03-30 08:37:53,2022-03-30 09:23:05,2022-03-30 09:23:05
7007587144,กท.78-6739,2022-03-30 08:27:22,2022-03-30 08:39:07,2022-03-30 09:28:44,2022-03-30 09:28:44
7007587151,กท.79-5579,2022-03-30 08:28:53,2022-03-30 09:15:35,2022-03-30 10:05:17,2022-03-30 10:05:17
7007587188,กท.78-7993,2022-03-30 08:39:27,2022-03-30 09:21:36,2022-03-30 10:08:38,2022-03-30 10:08:38
7007593699,นม.70-6589,2022-03-30 08:46:31,2022-03-30 09:23:05,2022-03-30 10:13:01,2022-03-30 10:13:01
7007592711,ฉช.82-7443,2022-03-30 08:53:52,2022-03-30 09:28:44,2022-03-30 10:18:15,2022-03-30 10:18:15
7007593785,กท.75-0640,2022-03-30 08:54:05,2022-03-30 10:05:17,2022-03-30 10:50:49,2022-03-30 10:50:49
7007590026,กท.78-6744,2022-03-30 09:16:44,2022-03-30 10:13:01,2022-03-30 10:58:19,2022-03-30 10:58:19
7007587138,กท.79-0641,2022-03-30 09:10:00,2022-03-30 10:08:38,2022-03-30 10:58:28,2022-03-30 10:58:28
7007587103,กท.79-5843,2022-03-30 09:26:05,2022-03-30 10:18:15,2022-03-30 11:07:52,2022-03-30 11:07:52
7007587183,กท.79-0643,2022-03-30 09:39:38,2022-03-30 10:50:49,2022-03-30 11:34:58,2022-03-30 11:34:58
7007594001,ชม.70-4355,2022-03-30 09:56:45,2022-03-30 10:58:28,2022-03-30 11:47:40,2022-03-30 11:47:40
7007593867,กท.79-5842,2022-03-30 09:39:52,2022-03-30 10:58:19,2022-03-30 11:47:52,2022-03-30 11:47:52
7007588981,กท.79-2716,2022-03-30 10:01:01,2022-03-30 11:07:52,2022-03-30 11:57:41,2022-03-30 11:57:41
7007593984,ลพ.70-0786,2022-03-30 10:05:48,2022-03-30 11:34:58,2022-03-30 12:21:31,2022-03-30 12:21:31
7007594087,กท.79-5840,2022-03-30 10:18:54,2022-03-30 11:47:40,2022-03-30 12:31:21,2022-03-30 12:31:21
7007594099,จบ.80-8222,2022-03-30 10:37:04,2022-03-30 11:47:52,2022-03-30 12:37:46,2022-03-30 12:37:46
7007594204,รย.81-6767,2022-03-30 11:05:14,2022-03-30 11:57:41,2022-03-30 12:42:51,2022-03-30 12:42:51
7007587150,กท.78-6739,2022-03-30 11:21:59,2022-03-30 12:21:31,2022-03-30 13:11:22,2022-03-30 13:11:22
7007587091,กท.79-5584,2022-03-30 11:27:42,2022-03-30 12:31:21,2022-03-30 13:21:12,2022-03-30 13:21:12
7007594228,กท.79-7691,2022-03-30 11:36:53,2022-03-30 12:37:46,2022-03-30 13:24:17,2022-03-30 13:24:17
7007594420,ชม.70-5301,2022-03-30 12:03:26,2022-03-30 12:42:51,2022-03-30 13:27:11,2022-03-30 13:27:11
7007594171,กท.78-6742,2022-03-30 12:20:47,2022-03-30 13:11:22,2022-03-30 14:01:18,2022-03-30 14:01:18
7007594510,ชบ.85-0496,2022-03-30 12:46:27,2022-03-30 13:24:17,2022-03-30 14:03:12,2022-03-30 14:03:12
7007592296,กท.79-1961,2022-03-30 12:26:36,2022-03-30 13:21:12,2022-03-30 14:10:18,2022-03-30 14:10:18
7007594538,กท.75-7868,2022-03-30 13:07:28,2022-03-30 13:27:11,2022-03-30 14:16:38,2022-03-30 14:16:38
7007594547,ลพ.70-0785,2022-03-30 13:12:43,2022-03-30 14:01:18,2022-03-30 14:49:12,2022-03-30 14:49:12
7007594577,ชม.70-5125,2022-03-30 13:13:03,2022-03-30 14:03:12,2022-03-30 14:53:11,2022-03-30 14:53:11
7007594600,จบ.80-8540,2022-03-30 13:27:01,2022-03-30 14:10:18,2022-03-30 14:58:08,2022-03-30 14:58:08
7007594642,กท.75-0640,2022-03-30 13:40:33,2022-03-30 14:16:38,2022-03-30 15:05:51,2022-03-30 15:05:51
7007594693,กท.79-3259,2022-03-30 13:55:01,2022-03-30 14:53:11,2022-03-30 15:36:19,2022-03-30 15:36:19
7007594301,กท.77-8133,2022-03-30 13:43:11,2022-03-30 14:49:12,2022-03-30 15:39:12,2022-03-30 15:39:12
7007594685,นม.70-6730,2022-03-30 14:07:20,2022-03-30 14:58:08,2022-03-30 15:42:29,2022-03-30 15:42:29
7007594717,กท.79-3258,2022-03-30 14:20:48,2022-03-30 15:05:51,2022-03-30 15:55:19,2022-03-30 15:55:19
7007594795,สค.70-6125,2022-03-30 14:47:42,2022-03-30 15:42:29,2022-03-30 16:10:24,2022-03-30 16:10:24
7007594777,ชม.70-4219,2022-03-30 14:25:35,2022-03-30 15:36:19,2022-03-30 16:25:35,2022-03-30 16:25:35
7007594771,ตร.80-5209,2022-03-30 14:32:02,2022-03-30 15:39:12,2022-03-30 16:27:55,2022-03-30 16:27:55
7007595234,กท.72-3498,2022-03-30 15:14:40,2022-03-30 15:55:19,2022-03-30 16:43:13,2022-03-30 16:43:13
7007595248,ชม.70-5420,2022-03-30 15:52:07,2022-03-30 16:10:24,2022-03-30 17:00:18,2022-03-30 17:00:18
7007595323,สค.70-4074,2022-03-30 16:13:40,2022-03-30 16:27:55,2022-03-30 17:13:49,2022-03-30 17:13:49
7007595299,กท.79-1819,2022-03-30 16:08:59,2022-03-30 16:25:35,2022-03-30 17:15:33,2022-03-30 17:15:33
7007595336,กท.79-6148,2022-03-30 16:46:45,2022-03-30 16:46:45,2022-03-30 17:34:41,2022-03-30 17:34:41
7007596171,ชม.70-4219,2022-03-31 00:48:02,2022-03-31 00:48:02,2022-03-31 01:37:09,2022-03-31 01:37:09
7007596165,ชม.70-5300,2022-03-31 00:53:53,2022-03-31 00:53:53,2022-03-31 01:43:45,2022-03-31 01:43:45
7007596168,ลพ.70-0785,2022-03-31 00:59:04,2022-03-31 00:59:04,2022-03-31 01:49:01,2022-03-31 01:49:01
7007596167,ชม.70-5299,2022-03-31 01:21:17,2022-03-31 01:21:17,2022-03-31 02:11:17,2022-03-31 02:11:17
7007596188,ลพ.70-0674,2022-03-31 01:41:55,2022-03-31 01:41:55,2022-03-31 02:29:41,2022-03-31 02:29:41
7007596218,รย.71-2637,2022-03-31 02:15:38,2022-03-31 02:15:38,2022-03-31 03:05:37,2022-03-31 03:05:37
7007596219,ฉช.81-3257,2022-03-31 02:27:06,2022-03-31 02:27:06,2022-03-31 03:06:37,2022-03-31 03:06:37
7007596222,ชม.70-5302,2022-03-31 02:38:53,2022-03-31 02:38:53,2022-03-31 03:27:26,2022-03-31 03:27:26
7007596237,ชม.70-4355,2022-03-31 03:09:04,2022-03-31 03:09:04,2022-03-31 03:51:57,2022-03-31 03:51:57
7007596250,ชบ.82-4190,2022-03-31 03:40:24,2022-03-31 03:40:24,2022-03-31 04:26:59,2022-03-31 04:26:59
7007596255,ชม.70-5261,2022-03-31 04:01:15,2022-03-31 04:01:15,2022-03-31 04:50:48,2022-03-31 04:50:48
7007594302,กท.77-8134,2022-03-31 04:22:31,2022-03-31 04:22:31,2022-03-31 05:12:15,2022-03-31 05:12:15
7007594294,กท.79-5584,2022-03-31 04:31:39,2022-03-31 04:31:39,2022-03-31 05:14:27,2022-03-31 05:14:27
7007594316,กท.79-5843,2022-03-31 06:32:37,2022-03-31 06:32:37,2022-03-31 07:20:50,2022-03-31 07:20:50
7007595327,กท.79-1830,2022-03-31 06:41:43,2022-03-31 06:41:43,2022-03-31 07:27:24,2022-03-31 07:27:24
7007594293,กท.78-1149,2022-03-31 06:45:53,2022-03-31 06:45:53,2022-03-31 07:35:53,2022-03-31 07:35:53
7007594311,กท.79-1961,2022-03-31 06:58:01,2022-03-31 06:58:01,2022-03-31 07:47:53,2022-03-31 07:47:53
7007594318,กท.79-0643,2022-03-31 07:12:57,2022-03-31 07:20:50,2022-03-31 07:59:02,2022-03-31 07:59:02
7007594330,กท.79-5578,2022-03-31 07:23:18,2022-03-31 07:35:53,2022-03-31 08:09:35,2022-03-31 08:09:35
7007594308,กท.79-0144,2022-03-31 07:16:01,2022-03-31 07:27:24,2022-03-31 08:12:55,2022-03-31 08:12:55
7007594291,กท.74-9070,2022-03-31 07:51:29,2022-03-31 07:51:29,2022-03-31 08:30:44,2022-03-31 08:30:44
7007596527,กท.79-5842,2022-03-31 08:06:07,2022-03-31 08:09:35,2022-03-31 08:50:44,2022-03-31 08:50:44
7007594290,กท.79-5579,2022-03-31 08:01:24,2022-03-31 08:01:24,2022-03-31 08:51:23,2022-03-31 08:51:23
7007594793,กท.79-2716,2022-03-31 08:12:50,2022-03-31 08:12:55,2022-03-31 08:53:59,2022-03-31 08:53:59
7007594312,ฉช.82-7443,2022-03-31 08:25:07,2022-03-31 08:30:44,2022-03-31 09:19:25,2022-03-31 09:19:25
7007596611,สค.70-6123,2022-03-31 08:30:20,2022-03-31 08:50:44,2022-03-31 09:40:36,2022-03-31 09:40:36
7007596542,กท.79-7691,2022-03-31 08:45:58,2022-03-31 08:51:23,2022-03-31 09:41:22,2022-03-31 09:41:22
7007594336,กท.79-0641,2022-03-31 09:00:42,2022-03-31 09:00:42,2022-03-31 09:50:22,2022-03-31 09:50:22
7007594296,กท.79-0644,2022-03-31 09:07:04,2022-03-31 09:19:25,2022-03-31 10:05:24,2022-03-31 10:05:24
7007594292,กท.78-6742,2022-03-31 09:19:20,2022-03-31 09:41:22,2022-03-31 10:27:16,2022-03-31 10:27:16
7007594314,กท.79-5584,2022-03-31 09:09:24,2022-03-31 09:40:36,2022-03-31 10:29:55,2022-03-31 10:29:55
7007594315,กท.79-2717,2022-03-31 09:22:02,2022-03-31 09:50:22,2022-03-31 10:31:42,2022-03-31 10:31:42
7007594306,กท.79-0642,2022-03-31 09:33:56,2022-03-31 10:05:24,2022-03-31 10:51:48,2022-03-31 10:51:48
7007597166,จบ.80-8222,2022-03-31 10:09:18,2022-03-31 10:31:42,2022-03-31 11:07:16,2022-03-31 11:07:16
7007594335,กท.78-6744,2022-03-31 09:45:25,2022-03-31 10:27:16,2022-03-31 11:16:51,2022-03-31 11:16:51
7007597044,นม.70-6589,2022-03-31 10:03:59,2022-03-31 10:29:55,2022-03-31 11:19:22,2022-03-31 11:19:22
7007594371,กท.79-0643,2022-03-31 10:16:11,2022-03-31 10:51:48,2022-03-31 11:36:40,2022-03-31 11:36:40
7007597262,ชบ.84-7139,2022-03-31 10:26:42,2022-03-31 11:07:16,2022-03-31 11:53:02,2022-03-31 11:53:02
7007597444,ชม.70-5125,2022-03-31 10:56:01,2022-03-31 11:16:51,2022-03-31 12:06:48,2022-03-31 12:06:48
7007597510,ชบ.85-0496,2022-03-31 11:06:25,2022-03-31 11:19:22,2022-03-31 12:09:20,2022-03-31 12:09:20
7007597526,กท.75-7868,2022-03-31 11:14:40,2022-03-31 11:36:40,2022-03-31 12:12:51,2022-03-31 12:12:51
7007597519,กท.60-9333,2022-03-31 11:17:43,2022-03-31 11:53:02,2022-03-31 12:35:41,2022-03-31 12:35:41
7007597595,นม.70-6730,2022-03-31 11:41:00,2022-03-31 12:09:20,2022-03-31 12:53:25,2022-03-31 12:53:25
7007594334,กท.78-7993,2022-03-31 11:23:45,2022-03-31 12:06:48,2022-03-31 12:55:00,2022-03-31 12:55:00
7007594303,กท.79-0642,2022-03-31 11:49:19,2022-03-31 12:12:51,2022-03-31 13:02:30,2022-03-31 13:02:30
7007595203,กท.78-6739,2022-03-31 11:52:39,2022-03-31 12:35:41,2022-03-31 13:12:55,2022-03-31 13:12:55
7007597979,กท.79-3259,2022-03-31 12:23:23,2022-03-31 13:02:30,2022-03-31 13:38:37,2022-03-31 13:38:37
7007594329,กท.79-2717,2022-03-31 12:11:34,2022-03-31 12:55:00,2022-03-31 13:41:10,2022-03-31 13:41:10
7007594327,กท.79-0841,2022-03-31 12:07:13,2022-03-31 12:53:25,2022-03-31 13:42:40,2022-03-31 13:42:40
7007598434,ชบ.83-3599,2022-03-31 12:59:03,2022-03-31 13:12:55,2022-03-31 13:55:13,2022-03-31 13:55:13
7007598351,กท.78-4444,2022-03-31 13:23:17,2022-03-31 13:38:37,2022-03-31 14:28:03,2022-03-31 14:28:03
7007598684,ชบ.84-7237,2022-03-31 13:49:34,2022-03-31 13:49:34,2022-03-31 14:39:33,2022-03-31 14:39:33
7007598806,ชม.70-5299,2022-03-31 14:26:19,2022-03-31 14:26:19,2022-03-31 15:15:33,2022-03-31 15:15:33
7007599226,ลพ.70-0674,2022-03-31 15:08:44,2022-03-31 15:08:44,2022-03-31 15:49:00,2022-03-31 15:49:00
7007599214,รย.71-2635,2022-03-31 15:18:10,2022-03-31 15:18:10,2022-03-31 16:05:44,2022-03-31 16:05:44
7007599224,ชม.70-5421,2022-03-31 15:32:48,2022-03-31 15:32:48,2022-03-31 16:10:47,2022-03-31 16:10:47
7007598917,กท.79-6148,2022-03-31 15:32:45,2022-03-31 15:32:45,2022-03-31 16:18:35,2022-03-31 16:18:35
7007599285,ชบ.84-7975,2022-03-31 15:44:56,2022-03-31 15:49:00,2022-03-31 16:36:29,2022-03-31 16:36:29
7007599332,ชม.70-5302,2022-03-31 15:49:45,2022-03-31 16:05:44,2022-03-31 16:54:21,2022-03-31 16:54:21
7007599402,กท.78-5932,2022-03-31 16:15:16,2022-03-31 16:15:16,2022-03-31 16:55:38,2022-03-31 16:55:38
7007599435,รย.81-6767,2022-03-31 16:17:52,2022-03-31 16:18:35,2022-03-31 17:07:25,2022-03-31 17:07:25
7007599659,ชม.70-5300,2022-03-31 17:41:59,2022-03-31 17:41:59,2022-03-31 18:30:34,2022-03-31 18:30:34
